0	528.24	0	0	0	0
0.01	327.14	0.032714	0.024535	0.0081786	1.0529e-23
0.02	50.78	0.020312	0.015233	0.0050784	4.4414e-23
0.03	5.0337	0.0045303	0.0033981	0.0011322	9.5481e-23
0.04	21.645	0.034632	0.025975	0.0086576	1.8452e-22
0.05	2.4361	0.0060903	0.0045676	0.0015226	3.2059e-22
0.06	3.8111	0.01372	0.01029	0.0034297	4.016e-22
0.07	5.2605	0.025777	0.019333	0.0064439	5.6885e-22
0.08	0.048746	0.00031198	0.00023398	7.8e-05	7.0366e-22
0.09	2.3716	0.01921	0.014407	0.0048029	9.4487e-22
0.1	1.1996	0.011996	0.0089965	0.0029995	1.1348e-21
0.11	0.26413	0.003196	0.0023968	0.00079923	1.3768e-21
0.12	1.2314	0.017732	0.013297	0.0044342	1.7235e-21
0.13	0.28529	0.0048215	0.0036151	0.0012063	1.8739e-21
0.14	0.46843	0.0091812	0.0068859	0.0022953	2.355e-21
0.15	0.46992	0.010573	0.0079294	0.0026438	2.3672e-21
0.16	0.18477	0.0047302	0.0035474	0.0011828	2.8982e-21
0.17	0.36082	0.010428	0.0078203	0.0026073	3.2219e-21
0.18	0.16328	0.0052903	0.0039673	0.001323	3.4224e-21
0.19	0.2604	0.0094006	0.0070498	0.0023508	4.2635e-21
0.2	0.20878	0.0083513	0.0062623	0.0020891	4.2713e-21
0.21	0.1369	0.0060373	0.0045285	0.0015088	5.3528e-21
0.22	0.23045	0.011154	0.0083657	0.0027879	5.5033e-21
0.23	0.086439	0.0045726	0.0034297	0.001143	5.9899e-21
0.24	0.16003	0.0092178	0.0069143	0.0023034	6.7595e-21
0.25	0.14738	0.0092113	0.0069082	0.0023032	6.917e-21
0.26	0.06681	0.0045163	0.0033884	0.0011279	7.8e-21
0.27	0.15497	0.011297	0.0084753	0.002822	7.5869e-21
0.28	0.074179	0.0058157	0.0043625	0.0014532	9.4198e-21
0.29	0.088147	0.0074131	0.0055617	0.0018515	9.3641e-21
0.3	0.12189	0.01097	0.0082284	0.0027414	9.863e-21
0.31	0.046121	0.0044322	0.0033285	0.0011037	1.125e-20
0.32	0.099471	0.010186	0.0076541	0.0025317	1.1275e-20
0.33	0.081317	0.0088555	0.0066568	0.0021987	1.3326e-20
0.34	0.046726	0.0054016	0.0040607	0.0013409	1.2766e-20
0.35	0.092395	0.011318	0.0084971	0.0028212	1.4465e-20
0.36	0.05515	0.0071474	0.0053649	0.0017825	1.4192e-20
0.37	0.052604	0.0072015	0.0054007	0.0018008	1.4716e-20
0.38	0.070105	0.010123	0.0075923	0.0025308	1.6587e-20
0.39	0.040397	0.0061443	0.0046099	0.0015344	1.5308e-20
0.4	0.054637	0.0087419	0.006559	0.0021829	1.8782e-20
0.41	0.047465	0.0079789	0.0059874	0.0019915	1.8188e-20
0.42	0.040717	0.0071824	0.0053914	0.0017911	2.0679e-20
0.43	0.051749	0.0095683	0.0071814	0.0023869	2.2757e-20
0.44	0.025632	0.0049623	0.0037278	0.0012345	2.2633e-20
0.45	0.051519	0.010433	0.0078432	0.0025893	2.5451e-20
0.46	0.035398	0.0074903	0.0056407	0.0018495	2.3221e-20
0.47	0.022009	0.0048619	0.003628	0.0012339	2.606e-20
0.48	0.08169	0.018821	0.014067	0.004754	2.4901e-20
0.49	0.017613	0.0042289	0.0031516	0.0010774	2.5241e-20
0.5	0.045469	0.011367	0.0085146	0.0028528	2.8216e-20
0.51	0.082434	0.021441	0.01606	0.0053816	2.7997e-20
0.52	0.00073404	0.00019848	0.0001477	5.0788e-05	3.1002e-20
0.53	0.078297	0.021994	0.016493	0.0055001	3.088e-20
0.54	0.048314	0.014088	0.010558	0.0035301	3.5404e-20
0.55	0.010304	0.0031171	0.0023378	0.00077925	3.41e-20
0.56	0.056943	0.017857	0.013385	0.0044727	3.418e-20
0.57	0.017964	0.0058365	0.0043689	0.0014676	3.6911e-20
0.58	0.025324	0.0085191	0.0063792	0.0021399	3.4193e-20
0.59	0.0070148	0.0024419	0.001834	0.00060789	3.9407e-20
0.6	0.11402	0.041046	0.030786	0.010261	4.3456e-20
0.61	0.061814	0.023001	0.017235	0.0057657	4.3863e-20
0.62	0.16348	0.062843	0.047154	0.015689	4.0892e-20
0.63	0.43212	0.17151	0.12862	0.04289	4.7394e-20
0.64	0.28979	0.1187	0.089017	0.029681	5.158e-20
0.65	0.80633	0.34068	0.25554	0.085135	5.1534e-20
0.66	0.96559	0.42061	0.31542	0.1052	5.5954e-20
0.67	0.97367	0.43708	0.32784	0.10924	5.2032e-20
0.68	1.8207	0.84188	0.63142	0.21047	5.4594e-20
0.69	1.562	0.74366	0.55775	0.18592	4.8941e-20
0.7	2.023	0.99127	0.74359	0.24768	4.957e-20
0.71	2.5853	1.3033	0.97726	0.326	5.124e-20
0.72	2.0934	1.0852	0.81386	0.27138	4.9433e-20
0.73	2.9101	1.5508	1.1633	0.38752	5.9628e-20
0.74	2.6245	1.4372	1.0777	0.35943	5.6924e-20
0.75	2.4252	1.3642	1.0232	0.34097	6.6798e-20
0.76	2.9603	1.7099	1.2825	0.4274	6.9305e-20
0.77	2.14	1.2688	0.95147	0.31733	7.4819e-20
0.78	2.5118	1.5282	1.1463	0.3819	8.0945e-20
0.79	2.3178	1.4465	1.0848	0.3617	7.5648e-20
0.8	1.9298	1.2351	0.92627	0.30879	8.9855e-20
0.81	2.4535	1.6097	1.2072	0.4025	7.3536e-20
0.82	1.8695	1.2571	0.94276	0.31432	7.0497e-20
0.83	2.3551	1.6224	1.217	0.4054	7.7918e-20
0.84	2.4027	1.6954	1.2712	0.42415	7.1639e-20
0.85	2.2221	1.6055	1.2042	0.40123	7.3958e-20
0.86	2.9504	2.1821	1.6367	0.54545	6.9331e-20
0.87	2.4533	1.8569	1.3923	0.46462	8.4318e-20
0.88	2.8785	2.2291	1.6724	0.55676	7.8506e-20
0.89	2.9153	2.3092	1.7315	0.57772	8.3005e-20
0.9	2.3989	1.9431	1.4573	0.48588	1.124e-19
0.91	2.8596	2.368	1.7768	0.59126	1.1738e-19
0.92	2.1336	1.8059	1.3527	0.45315	9.9115e-20
0.93	2.0017	1.7313	1.2987	0.43255	9.746e-20
0.94	1.942	1.716	1.2895	0.42646	1.2152e-19
0.95	1.1558	1.0431	0.7816	0.26154	9.7875e-20
0.96	1.2194	1.1238	0.84197	0.2818	9.8919e-20
0.97	0.76763	0.72226	0.54235	0.17991	9.9591e-20
0.98	0.49169	0.47221	0.35389	0.11832	9.2044e-20
0.99	0.47291	0.4635	0.34749	0.11601	1.1523e-19
1	0.16012	0.16012	0.12019	0.03993	1.0783e-19
1.01	0.22189	0.22635	0.16968	0.056666	1.263e-19
1.02	0.091327	0.095017	0.071308	0.023709	1.1083e-19
1.03	0.10787	0.11444	0.085788	0.028654	1.2171e-19
1.04	0.12251	0.13251	0.099397	0.033111	1.3913e-19
1.05	0.061875	0.068218	0.051146	0.017071	1.1881e-19
1.06	0.16545	0.1859	0.13941	0.046491	1.5016e-19
1.07	0.06331	0.072484	0.054418	0.018066	1.2075e-19
1.08	0.11996	0.13992	0.10487	0.03505	1.2924e-19
1.09	0.1031	0.1225	0.091809	0.030688	1.3703e-19
1.1	0.033229	0.040207	0.030168	0.010038	1.2693e-19
1.11	0.088569	0.10913	0.081898	0.027227	1.5337e-19
1.12	0.016809	0.021086	0.015834	0.0052514	1.339e-19
1.13	0.026016	0.03322	0.024883	0.0083366	1.7031e-19
1.14	0.019971	0.025954	0.019468	0.006486	1.5013e-19
1.15	0.0030661	0.0040549	0.0030308	0.0010241	1.4075e-19
1.16	0.013127	0.017664	0.013235	0.0044292	1.6439e-19
1.17	0.0027243	0.0037293	0.0027895	0.00093981	1.3943e-19
1.18	0.019265	0.026825	0.020099	0.0067264	1.6618e-19
1.19	0.00073552	0.0010416	0.00077994	0.00026163	1.6229e-19
1.2	0.018156	0.026144	0.019583	0.0065611	1.7511e-19
1.21	0.012283	0.017983	0.013465	0.004518	1.5992e-19
1.22	0.0035087	0.0052224	0.0039156	0.0013068	1.5388e-19
1.23	0.019163	0.028991	0.021716	0.0072754	1.4633e-19
1.24	0.0017832	0.0027419	0.0020478	0.00069414	1.2961e-19
1.25	0.0088429	0.013817	0.01037	0.0034469	2.3098e-19
1.26	0.008915	0.014153	0.010604	0.0035499	2.0642e-19
1.27	0.0021383	0.0034488	0.002577	0.00087177	1.7532e-19
1.28	0.0078477	0.012858	0.0096448	0.0032129	2.0481e-19
1.29	0.0068644	0.011423	0.0085806	0.0028425	1.9265e-19
1.3	0.0027408	0.0046319	0.0035063	0.0011256	2.1791e-19
1.31	0.010612	0.018211	0.013702	0.0045094	2.0967e-19
1.32	0.0020689	0.0036049	0.0027137	0.0008912	2.3197e-19
1.33	0.010413	0.01842	0.013816	0.0046041	2.098e-19
1.34	0.011997	0.021542	0.016157	0.0053853	1.7375e-19
1.35	0.0057053	0.010398	0.0078073	0.0025906	1.9349e-19
1.36	0.040934	0.075712	0.056814	0.018898	2.0549e-19
1.37	0.012955	0.024316	0.018224	0.0060916	2.101e-19
1.38	0.067465	0.12848	0.096397	0.032084	1.7138e-19
1.39	0.079227	0.15307	0.1148	0.038272	1.8114e-19
1.4	0.070546	0.13827	0.10365	0.034623	2.2738e-19
1.41	0.17443	0.34679	0.26017	0.086612	2.5632e-19
1.42	0.1071	0.21595	0.162	0.053945	2.1389e-19
1.43	0.19524	0.39925	0.29935	0.099903	2.208e-19
1.44	0.20726	0.42977	0.32223	0.10753	2.7345e-19
1.45	0.15756	0.33128	0.24858	0.082701	2.3467e-19
1.46	0.26641	0.56787	0.42586	0.14201	2.5788e-19
1.47	0.19084	0.4124	0.30921	0.10318	2.6081e-19
1.48	0.39933	0.87469	0.65623	0.21846	3.0371e-19
1.49	0.48989	1.0876	0.81545	0.27215	3.3348e-19
1.5	0.87582	1.9706	1.4784	0.49221	3.0307e-19
1.51	1.5732	3.587	2.69	0.89694	2.9782e-19
1.52	2.2032	5.0903	3.8167	1.2736	2.0643e-19
1.53	3.9389	9.2205	6.917	2.3035	2.561e-19
1.54	5.4298	12.877	9.6571	3.2202	2.7864e-19
1.55	7.8256	18.801	14.1	4.7009	2.3652e-19
1.56	11.234	27.34	20.508	6.8325	2.0026e-19
1.57	13.991	34.485	25.861	8.6244	1.3806e-19
1.58	18.773	46.864	35.151	11.714	2.4083e-19
1.59	22.856	57.782	43.34	14.442	3.3208e-19
1.6	27.014	69.156	51.856	17.3	4.5079e-19
1.61	32.846	85.139	63.854	21.285	3.1772e-19
1.62	35.826	94.023	70.526	23.497	3.7746e-19
1.63	40.107	106.56	79.917	26.645	7.3642e-19
1.64	43.731	117.62	88.21	29.41	3.9959e-19
1.65	44.335	120.7	90.528	30.174	4.6394e-19
1.66	46.601	128.41	96.311	32.102	7.9274e-19
1.67	45.604	127.18	95.382	31.802	2.6273e-19
1.68	43.539	122.88	92.164	30.719	5.1633e-20
1.69	42.074	120.17	90.139	30.027	9.2038e-20
1.7	37.155	107.38	80.52	26.857	1.1158e-19
1.71	33.35	97.519	73.121	24.398	1.0234e-18
1.72	28.701	84.91	63.697	21.213	1.4254e-18
1.73	22.901	68.541	51.409	17.133	4.9022e-19
1.74	18.95	57.374	43.022	14.352	2.1719e-19
1.75	13.895	42.554	31.922	10.631	5.6784e-19
1.76	9.8987	30.662	22.996	7.6661	5.0254e-19
1.77	7.0035	21.941	16.452	5.4893	2.8451e-19
1.78	3.9376	12.476	9.3591	3.1169	2.7349e-19
1.79	2.3633	7.5723	5.6781	1.8943	4.6968e-19
1.8	1.0954	3.5492	2.6618	0.88746	2.3734e-19
1.81	0.32284	1.0577	0.79384	0.26382	3.0758e-19
1.82	0.11277	0.37355	0.27979	0.093755	5.3092e-19
1.83	0.063568	0.21288	0.1598	0.053082	3.0111e-19
1.84	0.26459	0.89578	0.67167	0.22411	4.5717e-19
1.85	0.36014	1.2326	0.92488	0.30769	4.5067e-19
1.86	0.68206	2.3597	1.7688	0.59083	4.1322e-19
1.87	0.70705	2.4725	1.8542	0.61827	3.1359e-19
1.88	0.73408	2.5945	1.9471	0.64747	2.8485e-19
1.89	0.83787	2.9929	2.2437	0.74926	6.2965e-19
1.9	0.5744	2.0736	1.5551	0.51845	5.3577e-19
1.91	0.55457	2.0231	1.5178	0.50534	7.1546e-19
1.92	0.41339	1.5239	1.1423	0.38159	4.6127e-19
1.93	0.21912	0.81622	0.61258	0.20363	2.1161e-19
1.94	0.20317	0.76464	0.57335	0.19129	6.0528e-19
1.95	0.069254	0.26334	0.19727	0.066075	2.6284e-19
1.96	0.037946	0.14577	0.10966	0.036115	2.6163e-19
1.97	0.019391	0.075255	0.056169	0.019086	3.9087e-19
1.98	0.0021174	0.008301	0.0064005	0.0019005	5.2275e-19
1.99	0.007518	0.029772	0.022427	0.0073445	8.0537e-19
2	0.0038823	0.015529	0.011736	0.003793	7.414e-19
2.01	0.022008	0.088916	0.067271	0.021645	8.0071e-19
2.02	0.003466	0.014143	0.010528	0.0036142	3.565e-19
2.03	0.018243	0.075176	0.056441	0.018735	3.8855e-19
2.04	0.009612	0.040001	0.030298	0.0097034	5.3144e-19
2.05	0.0040455	0.017001	0.012572	0.0044292	2.2661e-19
2.06	0.0099284	0.042132	0.031603	0.010529	4.238e-19
2.07	0.00056081	0.002403	0.0017643	0.00063874	4.2195e-19
2.08	0.012367	0.053504	0.039916	0.013588	7.3413e-19
2.09	0.0010633	0.0046446	0.0034838	0.0011608	7.9315e-19
2.1	0.014275	0.062953	0.047211	0.015743	4.6972e-19
2.11	0.012605	0.056117	0.042056	0.014061	5.1159e-19
2.12	0.0036531	0.016419	0.012346	0.0040727	5.1635e-19
2.13	0.018333	0.083174	0.062347	0.020826	6.051e-19
2.14	0.0034786	0.01593	0.011919	0.0040111	3.8107e-19
2.15	0.0051497	0.023804	0.017886	0.0059187	5.0847e-19
2.16	0.0083903	0.039146	0.029324	0.0098222	6.4388e-19
2.17	0.00096336	0.0045364	0.0034078	0.0011286	4.8077e-19
2.18	0.0018502	0.008793	0.0067214	0.0020716	5.6055e-19
2.19	0.0053194	0.025512	0.019349	0.0061638	5.6913e-19
2.2	0.0042573	0.020605	0.01566	0.0049449	7.9537e-19
2.21	0.0004078	0.0019918	0.0014414	0.00055033	4.5672e-19
2.22	0.0090324	0.044515	0.033284	0.011231	4.6602e-19
2.23	0.0036785	0.018293	0.013754	0.004539	7.8314e-19
2.24	0.0023288	0.011685	0.0087209	0.0029641	5.1441e-19
2.25	0.010316	0.052225	0.039111	0.013114	7.3618e-19
2.26	0.0021631	0.011048	0.0082905	0.0027579	5.5426e-19
2.27	0.0025705	0.013246	0.0099187	0.0033269	5.0827e-19
2.28	0.0087814	0.045649	0.034235	0.011414	6.2947e-19
2.29	0.0020071	0.010526	0.0079112	0.0026143	4.7163e-19
2.3	0.0026708	0.014128	0.010575	0.003553	6.945e-19
2.31	0.0095246	0.050824	0.03814	0.012685	6.2522e-19
2.32	0.0014594	0.0078549	0.005941	0.0019139	7.4644e-19
2.33	0.0037696	0.020465	0.015215	0.0052499	7.1446e-19
2.34	0.0080361	0.044003	0.032784	0.011219	6.4583e-19
2.35	0.0010506	0.0058021	0.0042935	0.0015086	7.3739e-19
2.36	0.001778	0.0099029	0.0074759	0.002427	5.7797e-19
2.37	0.0067319	0.037812	0.028396	0.0094164	6.465e-19
2.38	0.0048059	0.027223	0.020394	0.0068289	5.174e-19
2.39	0.0022874	0.013066	0.0098218	0.0032439	6.3251e-19
2.4	0.023004	0.1325	0.099513	0.032987	6.0643e-19
2.41	0.016	0.092932	0.069619	0.023313	5.9947e-19
2.42	0.024731	0.14483	0.10868	0.036148	8.8781e-19
2.43	0.060158	0.35522	0.26682	0.088404	6.8981e-19
2.44	0.03749	0.2232	0.16692	0.056283	7.9481e-19
2.45	0.080394	0.48256	0.36158	0.12098	7.4337e-19
2.46	0.10025	0.6067	0.45595	0.15075	6.9668e-19
2.47	0.075376	0.45986	0.34485	0.11501	7.9185e-19
2.48	0.14618	0.89908	0.67382	0.22526	6.9657e-19
2.49	0.11996	0.74378	0.55824	0.18554	7.7366e-19
2.5	0.12135	0.75843	0.56883	0.18961	6.7184e-19
2.51	0.1808	1.1391	0.85475	0.28431	7.9975e-19
2.52	0.11757	0.74663	0.56029	0.18634	7.0836e-19
2.53	0.15227	0.97469	0.73	0.24469	6.6416e-19
2.54	0.16189	1.0445	0.78336	0.26111	7.7305e-19
2.55	0.10189	0.66255	0.49731	0.16524	6.7218e-19
2.56	0.14864	0.97411	0.73	0.24412	8.1906e-19
2.57	0.10852	0.71675	0.53765	0.1791	6.7749e-19
2.58	0.080125	0.53335	0.40017	0.13317	8.1573e-19
2.59	0.1088	0.72984	0.54702	0.18282	8.325e-19
2.6	0.052153	0.35255	0.26455	0.088004	7.6852e-19
2.61	0.053592	0.36507	0.27386	0.09121	9.8935e-19
2.62	0.054762	0.37591	0.28169	0.094213	8.417e-19
2.63	0.01489	0.10299	0.077281	0.025714	9.491e-19
2.64	0.026739	0.18636	0.13987	0.046489	7.8422e-19
2.65	0.016419	0.1153	0.086482	0.02882	7.738e-19
2.66	0.0011069	0.0078318	0.0058619	0.0019699	8.5842e-19
2.67	0.0075595	0.053891	0.040415	0.013476	6.8246e-19
2.68	0.0056038	0.040249	0.030194	0.010054	8.3963e-19
2.69	0.00072915	0.0052762	0.0039615	0.0013147	7.265e-19
2.7	0.0039509	0.028802	0.021595	0.0072071	8.8607e-19
2.71	0.013792	0.10129	0.07598	0.025311	9.2752e-19
2.72	0.0035043	0.025926	0.019455	0.0064712	8.9194e-19
2.73	0.013206	0.098422	0.073771	0.024651	1.0163e-18
2.74	0.02182	0.16382	0.12288	0.040935	8.85e-19
2.75	0.0055027	0.041614	0.031238	0.010377	9.9777e-19
2.76	0.023557	0.17945	0.13453	0.044914	8.4522e-19
2.77	0.01983	0.15216	0.11413	0.038023	8.7842e-19
2.78	0.0068729	0.053116	0.03984	0.013276	9.2041e-19
2.79	0.0257	0.20005	0.15002	0.050031	8.5353e-19
2.8	0.012146	0.095223	0.071451	0.023772	9.6467e-19
2.81	0.0082058	0.064793	0.048556	0.016237	8.5004e-19
2.82	0.022105	0.17579	0.13184	0.043945	9.7904e-19
2.83	0.0061343	0.049129	0.036908	0.012221	9.2369e-19
2.84	0.0097999	0.079042	0.059222	0.019821	1.015e-18
2.85	0.019523	0.15858	0.1189	0.039679	1.0653e-18
2.86	0.0036897	0.03018	0.022651	0.0075294	9.3657e-19
2.87	0.012451	0.10256	0.076851	0.025709	1.0723e-18
2.88	0.017171	0.14242	0.10688	0.035544	9.4138e-19
2.89	0.0031098	0.025974	0.019563	0.0064108	1.0381e-18
2.9	0.017476	0.14697	0.11009	0.036876	9.7756e-19
2.91	0.013624	0.11537	0.086498	0.028872	9.3855e-19
2.92	0.0043692	0.037253	0.027894	0.0093592	1.0191e-18
2.93	0.019574	0.16804	0.12583	0.042217	9.3947e-19
2.94	0.0074812	0.064664	0.048534	0.01613	1.0753e-18
2.95	0.0059909	0.052136	0.039126	0.01301	9.4868e-19
2.96	0.015601	0.13669	0.10233	0.03436	1.0615e-18
2.97	0.0024905	0.021969	0.016448	0.0055208	1.1181e-18
2.98	0.0069476	0.061698	0.04629	0.015408	1.0592e-18
2.99	0.010076	0.090076	0.067477	0.022599	1.1318e-18
3	0.00047992	0.0043193	0.00323	0.0010892	1.0562e-18
3.01	0.0059502	0.053909	0.040457	0.013452	1.1381e-18
3.02	0.0087413	0.079724	0.059772	0.019952	1.057e-18
3.03	0.00069749	0.0064036	0.0047996	0.001604	1.1196e-18
3.04	0.0083013	0.076717	0.057553	0.019165	1.102e-18
3.05	0.014259	0.13264	0.099457	0.033187	1.0897e-18
3.06	0.003277	0.030685	0.023025	0.0076598	1.1369e-18
3.07	0.021444	0.20211	0.15157	0.050535	1.0458e-18
3.08	0.023329	0.2213	0.16586	0.055443	1.2249e-18
3.09	0.014533	0.13877	0.10407	0.034696	1.1253e-18
3.1	0.048355	0.4647	0.34872	0.11597	1.178e-18
3.11	0.033498	0.32399	0.24308	0.080912	1.1545e-18
3.12	0.046832	0.45588	0.34169	0.11419	1.0899e-18
3.13	0.08279	0.81109	0.60835	0.20274	1.208e-18
3.14	0.055434	0.54656	0.4102	0.13635	1.0975e-18
3.15	0.11236	1.1149	0.83592	0.27899	1.2559e-18
3.16	0.12082	1.2065	0.90474	0.30177	1.1577e-18
3.17	0.11622	1.1679	0.87608	0.29184	1.2568e-18
3.18	0.20695	2.0928	1.5692	0.52353	1.3332e-18
3.19	0.17614	1.7924	1.3444	0.44798	1.2115e-18
3.2	0.24458	2.5045	1.8786	0.62599	1.3403e-18
3.21	0.31771	3.2737	2.4547	0.81895	1.1656e-18
3.22	0.28255	2.9296	2.1974	0.7322	1.2587e-18
3.23	0.43382	4.526	3.395	1.131	1.1778e-18
3.24	0.43604	4.5773	3.4326	1.1448	1.2123e-18
3.25	0.45572	4.8135	3.6095	1.204	1.321e-18
3.26	0.61528	6.539	4.9049	1.634	1.189e-18
3.27	0.54905	5.871	4.4043	1.4667	1.3895e-18
3.28	0.65907	7.0905	5.3172	1.7734	1.2683e-18
3.29	0.72597	7.858	5.8933	1.9647	1.3146e-18
3.3	0.65421	7.1244	5.344	1.7804	1.302e-18
3.31	0.80204	8.7873	6.5894	2.1979	1.3106e-18
3.32	0.71801	7.9142	5.9355	1.9786	1.3878e-18
3.33	0.69859	7.7466	5.8109	1.9357	1.2505e-18
3.34	0.79507	8.8695	6.6516	2.2179	1.4187e-18
3.35	0.62349	6.9971	5.2481	1.749	1.3156e-18
3.36	0.6582	7.4308	5.5734	1.8574	1.4485e-18
3.37	0.62933	7.1472	5.3601	1.7871	1.4331e-18
3.38	0.47229	5.3957	4.0472	1.3485	1.3859e-18
3.39	0.51985	5.9742	4.4805	1.4937	1.5071e-18
3.4	0.38891	4.4958	3.3716	1.1242	1.2555e-18
3.41	0.30232	3.5154	2.6367	0.87869	1.416e-18
3.42	0.31969	3.7392	2.8044	0.93483	1.3272e-18
3.43	0.18155	2.1359	1.6025	0.53349	1.364e-18
3.44	0.16143	1.9103	1.4322	0.47804	1.4629e-18
3.45	0.14272	1.6987	1.2728	0.42592	1.4337e-18
3.46	0.056371	0.67485	0.50647	0.16838	1.6047e-18
3.47	0.065118	0.78408	0.58866	0.19542	1.4664e-18
3.48	0.046874	0.56766	0.42551	0.14215	1.6183e-18
3.49	0.011746	0.14307	0.10726	0.035817	1.4863e-18
3.5	0.026499	0.32461	0.24365	0.080959	1.424e-18
3.51	0.030452	0.37517	0.28131	0.093863	1.4443e-18
3.52	0.011067	0.13713	0.10275	0.034373	1.3598e-18
3.53	0.034619	0.43139	0.3237	0.10769	1.6105e-18
3.54	0.046326	0.58054	0.43534	0.1452	1.4931e-18
3.55	0.022216	0.27997	0.21	0.069976	1.637e-18
3.56	0.058655	0.74336	0.55769	0.18567	1.6082e-18
3.57	0.052497	0.66907	0.50153	0.16755	1.5462e-18
3.58	0.031444	0.403	0.30232	0.10068	1.6215e-18
3.59	0.068853	0.88739	0.6658	0.22159	1.5041e-18
3.6	0.039183	0.50782	0.38066	0.12716	1.6282e-18
3.61	0.033959	0.44256	0.33204	0.11052	1.4877e-18
3.62	0.05751	0.75363	0.5653	0.18833	1.5934e-18
3.63	0.020878	0.2751	0.20616	0.068943	1.5634e-18
3.64	0.03116	0.41286	0.30983	0.10303	1.6108e-18
3.65	0.038218	0.50916	0.38185	0.12731	1.7557e-18
3.66	0.0092831	0.12435	0.093173	0.03118	1.5862e-18
3.67	0.026239	0.35341	0.26528	0.088129	1.783e-18
3.68	0.023808	0.32241	0.24173	0.080686	1.6882e-18
3.69	0.0049938	0.067996	0.05096	0.017036	1.7599e-18
3.7	0.023942	0.32776	0.24612	0.081642	1.7177e-18
3.71	0.016282	0.22411	0.16795	0.056155	1.6163e-18
3.72	0.0050694	0.070153	0.052632	0.017521	1.7301e-18
3.73	0.024449	0.34016	0.25563	0.084527	1.5757e-18
3.74	0.010672	0.14928	0.11196	0.037323	1.7337e-18
3.75	0.0080354	0.113	0.084884	0.028114	1.6848e-18
3.76	0.023871	0.33748	0.25337	0.084112	1.7851e-18
3.77	0.0052066	0.074	0.055062	0.018938	1.7977e-18
3.78	0.011534	0.1648	0.12464	0.040166	1.7369e-18
3.79	0.018518	0.266	0.20147	0.064529	1.8337e-18
3.8	0.0016142	0.02331	0.017133	0.0061767	1.7204e-18
3.81	0.012804	0.18586	0.13847	0.047392	1.8552e-18
3.82	0.011556	0.16862	0.12686	0.04176	1.7287e-18
3.83	0.00029639	0.0043477	0.0032762	0.0010715	1.8675e-18
3.84	0.011155	0.16449	0.12285	0.041631	1.7974e-18
3.85	0.0093897	0.13918	0.10437	0.03481	1.8116e-18
3.86	0.00025054	0.003733	0.0028169	0.00091608	1.9725e-18
3.87	0.014023	0.21003	0.15713	0.052895	1.672e-18
3.88	0.014816	0.22305	0.16728	0.055771	2.0542e-18
3.89	0.003591	0.054339	0.040799	0.01354	1.8821e-18
3.9	0.031835	0.48421	0.36274	0.12147	1.9089e-18
3.91	0.024654	0.37692	0.28287	0.094045	2.0088e-18
3.92	0.021852	0.33579	0.25175	0.084042	1.7784e-18
3.93	0.065726	1.0151	0.76088	0.25424	2.0796e-18
3.94	0.036034	0.55938	0.4199	0.13948	1.784e-18
3.95	0.066602	1.0392	0.77901	0.26016	1.9671e-18
3.96	0.10028	1.5725	1.1791	0.39339	1.9116e-18
3.97	0.058545	0.92272	0.69244	0.23028	1.8997e-18
3.98	0.13369	2.1177	1.5878	0.52984	2.1297e-18
3.99	0.1189	1.893	1.4199	0.4731	1.8417e-18
4	0.10919	1.7471	1.3101	0.43699	2.1463e-18
4.01	0.19515	3.138	2.3531	0.78496	1.9276e-18
4.02	0.12719	2.0554	1.5422	0.51325	1.9961e-18
4.03	0.18916	3.0722	2.3036	0.76863	2.0861e-18
4.04	0.22122	3.6107	2.708	0.9027	1.9581e-18
4.05	0.15553	2.5511	1.9138	0.63737	2.1355e-18
4.06	0.27107	4.4682	3.3504	1.1178	1.9503e-18
4.07	0.21306	3.5293	2.6476	0.88175	2.2304e-18
4.08	0.22178	3.6918	2.7686	0.92322	2.1134e-18
4.09	0.31112	5.2045	3.9031	1.3014	2.159e-18
4.1	0.20188	3.3937	2.5462	0.84746	2.1621e-18
4.11	0.29791	5.0323	3.7729	1.2594	1.9429e-18
4.12	0.28699	4.8714	3.654	1.2174	2.1621e-18
4.13	0.21604	3.685	2.7649	0.92012	2.0412e-18
4.14	0.33245	5.698	4.2717	1.4263	2.2352e-18
4.15	0.22131	3.8115	2.8594	0.95215	2.1157e-18
4.16	0.23823	4.1228	3.0922	1.0306	2.2051e-18
4.17	0.28495	4.955	3.7135	1.2415	2.2926e-18
4.18	0.15294	2.6722	2.0045	0.66768	2.146e-18
4.19	0.22886	4.0178	3.0146	1.0032	2.355e-18
4.2	0.17707	3.1235	2.3426	0.78088	2.11e-18
4.21	0.10359	1.836	1.3772	0.45874	2.2233e-18
4.22	0.16752	2.9833	2.2373	0.74601	2.1576e-18
4.23	0.070722	1.2654	0.9491	0.31632	2.3001e-18
4.24	0.069077	1.2418	0.93131	0.31053	2.3931e-18
4.25	0.082209	1.4849	1.1133	0.37161	2.1806e-18
4.26	0.012641	0.22941	0.17223	0.05718	2.3924e-18
4.27	0.037929	0.69156	0.51842	0.17315	2.2435e-18
4.28	0.022159	0.40592	0.30384	0.10207	2.432e-18
4.29	0.00073754	0.013574	0.010308	0.003266	2.2785e-18
4.3	0.013025	0.24084	0.18114	0.0597	2.3574e-18
4.31	0.0094069	0.17474	0.13143	0.043317	2.4125e-18
4.32	0.0038732	0.072283	0.054311	0.017973	2.2359e-18
4.33	0.0063482	0.11902	0.089122	0.029899	2.5964e-18
4.34	0.019879	0.37443	0.28074	0.093699	2.2173e-18
4.35	0.0013973	0.026441	0.019833	0.0066083	2.5147e-18
4.36	0.018053	0.34317	0.25734	0.085833	2.5064e-18
4.37	0.019479	0.37198	0.27906	0.092925	2.2774e-18
4.38	0.0019833	0.038048	0.02849	0.0095575	2.4402e-18
4.39	0.031424	0.60561	0.45413	0.15148	2.2642e-18
4.4	0.0045745	0.088562	0.066474	0.022088	2.6359e-18
4.41	0.022967	0.44667	0.33483	0.11184	2.338e-18
4.42	0.03227	0.63044	0.47282	0.15762	2.5917e-18
4.43	0.0039098	0.076729	0.057508	0.01922	2.6776e-18
4.44	0.064116	1.264	0.94777	0.31618	2.4286e-18
4.45	0.025106	0.49716	0.37304	0.12412	2.7862e-18
4.46	0.043871	0.87267	0.65429	0.21837	2.4226e-18
4.47	0.10548	2.1076	1.5805	0.52716	2.5569e-18
4.48	0.04098	0.82248	0.61702	0.20546	2.5948e-18
4.49	0.17992	3.6271	2.7202	0.90695	2.6143e-18
4.5	0.25486	5.1609	3.8706	1.2903	2.4202e-18
4.51	0.39385	8.0109	6.0082	2.0027	2.4674e-18
4.52	0.86864	17.747	13.31	4.4362	2.8517e-18
4.53	0.50796	10.424	7.8189	2.6048	2.3816e-18
4.54	0.044827	0.92395	0.69273	0.23123	2.7436e-18
4.55	2.073	42.916	32.188	10.727	2.7597e-18
4.56	5.9905	124.56	93.434	31.13	2.7909e-18
4.57	8.2937	173.21	129.93	43.285	2.8088e-18
4.58	6.4897	136.13	102.11	34.019	2.6173e-18
4.59	2.1964	46.275	34.709	11.566	2.8664e-18
4.6	0.038261	0.8096	0.60708	0.20252	2.4145e-18
4.61	0.79383	16.871	12.654	4.2164	2.8043e-18
4.62	0.80014	17.079	12.808	4.2707	2.8071e-18
4.63	0.030313	0.64981	0.48803	0.16178	2.7555e-18
4.64	2.0159	43.402	32.55	10.852	2.9329e-18
4.65	5.5145	119.24	89.411	29.827	2.7382e-18
4.66	5.4935	119.29	89.448	29.846	3.0197e-18
4.67	2.0224	44.106	33.072	11.034	2.6053e-18
4.68	0.037134	0.81332	0.61038	0.20295	2.841e-18
4.69	0.75474	16.601	12.451	4.1507	2.7802e-18
4.7	0.79771	17.621	13.217	4.4048	2.7307e-18
4.71	0.074633	1.6557	1.2417	0.41402	2.8824e-18
4.72	3.6139	80.511	60.401	20.111	2.7859e-18
4.73	12.573	281.3	211.02	70.281	3.3822e-18
4.74	18.955	425.88	319.44	106.45	2.8425e-18
4.75	15.665	353.44	265.05	88.389	3.0612e-18
4.76	6.9252	156.91	117.64	39.27	3.0546e-18
4.77	1.3475	30.659	22.976	7.6838	2.777e-18
4.78	0.32534	7.4335	5.5703	1.8632	3.0572e-18
4.79	0.17576	4.0328	3.0219	1.0108	2.7019e-18
4.8	0.36549	8.4208	6.3165	2.1044	3.2488e-18
4.81	1.7725	41.009	30.756	10.254	2.9288e-18
4.82	2.2729	52.805	39.603	13.202	3.0807e-18
4.83	1.1427	26.658	19.999	6.6588	3.1553e-18
4.84	0.27928	6.5423	4.9113	1.6309	2.8512e-18
4.85	0.12621	2.9689	2.229	0.73984	3.4128e-18
4.86	0.12243	2.8918	2.1678	0.72404	2.9178e-18
4.87	0.048899	1.1597	0.86926	0.29047	3.15e-18
4.88	0.29487	7.0222	5.2705	1.7518	3.0775e-18
4.89	0.41047	9.8153	7.3578	2.4575	3.1925e-18
4.9	0.20253	4.8627	3.6477	1.215	3.1375e-18
4.91	0.75322	18.159	13.623	4.5355	2.7214e-18
4.92	0.48245	11.678	8.7518	2.9266	3.4433e-18
4.93	1.323	32.155	24.131	8.0243	3.1785e-18
4.94	4.9011	119.6	89.725	29.879	3.4341e-18
4.95	3.4746	85.137	63.846	21.292	3.2027e-18
4.96	0.065066	1.6007	1.1995	0.4012	3.4367e-18
4.97	1.6849	41.618	31.216	10.402	3.9996e-18
4.98	1.097	27.207	20.396	6.811	3.1807e-18
4.99	0.2975	7.4077	5.5617	1.8461	3.3904e-18
5	2.2747	56.868	42.651	14.217	2.8941e-18
5.01	0.57362	14.398	10.79	3.6078	2.652e-18
5.02	1.0078	25.397	19.06	6.3369	2.8349e-18
5.03	3.8606	97.677	73.277	24.4	3.3716e-18
5.04	4.8075	122.12	91.653	30.465	3.7503e-18
5.05	10.827	276.11	207.27	68.844	3.2878e-18
5.06	15.443	395.39	296.8	98.597	4.4946e-18
5.07	12.772	328.29	246.42	81.874	4.8202e-18
5.08	9.0944	234.69	176.14	58.554	3.9439e-18
5.09	2.2526	58.361	43.817	14.544	2.3753e-18
5.1	1.8208	47.358	35.492	11.867	2.2754e-18
5.11	15.327	400.21	300.16	100.05	3.4561e-18
5.12	19.189	503.02	377.34	125.67	2.3998e-18
5.13	6.8151	179.35	134.57	44.78	4.2265e-18
5.14	0.036423	0.96228	0.72537	0.2369	8.0735e-18
5.15	1.4132	37.481	28.136	9.3446	6.2103e-18
5.16	0.89777	23.904	17.96	5.9434	1.5878e-18
5.17	0.011013	0.29437	0.21884	0.075528	3.0078e-18
5.18	0.60479	16.228	12.167	4.0604	4.7127e-18
5.19	0.37039	9.9769	7.4907	2.4862	2.9381e-18
5.2	0.15372	4.1567	3.1163	1.0404	3.0526e-18
5.21	0.6718	18.236	13.68	4.5554	2.5867e-18
5.22	0.39177	10.675	8.0161	2.6591	3.9674e-18
5.23	0.025348	0.69333	0.51219	0.18114	5.1187e-18
5.24	0.45955	12.618	9.4683	3.1499	4.224e-18
5.25	0.29509	8.1335	6.126	2.0075	3.8336e-18
5.26	0.067703	1.8732	1.3965	0.47665	3.188e-18
5.27	0.5079	14.106	10.569	3.5372	4.6345e-18
5.28	0.24306	6.776	5.1051	1.6709	4.2777e-18
5.29	0.15621	4.3715	3.2576	1.1139	4.3921e-18
5.3	0.65503	18.4	13.751	4.6486	3.6004e-18
5.31	0.17755	5.0062	3.7553	1.2509	2.0675e-18
5.32	0.45725	12.941	9.6975	3.2437	5.0018e-18
5.33	2.1347	60.644	45.429	15.215	3.8289e-18
5.34	2.5449	72.568	54.373	18.195	2.5714e-18
5.35	1.9146	54.801	41.057	13.744	3.2878e-18
5.36	1.3431	38.587	28.909	9.6774	4.4379e-18
5.37	0.67682	19.517	14.618	4.8989	6.6336e-18
5.38	0.57246	16.57	12.416	4.1533	4.7542e-18
5.39	0.61145	17.764	13.34	4.4239	4.0265e-18
5.4	0.24186	7.0526	5.314	1.7385	3.3338e-18
5.41	0.12386	3.6251	2.7405	0.88467	3.5049e-18
5.42	0.64262	18.878	14.206	4.6717	4.2014e-18
5.43	3.3656	99.236	74.454	24.782	3.4326e-18
5.44	6.8882	203.85	152.83	51.016	6.1072e-18
5.45	4.3286	128.57	96.354	32.217	3.8806e-18
5.46	0.12081	3.6014	2.7032	0.89822	1.8198e-18
5.47	12.275	367.29	275.49	91.807	5.9411e-18
5.48	37.264	1119.1	839.06	280	5.6223e-18
5.49	43.727	1317.9	987.88	330.06	3.8041e-18
5.5	22.841	690.94	517.69	173.26	4.0192e-18
5.51	3.2975	100.11	74.916	25.196	3.8845e-18
5.52	1.4387	43.838	32.809	11.03	4.4261e-18
5.53	3.7933	116	86.839	29.164	4.3704e-18
5.54	1.9534	59.954	44.839	15.115	4.043e-18
5.55	1.8504	56.996	42.643	14.353	4.5437e-18
5.56	4.7719	147.52	110.51	37.004	4.1282e-18
5.57	5.9471	184.51	138.37	46.14	4.1684e-18
5.58	3.803	118.41	88.891	29.522	4.205e-18
5.59	1.2755	39.857	29.908	9.9485	4.0976e-18
5.6	1.3472	42.248	31.642	10.606	4.7943e-18
5.61	2.7581	86.804	65.095	21.71	4.1538e-18
5.62	2.8625	90.411	67.828	22.583	4.3374e-18
5.63	3.5697	113.15	84.852	28.298	4.4453e-18
5.64	7.1106	226.18	169.6	56.588	4.2755e-18
5.65	8.5842	274.03	205.48	68.545	4.637e-18
5.66	4.6888	150.21	112.64	37.571	4.1956e-18
5.67	1.7229	55.389	41.532	13.858	4.7385e-18
5.68	2.1574	69.602	52.191	17.411	4.499e-18
5.69	1.4831	48.018	36.009	12.009	4.4791e-18
5.7	0.4561	14.819	11.112	3.707	4.8151e-18
5.71	0.53811	17.544	13.154	4.3909	4.7642e-18
5.72	0.20013	6.548	4.9081	1.6399	4.5128e-18
5.73	0.76718	25.189	18.896	6.2922	3.9801e-18
5.74	3.9794	131.11	98.354	32.759	4.8849e-18
5.75	10.349	342.18	256.67	85.508	4.3342e-18
5.76	13.621	451.9	338.97	112.93	4.6347e-18
5.77	6.2342	207.55	155.68	51.875	5.0607e-18
5.78	0.75539	25.236	18.913	6.3238	4.6153e-18
5.79	7.5015	251.48	188.62	62.858	5.071e-18
5.8	10.219	343.77	257.84	85.926	4.203e-18
5.81	3.2382	109.31	81.962	27.345	4.8836e-18
5.82	0.11582	3.9232	2.9434	0.97975	4.7408e-18
5.83	1.199	40.752	30.591	10.161	4.8905e-18
5.84	0.60601	20.668	15.51	5.1588	5.3374e-18
5.85	0.032184	1.1014	0.82482	0.27659	4.5581e-18
5.86	1.2836	44.078	33.043	11.035	5.2685e-18
5.87	3.3836	116.59	87.405	29.182	4.3742e-18
5.88	3.1359	108.42	81.3	27.124	4.8223e-18
5.89	0.95568	33.155	24.863	8.2918	4.7893e-18
5.9	0.39959	13.91	10.422	3.4875	4.6326e-18
5.91	0.31307	10.935	8.1957	2.7392	5.4361e-18
5.92	0.14031	4.9173	3.6813	1.236	4.849e-18
5.93	0.63148	22.206	16.642	5.5642	5.6092e-18
5.94	0.19091	6.7361	5.0502	1.6858	4.6329e-18
5.95	0.30923	10.947	8.1947	2.7527	5.2469e-18
5.96	1.4661	52.077	39.009	13.068	5.2006e-18
5.97	1.3572	48.371	36.235	12.136	4.3741e-18
5.98	1.1821	42.274	31.681	10.592	5.5275e-18
5.99	1.0699	38.389	28.78	9.6095	4.8034e-18
6	0.82795	29.806	22.379	7.4269	5.8381e-18
6.01	3.1843	115.02	86.332	28.687	4.9946e-18
6.02	5.7025	206.66	155.07	51.59	5.2189e-18
6.03	4.1949	152.53	114.45	38.084	5.5972e-18
6.04	1.1817	43.109	32.349	10.76	4.2292e-18
6.05	0.061485	2.2505	1.6893	0.56122	5.884e-18
6.06	0.31157	11.442	8.5824	2.8597	4.938e-18
6.07	0.14845	5.4695	4.1037	1.3657	5.3418e-18
6.08	0.31798	11.754	8.8185	2.9359	5.5145e-18
6.09	3.2255	119.63	89.751	29.876	5.3815e-18
6.1	6.2417	232.26	174.26	57.991	5.9018e-18
6.11	4.8976	182.84	137.2	45.64	4.8288e-18
6.12	1.6986	63.621	47.747	15.873	6.0489e-18
6.13	0.71997	27.054	20.303	6.7508	4.8583e-18
6.14	0.8528	32.15	24.122	8.0283	5.4044e-18
6.15	0.53554	20.255	15.199	5.0566	5.6129e-18
6.16	0.45365	17.214	12.921	4.2934	4.8826e-18
6.17	0.66229	25.213	18.914	6.2983	6.3237e-18
6.18	0.48644	18.578	13.923	4.6553	5.257e-18
6.19	0.13796	5.286	3.9531	1.3329	6.2036e-18
6.2	0.052027	1.9999	1.5016	0.49836	5.6037e-18
6.21	0.064162	2.4743	1.8581	0.61623	5.5082e-18
6.22	0.039048	1.5107	1.1301	0.3806	5.7961e-18
6.23	0.041999	1.6301	1.2235	0.40661	5.2147e-18
6.24	0.040608	1.5812	1.1876	0.39355	6.529e-18
6.25	0.038373	1.4989	1.1213	0.37759	4.9479e-18
6.26	0.053412	2.0931	1.5707	0.52236	6.0123e-18
6.27	0.044025	1.7308	1.3026	0.4282	5.9412e-18
6.28	0.057962	2.2859	1.7102	0.57574	5.2738e-18
6.29	0.083195	3.2915	2.4624	0.82913	6.255e-18
6.3	0.052229	2.073	1.5577	0.51526	5.3397e-18
6.31	0.13447	5.354	4.0159	1.3381	6.1634e-18
6.32	0.18799	7.5086	5.628	1.8806	5.4015e-18
6.33	0.074576	2.9882	2.2449	0.74324	6.2243e-18
6.34	0.53186	21.378	16.033	5.3457	6.1477e-18
6.35	1.3131	52.947	39.697	13.25	5.6128e-18
6.36	1.1465	46.375	34.771	11.603	6.674e-18
6.37	0.50798	20.612	15.458	5.1548	5.5203e-18
6.38	0.25833	10.515	7.8867	2.6287	6.5565e-18
6.39	0.082055	3.3505	2.5171	0.83336	5.894e-18
6.4	0.10679	4.374	3.2827	1.0913	6.0778e-18
6.41	0.21488	8.8289	6.6122	2.2167	6.2572e-18
6.42	0.16693	6.8802	5.1619	1.7182	5.4297e-18
6.43	1.2297	50.842	38.176	12.666	6.7125e-18
6.44	2.7769	115.17	86.442	28.727	5.6717e-18
6.45	2.3102	96.109	72.132	23.976	6.3606e-18
6.46	1.0831	45.201	33.939	11.262	6.1949e-18
6.47	0.63945	26.768	20.095	6.6729	6.1473e-18
6.48	0.07925	3.3277	2.4935	0.83427	6.8624e-18
6.49	0.31117	13.106	9.8408	3.2656	6.1668e-18
6.5	0.76833	32.462	24.348	8.1136	6.8335e-18
6.51	1.1232	47.6	35.667	11.933	6.076e-18
6.52	2.9937	127.26	95.446	31.817	6.7122e-18
6.53	2.4663	105.16	78.903	26.261	6.4507e-18
6.54	0.10403	4.4495	3.3408	1.1087	6.0626e-18
6.55	1.0837	46.495	34.869	11.627	6.5674e-18
6.56	0.97476	41.948	31.46	10.487	6.1805e-18
6.57	0.10254	4.4261	3.3218	1.1043	6.8668e-18
6.58	1.9241	83.306	62.498	20.808	6.0949e-18
6.59	0.88358	38.372	28.783	9.5889	6.9164e-18
6.6	0.58826	25.624	19.228	6.3965	6.4808e-18
6.61	5.4902	239.88	179.97	59.904	6.5942e-18
6.62	8.9156	390.72	293.15	97.575	7.2186e-18
6.63	8.8668	389.76	292.4	97.357	5.8483e-18
6.64	5.5364	244.1	183.06	61.04	7.7291e-18
6.65	3.7774	167.05	125.26	41.783	6.1235e-18
6.66	8.4609	375.29	281.59	93.692	6.7783e-18
6.67	8.3163	369.98	277.63	92.349	8.3889e-18
6.68	1.6845	75.164	56.385	18.779	5.2724e-18
6.69	0.2645	11.838	8.8915	2.9463	7.6253e-18
6.7	1.1696	52.502	39.456	13.046	7.9159e-18
6.71	0.13042	5.8719	4.4306	1.4412	5.6478e-18
6.72	0.40232	18.168	13.583	4.585	7.1368e-18
6.73	0.7376	33.408	25.026	8.3819	6.8746e-18
6.74	0.03752	1.7045	1.2776	0.42691	6.4058e-18
6.75	1.0958	49.926	37.429	12.497	7.4464e-18
6.76	5.4491	249.01	186.71	62.296	7.1867e-18
6.77	8.6218	395.16	296.35	98.815	7.3388e-18
6.78	6.1202	281.33	211.02	70.313	7.6239e-18
6.79	2.0679	95.34	71.532	23.808	6.9541e-18
6.8	0.60039	27.762	20.831	6.9309	7.1694e-18
6.81	0.7271	33.72	25.289	8.4309	6.7108e-18
6.82	1.3838	64.363	48.246	16.117	7.2833e-18
6.83	1.322	61.672	46.212	15.46	7.2776e-18
6.84	0.44548	20.842	15.609	5.2328	6.8477e-18
6.85	0.030122	1.4134	1.0544	0.35896	7.825e-18
6.86	0.037141	1.7478	1.3103	0.43751	6.8773e-18
6.87	0.12662	5.9761	4.4876	1.4885	7.7953e-18
6.88	0.20768	9.8304	7.3783	2.4521	7.795e-18
6.89	0.21049	9.9924	7.4961	2.4963	7.0369e-18
6.9	0.15985	7.6104	5.7068	1.9036	7.7653e-18
6.91	0.022671	1.0825	0.8108	0.27171	7.2386e-18
6.92	0.03609	1.7282	1.297	0.43117	7.5022e-18
6.93	0.096303	4.6249	3.4666	1.1584	7.0351e-18
6.94	0.012246	0.5898	0.43884	0.15097	7.7851e-18
6.95	0.046442	2.2433	1.6862	0.55712	7.4938e-18
6.96	0.084213	4.0794	3.0672	1.0122	7.3191e-18
6.97	0.010419	0.50615	0.38198	0.12417	8.5025e-18
6.98	0.039739	1.9361	1.4513	0.48479	7.2772e-18
6.99	0.053786	2.628	1.9735	0.65452	8.2242e-18
7	0.0067556	0.33103	0.24896	0.082062	8.0054e-18
7.01	0.041999	2.0639	1.5419	0.52197	7.3775e-18
7.02	0.043229	2.1303	1.5937	0.53661	7.7871e-18
7.03	0.0101	0.49917	0.37616	0.123	7.9443e-18
7.04	0.040139	1.9893	1.4921	0.49727	8.1436e-18
7.05	0.046584	2.3153	1.7341	0.58122	7.113e-18
7.06	0.019766	0.9852	0.73834	0.24687	8.7741e-18
7.07	0.027534	1.3763	1.0345	0.34176	8.1906e-18
7.08	0.15646	7.8428	5.8876	1.9552	7.1007e-18
7.09	0.5258	26.431	19.829	6.6019	8.4451e-18
7.1	1.0187	51.353	38.512	12.841	8.5284e-18
7.11	1.0151	51.318	38.472	12.846	8.1369e-18
7.12	0.33753	17.111	12.821	4.2904	7.5204e-18
7.13	0.0018487	0.093984	0.07098	0.023005	8.7601e-18
7.14	0.14747	7.5178	5.6351	1.8828	8.1564e-18
7.15	0.037767	1.9307	1.444	0.48676	7.583e-18
7.16	0.055498	2.8451	2.1363	0.70882	8.221e-18
7.17	0.11679	6.0039	4.497	1.5069	8.7908e-18
7.18	0.0062112	0.3202	0.24328	0.076916	9.3239e-18
7.19	0.41614	21.513	16.167	5.3463	7.8599e-18
7.2	0.7021	36.397	27.331	9.0654	8.4821e-18
7.21	0.36214	18.825	14.135	4.6908	7.7047e-18
7.22	0.12648	6.593	4.9471	1.6459	8.4974e-18
7.23	0.013699	0.71608	0.53639	0.17969	9.4062e-18
7.24	0.06948	3.642	2.7339	0.90806	7.9997e-18
7.25	0.22844	12.007	9.0069	3.0003	9.2873e-18
7.26	0.20718	10.92	8.1909	2.7292	8.0498e-18
7.27	0.24922	13.172	9.8782	3.294	8.6178e-18
7.28	0.1524	8.0769	6.0535	2.0234	8.5822e-18
7.29	0.026707	1.4193	1.0667	0.35261	8.307e-18
7.3	0.12368	6.5911	4.949	1.6421	9.5777e-18
7.31	0.0475	2.5382	1.9039	0.6343	8.4204e-18
7.32	0.048159	2.5805	1.9342	0.6463	9.4851e-18
7.33	0.16392	8.8072	6.6059	2.2014	8.4051e-18
7.34	0.075605	4.0732	3.0557	1.0175	8.8206e-18
7.35	0.037775	2.0407	1.5317	0.50902	9.0582e-18
7.36	0.057482	3.1138	2.3375	0.77621	8.4045e-18
7.37	0.11071	6.0134	4.511	1.5024	1.0235e-17
7.38	0.067137	3.6566	2.7426	0.91395	8.7513e-18
7.39	0.098895	5.4008	4.0553	1.3456	8.9807e-18
7.4	0.80053	43.837	32.879	10.958	8.8991e-18
7.41	1.2941	71.055	53.283	17.772	8.9975e-18
7.42	0.89061	49.034	36.772	12.262	8.9944e-18
7.43	0.37945	20.947	15.717	5.2302	9.0041e-18
7.44	0.068407	3.7866	2.8394	0.94717	1.0441e-17
7.45	0.045759	2.5397	1.9005	0.63919	8.7007e-18
7.46	0.15588	8.675	6.5118	2.1632	9.5396e-18
7.47	0.069815	3.8958	2.9223	0.97344	9.3714e-18
7.48	0.10038	5.6164	4.2083	1.4081	9.3474e-18
7.49	0.1391	7.8034	5.8577	1.9457	9.827e-18
7.5	0.094333	5.3062	3.9756	1.3306	9.1641e-18
7.51	0.15485	8.7338	6.5457	2.188	1.0117e-17
7.52	0.09786	5.534	4.1579	1.3761	8.8685e-18
7.53	0.09593	5.4393	4.0735	1.3658	1.0133e-17
7.54	0.13165	7.4843	5.6118	1.8725	9.5902e-18
7.55	0.028866	1.6454	1.2425	0.40293	9.3558e-18
7.56	0.070511	4.0299	3.006	1.024	1.0086e-17
7.57	0.096202	5.5128	4.1109	1.4019	9.0255e-18
7.58	0.28383	16.308	12.21	4.0978	1.0501e-17
7.59	0.69444	40.005	29.988	10.017	9.459e-18
7.6	0.49633	28.668	21.515	7.1524	1.0512e-17
7.61	0.057921	3.3543	2.5269	0.82741	9.9413e-18
7.62	0.021866	1.2696	0.94482	0.3248	9.5879e-18
7.63	0.0048404	0.28179	0.21292	0.068866	1.089e-17
7.64	0.10704	6.2476	4.6805	1.5671	9.1806e-18
7.65	0.22629	13.243	9.9228	3.32	1.0559e-17
7.66	0.042465	2.4916	1.8691	0.62259	9.5251e-18
7.67	0.1424	8.3771	6.2759	2.1012	1.0161e-17
7.68	0.54611	32.211	24.154	8.0567	1.0449e-17
7.69	0.57343	33.911	25.442	8.4684	9.9363e-18
7.7	0.28464	16.876	12.664	4.2128	1.1137e-17
7.71	0.062028	3.6872	2.7629	0.9243	9.6348e-18
7.72	0.011439	0.68173	0.51215	0.16958	1.1006e-17
7.73	0.059079	3.5302	2.6569	0.87323	9.9067e-18
7.74	0.055435	3.321	2.4868	0.83424	1.0538e-17
7.75	0.027039	1.624	1.2063	0.41771	1.0997e-17
7.76	0.047488	2.8596	2.1552	0.70443	9.8935e-18
7.77	0.04456	2.6902	2.03	0.6602	1.1286e-17
7.78	0.033954	2.0552	1.5383	0.51688	9.8236e-18
7.79	0.049089	2.9789	2.2341	0.74481	1.1222e-17
7.8	0.032402	1.9714	1.4799	0.49143	1.0246e-17
7.81	0.025847	1.5766	1.1812	0.39535	1.0557e-17
7.82	0.035805	2.1896	1.6419	0.54765	1.1459e-17
7.83	0.013962	0.85601	0.63947	0.21654	1.0233e-17
7.84	0.013485	0.82884	0.62152	0.20732	1.1728e-17
7.85	0.017288	1.0653	0.80157	0.26377	1.0123e-17
7.86	0.0011569	0.071474	0.053875	0.0176	1.1576e-17
7.87	0.0032178	0.1993	0.14986	0.049444	1.1099e-17
7.88	0.009838	0.61088	0.45884	0.15204	1.0925e-17
7.89	0.072361	4.5046	3.3823	1.1223	1.1892e-17
7.9	0.16441	10.261	7.7044	2.5565	1.0378e-17
7.91	0.14518	9.0837	6.8184	2.2652	1.1761e-17
7.92	0.072735	4.5624	3.4228	1.1396	1.0377e-17
7.93	0.067291	4.2316	3.1726	1.059	1.1636e-17
7.94	0.11388	7.1797	5.38	1.7997	1.0991e-17
7.95	0.12416	7.8475	5.8812	1.9663	1.089e-17
7.96	0.055179	3.4963	2.6219	0.87438	1.2281e-17
7.97	0.010975	0.69715	0.52288	0.17427	1.0793e-17
7.98	0.011348	0.72265	0.54154	0.18111	1.271e-17
7.99	0.0009256	0.05909	0.04491	0.01418	1.0779e-17
8	0.030216	1.9339	1.4493	0.48454	1.212e-17
8.01	0.03017	1.9357	1.4488	0.48693	1.2201e-17
8.02	0.023579	1.5166	1.1386	0.37806	1.0968e-17
8.03	0.15517	10.006	7.513	2.4926	1.2505e-17
8.04	0.19011	12.289	9.2265	3.0628	1.0589e-17
8.05	0.042702	2.7672	2.0769	0.69029	1.2487e-17
8.06	0.021656	1.4069	1.0528	0.35405	1.1386e-17
8.07	0.080395	5.2357	3.9274	1.3083	1.1836e-17
8.08	0.066841	4.3638	3.2749	1.0889	1.1879e-17
8.09	0.059447	3.8907	2.9203	0.97044	1.1527e-17
8.1	0.040991	2.6894	2.0167	0.67267	1.3613e-17
8.11	0.017822	1.1722	0.87634	0.29585	1.1186e-17
8.12	0.022751	1.5001	1.1285	0.37162	1.3109e-17
8.13	0.019264	1.2733	0.95839	0.3149	1.1847e-17
8.14	0.027445	1.8185	1.358	0.46045	1.2419e-17
8.15	0.026231	1.7423	1.3047	0.43755	1.3059e-17
8.16	0.0068291	0.45472	0.34448	0.11024	1.1161e-17
8.17	0.014392	0.96062	0.71431	0.24631	1.3547e-17
8.18	0.014989	1.003	0.74276	0.26022	1.15e-17
8.19	0.0011784	0.079043	0.06118	0.017863	1.3181e-17
8.2	0.022562	1.5171	1.1429	0.37413	1.2609e-17
8.21	0.032737	2.2066	1.6508	0.55582	1.2368e-17
8.22	0.0045062	0.30447	0.22787	0.0766	1.3085e-17
8.23	0.057738	3.9107	2.9396	0.97114	1.191e-17
8.24	0.063399	4.3046	3.2228	1.0819	1.4096e-17
8.25	0.02802	1.9071	1.4374	0.46968	1.1281e-17
8.26	0.57177	39.011	29.304	9.7069	1.3886e-17
8.27	1.201	82.138	61.637	20.501	1.3284e-17
8.28	0.7425	50.904	38.171	12.733	1.2244e-17
8.29	0.056138	3.858	2.8861	0.97193	1.4605e-17
8.3	0.082992	5.7173	4.2924	1.425	1.214e-17
8.31	0.10107	6.9793	5.2343	1.745	1.4411e-17
8.32	0.023685	1.6396	1.2286	0.41099	1.2447e-17
8.33	0.099248	6.8867	5.1676	1.7191	1.3255e-17
8.34	0.053036	3.689	2.7675	0.92142	1.3563e-17
8.35	0.045242	3.1544	2.3656	0.78883	1.262e-17
8.36	0.081931	5.7262	4.2957	1.4305	1.4411e-17
8.37	0.028065	1.9662	1.4745	0.49168	1.2353e-17
8.38	0.053411	3.7507	2.8132	0.93753	1.4864e-17
8.39	0.049438	3.48	2.6112	0.86888	1.2871e-17
8.4	0.015101	1.0655	0.79939	0.26612	1.3758e-17
8.41	0.046531	3.291	2.4689	0.8221	1.4574e-17
8.42	0.015554	1.1027	0.82621	0.27649	1.3141e-17
8.43	0.016811	1.1947	0.89672	0.29797	1.5358e-17
8.44	0.035776	2.5484	1.9147	0.63378	1.2807e-17
8.45	0.0013063	0.093274	0.069529	0.023745	1.4629e-17
8.46	0.13208	9.4533	7.0996	2.3537	1.3449e-17
8.47	0.28281	20.289	15.243	5.0463	1.4245e-17
8.48	0.18737	13.474	10.124	3.3502	1.4451e-17
8.49	0.043753	3.1537	2.3695	0.78419	1.2404e-17
8.5	0.0022353	0.1615	0.12183	0.039669	1.5416e-17
8.51	0.0046032	0.33336	0.251	0.082369	1.3655e-17
8.52	0.023517	1.7071	1.2832	0.42386	1.6088e-17
8.53	0.018298	1.3314	1.0005	0.33087	1.4335e-17
8.54	0.004669	0.34052	0.25653	0.083992	1.4181e-17
8.55	0.02211	1.6163	1.2131	0.40321	1.5576e-17
8.56	0.024125	1.7677	1.3254	0.44237	1.3371e-17
8.57	0.014697	1.0794	0.81052	0.2689	1.6126e-17
8.58	0.026053	1.9179	1.4367	0.48126	1.3384e-17
8.59	0.025053	1.8486	1.386	0.46255	1.5283e-17
8.6	0.027903	2.0637	1.5523	0.51135	1.4682e-17
8.61	0.041737	3.094	2.3169	0.7771	1.473e-17
8.62	0.029823	2.2159	1.6585	0.55741	1.6503e-17
8.63	0.030899	2.3013	1.7295	0.57182	1.3622e-17
8.64	0.041872	3.1257	2.3417	0.784	1.6844e-17
8.65	0.033892	2.5359	1.9026	0.63322	1.4185e-17
8.66	0.041426	3.1068	2.3314	0.77543	1.5714e-17
8.67	0.034732	2.6108	1.9515	0.65927	1.566e-17
8.68	0.022934	1.7279	1.3014	0.42652	1.4545e-17
8.69	0.038886	2.9365	2.2071	0.72945	1.6815e-17
8.7	0.026578	2.0117	1.5005	0.51121	1.3914e-17
8.71	0.0273	2.0711	1.5591	0.51193	1.6881e-17
8.72	0.047054	3.5779	2.695	0.88289	1.4737e-17
8.73	0.01513	1.1531	0.86495	0.28813	1.622e-17
8.74	0.0018746	0.1432	0.10885	0.034343	1.6293e-17
8.75	0.011687	0.89476	0.67328	0.22147	1.456e-17
8.76	0.00079664	0.061132	0.045685	0.015448	1.7604e-17
8.77	0.0068281	0.52517	0.39497	0.1302	1.4544e-17
8.78	0.0069946	0.5392	0.40526	0.13394	1.7711e-17
8.79	0.0055232	0.42674	0.32175	0.10499	1.5555e-17
8.8	0.0058508	0.45309	0.3413	0.11179	1.6091e-17
8.81	0.020604	1.5992	1.2017	0.39754	1.7545e-17
8.82	0.11366	8.842	6.6366	2.2054	1.5432e-17
8.83	0.17325	13.508	10.135	3.3729	1.8533e-17
8.84	0.1329	10.386	7.7919	2.5939	1.5216e-17
8.85	0.081633	6.3937	4.7975	1.5963	1.7605e-17
8.86	0.026124	2.0507	1.5381	0.51262	1.6233e-17
8.87	0.0073839	0.58094	0.43437	0.14657	1.6202e-17
8.88	0.026538	2.0926	1.5703	0.52233	1.7459e-17
8.89	0.019636	1.5519	1.1648	0.38712	1.5112e-17
8.9	0.020164	1.5972	1.1961	0.40109	1.8585e-17
8.91	0.026912	2.1365	1.6042	0.53229	1.5456e-17
8.92	0.025681	2.0433	1.5339	0.5094	1.8094e-17
8.93	0.022821	1.8199	1.363	0.45684	1.7204e-17
8.94	0.023619	1.8877	1.4177	0.4701	1.6751e-17
8.95	0.025594	2.0502	1.5349	0.51527	1.8654e-17
8.96	0.0014247	0.11437	0.086048	0.028326	1.5912e-17
8.97	0.084714	6.8161	5.1173	1.6989	1.9653e-17
8.98	0.22313	17.994	13.475	4.5183	1.646e-17
8.99	0.1409	11.388	8.5243	2.8635	1.8858e-17
9	0.028813	2.3339	1.7655	0.56837	1.826e-17
9.01	0.061225	4.9703	3.7243	1.246	1.6697e-17
9.02	0.047165	3.8373	2.8601	0.97723	1.9061e-17
9.03	0.029527	2.4077	1.8117	0.59597	1.5923e-17
9.04	0.048334	3.9499	2.965	0.98494	2.0135e-17
9.05	0.030147	2.4691	1.8471	0.62206	1.7493e-17
9.06	0.036698	3.0123	2.2635	0.74876	1.9113e-17
9.07	0.043993	3.6191	2.7098	0.90922	1.8949e-17
9.08	0.033111	2.7299	2.0461	0.68377	1.7099e-17
9.09	0.043105	3.5617	2.6825	0.87918	1.9943e-17
9.1	0.045021	3.7282	2.7918	0.93631	1.6509e-17
9.11	0.037635	3.1234	2.3348	0.78854	2.0748e-17
9.12	0.039143	3.2557	2.4503	0.80531	1.7676e-17
9.13	0.087093	7.2598	5.4483	1.8115	1.89e-17
9.14	0.1255	10.484	7.8594	2.6247	2.002e-17
9.15	0.053757	4.5006	3.3754	1.1252	1.7822e-17
9.16	0.0017372	0.14576	0.10874	0.037025	2.1466e-17
9.17	0.029574	2.4868	1.8682	0.61862	1.725e-17
9.18	0.020823	1.7548	1.3192	0.43562	2.1471e-17
9.19	0.012217	1.0318	0.77093	0.26087	1.9366e-17
9.2	0.024936	2.1106	1.5834	0.52721	1.966e-17
9.21	0.010961	0.92978	0.69901	0.23077	2.1253e-17
9.22	0.011266	0.9577	0.71725	0.24045	1.8118e-17
9.23	0.014915	1.2707	0.95402	0.31666	2.2315e-17
9.24	0.0034714	0.29638	0.22112	0.075259	1.8081e-17
9.25	0.010219	0.87438	0.65437	0.22002	2.1509e-17
9.26	0.009996	0.85713	0.64677	0.21037	1.9804e-17
9.27	0.0015748	0.13532	0.10331	0.03201	2.008e-17
9.28	0.0074277	0.63966	0.47691	0.16275	2.3128e-17
9.29	0.0037761	0.32589	0.2427	0.083191	1.8983e-17
9.3	0.0012498	0.1081	0.082152	0.025945	2.3062e-17
9.31	0.0061564	0.53361	0.40165	0.13197	1.8751e-17
9.32	0.00046475	0.040369	0.030602	0.0097676	2.1819e-17
9.33	0.0064624	0.56255	0.42448	0.13806	2.1023e-17
9.34	0.0076513	0.66746	0.50236	0.1651	1.9863e-17
9.35	0.0029386	0.2569	0.19303	0.063867	2.2951e-17
9.36	0.060466	5.2974	3.9854	1.3121	1.8586e-17
9.37	0.11699	10.272	7.7179	2.5537	2.3605e-17
9.38	0.077793	6.8446	5.1312	1.7134	1.9531e-17
9.39	0.023718	2.0913	1.5636	0.52767	2.1677e-17
9.4	0.0086207	0.76172	0.5693	0.19242	2.1986e-17
9.41	0.00068012	0.060223	0.042841	0.017382	2.0438e-17
9.42	0.0090484	0.80292	0.60721	0.19571	2.4655e-17
9.43	0.018896	1.6804	1.2617	0.4187	2.0353e-17
9.44	0.012448	1.1093	0.82715	0.28217	2.5614e-17
9.45	0.0065126	0.58159	0.43705	0.14454	2.1785e-17
9.46	0.0060455	0.54102	0.40663	0.13438	2.2506e-17
9.47	0.020705	1.8568	1.3925	0.4643	2.3224e-17
9.48	0.022468	2.0192	1.5141	0.50517	2.1034e-17
9.49	0.0064414	0.58011	0.43321	0.14691	2.5004e-17
9.5	0.036885	3.3289	2.5019	0.82698	1.9583e-17
9.51	0.076617	6.9293	5.2043	1.725	2.5251e-17
9.52	0.068138	6.1754	4.6327	1.5427	2.2331e-17
9.53	0.053644	4.872	3.6498	1.2222	2.2977e-17
9.54	0.037693	3.4305	2.5658	0.86466	2.5058e-17
9.55	0.012886	1.1752	0.87831	0.29688	2.1866e-17
9.56	0.0033512	0.30628	0.22912	0.077158	2.7056e-17
9.57	0.011438	1.0475	0.78716	0.26036	2.1867e-17
9.58	0.028811	2.6442	1.9879	0.65629	2.6719e-17
9.59	0.023337	2.1463	1.6093	0.53693	2.3931e-17
9.6	0.0020284	0.18694	0.13906	0.047878	2.4195e-17
9.61	0.0040303	0.37221	0.28007	0.09214	2.7549e-17
9.62	0.0055022	0.5092	0.37939	0.12981	2.274e-17
9.63	0.00025252	0.023418	0.01743	0.0059874	2.8485e-17
9.64	0.0040727	0.37847	0.28487	0.093602	2.345e-17
9.65	0.0017409	0.16212	0.12047	0.041651	2.7408e-17
9.66	0.00064708	0.060383	0.046224	0.014159	2.5541e-17
9.67	0.0029951	0.28006	0.21113	0.068933	2.4099e-17
9.68	0.0012654	0.11858	0.088907	0.029669	2.7135e-17
9.69	0.0035622	0.33448	0.25004	0.084437	2.1584e-17
9.7	0.0049369	0.46451	0.3488	0.11571	2.7671e-17
9.71	0.0062899	0.59303	0.44686	0.14617	2.2641e-17
9.72	0.0075289	0.71131	0.53121	0.18011	2.6743e-17
9.73	0.0038626	0.36568	0.27246	0.093222	2.6461e-17
9.74	0.0065234	0.61886	0.46686	0.152	2.503e-17
9.75	0.0082113	0.78059	0.58468	0.19591	3.0113e-17
9.76	0.0036592	0.34857	0.26069	0.087879	2.4379e-17
9.77	0.0088526	0.84501	0.63673	0.20828	3.1258e-17
9.78	0.011537	1.1035	0.82764	0.27582	2.6763e-17
9.79	0.0063836	0.61183	0.45872	0.15311	3.0435e-17
9.8	0.013773	1.3228	0.99179	0.33099	3.0306e-17
9.81	0.016852	1.6218	1.2147	0.40704	2.6468e-17
9.82	0.010493	1.0119	0.76313	0.24877	3.2774e-17
9.83	0.021713	2.0981	1.5689	0.52916	2.5873e-17
9.84	0.026436	2.5597	1.9044	0.65531	3.2091e-17
9.85	0.0095079	0.92248	0.69253	0.22995	2.767e-17
9.86	0.0071355	0.69371	0.52221	0.1715	2.9743e-17
9.87	0.023527	2.2919	1.7123	0.57965	3.1252e-17
9.88	0.03499	3.4155	2.5672	0.84831	2.6728e-17
9.89	0.030848	3.0173	2.2626	0.75472	3.3767e-17
9.9	0.029463	2.8876	2.1612	0.72641	2.7046e-17
9.91	0.039592	3.8882	2.9238	0.96448	3.4817e-17
9.92	0.03419	3.3645	2.5176	0.84691	3.1024e-17
9.93	0.030966	3.0534	2.2852	0.76819	3.1688e-17
9.94	0.043625	4.3103	3.245	1.0653	3.5742e-17
9.95	0.035658	3.5303	2.6499	0.88036	3.0424e-17
9.96	0.02334	2.3154	1.7342	0.58116	3.8842e-17
9.97	0.030661	3.0477	2.2847	0.763	3.1263e-17
9.98	0.038306	3.8153	2.857	0.95825	3.758e-17
9.99	0.037447	3.7372	2.807	0.93017	3.5365e-17
10	0.031433	3.1433	2.3601	0.78317	3.536e-17
10.01	0.030221	3.0282	2.2679	0.76028	4.051e-17
10.02	0.027796	2.7907	2.0935	0.69722	3.3118e-17
10.03	0.020243	2.0364	1.5272	0.50925	4.2707e-17
10.04	0.02033	2.0493	1.5362	0.51308	3.5355e-17
10.05	0.01672	1.6888	1.2648	0.42391	4.1986e-17
10.06	0.011949	1.2093	0.90694	0.30232	4.1715e-17
10.07	0.013925	1.4121	1.0638	0.34824	3.9078e-17
10.08	0.0097971	0.99544	0.74614	0.2493	4.6913e-17
10.09	0.007351	0.74839	0.55897	0.18943	3.8429e-17
10.1	0.0067956	0.69321	0.52138	0.17184	4.8571e-17
10.11	0.0038594	0.39448	0.29528	0.099195	4.1011e-17
10.12	0.0044326	0.45397	0.34036	0.11361	4.5277e-17
10.13	0.0020311	0.20843	0.15686	0.051573	4.8037e-17
10.14	0.0029763	0.30603	0.22875	0.077274	4.1738e-17
10.15	0.0064089	0.66026	0.49608	0.16418	5.108e-17
10.16	0.0023987	0.24761	0.18608	0.06153	3.8075e-17
10.17	0.0004717	0.048787	0.03635	0.012437	4.3432e-17
10.18	0.00079972	0.082877	0.062682	0.020195	4.2592e-17
10.19	0.00014095	0.014636	0.010708	0.0039279	3.9868e-17
10.2	0.00022431	0.023337	0.017881	0.0054563	4.3676e-17
10.21	0.00066421	0.06924	0.051509	0.017731	4.2721e-17
10.22	0.0032125	0.33554	0.24884	0.086691	4.2188e-17
10.23	0.0026657	0.27897	0.20836	0.07061	4.1334e-17
10.24	0.00056514	0.059259	0.045114	0.014146	5.7388e-17
10.25	0.0012996	0.13654	0.10183	0.034714	3.5621e-17
10.26	0.0026985	0.28407	0.21314	0.070927	4.1093e-17
10.27	0.0048992	0.51673	0.38799	0.12874	5.7257e-17
10.28	0.0042045	0.44432	0.33361	0.11072	4.1775e-17
10.29	0.0034536	0.36568	0.27453	0.091154	4.383e-17
10.3	0.0043142	0.4577	0.34167	0.11603	3.2456e-17
10.31	0.003202	0.34036	0.25545	0.084903	5.612e-17
10.32	0.005712	0.60835	0.45812	0.15023	5.6632e-17
10.33	0.0071609	0.76413	0.57188	0.19224	3.7512e-17
10.34	0.0048078	0.51403	0.38537	0.12866	4.5092e-17
10.35	0.0058971	0.63172	0.4748	0.15691	3.5411e-17
10.36	0.0056425	0.60561	0.45236	0.15324	5.0515e-17
10.37	0.0036584	0.39342	0.29499	0.098424	5.8831e-17
10.38	0.0034011	0.36645	0.27662	0.089825	4.9439e-17
10.39	0.0025709	0.27753	0.20772	0.069815	3.4939e-17
10.4	0.0023413	0.25324	0.18949	0.063751	4.0078e-17
10.41	0.0020884	0.22631	0.17056	0.055753	4.4359e-17
10.42	0.0010785	0.1171	0.0883	0.028798	4.7052e-17
10.43	0.00051716	0.056259	0.041966	0.014293	7.0857e-17
10.44	0.00023677	0.025806	0.018946	0.0068603	4.8611e-17
10.45	0.00018549	0.020256	0.014742	0.0055138	3.7786e-17
10.46	0.00089793	0.098243	0.073483	0.024761	3.4477e-17
10.47	0.001612	0.17671	0.13256	0.044144	4.6518e-17
10.48	0.00066091	0.072588	0.053977	0.018611	5.2856e-17
10.49	0.0031429	0.34584	0.25966	0.086178	4.1173e-17
10.5	0.0074851	0.82524	0.61979	0.20545	7.1904e-17
10.51	0.0066527	0.73485	0.55107	0.18378	4.4706e-17
10.52	0.0089809	0.99392	0.74584	0.24808	4.177e-17
10.53	0.012281	1.3618	1.0209	0.34084	4.159e-17
10.54	0.0098968	1.0995	0.82329	0.27616	2.5053e-17
10.55	0.014055	1.5644	1.1742	0.39021	5.4468e-17
10.56	0.01958	2.1834	1.6374	0.546	3.1722e-17
10.57	0.017769	1.9853	1.4877	0.4976	4.9342e-17
10.58	0.019962	2.2345	1.6777	0.55684	5.5732e-17
10.59	0.022923	2.5708	1.9288	0.64193	3.687e-17
10.6	0.021576	2.4243	1.8172	0.60708	4.5179e-17
10.61	0.025222	2.8393	2.1309	0.70835	3.1735e-17
10.62	0.030218	3.4081	2.5564	0.85168	3.8707e-17
10.63	0.027478	3.105	2.3268	0.77816	3.7534e-17
10.64	0.024969	2.8267	2.1213	0.70539	4.7952e-17
10.65	0.028637	3.2481	2.4393	0.80883	3.5502e-17
10.66	0.023201	2.6365	1.976	0.66049	3.4808e-17
10.67	0.014296	1.6276	1.2167	0.41088	5.1796e-17
10.68	0.030292	3.4552	2.594	0.86123	3.4134e-17
10.69	0.046816	5.3499	4.0181	1.3318	4.4953e-17
10.7	0.034218	3.9176	2.9355	0.98211	3.4199e-17
10.71	0.02754	3.159	2.3673	0.79166	3.2158e-17
10.72	0.035979	4.1346	3.1088	1.0258	3.53e-17
10.73	0.032383	3.7284	2.7961	0.93227	4.1609e-17
10.74	0.028738	3.3148	2.4783	0.83649	3.7624e-17
10.75	0.032424	3.747	2.8181	0.92883	1.8708e-17
10.76	0.026083	3.0198	2.2732	0.74657	4.3445e-17
10.77	0.021595	2.5048	1.8675	0.63735	2.7434e-17
10.78	0.038032	4.4196	3.3112	1.1084	3.7496e-17
10.79	0.04729	5.5056	4.1394	1.3662	4.0829e-17
10.8	0.029638	3.457	2.5909	0.86607	3.1998e-17
10.81	0.026059	3.0452	2.2811	0.7641	4.7646e-17
10.82	0.038253	4.4783	3.3654	1.1129	2.4328e-17
10.83	0.027917	3.2744	2.4558	0.81857	4.6726e-17
10.84	0.01733	2.0364	1.5256	0.51083	4.3615e-17
10.85	0.020513	2.4148	1.8134	0.60143	4.2196e-17
10.86	0.019726	2.3265	1.7435	0.58303	4.316e-17
10.87	0.019236	2.2728	1.704	0.56885	2.9142e-17
10.88	0.012627	1.4947	1.1213	0.37338	4.4258e-17
10.89	0.0067392	0.79921	0.59843	0.20078	2.6202e-17
10.9	0.012388	1.4718	1.1055	0.36622	4.1748e-17
10.91	0.011094	1.3205	0.99052	0.33002	2.9497e-17
10.92	0.008933	1.0652	0.79858	0.26665	3.322e-17
10.93	0.0092647	1.1068	0.83299	0.27382	4.5402e-17
10.94	0.0028741	0.34399	0.25782	0.086166	2.8388e-17
10.95	0.0035307	0.42334	0.3168	0.10654	5.3242e-17
10.96	0.0059146	0.71047	0.53564	0.17482	3.9369e-17
10.97	0.0024555	0.2955	0.22175	0.073748	5.6471e-17
10.98	0.0027206	0.328	0.24407	0.083935	4.0263e-17
10.99	0.0024265	0.29307	0.22025	0.072814	2.6569e-17
11	0.00079286	0.095936	0.072532	0.023404	4.8786e-17
11.01	0.0010111	0.12256	0.091349	0.031212	3.0274e-17
11.02	0.00045792	0.05561	0.041452	0.014158	4.8118e-17
11.03	6.6941e-05	0.0081441	0.0060173	0.0021268	2.9175e-17
11.04	0.00039043	0.047586	0.035592	0.011994	3.863e-17
11.05	0.00076198	0.09304	0.069942	0.023099	3.9028e-17
11.06	0.00041444	0.050696	0.038156	0.01254	3.5814e-17
11.07	0.00048286	0.059172	0.044595	0.014577	5.769e-17
11.08	0.00049544	0.060823	0.045745	0.015078	2.9856e-17
11.09	0.00042517	0.05229	0.039061	0.013229	5.5274e-17
11.1	0.0019361	0.23854	0.17877	0.059776	5.1504e-17
11.11	0.0012832	0.15839	0.11858	0.03981	4.9389e-17
11.12	0.0023175	0.28657	0.21558	0.070987	3.6486e-17
11.13	0.0047771	0.59177	0.44517	0.1466	3.3548e-17
11.14	0.0011862	0.14721	0.11066	0.036548	6.5879e-17
11.15	0.0010683	0.13282	0.10057	0.032251	3.6247e-17
11.16	0.0038184	0.47556	0.35844	0.11713	6.1438e-17
11.17	0.0017994	0.22451	0.16776	0.056754	4.3231e-17
11.18	0.0030903	0.38626	0.28968	0.09658	3.7561e-17
11.19	0.0043004	0.53848	0.40596	0.13252	4.9865e-17
11.2	0.0017599	0.22076	0.16462	0.056137	2.5438e-17
11.21	0.0015515	0.19497	0.14468	0.050288	4.8619e-17
11.22	0.0015631	0.19677	0.14969	0.047089	2.1029e-17
11.23	0.0012418	0.1566	0.11835	0.03826	3.2707e-17
11.24	0.0010808	0.13655	0.1011	0.035447	3.8307e-17
11.25	0.00025591	0.032388	0.024318	0.00807	4.6979e-17
11.26	0.00029469	0.037363	0.02806	0.0093032	5.9596e-17
11.27	0.00017939	0.022785	0.01662	0.0061644	4.0154e-17
11.28	2.2537e-05	0.0028676	0.0023031	0.00056445	6.5437e-17
11.29	0.00022754	0.029004	0.021919	0.0070846	3.9694e-17
11.3	0.00019847	0.025343	0.019025	0.0063177	3.9945e-17
11.31	9.1755e-05	0.011737	0.0087123	0.0030246	2.944e-17
11.32	4.911e-05	0.006293	0.0047883	0.0015047	3.5626e-17
11.33	0.00039303	0.050452	0.037968	0.012484	4.2979e-17
11.34	0.00014333	0.018432	0.013716	0.0047155	2.2573e-17
11.35	0.00048614	0.062626	0.047148	0.015477	5.3224e-17
11.36	0.0014089	0.18181	0.13621	0.045603	2.0804e-17
11.37	0.0011155	0.14421	0.10792	0.036292	4.6745e-17
11.38	0.0017264	0.22358	0.16799	0.055589	3.746e-17
11.39	0.0018433	0.23914	0.17931	0.059829	2.6808e-17
11.4	0.0016055	0.20865	0.15673	0.05192	5.1898e-17
11.41	0.0033785	0.43984	0.32974	0.1101	2.0291e-17
11.42	0.003397	0.44302	0.33133	0.11169	5.8719e-17
11.43	0.003613	0.47202	0.35468	0.11734	2.4866e-17
11.44	0.0050288	0.65813	0.49388	0.16426	4.2671e-17
11.45	0.0038159	0.50028	0.37432	0.12596	4.6317e-17
11.46	0.0040495	0.53183	0.3997	0.13212	2.6791e-17
11.47	0.0046898	0.61699	0.46275	0.15424	6.8541e-17
11.48	0.0033371	0.4398	0.32912	0.11068	2.6329e-17
11.49	0.0042818	0.56529	0.42507	0.14022	5.1294e-17
11.5	0.0043831	0.57966	0.43433	0.14534	2.709e-17
11.51	0.0032765	0.43407	0.32489	0.10919	4.5717e-17
11.52	0.0040578	0.53852	0.40517	0.13334	5.5932e-17
11.53	0.0035238	0.46846	0.35061	0.11785	2.5867e-17
11.54	0.0034123	0.45443	0.34047	0.11396	7.7426e-17
11.55	0.0038335	0.5114	0.38579	0.12561	3.2301e-17
11.56	0.0026748	0.35744	0.26764	0.089803	4.899e-17
11.57	0.0034528	0.46221	0.3447	0.11751	3.047e-17
11.58	0.003402	0.4562	0.34255	0.11364	5.0341e-17
11.59	0.0021453	0.28818	0.21674	0.071441	6.0372e-17
11.6	0.0034989	0.47081	0.35234	0.11847	2.5762e-17
11.61	0.0030552	0.41181	0.30795	0.10386	9.22e-17
11.62	0.0023272	0.31423	0.23633	0.077899	3.2571e-17
11.63	0.0036066	0.48782	0.36667	0.12115	7.7331e-17
11.64	0.0027489	0.37245	0.27872	0.093731	6.4175e-17
11.65	0.0026636	0.36151	0.27268	0.088825	4.3752e-17
11.66	0.003294	0.44784	0.33755	0.11029	8.4011e-17
11.67	0.0024152	0.32892	0.24415	0.084774	1.7468e-17
11.68	0.0026772	0.36523	0.27301	0.092223	7.6535e-17
11.69	0.0024735	0.33802	0.25529	0.08273	2.9996e-17
11.7	0.0022916	0.3137	0.23479	0.078911	5.474e-17
11.71	0.0027139	0.37215	0.27882	0.093328	6.9704e-17
11.72	0.0019848	0.27262	0.20501	0.067615	4.0509e-17
11.73	0.0022699	0.31233	0.23394	0.078387	7.6313e-17
11.74	0.0020927	0.28843	0.21675	0.071679	5.1965e-18
11.75	0.0013317	0.18386	0.13786	0.046003	6.1432e-17
11.76	0.0018706	0.2587	0.19353	0.065169	2.241e-17
11.77	0.0013324	0.18458	0.13883	0.045749	4.4112e-17
11.78	0.0011677	0.16203	0.12122	0.040811	5.0152e-17
11.79	0.0015085	0.20969	0.1571	0.052587	1.3115e-17
11.8	0.00083053	0.11564	0.087205	0.028438	8.4182e-17
11.81	0.00098986	0.13806	0.10312	0.034944	6.9605e-18
11.82	0.00079202	0.11066	0.082746	0.02791	6.7277e-17
11.83	0.00036007	0.050391	0.03802	0.012371	2.5464e-17
11.84	0.00054774	0.076785	0.057451	0.019334	3.7965e-17
11.85	0.00019979	0.028054	0.021012	0.0070428	6.549e-17
11.86	0.00028085	0.039504	0.029718	0.0097859	5.3031e-18
11.87	0.00030191	0.042538	0.031935	0.010603	8.0941e-17
11.88	0.00015552	0.021949	0.01642	0.0055284	1.7275e-18
11.89	0.00038929	0.055035	0.041277	0.013758	8.2917e-17
11.9	0.00021575	0.030552	0.022952	0.0075997	3.1071e-17
11.91	0.00044363	0.062928	0.047107	0.015821	5.8655e-17
11.92	0.00056092	0.0797	0.059841	0.019859	9.1196e-17
11.93	0.00040308	0.057368	0.042955	0.014412	7.3817e-17
11.94	0.00073558	0.10487	0.078639	0.026228	4.444e-16
11.95	0.00060069	0.085779	0.064443	0.021336	2.1765e-16
11.96	0.00056716	0.081128	0.0605	0.020628	3.149e-17
11.97	0.00079424	0.1138	0.085733	0.028067	4.7175e-17
11.98	0.00073655	0.10571	0.079482	0.026228	3.6614e-17
11.99	0.00073078	0.10506	0.07779	0.027267	1.6393e-16
12	0.0005337	0.076852	0.05816	0.018692	5.9323e-18
12.01	0.00052506	0.075735	0.057612	0.018122	2.5367e-16
12.02	0.000421	0.060826	0.044863	0.015963	2.3989e-16
12.03	0.00015636	0.022629	0.017087	0.0055419	6.284e-18
12.04	0.00038606	0.055964	0.042431	0.013533	1.4817e-16
12.05	0.00028084	0.040779	0.030254	0.010524	3.606e-16
12.06	8.9739e-06	0.0013052	0.00089702	0.00040818	2.7858e-16
12.07	2.2826e-05	0.0033253	0.0025467	0.00077861	2.4847e-16
12.08	1.6036e-05	0.0023401	0.0016864	0.00065365	9.628e-16
12.09	5.8915e-05	0.0086115	0.006183	0.0024285	6.2788e-16
12.1	1.0835e-05	0.0015863	0.0013178	0.00026846	9.811e-17
12.11	0.00023666	0.034707	0.02576	0.008947	1.6157e-16
12.12	0.00040261	0.059142	0.042732	0.01641	4.1481e-17
12.13	0.00036614	0.053873	0.040948	0.012925	2.9069e-16
12.14	0.00074736	0.11015	0.084598	0.025547	5.8922e-17
12.15	0.00091611	0.13524	0.10074	0.034495	1.166e-16
12.16	0.0011894	0.17588	0.13121	0.044664	8.4636e-17
12.17	0.0016375	0.24254	0.18231	0.060222	3.0711e-16
12.18	0.0017407	0.25824	0.1934	0.064831	4.9775e-16
12.19	0.0019712	0.29291	0.21988	0.073031	1.5761e-16
12.2	0.0023485	0.34956	0.262	0.087559	1.789e-15
12.21	0.0041211	0.61439	0.46019	0.15421	3.2181e-15
12.22	0.0055175	0.82393	0.61805	0.20588	5.8668e-15
12.23	0.0042632	0.63766	0.4779	0.15975	7.3882e-15
12.24	0.0044849	0.67192	0.50435	0.16757	3.7102e-15
12.25	0.0053566	0.80383	0.60393	0.1999	1.8662e-15
12.26	0.0047611	0.71563	0.53628	0.17936	1.2746e-15
12.27	0.0058357	0.87858	0.65827	0.2203	4.8094e-16
12.28	0.0062482	0.94222	0.70625	0.23598	6.9086e-16
12.29	0.006482	0.97906	0.73461	0.24445	5.8745e-17
12.3	0.0079413	1.2014	0.90258	0.29887	2.9352e-16
12.31	0.0074318	1.1262	0.84389	0.2823	2.6257e-16
12.32	0.0085543	1.2984	0.97237	0.32602	1.5671e-16
12.33	0.008673	1.3186	0.99032	0.32823	2.7473e-16
12.34	0.0088215	1.3433	1.0079	0.33541	1.6781e-17
12.35	0.019006	2.8988	2.1734	0.72544	3.3031e-16
12.36	0.02229	3.4053	2.5561	0.84921	7.1693e-17
12.37	0.011265	1.7238	1.2945	0.42928	1.5233e-16
12.38	0.0084114	1.2892	0.96566	0.3235	1.8659e-16
12.39	0.011417	1.7526	1.3134	0.43925	2.3053e-17
12.4	0.010406	1.6	1.196	0.40405	2.3234e-16
12.41	0.0089271	1.3749	1.0253	0.34952	5.3874e-17
12.42	0.009274	1.4306	1.0787	0.35184	2.7556e-16
12.43	0.016978	2.6232	1.9788	0.64438	2.2028e-16
12.44	0.020272	3.1371	2.3515	0.78556	2.158e-17
12.45	0.012762	1.9781	1.4786	0.49948	6.5959e-17
12.46	0.012268	1.9046	1.4291	0.47546	2.8293e-17
12.47	0.013373	2.0794	1.5573	0.52217	9.2092e-17
12.48	0.009503	1.4801	1.1083	0.37184	7.0737e-17
12.49	0.010168	1.5862	1.1912	0.39502	7.6731e-17
12.5	0.0095567	1.4932	1.1192	0.37406	7.408e-17
12.51	0.0075643	1.1838	0.88844	0.29537	4.7479e-16
12.52	0.0082005	1.2854	0.96573	0.31971	3.5875e-16
12.53	0.0071302	1.1194	0.83882	0.28062	8.1117e-18
12.54	0.0067469	1.061	0.79541	0.26555	1.9662e-16
12.55	0.006134	0.96612	0.72437	0.24175	2.1577e-17
12.56	0.0042822	0.67553	0.50636	0.16917	1.2264e-16
12.57	0.0037954	0.5997	0.45011	0.14959	8.3555e-17
12.58	0.0034455	0.54527	0.40884	0.13642	4.8276e-17
12.59	0.0039215	0.62158	0.46644	0.15514	1.6382e-16
12.6	0.0027609	0.43832	0.32859	0.10973	8.5195e-18
12.61	0.0003263	0.051885	0.03866	0.013226	2.7778e-16
12.62	0.00053897	0.085839	0.064903	0.020935	1.4504e-16
12.63	0.00030272	0.048288	0.036102	0.012186	2.5137e-17
12.64	0.00016047	0.025638	0.019651	0.0059868	1.3688e-16
12.65	0.00075318	0.12053	0.091156	0.029369	6.8221e-18
12.66	9.6952e-05	0.015539	0.011608	0.003931	4.1083e-17
12.67	0.00021594	0.034665	0.026306	0.0083588	1.6691e-17
12.68	0.00020039	0.032219	0.024318	0.0079006	1.1806e-16
12.69	6.8261e-05	0.010992	0.0083765	0.002616	6.0401e-17
12.7	0.00023925	0.038588	0.029042	0.0095465	2.5317e-17
12.71	9.134e-05	0.014755	0.011116	0.0036395	1.0716e-16
12.72	0.0016252	0.26296	0.19812	0.064837	1.3449e-17
12.73	0.00189	0.30628	0.22933	0.076948	5.7607e-17
12.74	0.00071797	0.11653	0.086925	0.029607	2.3312e-17
12.75	0.001635	0.26579	0.20023	0.065561	4.8027e-17
12.76	0.0021034	0.34247	0.25599	0.086473	3.0406e-17
12.77	0.0021041	0.34312	0.25722	0.085906	2.5962e-17
12.78	0.002198	0.359	0.27008	0.088916	1.29e-16
12.79	0.0015597	0.25514	0.18973	0.06541	5.3218e-17
12.8	0.0021169	0.34684	0.26044	0.086403	1.9567e-17
12.81	0.0020454	0.33565	0.25283	0.082812	1.9862e-17
12.82	0.00067013	0.11014	0.080283	0.029855	6.7262e-17
12.83	0.00050396	0.082957	0.063376	0.019581	3.647e-17
12.84	0.00060965	0.10051	0.080941	0.01957	2.0014e-17
12.85	0.00044666	0.073753	0.057141	0.016613	5.5741e-17
12.86	0.00041867	0.06924	0.050469	0.018771	1.2223e-17
12.87	0.00013932	0.023076	0.017151	0.0059256	5.217e-17
12.88	0.00061516	0.10205	0.076682	0.02537	2.7345e-17
12.89	0.0017576	0.29204	0.21886	0.073178	5.5927e-17
12.9	0.0012214	0.20325	0.1549	0.048349	5.1733e-17
12.91	0.0013254	0.2209	0.16697	0.053933	2.116e-17
12.92	0.0054223	0.90512	0.6716	0.23352	6.5362e-17
12.93	0.0068876	1.1515	0.85449	0.29702	2.2393e-17
12.94	0.0032741	0.54823	0.41018	0.13805	3.7496e-17
12.95	0.0019899	0.3337	0.25307	0.080637	2.7831e-17
12.96	0.0020049	0.33674	0.25364	0.083105	3.3053e-17
12.97	0.00075231	0.12655	0.096067	0.030488	2.9287e-17
12.98	0.00084493	0.14235	0.1078	0.034551	4.708e-17
12.99	0.00079043	0.13338	0.099803	0.033575	8.7062e-17
13	9.2914e-05	0.015702	0.011516	0.004186	1.3935e-17
13.01	0.00018972	0.032111	0.024492	0.0076187	3.7167e-17
13.02	0.00050303	0.085274	0.06452	0.020754	4.0219e-17
13.03	0.00030899	0.052461	0.039406	0.013056	3.3694e-17
13.04	5.6947e-05	0.0096834	0.0072484	0.002435	3.6772e-17
13.05	0.00098688	0.16807	0.12682	0.041251	1.9662e-17
13.06	0.0012514	0.21344	0.16073	0.052703	3.5125e-17
13.07	0.0013293	0.22708	0.16977	0.057316	2.2175e-17
13.08	0.0027649	0.47303	0.35429	0.11874	5.0743e-17
13.09	0.0017947	0.30752	0.23181	0.075705	2.9762e-17
13.1	0.0017112	0.29366	0.22104	0.072615	4.4065e-17
13.11	0.0041064	0.70577	0.52714	0.17863	3.8518e-17
13.12	0.0021899	0.37696	0.2805	0.096461	2.7714e-17
13.13	0.00095367	0.16441	0.12397	0.040444	6.0103e-17
13.14	0.0030203	0.52149	0.39211	0.12937	2.1293e-17
13.15	0.0028811	0.49821	0.37393	0.12428	5.6504e-17
13.16	0.0038641	0.66921	0.50239	0.16682	1.6981e-17
13.17	0.0043071	0.74706	0.56015	0.18691	5.0419e-17
13.18	0.0030822	0.53541	0.40159	0.13382	1.0398e-16
13.19	0.0054529	0.94867	0.71151	0.23716	1.3835e-17
13.2	0.0058164	1.0135	0.75743	0.25602	3.4714e-17
13.21	0.0048014	0.83787	0.62655	0.21132	2.9951e-17
13.22	0.010597	1.8521	1.3936	0.45852	4.0532e-17
13.23	0.016268	2.8474	2.1419	0.70546	3.6957e-17
13.24	0.011996	2.1028	1.5782	0.52465	2.4147e-17
13.25	0.0029454	0.51711	0.38629	0.13082	5.2714e-17
13.26	0.0022463	0.39496	0.29686	0.098105	2.3058e-17
13.27	0.0070433	1.2403	0.93119	0.30908	3.8284e-17
13.28	0.0060521	1.0673	0.80055	0.26678	3.2257e-17
13.29	0.0045152	0.7975	0.59796	0.19954	4.6419e-17
13.3	0.0045608	0.80676	0.6048	0.20196	4.2044e-17
13.31	0.0031164	0.55209	0.4153	0.13678	3.2027e-17
13.32	0.0049643	0.88078	0.6621	0.21868	5.335e-17
13.33	0.0055346	0.98344	0.73701	0.24642	3.3897e-17
13.34	0.0029434	0.52379	0.39247	0.13131	4.5917e-17
13.35	0.0030663	0.54649	0.4103	0.13618	3.1086e-17
13.36	0.0027339	0.48797	0.36611	0.12186	5.7165e-17
13.37	0.0022771	0.40705	0.3055	0.10156	5.2581e-17
13.38	0.0029582	0.52958	0.39669	0.13289	3.1641e-17
13.39	0.0021142	0.37906	0.28399	0.095065	5.0844e-17
13.4	0.0020489	0.36791	0.27614	0.091768	3.1298e-17
13.41	0.0019068	0.3429	0.25654	0.086364	5.6668e-17
13.42	0.0011561	0.20821	0.15655	0.051653	3.3898e-17
13.43	0.0013312	0.24011	0.18068	0.059427	4.4561e-17
13.44	0.00083856	0.15147	0.11264	0.038832	5.801e-17
13.45	0.0010362	0.18745	0.14153	0.045922	3.7381e-17
13.46	0.0012937	0.23439	0.17812	0.056266	5.3684e-17
13.47	0.0003212	0.058279	0.043899	0.01438	3.2203e-17
13.48	0.00015554	0.028263	0.020687	0.0075757	5.5036e-17
13.49	6.8069e-05	0.012387	0.0094418	0.0029453	3.9638e-17
13.5	0.00038171	0.069567	0.051926	0.017641	3.8867e-17
13.51	0.00081424	0.14862	0.11105	0.03757	5.1005e-17
13.52	0.00020711	0.037857	0.028698	0.0091598	3.6537e-17
13.53	0.00052636	0.096356	0.072071	0.024285	5.8181e-17
13.54	0.00049739	0.091187	0.067199	0.023988	3.7403e-17
13.55	3.3452e-05	0.0061418	0.0049086	0.0012332	5.2389e-17
13.56	0.0010978	0.20186	0.15199	0.049871	4.2968e-17
13.57	0.0011057	0.20361	0.15094	0.052667	4.8025e-17
13.58	0.00015819	0.029174	0.02092	0.008253	5.91e-17
13.59	0.00016101	0.029737	0.023141	0.0065955	3.8159e-17
13.6	0.00016604	0.030711	0.022795	0.007916	6.1637e-17
13.61	0.00023691	0.043883	0.032666	0.011217	4.1632e-17
13.62	0.00029789	0.055259	0.042024	0.013236	5.3708e-17
13.63	0.00010334	0.019198	0.014366	0.0048319	4.9972e-17
13.64	6.733e-05	0.012527	0.0093223	0.0032045	4.812e-17
13.65	2.4411e-05	0.0045483	0.0036432	0.00090511	5.7826e-17
13.66	5.3367e-05	0.0099581	0.0073536	0.0026045	4.3716e-17
13.67	0.00013633	0.025477	0.018933	0.0065437	6.4185e-17
13.68	0.00015174	0.028398	0.021301	0.0070969	4.3981e-17
13.69	5.3487e-05	0.010024	0.0076065	0.0024178	6.732e-17
13.7	7.1779e-05	0.013472	0.010192	0.0032807	6.2998e-17
13.71	0.00029585	0.055608	0.041714	0.013894	5.5245e-17
13.72	0.00014706	0.027682	0.020746	0.0069362	7.1728e-17
13.73	0.00012197	0.022994	0.017205	0.0057892	5.412e-17
13.74	0.00031921	0.060263	0.045372	0.014891	8.0747e-17
13.75	0.00018807	0.035557	0.026936	0.0086213	5.761e-17
13.76	0.00043518	0.082396	0.061598	0.020798	6.7611e-17
13.77	0.00072353	0.13719	0.10282	0.034366	6.8652e-17
13.78	0.00041527	0.078856	0.059647	0.019209	5.8046e-17
13.79	0.00010152	0.019305	0.014684	0.0046203	7.6666e-17
13.8	1.4087e-06	0.00026828	0.00018273	8.5553e-05	5.5469e-17
13.81	0.00017332	0.033055	0.02509	0.0079643	7.8092e-17
13.82	0.00031863	0.060855	0.04578	0.015075	5.9572e-17
13.83	0.00011619	0.022223	0.016578	0.0056454	6.74e-17
13.84	6.3401e-05	0.012144	0.0091677	0.0029765	7.2628e-17
13.85	0.00024167	0.046357	0.034776	0.011582	6.2525e-17
13.86	0.0002092	0.040187	0.02994	0.010247	8.443e-17
13.87	0.00013837	0.02662	0.019977	0.0066431	6.3504e-17
13.88	0.00034292	0.066065	0.049903	0.016163	8.7875e-17
13.89	0.00025342	0.048892	0.036882	0.01201	7.3879e-17
13.9	4.5391e-05	0.00877	0.0066361	0.0021339	8.2717e-17
13.91	0.00036965	0.071524	0.053263	0.018261	9.1912e-17
13.92	0.00037521	0.072703	0.053949	0.018754	7.792e-17
13.93	0.00046516	0.090261	0.068643	0.021618	1.0392e-16
13.94	0.00093492	0.18168	0.13682	0.044854	7.962e-17
13.95	0.00064318	0.12516	0.09279	0.032375	1.0401e-16
13.96	0.0011878	0.23148	0.17508	0.056407	9.1282e-17
13.97	0.002381	0.46467	0.34894	0.11573	9.1181e-17
13.98	0.0026044	0.50901	0.37713	0.13189	1.0615e-16
13.99	0.003585	0.70165	0.52624	0.17541	8.5378e-17
14	0.0038394	0.75253	0.56916	0.18336	1.1301e-16
14.01	0.002806	0.55076	0.41269	0.13807	8.9101e-17
14.02	0.0034276	0.67373	0.50441	0.16932	1.0921e-16
14.03	0.0035829	0.70527	0.53081	0.17446	1.0512e-16
14.04	0.0031201	0.61504	0.46048	0.15456	1.0007e-16
14.05	0.0042642	0.84176	0.63072	0.21104	1.1866e-16
14.06	0.0046976	0.92865	0.69812	0.23053	9.6692e-17
14.07	0.0041114	0.81392	0.61163	0.20229	1.262e-16
14.08	0.0032758	0.64941	0.48786	0.16154	1.0306e-16
14.09	0.0028772	0.5712	0.42766	0.14355	1.1646e-16
14.1	0.0040067	0.79657	0.59664	0.19993	1.152e-16
14.11	0.0039472	0.78585	0.59057	0.19528	1.0198e-16
14.12	0.0033309	0.66411	0.49826	0.16584	1.2373e-16
14.13	0.0039382	0.78628	0.58967	0.19661	9.7344e-17
14.14	0.003139	0.6276	0.47119	0.15641	1.2353e-16
14.15	0.0024108	0.48269	0.36141	0.12128	1.0571e-16
14.16	0.0028059	0.5626	0.42306	0.13954	1.1817e-16
14.17	0.0022729	0.45638	0.34341	0.11296	1.2552e-16
14.18	0.0017527	0.35243	0.26226	0.09017	1.0653e-16
14.19	0.0011626	0.2341	0.17505	0.05905	1.3219e-16
14.2	0.00075577	0.15239	0.11584	0.036554	1.0768e-16
14.21	0.0012061	0.24355	0.1828	0.060748	1.3297e-16
14.22	0.00089251	0.18047	0.13536	0.045111	1.2e-16
14.23	0.00038812	0.078591	0.059128	0.019463	1.2401e-16
14.24	0.00024748	0.050184	0.037472	0.012713	1.3695e-16
14.25	0.00030762	0.062465	0.046948	0.015517	1.1845e-16
14.26	0.00093951	0.19105	0.14294	0.048107	1.4838e-16
14.27	0.00071234	0.14506	0.10842	0.036635	1.2151e-16
14.28	0.00017089	0.034848	0.026281	0.0085666	1.4028e-16
14.29	0.00034815	0.071095	0.053294	0.017801	1.3283e-16
14.3	0.00015671	0.032046	0.024064	0.0079816	1.2998e-16
14.31	2.4378e-05	0.0049919	0.003674	0.001318	1.4883e-16
14.32	0.00010331	0.021186	0.015584	0.0056015	1.2581e-16
14.33	4.2046e-06	0.0008634	0.00062854	0.00023486	1.5261e-16
14.34	3.493e-05	0.0071828	0.0053398	0.001843	1.2973e-16
14.35	1.7593e-06	0.00036227	0.00025694	0.00010533	1.4301e-16
14.36	9.6169e-05	0.019831	0.014971	0.0048595	1.3878e-16
14.37	9.2964e-05	0.019197	0.014249	0.0049474	1.2821e-16
14.38	3.0287e-05	0.0062629	0.0047991	0.0014638	1.5074e-16
14.39	0.00028199	0.058393	0.044084	0.014309	1.3215e-16
14.4	0.00015608	0.032364	0.024268	0.0080964	1.5876e-16
14.41	0.00010266	0.021318	0.016009	0.005309	1.3653e-16
14.42	0.00025935	0.053928	0.040574	0.013353	1.4839e-16
14.43	0.00010272	0.02139	0.016086	0.0053039	1.5467e-16
14.44	0.00029049	0.060571	0.04527	0.015302	1.3875e-16
14.45	0.00034766	0.072592	0.054307	0.018286	1.5767e-16
14.46	0.00017541	0.036677	0.027617	0.0090594	1.2884e-16
14.47	0.00040092	0.083944	0.062917	0.021027	1.4674e-16
14.48	0.00033087	0.069373	0.052044	0.017329	1.3305e-16
14.49	0.00013418	0.028173	0.02139	0.0067837	1.3955e-16
14.5	0.00014608	0.030713	0.022934	0.0077796	1.4774e-16
14.51	0.00010577	0.022269	0.016553	0.0057157	1.3565e-16
14.52	0.00024676	0.052024	0.039193	0.012831	1.5759e-16
14.53	0.00024834	0.05243	0.039346	0.013084	1.3708e-16
14.54	8.0478e-05	0.017014	0.012708	0.0043063	1.6415e-16
14.55	0.00016217	0.034331	0.02582	0.0085113	1.4827e-16
14.56	0.00015289	0.032411	0.02432	0.008091	1.4791e-16
14.57	4.8336e-05	0.010261	0.0077132	0.0025478	1.5687e-16
14.58	0.00015047	0.031986	0.023976	0.0080095	1.3575e-16
14.59	0.00012858	0.02737	0.020382	0.0069873	1.6797e-16
14.6	1.6308e-05	0.0034763	0.0026586	0.00081763	1.4314e-16
14.61	0.0001847	0.039425	0.029675	0.00975	1.5855e-16
14.62	0.00020103	0.04297	0.032018	0.010951	1.5622e-16
14.63	0.00012252	0.026224	0.019712	0.0065124	1.5084e-16
14.64	0.00041903	0.089811	0.06745	0.022361	1.6534e-16
14.65	0.00034029	0.073034	0.054331	0.018703	1.4442e-16
14.66	0.00010904	0.023434	0.017799	0.0056358	1.6494e-16
14.67	0.00044981	0.096802	0.073081	0.023721	1.4305e-16
14.68	0.00033838	0.072922	0.054071	0.018851	1.6274e-16
14.69	0.00016725	0.036093	0.027498	0.0085952	1.604e-16
14.7	0.00069808	0.15085	0.1147	0.036145	1.5078e-16
14.71	0.000564	0.12204	0.091422	0.030619	1.7121e-16
14.72	0.00014662	0.031769	0.023396	0.0083724	1.4528e-16
14.73	0.00043107	0.093531	0.070552	0.02298	1.6916e-16
14.74	0.00050821	0.11042	0.082568	0.027848	1.5178e-16
14.75	0.00042045	0.091474	0.068599	0.022875	1.6095e-16
14.76	0.00045574	0.099286	0.074806	0.02448	1.6052e-16
14.77	0.00033245	0.072525	0.054269	0.018255	1.4258e-16
14.78	0.00036198	0.079075	0.059704	0.01937	1.629e-16
14.79	0.00037548	0.082134	0.061697	0.020438	1.372e-16
14.8	0.00033571	0.073534	0.054829	0.018705	1.5986e-16
14.81	0.0003795	0.083238	0.063134	0.020103	1.471e-16
14.82	0.00021363	0.046919	0.035246	0.011673	1.5332e-16
14.83	0.00033626	0.073952	0.054922	0.01903	1.6226e-16
14.84	0.00054442	0.1199	0.090679	0.029216	1.4599e-16
14.85	0.00023661	0.052178	0.039478	0.0127	1.7135e-16
14.86	0.00016658	0.036783	0.027223	0.0095605	1.4531e-16
14.87	0.00021415	0.047353	0.035732	0.01162	1.6192e-16
14.88	7.2747e-05	0.016107	0.012046	0.0040608	1.4916e-16
14.89	0.00017799	0.039463	0.029558	0.0099051	1.4788e-16
14.9	0.00012802	0.028421	0.021483	0.0069377	1.6482e-16
14.91	5.0378e-05	0.011199	0.0083127	0.0028867	1.4011e-16
14.92	0.0001301	0.028961	0.02188	0.0070808	1.5675e-16
14.93	3.5692e-05	0.0079558	0.0059711	0.0019847	1.3339e-16
14.94	0.00012171	0.027166	0.020478	0.0066879	1.4393e-16
14.95	0.00016473	0.036817	0.028108	0.0087083	1.3993e-16
14.96	0.0001204	0.026945	0.019946	0.0069997	1.4247e-16
14.97	0.00035629	0.079845	0.059682	0.020163	1.6095e-16
14.98	0.00028122	0.063106	0.047808	0.015298	1.4185e-16
14.99	1.8198e-05	0.0040892	0.003186	0.00090311	1.6687e-16
15	5.2283e-05	0.011764	0.0090724	0.0026912	1.453e-16
15.01	0.00013297	0.029958	0.022922	0.0070354	1.5782e-16
15.02	0.00014727	0.033224	0.024878	0.0083463	1.6051e-16
15.03	5.4878e-05	0.012397	0.0092146	0.0031825	1.5307e-16
15.04	7.1664e-05	0.01621	0.01221	0.0040003	1.7365e-16
15.05	0.00014891	0.033728	0.02533	0.0083982	1.5137e-16
15.06	5.4352e-05	0.012327	0.0092616	0.0030657	1.7192e-16
15.07	0.00010799	0.024524	0.018429	0.0060952	1.5571e-16
15.08	0.00012897	0.029328	0.022158	0.0071699	1.6063e-16
15.09	0.00011042	0.025143	0.018697	0.0064466	1.6141e-16
15.1	0.00029194	0.066566	0.049387	0.01718	1.4764e-16
15.11	0.00018797	0.042917	0.031925	0.010992	1.6656e-16
15.12	2.0278e-05	0.0046358	0.0035167	0.0011191	1.4833e-16
15.13	0.00011589	0.026529	0.019912	0.006617	1.7131e-16
15.14	7.8826e-05	0.018068	0.013507	0.0045614	1.5616e-16
15.15	1.5871e-05	0.0036427	0.0027448	0.00089791	1.5988e-16
15.16	6.769e-05	0.015557	0.01176	0.0037964	1.681e-16
15.17	4.2154e-05	0.0097009	0.0072978	0.0024031	1.5781e-16
15.18	1.4179e-05	0.0032674	0.0023857	0.0008817	1.8633e-16
15.19	0.00014872	0.034315	0.025935	0.0083793	1.6788e-16
15.2	0.00019928	0.046041	0.035007	0.011034	1.8945e-16
15.21	4.255e-05	0.0098436	0.0074507	0.002393	1.7937e-16
15.22	5.1398e-05	0.011906	0.0088554	0.0030509	1.7482e-16
15.23	0.00014174	0.032878	0.025037	0.0078408	1.8586e-16
15.24	0.0002043	0.047451	0.035597	0.011854	1.7192e-16
15.25	0.00029966	0.069691	0.051977	0.017714	1.9615e-16
15.26	0.00023851	0.055542	0.041822	0.01372	1.7725e-16
15.27	0.00032901	0.076716	0.057483	0.019233	1.9678e-16
15.28	0.00042452	0.099117	0.074018	0.025099	1.9327e-16
15.29	0.00026212	0.061279	0.045942	0.015337	1.9021e-16
15.3	0.00037742	0.08835	0.06633	0.02202	2.0635e-16
15.31	0.00041664	0.097659	0.073281	0.024377	1.931e-16
15.32	0.00026005	0.061035	0.04569	0.015345	2.1865e-16
15.33	0.00038977	0.0916	0.068661	0.022939	1.9605e-16
15.34	0.00033193	0.078108	0.058713	0.019394	2.101e-16
15.35	0.000226	0.053252	0.039873	0.013378	2.0901e-16
15.36	0.00031347	0.073956	0.055442	0.018515	2.0526e-16
15.37	0.00019411	0.045857	0.034295	0.011562	2.2538e-16
15.38	0.00016202	0.038324	0.02834	0.0099844	2.0043e-16
15.39	0.00017024	0.040322	0.030361	0.0099611	2.2472e-16
15.4	3.2348e-05	0.0076716	0.0061333	0.0015383	2.0604e-16
15.41	8.1732e-05	0.019409	0.014262	0.0051472	2.187e-16
15.42	0.00013959	0.033192	0.024411	0.0087808	2.2321e-16
15.43	5.3049e-05	0.01263	0.0094205	0.0032097	2.0273e-16
15.44	9.0494e-05	0.021573	0.016311	0.0052622	2.2068e-16
15.45	0.00018938	0.045206	0.033944	0.011262	1.9284e-16
15.46	5.7955e-05	0.013852	0.010404	0.0034479	2.1353e-16
15.47	0.00010083	0.02413	0.018017	0.0061134	2.0131e-16
15.48	0.0003971	0.095158	0.071416	0.023741	2.0397e-16
15.49	0.00027233	0.065344	0.049272	0.016072	2.1655e-16
15.5	0.0003698	0.088845	0.066338	0.022508	2.0187e-16
15.51	0.00071555	0.17213	0.12885	0.043279	2.245e-16
15.52	0.00059125	0.14242	0.10712	0.035299	2.0437e-16
15.53	0.00094854	0.22877	0.17126	0.05751	2.2672e-16
15.54	0.0012184	0.29423	0.22059	0.073646	2.1959e-16
15.55	0.0010264	0.2482	0.18655	0.061648	2.214e-16
15.56	0.0015885	0.3846	0.28808	0.09652	2.3701e-16
15.57	0.0016906	0.40984	0.30758	0.10226	2.1275e-16
15.58	0.001637	0.39736	0.29837	0.098994	2.3282e-16
15.59	0.0023135	0.5623	0.42119	0.14111	2.0982e-16
15.6	0.002116	0.51494	0.38673	0.12822	2.2099e-16
15.61	0.002309	0.56263	0.42223	0.1404	2.2177e-16
15.62	0.003056	0.74562	0.55833	0.18729	2.2204e-16
15.63	0.0026155	0.63895	0.47969	0.15926	2.3233e-16
15.64	0.0024839	0.60759	0.45623	0.15136	2.0357e-16
15.65	0.0024633	0.60331	0.45203	0.15128	2.2275e-16
15.66	0.0022898	0.56154	0.42092	0.14063	1.9886e-16
15.67	0.0028271	0.69419	0.51982	0.17438	2.1046e-16
15.68	0.0024692	0.60709	0.45489	0.1522	2.1244e-16
15.69	0.0021123	0.52001	0.39082	0.12918	1.9953e-16
15.7	0.0024569	0.6056	0.45433	0.15127	2.1613e-16
15.71	0.0020917	0.51624	0.38703	0.12921	1.9105e-16
15.72	0.0020991	0.51873	0.38962	0.12911	2.1265e-16
15.73	0.0019836	0.49082	0.36856	0.12226	1.9759e-16
15.74	0.0014477	0.35865	0.2693	0.089356	2.0863e-16
15.75	0.001691	0.41947	0.31505	0.10442	2.2015e-16
15.76	0.0014017	0.34815	0.26139	0.086759	2.0812e-16
15.77	0.0011121	0.27658	0.2075	0.069075	2.3158e-16
15.78	0.0012388	0.30846	0.23146	0.077004	2.1095e-16
15.79	0.00074856	0.18663	0.14012	0.046514	2.3241e-16
15.8	0.0011114	0.27744	0.20804	0.069396	2.1828e-16
15.81	0.0014021	0.35048	0.26287	0.087608	2.1461e-16
15.82	0.00067141	0.16804	0.12611	0.041922	2.2322e-16
15.83	0.00071709	0.1797	0.13472	0.04498	2.1256e-16
15.84	0.00067807	0.17013	0.1276	0.042537	2.4542e-16
15.85	0.00037232	0.093536	0.070147	0.023389	2.2005e-16
15.86	0.00056426	0.14193	0.10641	0.035529	2.2778e-16
15.87	0.00034944	0.08801	0.06603	0.02198	2.262e-16
15.88	0.00028247	0.071232	0.053382	0.01785	2.2772e-16
15.89	0.00038881	0.098171	0.073632	0.024539	2.3455e-16
15.9	0.00016291	0.041186	0.030902	0.010283	2.1205e-16
15.91	0.00024751	0.062651	0.046951	0.015701	2.331e-16
15.92	0.00021956	0.055646	0.041781	0.013865	2.1025e-16
15.93	7.9162e-05	0.020089	0.015026	0.0050628	2.2717e-16
15.94	0.00019381	0.049244	0.036912	0.012333	2.2371e-16
15.95	8.4472e-05	0.02149	0.016133	0.0053571	2.1486e-16
15.96	6.0456e-05	0.015399	0.011453	0.0039467	2.3318e-16
15.97	0.00021671	0.055269	0.041775	0.013494	2.13e-16
15.98	0.00012532	0.032001	0.024611	0.007391	2.4137e-16
15.99	5.8501e-06	0.0014958	0.0012506	0.00024512	2.2263e-16
16	2.0372e-05	0.0052152	0.0038543	0.001361	2.2877e-16
16.01	6.965e-05	0.017853	0.013585	0.0042677	2.3129e-16
16.02	6.466e-05	0.016594	0.012633	0.0039614	2.2068e-16
16.03	5.6386e-06	0.0014489	0.0011161	0.00033279	2.4422e-16
16.04	2.5572e-05	0.0065791	0.0048949	0.0016842	2.1493e-16
16.05	6.9979e-05	0.018027	0.013456	0.0045705	2.2972e-16
16.06	2.6271e-05	0.0067758	0.0050636	0.0017122	2.1504e-16
16.07	2.4866e-05	0.0064215	0.0048485	0.001573	2.1372e-16
16.08	7.2631e-05	0.01878	0.014075	0.0047046	2.1767e-16
16.09	3.4915e-05	0.0090391	0.0067651	0.0022741	2.013e-16
16.1	8.3752e-05	0.021709	0.016299	0.0054104	2.2467e-16
16.11	0.00013872	0.036002	0.02703	0.0089717	2.0536e-16
16.12	5.3794e-05	0.013979	0.010553	0.0034256	2.2764e-16
16.13	0.00011402	0.029666	0.022263	0.0074033	2.2055e-16
16.14	9.9223e-05	0.025848	0.019377	0.006471	2.1934e-16
16.15	5.2561e-05	0.013709	0.010325	0.0033835	2.3585e-16
16.16	0.00030793	0.080414	0.060221	0.020194	2.2082e-16
16.17	0.00029285	0.076572	0.057348	0.019224	2.472e-16
16.18	0.00013464	0.035247	0.026539	0.0087086	2.3021e-16
16.19	0.00023237	0.060908	0.045672	0.015236	2.4411e-16
16.2	0.00016381	0.042991	0.032165	0.010826	2.4109e-16
16.21	0.00012312	0.032351	0.02433	0.0080216	2.3407e-16
16.22	0.00017906	0.047108	0.035309	0.011799	2.5003e-16
16.23	8.5721e-05	0.02258	0.016805	0.0057751	2.2599e-16
16.24	9.3834e-05	0.024747	0.018619	0.0061284	2.433e-16
16.25	0.00010581	0.027941	0.021145	0.006796	2.3097e-16
16.26	1.9139e-05	0.0050601	0.0038633	0.0011968	2.3764e-16
16.27	2.5624e-05	0.0067829	0.0050357	0.0017471	2.4004e-16
16.28	6.8771e-05	0.018227	0.013639	0.004588	2.3439e-16
16.29	3.2038e-05	0.0085017	0.0064004	0.0021014	2.4425e-16
16.3	5.0749e-05	0.013483	0.010115	0.0033681	2.2439e-16
16.31	0.00016281	0.04331	0.032451	0.010859	2.4208e-16
16.32	0.00013981	0.037237	0.027913	0.0093233	2.2397e-16
16.33	0.00025081	0.066884	0.050183	0.016701	2.314e-16
16.34	0.00042979	0.11475	0.086145	0.028606	2.3146e-16
16.35	0.00033461	0.08945	0.067071	0.022379	2.1611e-16
16.36	0.00051843	0.13876	0.10389	0.034866	2.3283e-16
16.37	0.00065141	0.17456	0.1309	0.043659	2.0768e-16
16.38	0.00056827	0.15247	0.11441	0.038059	2.1965e-16
16.39	0.00091608	0.24609	0.18454	0.061549	2.064e-16
16.4	0.00092257	0.24813	0.18612	0.062016	2.0966e-16
16.41	0.00091526	0.24647	0.18478	0.061693	2.1492e-16
16.42	0.0013233	0.35679	0.26773	0.08906	1.9662e-16
16.43	0.0011248	0.30364	0.22809	0.075548	2.1458e-16
16.44	0.0012062	0.326	0.24439	0.08161	1.9772e-16
16.45	0.0014828	0.40125	0.30086	0.10039	2.1669e-16
16.46	0.0011879	0.32185	0.24153	0.080312	2.0965e-16
16.47	0.0014381	0.3901	0.29241	0.097689	2.1178e-16
16.48	0.0014673	0.3985	0.29896	0.099541	2.2351e-16
16.49	0.0011597	0.31534	0.2366	0.078744	1.9982e-16
16.5	0.0014323	0.38994	0.29219	0.097755	2.158e-16
16.51	0.0011932	0.32525	0.24401	0.081235	1.9954e-16
16.52	0.0010904	0.29757	0.2232	0.074366	2.1536e-16
16.53	0.0013844	0.37827	0.28368	0.094587	2.1166e-16
16.54	0.00096174	0.2631	0.19763	0.065473	2.0556e-16
16.55	0.00089992	0.24649	0.18471	0.061776	2.1964e-16
16.56	0.00095946	0.26312	0.1973	0.06582	1.9848e-16
16.57	0.00053865	0.14789	0.11132	0.036568	2.1651e-16
16.58	0.00061071	0.16788	0.12565	0.042233	1.9895e-16
16.59	0.00059928	0.16494	0.12341	0.041529	2.0361e-16
16.6	0.00042219	0.11634	0.087471	0.028867	1.9884e-16
16.61	0.00049959	0.13783	0.10333	0.0345	1.8593e-16
16.62	0.00031064	0.085807	0.064297	0.02151	2.0348e-16
16.63	0.00026572	0.073487	0.055207	0.01828	1.8584e-16
16.64	0.00030858	0.085442	0.064043	0.021399	2.0401e-16
16.65	0.00015654	0.043397	0.032587	0.01081	1.9359e-16
16.66	0.00022746	0.063131	0.047385	0.015747	2.0122e-16
16.67	0.00019569	0.054381	0.04075	0.013631	2.0653e-16
16.68	0.00013557	0.037718	0.02835	0.0093677	1.9492e-16
16.69	0.00025332	0.070563	0.052977	0.017586	2.0829e-16
16.7	0.00021416	0.059727	0.044748	0.014979	1.8206e-16
16.71	0.00020519	0.057294	0.042905	0.014389	1.9366e-16
16.72	0.00014993	0.041915	0.031486	0.010428	1.8071e-16
16.73	9.8324e-05	0.02752	0.020596	0.0069238	1.884e-16
16.74	0.00030834	0.086404	0.064481	0.021924	2.0717e-16
16.75	0.00030971	0.086892	0.065083	0.021809	1.9498e-16
16.76	0.00024079	0.067638	0.050945	0.016693	2.0984e-16
16.77	0.00035513	0.099874	0.074864	0.02501	1.7618e-16
16.78	0.00029223	0.082282	0.061621	0.020661	1.7488e-16
16.79	0.0003185	0.089785	0.067508	0.022277	1.7156e-16
16.8	0.0004363	0.12314	0.092463	0.030678	1.8545e-16
16.81	0.00035494	0.1003	0.075169	0.025127	2.1308e-16
16.82	0.00035807	0.1013	0.075818	0.025483	1.9285e-16
16.83	0.00033898	0.096015	0.071776	0.024238	1.9987e-16
16.84	0.00029382	0.083324	0.062496	0.020828	1.7571e-16
16.85	0.00035131	0.099746	0.075065	0.02468	1.7904e-16
16.86	0.00019709	0.056025	0.042134	0.013891	1.7881e-16
16.87	0.00019119	0.054411	0.040762	0.013649	1.745e-16
16.88	0.00038006	0.10829	0.081188	0.027105	1.8603e-16
16.89	0.00025401	0.072462	0.054287	0.018175	1.6289e-16
16.9	0.00026598	0.075968	0.057029	0.018939	1.75e-16
16.91	0.00035855	0.10253	0.077154	0.025373	1.6461e-16
16.92	0.00016315	0.046707	0.035079	0.011629	1.7228e-16
16.93	0.00022456	0.064365	0.048057	0.016308	1.715e-16
16.94	0.00030066	0.08628	0.064687	0.021593	1.5974e-16
16.95	0.00011636	0.03343	0.025118	0.0083126	1.6947e-16
16.96	0.0001766	0.050797	0.037975	0.012822	1.5217e-16
16.97	0.00021515	0.061958	0.046424	0.015534	1.7166e-16
16.98	0.00011892	0.034287	0.025718	0.0085689	1.6085e-16
16.99	0.0001962	0.056635	0.042455	0.01418	1.6464e-16
17	0.00015255	0.044086	0.033179	0.010906	1.7176e-16
17.01	5.8384e-05	0.016893	0.012723	0.0041697	1.6068e-16
17.02	0.00014711	0.042615	0.031849	0.010766	1.7044e-16
17.03	0.00012496	0.03624	0.027163	0.0090774	1.4576e-16
17.04	8.2936e-05	0.024081	0.018083	0.0059985	1.6028e-16
17.05	0.00018027	0.052405	0.039254	0.013152	1.526e-16
17.06	0.00014355	0.041779	0.031378	0.010401	1.494e-16
17.07	0.00013044	0.038009	0.028527	0.0094818	1.557e-16
17.08	0.0002416	0.07048	0.052782	0.017698	1.4134e-16
17.09	0.00017338	0.050638	0.038074	0.012564	1.5799e-16
17.1	0.00021529	0.062954	0.047273	0.01568	1.4062e-16
17.11	0.00036168	0.10588	0.07929	0.026592	1.5312e-16
17.12	0.00031746	0.093046	0.069854	0.023192	1.4818e-16
17.13	0.0004983	0.14622	0.10967	0.036549	1.4159e-16
17.14	0.00063512	0.18659	0.13976	0.046822	1.5164e-16
17.15	0.00059395	0.17469	0.13112	0.04357	1.3375e-16
17.16	0.00086084	0.25349	0.19018	0.063304	1.4951e-16
17.17	0.00089808	0.26476	0.19841	0.06635	1.3419e-16
17.18	0.00095216	0.28103	0.21084	0.070192	1.4206e-16
17.19	0.0012962	0.38301	0.28737	0.095635	1.424e-16
17.2	0.0011915	0.35249	0.26425	0.088233	1.3254e-16
17.21	0.0013888	0.41134	0.30839	0.10295	1.4766e-16
17.22	0.001717	0.50915	0.38186	0.12729	1.2908e-16
17.23	0.0015239	0.45241	0.33926	0.11315	1.3834e-16
17.24	0.0019108	0.56793	0.42583	0.1421	1.2828e-16
17.25	0.0022027	0.65543	0.49173	0.16369	1.2996e-16
17.26	0.0020767	0.61865	0.46434	0.15431	1.3234e-16
17.27	0.0023075	0.68823	0.51622	0.17201	1.2222e-16
17.28	0.0020756	0.61976	0.46453	0.15523	1.3281e-16
17.29	0.0021281	0.63619	0.47696	0.15922	1.1495e-16
17.3	0.0025027	0.74905	0.56195	0.1871	1.2057e-16
17.31	0.0021251	0.63675	0.4775	0.15925	1.1448e-16
17.32	0.0023158	0.69469	0.52072	0.17397	1.1929e-16
17.33	0.0024645	0.74015	0.55537	0.18478	1.216e-16
17.34	0.0020165	0.60631	0.45493	0.15138	1.1267e-16
17.35	0.0022758	0.68507	0.51376	0.17131	1.2484e-16
17.36	0.0021557	0.64965	0.48763	0.16202	1.098e-16
17.37	0.0019365	0.58427	0.43824	0.14603	1.215e-16
17.38	0.0022674	0.68491	0.51362	0.17129	1.133e-16
17.39	0.0019165	0.57956	0.43498	0.14458	1.1554e-16
17.4	0.0018261	0.55286	0.41453	0.13833	1.2504e-16
17.41	0.0019572	0.59325	0.44546	0.14779	1.1301e-16
17.42	0.0015015	0.45563	0.34241	0.11322	1.3048e-16
17.43	0.0014453	0.43909	0.32829	0.1108	1.1633e-16
17.44	0.0013672	0.41585	0.31138	0.10447	1.2429e-16
17.45	0.001249	0.38032	0.28606	0.094259	1.245e-16
17.46	0.0013831	0.42163	0.31617	0.10546	1.1909e-16
17.47	0.0010915	0.33314	0.24971	0.08343	1.2802e-16
17.48	0.0010402	0.31784	0.23875	0.079091	1.1607e-16
17.49	0.0010779	0.32972	0.2471	0.082625	1.2589e-16
17.5	0.00079461	0.24335	0.18251	0.060843	1.1312e-16
17.51	0.00077998	0.23914	0.17987	0.059272	1.1717e-16
17.52	0.00057576	0.17673	0.13261	0.044117	1.1546e-16
17.53	0.00044384	0.13639	0.10206	0.034328	1.097e-16
17.54	0.00061105	0.18799	0.14101	0.046983	1.179e-16
17.55	0.00039477	0.12159	0.091283	0.030309	1.0411e-16
17.56	0.00032022	0.09874	0.074028	0.024712	1.1623e-16
17.57	0.00038173	0.11784	0.088378	0.029462	1.0429e-16
17.58	0.00019889	0.06147	0.0462	0.01527	1.0276e-16
17.59	0.00021177	0.065523	0.049146	0.016377	1.0803e-16
17.6	0.00018223	0.056447	0.042164	0.014283	1.0374e-16
17.61	5.6911e-05	0.017649	0.013152	0.0044968	1.1068e-16
17.62	0.00014175	0.044007	0.033128	0.010879	1.0237e-16
17.63	0.00012381	0.038483	0.028943	0.0095398	1.1193e-16
17.64	2.6448e-05	0.0082298	0.00613	0.0020998	9.9069e-17
17.65	0.00013617	0.04242	0.03187	0.01055	1.0409e-16
17.66	0.00020843	0.065004	0.048905	0.016099	1.0936e-16
17.67	6.6569e-05	0.020785	0.015606	0.0051784	9.8513e-17
17.68	3.5025e-06	0.0010948	0.00084217	0.00025266	1.0664e-16
17.69	4.1637e-05	0.01303	0.0097872	0.0032424	9.504e-17
17.7	3.7072e-05	0.011614	0.0081872	0.003427	1.0754e-16
17.71	9.295e-05	0.029153	0.021508	0.0076452	1.0108e-16
17.72	8.149e-05	0.025588	0.019834	0.0057539	9.178e-17
17.73	5.394e-05	0.016956	0.01299	0.0039657	9.6502e-17
17.74	0.00013433	0.042273	0.031226	0.011047	9.5771e-17
17.75	8.9874e-05	0.028316	0.021231	0.0070851	9.752e-17
17.76	7.982e-05	0.025176	0.018908	0.0062684	8.2883e-17
17.77	0.00013986	0.044165	0.032866	0.011299	1.014e-16
17.78	6.8366e-05	0.021612	0.016281	0.0053312	9.3965e-17
17.79	8.2102e-05	0.025984	0.019501	0.0064834	9.0563e-17
17.8	0.00010899	0.034534	0.025756	0.0087778	1.0139e-16
17.81	3.408e-05	0.01081	0.0081573	0.0026529	9.1023e-17
17.82	4.6793e-05	0.014859	0.011103	0.003756	1.0463e-16
17.83	6.7417e-05	0.021433	0.015895	0.0055375	9.2777e-17
17.84	5.9558e-05	0.018955	0.014113	0.0048428	9.4835e-17
17.85	0.00010094	0.03216	0.024044	0.0081158	9.6111e-17
17.86	8.4768e-05	0.027039	0.020271	0.0067683	9.1339e-17
17.87	5.3038e-05	0.016937	0.012761	0.0041758	9.4291e-17
17.88	0.00013031	0.04166	0.031186	0.010474	8.8302e-17
17.89	0.00013677	0.043774	0.032809	0.010965	1.0002e-16
17.9	0.00011405	0.036544	0.027465	0.0090788	8.8447e-17
17.91	0.00023913	0.076706	0.057395	0.019311	9.4809e-17
17.92	0.00022945	0.073681	0.055265	0.018416	9.3762e-17
17.93	0.00023868	0.076732	0.057605	0.019127	8.7166e-17
17.94	0.00041499	0.13356	0.099919	0.033643	9.495e-17
17.95	0.00037957	0.1223	0.091858	0.03044	8.5558e-17
17.96	0.00042894	0.13836	0.10408	0.034278	9.5177e-17
17.97	0.00052962	0.17102	0.12813	0.042893	8.5678e-17
17.98	0.00050187	0.16224	0.12162	0.040621	9.0137e-17
17.99	0.00074345	0.24061	0.18034	0.060274	9.007e-17
18	0.00074791	0.24232	0.18157	0.060751	8.2878e-17
18.01	0.00068855	0.22334	0.16762	0.055714	9.1591e-17
18.02	0.00099241	0.32226	0.2416	0.080655	8.0724e-17
18.03	0.00089225	0.29005	0.21751	0.072547	9.0502e-17
18.04	0.00092423	0.30078	0.22568	0.075107	8.2345e-17
18.05	0.001159	0.3776	0.28305	0.094555	8.3441e-17
18.06	0.00095675	0.31206	0.23409	0.077965	8.3713e-17
18.07	0.0011371	0.37128	0.27839	0.092888	7.7304e-17
18.08	0.0012396	0.4052	0.30375	0.10145	9.0014e-17
18.09	0.0010537	0.34484	0.25883	0.086001	7.6576e-17
18.1	0.0012928	0.42352	0.31752	0.106	8.2103e-17
18.11	0.0011744	0.38515	0.28862	0.096534	7.6243e-17
18.12	0.0011332	0.37208	0.279	0.093084	7.7851e-17
18.13	0.0013657	0.44889	0.33654	0.11236	8.1232e-17
18.14	0.0010817	0.35596	0.26715	0.088808	7.2088e-17
18.15	0.001184	0.39003	0.29258	0.097452	8.2051e-17
18.16	0.0012954	0.42721	0.32027	0.10694	7.4238e-17
18.17	0.0010143	0.33486	0.25128	0.08358	8.8616e-17
18.18	0.0011939	0.39458	0.29583	0.098754	8.0443e-17
18.19	0.0011202	0.37064	0.2779	0.092743	7.6634e-17
18.2	0.0010336	0.34237	0.25687	0.085504	8.7533e-17
18.21	0.0012229	0.40551	0.3041	0.10141	7.8273e-17
18.22	0.00092838	0.30819	0.23136	0.076838	8.718e-17
18.23	0.00094711	0.31476	0.23594	0.078818	7.4308e-17
18.24	0.0010255	0.34118	0.25552	0.08566	8.4621e-17
18.25	0.00075793	0.25244	0.18945	0.06299	8.2356e-17
18.26	0.00091626	0.30551	0.22907	0.076435	7.4357e-17
18.27	0.00081843	0.27319	0.20488	0.068308	8.2461e-17
18.28	0.00065589	0.21917	0.1646	0.054568	6.581e-17
18.29	0.00081551	0.27281	0.2045	0.068306	7.588e-17
18.3	0.00055919	0.18727	0.14049	0.046778	6.8795e-17
18.31	0.00058291	0.19542	0.14646	0.048962	6.7336e-17
18.32	0.00078086	0.26207	0.19617	0.0659	6.9724e-17
18.33	0.000534	0.17942	0.13468	0.044733	6.9702e-17
18.34	0.0005217	0.17548	0.13166	0.043812	7.9057e-17
18.35	0.000482	0.1623	0.12156	0.040742	6.8615e-17
18.36	0.00033696	0.11359	0.085279	0.028308	7.3588e-17
18.37	0.00039345	0.13277	0.099561	0.03321	6.5472e-17
18.38	0.00028338	0.095731	0.071764	0.023968	7.2647e-17
18.39	0.00027571	0.093242	0.069973	0.023269	7.2236e-17
18.4	0.00030509	0.10329	0.077404	0.025886	6.9438e-17
18.41	0.0001608	0.054501	0.040897	0.013605	7.4171e-17
18.42	0.00019061	0.064674	0.048529	0.016145	5.5571e-17
18.43	0.00015498	0.052641	0.039481	0.01316	7.3247e-17
18.44	9.0698e-05	0.03084	0.023171	0.0076692	6.9582e-17
18.45	0.00014685	0.049988	0.037482	0.012507	7.2022e-17
18.46	7.0767e-05	0.024115	0.018113	0.0060024	6.7053e-17
18.47	6.9508e-05	0.023712	0.017786	0.0059261	6.2131e-17
18.48	0.00010021	0.034224	0.025645	0.0085789	8.5696e-17
18.49	1.8691e-05	0.00639	0.0048294	0.0015606	6.4747e-17
18.5	2.4264e-05	0.0083042	0.0062009	0.0021034	8.3122e-17
18.51	2.5572e-05	0.0087615	0.0065384	0.0022231	7.6897e-17
18.52	2.5e-06	0.00085748	0.00064836	0.00020912	6.7947e-17
18.53	1.8356e-05	0.0063026	0.0046986	0.001604	8.429e-17
18.54	8.0818e-06	0.002778	0.0020656	0.0007124	6.6756e-17
18.55	1.0588e-06	0.00036434	0.00026742	9.6919e-05	8.4374e-17
18.56	1.7059e-06	0.00058765	0.00043004	0.00015762	7.0599e-17
18.57	9.6274e-06	0.00332	0.0024563	0.00086372	7.732e-17
18.58	6.711e-06	0.0023168	0.0017175	0.00059926	8.6328e-17
18.59	6.0543e-06	0.0020923	0.0015804	0.0005119	6.6331e-17
18.6	2.601e-05	0.0089984	0.0067164	0.002282	7.6808e-17
18.61	8.8337e-06	0.0030594	0.0022851	0.00077426	7.0631e-17
18.62	1.8299e-05	0.0063443	0.0047801	0.0015642	9.004e-17
18.63	3.0153e-05	0.010465	0.0078408	0.0026246	8.9279e-17
18.64	1.6781e-06	0.00058304	0.00044428	0.00013876	9.2758e-17
18.65	4.8403e-05	0.016835	0.0126	0.0042355	1.12e-16
18.66	7.898e-05	0.027501	0.020574	0.0069267	8.3641e-17
18.67	3.3023e-05	0.011511	0.0086148	0.0028958	8.2129e-17
18.68	1.6796e-05	0.0058608	0.0043797	0.0014811	9.9578e-17
18.69	5.9891e-06	0.0020921	0.0015764	0.0005157	1.0085e-16
18.7	2.8498e-06	0.00099655	0.00073165	0.0002649	1.0222e-16
18.71	1.3961e-05	0.0048873	0.0036255	0.0012618	1.1325e-16
18.72	4.349e-06	0.001524	0.0011574	0.00036661	8.3128e-17
18.73	3.2512e-06	0.0011406	0.00086033	0.00028022	6.3399e-17
18.74	2.2346e-06	0.00078476	0.00057963	0.00020513	8.6734e-17
18.75	1.7879e-06	0.00062856	0.0004694	0.00015916	8.7711e-17
18.76	5.6882e-06	0.0020019	0.0014857	0.00051621	9.681e-17
18.77	1.0491e-08	3.6962e-06	2.8732e-06	8.2295e-07	9.4654e-17
18.78	1.202e-05	0.0042394	0.0031206	0.0011188	1.0788e-16
18.79	1.7044e-05	0.0060176	0.0044953	0.0015223	1.0912e-16
18.8	1.5768e-05	0.0055732	0.004359	0.0012141	9.5928e-17
18.81	2.6773e-05	0.0094727	0.0072003	0.0022724	1.0859e-16
18.82	7.5664e-06	0.00268	0.0019487	0.00073126	9.7168e-17
18.83	1.3008e-05	0.0046122	0.0034809	0.0011314	1.0514e-16
18.84	3.8253e-05	0.013578	0.0102	0.0033777	9.5501e-17
18.85	1.4454e-05	0.005136	0.0038474	0.0012886	1.0205e-16
18.86	3.6201e-05	0.012877	0.0096473	0.0032293	1.1346e-16
18.87	5.5294e-05	0.019689	0.014643	0.0050465	1.0276e-16
18.88	2.296e-05	0.0081841	0.0061541	0.00203	1.2582e-16
18.89	7.5954e-05	0.027103	0.020416	0.0066869	1.058e-16
18.9	9.3858e-05	0.033527	0.025069	0.0084581	1.3576e-16
18.91	5.827e-05	0.020837	0.015694	0.0051428	1.441e-16
18.92	0.00010232	0.036626	0.027476	0.0091499	9.2339e-17
18.93	0.00011003	0.039428	0.029381	0.010047	1.2147e-16
18.94	0.00014831	0.053203	0.040048	0.013155	1.2822e-16
18.95	0.00018398	0.066066	0.049751	0.016315	1.2458e-16
18.96	0.00011546	0.041505	0.0311	0.010405	1.2122e-16
18.97	0.00017499	0.062972	0.047295	0.015677	1.2039e-16
18.98	0.00019978	0.071969	0.054008	0.017961	1.3787e-16
18.99	0.00013094	0.047221	0.03541	0.011811	1.2531e-16
19	0.00020759	0.07494	0.056254	0.018686	1.2721e-16
19.01	0.00018308	0.066161	0.049602	0.016559	1.2557e-16
19.02	0.00013758	0.049769	0.037371	0.012398	1.2009e-16
19.03	0.00020317	0.073577	0.05515	0.018427	1.1339e-16
19.04	0.00015064	0.054611	0.040876	0.013735	1.226e-16
19.05	0.00018385	0.06672	0.05022	0.016499	1.4685e-16
19.06	0.00021061	0.076512	0.057486	0.019026	1.3743e-16
19.07	9.7175e-05	0.035339	0.026427	0.0089124	1.4607e-16
19.08	0.00014386	0.052373	0.039318	0.013055	1.5146e-16
19.09	0.00014076	0.051295	0.038483	0.012812	1.3389e-16
19.1	6.5897e-05	0.02404	0.017998	0.0060422	1.4949e-16
19.11	0.00011483	0.041933	0.031477	0.010457	1.6428e-16
19.12	7.1377e-05	0.026094	0.019575	0.006519	1.4912e-16
19.13	4.8801e-05	0.017859	0.013383	0.0044755	1.4786e-16
19.14	8.7225e-05	0.031954	0.023943	0.0080109	1.4935e-16
19.15	3.4717e-05	0.012731	0.0095393	0.0031921	1.5293e-16
19.16	3.7608e-05	0.013806	0.010382	0.003424	1.6031e-16
19.17	4.0906e-05	0.015033	0.01128	0.0037526	1.399e-16
19.18	4.2382e-06	0.0015591	0.0011693	0.0003898	1.3847e-16
19.19	2.0988e-05	0.0077291	0.0058005	0.0019286	1.4952e-16
19.2	1.321e-05	0.0048696	0.0036432	0.0012264	1.7997e-16
19.21	1.1477e-06	0.00042354	0.00032072	0.00010282	1.873e-16
19.22	1.1436e-05	0.0042245	0.0031753	0.0010492	1.4579e-16
19.23	4.4146e-06	0.0016325	0.0012255	0.00040698	1.6125e-16
19.24	1.3089e-06	0.00048451	0.00036464	0.00011987	1.5956e-16
19.25	1.526e-06	0.0005655	0.0004241	0.00014139	1.4153e-16
19.26	3.59e-06	0.0013317	0.0010013	0.00033039	1.4759e-16
19.27	2.4812e-06	0.00092133	0.00069513	0.0002262	1.3873e-16
19.28	2.5498e-06	0.00094779	0.00070661	0.00024118	1.419e-16
19.29	4.7293e-06	0.0017598	0.0013069	0.00045288	1.3314e-16
19.3	3.0632e-07	0.0001141	8.0235e-05	3.3868e-05	1.3353e-16
19.31	5.156e-06	0.0019226	0.0014397	0.00048288	1.2834e-16
19.32	2.0284e-06	0.00075713	0.00056299	0.00019414	1.2519e-16
19.33	4.0865e-06	0.0015269	0.0011529	0.00037405	1.2661e-16
19.34	1.1581e-05	0.0043316	0.0032575	0.0010741	1.1053e-16
19.35	2.1914e-06	0.00082053	0.00061318	0.00020734	1.1398e-16
19.36	1.4857e-05	0.0055686	0.0041804	0.0013882	1.0263e-16
19.37	1.4523e-05	0.0054489	0.0041025	0.0013464	1.0299e-16
19.38	6.621e-07	0.00024867	0.00018656	6.2118e-05	9.2288e-17
19.39	1.7389e-05	0.0065379	0.0048936	0.0016443	8.8688e-17
19.4	1.0219e-05	0.0038458	0.0028997	0.00094611	1.2553e-16
19.41	1.2773e-06	0.00048123	0.0003338	0.00014743	1.1277e-16
19.42	9.8211e-06	0.0037039	0.0026901	0.0010138	9.177e-17
19.43	3.1831e-06	0.0012017	0.00088433	0.00031738	8.7443e-17
19.44	1.2596e-05	0.0047601	0.0036097	0.0011504	1.0529e-16
19.45	1.5557e-05	0.0058852	0.0044073	0.0014779	1.0681e-16
19.46	2.1703e-06	0.00082189	0.00061216	0.00020974	7.2998e-17
19.47	1.6649e-05	0.0063114	0.0047603	0.0015511	8.9392e-17
19.48	2.4786e-05	0.0094055	0.0070537	0.0023518	1.0624e-16
19.49	4.93e-06	0.0018727	0.001401	0.00047167	1.0149e-16
19.5	2.0572e-05	0.0078225	0.005877	0.0019455	9.985e-17
19.51	3.8105e-05	0.014504	0.010846	0.0036584	9.8983e-17
19.52	1.9781e-05	0.0075374	0.0056431	0.0018943	1.0171e-16
19.53	6.2204e-05	0.023726	0.017819	0.0059066	1.0002e-16
19.54	7.8812e-05	0.030091	0.022521	0.00757	1.0355e-16
19.55	5.7412e-05	0.021943	0.016433	0.0055095	1.0665e-16
19.56	0.00014405	0.055113	0.041329	0.013784	1.075e-16
19.57	0.00015411	0.059022	0.044185	0.014838	1.0575e-16
19.58	0.00012379	0.047458	0.035651	0.011807	1.0922e-16
19.59	0.00017685	0.067869	0.051047	0.016823	1.0968e-16
19.6	0.00014795	0.056837	0.042598	0.014239	1.1245e-16
19.61	0.00023154	0.08904	0.066712	0.022328	1.0909e-16
19.62	0.00032273	0.12423	0.093166	0.031066	9.5779e-17
19.63	0.0002538	0.0978	0.073321	0.024479	9.2796e-17
19.64	0.00037575	0.14494	0.10865	0.036283	7.829e-17
19.65	0.00039482	0.15245	0.11432	0.038128	8.8731e-17
19.66	0.0003044	0.11765	0.088269	0.029385	9.2091e-17
19.67	0.00047398	0.18339	0.13754	0.04585	6.9936e-17
19.68	0.00047281	0.18312	0.13741	0.045714	7.0156e-17
19.69	0.00044746	0.17348	0.13022	0.043255	7.1015e-17
19.7	0.00055113	0.21389	0.16037	0.053519	7.7346e-17
19.71	0.00050523	0.19627	0.14721	0.049061	7.0123e-17
19.72	0.00063933	0.24862	0.18654	0.062085	6.8035e-17
19.73	0.00068902	0.26822	0.20111	0.067106	6.9959e-17
19.74	0.00061948	0.24139	0.18104	0.060354	7.2295e-17
19.75	0.0008124	0.31689	0.23753	0.079352	7.7008e-17
19.76	0.00077273	0.30172	0.22611	0.075613	5.2863e-17
19.77	0.00076403	0.29862	0.22396	0.074666	5.825e-17
19.78	0.00092647	0.36248	0.2716	0.090877	6.0782e-17
19.79	0.00081773	0.32026	0.24008	0.080181	5.5807e-17
19.8	0.00090426	0.35451	0.26636	0.088149	5.6767e-17
19.81	0.00090542	0.35532	0.26669	0.088625	5.2463e-17
19.82	0.00074032	0.29082	0.21785	0.072972	6.5049e-17
19.83	0.00092846	0.3651	0.27372	0.091379	5.2658e-17
19.84	0.00081771	0.32187	0.24154	0.080335	5.921e-17
19.85	0.00068163	0.26858	0.20154	0.067041	5.9279e-17
19.86	0.00084598	0.33367	0.25022	0.083447	5.6706e-17
19.87	0.0006616	0.26121	0.19604	0.065167	6.8865e-17
19.88	0.00064289	0.25408	0.19074	0.063341	4.5319e-17
19.89	0.00073081	0.28912	0.21665	0.072468	5.6259e-17
19.9	0.00054561	0.21607	0.16196	0.054109	6.7016e-17
19.91	0.00058699	0.23269	0.17465	0.058034	6.4215e-17
19.92	0.00051938	0.20609	0.1545	0.051593	6.6824e-17
19.93	0.00038175	0.15163	0.11368	0.03795	6.4801e-17
19.94	0.00043107	0.17139	0.12862	0.042772	7.0329e-17
19.95	0.00026631	0.10599	0.079479	0.026513	6.6055e-17
19.96	0.00021209	0.084495	0.063353	0.021143	7.423e-17
19.97	0.00025425	0.10139	0.076027	0.025367	6.4425e-17
19.98	0.00014814	0.059138	0.044364	0.014775	6.7386e-17
19.99	0.00017271	0.069013	0.051804	0.017209	7.7381e-17
20	0.00013277	0.053108	0.039825	0.013283	6.9189e-17
20.01	7.383e-05	0.029561	0.022191	0.0073703	7.4972e-17
20.02	0.00010819	0.043361	0.032538	0.010823	6.7533e-17
20.03	4.753e-05	0.019069	0.014292	0.0047772	7.6311e-17
20.04	5.7674e-05	0.023162	0.0174	0.0057617	6.8288e-17
20.05	5.9128e-05	0.023769	0.01783	0.0059391	6.8427e-17
20.06	2.7712e-05	0.011151	0.0083589	0.0027923	8.7459e-17
20.07	7.122e-05	0.028688	0.021535	0.0071523	7.093e-17
20.08	3.6936e-05	0.014893	0.011179	0.0037142	7.5088e-17
20.09	4.9322e-05	0.019907	0.014965	0.0049418	7.933e-17
20.1	6.7948e-05	0.027452	0.020618	0.0068334	7.5288e-17
20.11	2.6326e-05	0.010647	0.0079938	0.0026528	6.8195e-17
20.12	7.3395e-05	0.029711	0.02231	0.0074014	7.0247e-17
20.13	5.3052e-05	0.021498	0.016132	0.005365	7.6881e-17
20.14	3.2197e-05	0.01306	0.0097919	0.0032677	6.462e-17
20.15	7.7707e-05	0.031551	0.023643	0.0079077	7.0992e-17
20.16	4.7491e-05	0.019302	0.014436	0.0048653	7.4788e-17
20.17	5.898e-05	0.023995	0.018004	0.0059909	8.1405e-17
20.18	6.0079e-05	0.024466	0.018324	0.0061425	7.974e-17
20.19	2.2405e-05	0.0091332	0.0067625	0.0023707	7.9124e-17
20.2	4.1482e-05	0.016926	0.012742	0.004184	8.8793e-17
20.21	2.4771e-05	0.010118	0.0077078	0.00241	8.8334e-17
20.22	2.1591e-05	0.0088276	0.0066097	0.0022179	9.7791e-17
20.23	3.3558e-05	0.013734	0.010262	0.0034723	8.9691e-17
20.24	3.9154e-06	0.001604	0.0012057	0.00039826	9.6169e-17
20.25	1.1483e-05	0.0047089	0.003506	0.0012029	1.0524e-16
20.26	1.5145e-05	0.0062164	0.004648	0.0015684	1.0846e-16
20.27	8.8239e-07	0.00036255	0.00027289	8.966e-05	1.1403e-16
20.28	5.8219e-06	0.0023944	0.0017728	0.0006216	1.0594e-16
20.29	3.7981e-06	0.0015636	0.0011544	0.00040924	1.2463e-16
20.3	2.8865e-06	0.0011895	0.00088828	0.00030122	1.3038e-16
20.31	4.4587e-06	0.0018392	0.001371	0.00046822	1.3595e-16
20.32	6.6579e-06	0.002749	0.0020485	0.00070056	1.3345e-16
20.33	3.312e-06	0.0013689	0.0010234	0.00034553	1.3092e-16
20.34	9.4898e-07	0.00039261	0.00028901	0.0001036	1.486e-16
20.35	7.5268e-06	0.003117	0.0023222	0.00079488	1.4564e-16
20.36	2.6126e-06	0.001083	0.00080568	0.00027731	1.6172e-16
20.37	1.0137e-06	0.00042063	0.00030779	0.00011284	1.6093e-16
20.38	2.2847e-06	0.00094894	0.00070488	0.00024406	1.6894e-16
20.39	5.3661e-06	0.002231	0.0016687	0.00056229	1.7387e-16
20.4	4.2418e-06	0.0017653	0.0013172	0.00044808	1.6276e-16
20.41	2.8666e-06	0.0011941	0.00090009	0.00029403	1.8634e-16
20.42	2.3775e-05	0.0099136	0.0074256	0.002488	1.7673e-16
20.43	1.3033e-05	0.0054396	0.004078	0.0013616	1.8519e-16
20.44	2.6293e-05	0.010985	0.0082479	0.0027371	1.8831e-16
20.45	6.0708e-05	0.025388	0.019024	0.0063642	1.8057e-16
20.46	3.3949e-05	0.014211	0.010675	0.0035368	2.0428e-16
20.47	8.0254e-05	0.033628	0.025223	0.0084054	1.9444e-16
20.48	0.00010499	0.044035	0.03299	0.011044	1.9649e-16
20.49	7.8102e-05	0.03279	0.024609	0.0081817	2.0211e-16
20.5	0.00016488	0.069293	0.051955	0.017338	1.8213e-16
20.51	0.00014578	0.061323	0.045975	0.015347	1.5629e-16
20.52	0.00013233	0.055721	0.041827	0.013895	1.6744e-16
20.53	0.00025433	0.1072	0.080397	0.026798	1.8684e-16
20.54	0.0002374	0.10016	0.075163	0.024993	1.7497e-16
20.55	0.0002805	0.11846	0.088876	0.029582	1.8213e-16
20.56	0.0003498	0.14787	0.11089	0.036979	1.767e-16
20.57	0.0002982	0.12618	0.094698	0.031479	1.8541e-16
20.58	0.00037283	0.15791	0.11837	0.039539	1.9247e-16
20.59	0.00035544	0.15069	0.11292	0.037762	1.7957e-16
20.6	0.00031165	0.13225	0.099295	0.032959	1.7696e-16
20.61	0.00040138	0.1705	0.12787	0.042628	1.6922e-16
20.62	0.00032059	0.13631	0.1022	0.034111	1.8252e-16
20.63	0.00032235	0.13719	0.10298	0.034213	1.7708e-16
20.64	0.00036915	0.15726	0.11792	0.039344	1.805e-16
20.65	0.00025779	0.10993	0.08246	0.027469	1.8258e-16
20.66	0.00030698	0.13103	0.098328	0.032701	1.7267e-16
20.67	0.00026987	0.1153	0.086376	0.028925	1.8409e-16
20.68	0.00021834	0.093377	0.07002	0.023357	1.6636e-16
20.69	0.00038183	0.16345	0.12267	0.040777	1.6493e-16
20.7	0.00026345	0.11289	0.084665	0.028221	1.5821e-16
20.71	0.00011913	0.051097	0.038308	0.012789	1.4781e-16
20.72	0.00019323	0.082955	0.062197	0.020758	1.495e-16
20.73	0.00012797	0.054995	0.041217	0.013778	1.4302e-16
20.74	0.00010584	0.045525	0.034149	0.011376	1.5536e-16
20.75	0.00011294	0.048627	0.036482	0.012145	1.5282e-16
20.76	5.6376e-05	0.024297	0.018187	0.00611	1.6221e-16
20.77	8.9995e-05	0.038823	0.029051	0.0097723	1.6283e-16
20.78	5.7263e-05	0.024727	0.018531	0.0061959	1.5574e-16
20.79	2.8185e-05	0.012182	0.0091431	0.0030392	1.4541e-16
20.8	5.5857e-05	0.024166	0.018114	0.006052	1.3272e-16
20.81	1.8803e-05	0.0081428	0.0061104	0.0020324	1.6569e-16
20.82	3.192e-05	0.013837	0.010362	0.0034749	1.6751e-16
20.83	3.0486e-05	0.013227	0.0099244	0.003303	1.6585e-16
20.84	1.1421e-05	0.0049602	0.0037308	0.0012295	1.6907e-16
20.85	4.1387e-05	0.017992	0.013443	0.004549	1.6043e-16
20.86	1.8789e-05	0.008176	0.006125	0.0020511	1.7159e-16
20.87	3.3731e-05	0.014692	0.011045	0.0036462	1.6674e-16
20.88	5.0119e-05	0.021851	0.016382	0.0054687	1.722e-16
20.89	1.85e-05	0.0080732	0.0060781	0.0019951	1.8162e-16
20.9	5.3713e-05	0.023462	0.017591	0.0058716	1.9512e-16
20.91	4.8481e-05	0.021197	0.015868	0.0053289	2.0109e-16
20.92	2.24e-05	0.0098034	0.0073789	0.0024245	1.9764e-16
20.93	4.1107e-05	0.018007	0.013511	0.0044967	1.9612e-16
20.94	2.1044e-05	0.0092273	0.0069052	0.0023221	1.7706e-16
20.95	2.2078e-05	0.0096899	0.0072857	0.0024042	1.6748e-16
20.96	2.4914e-05	0.010945	0.0082229	0.0027222	1.6156e-16
20.97	1.2273e-05	0.0053969	0.0040463	0.0013506	1.7583e-16
20.98	3.0088e-05	0.013244	0.0099259	0.0033176	1.7862e-16
20.99	1.3718e-05	0.0060439	0.004533	0.0015108	1.7503e-16
21	6.6527e-06	0.0029338	0.002203	0.00073083	1.8317e-16
21.01	1.9569e-05	0.0086383	0.0064701	0.0021683	1.707e-16
21.02	3.1258e-06	0.0013811	0.0010343	0.00034678	1.7003e-16
21.03	5.3289e-06	0.0023567	0.0017657	0.00059106	1.6403e-16
21.04	5.7125e-06	0.0025288	0.0018905	0.00063836	1.6932e-16
21.05	4.9023e-07	0.00021722	0.00016347	5.3753e-05	1.6086e-16
21.06	5.272e-06	0.0023382	0.0017492	0.000589	1.5517e-16
21.07	2.2338e-07	9.917e-05	7.2863e-05	2.6308e-05	1.552e-16
21.08	5.8023e-06	0.0025784	0.0019344	0.00064391	1.4011e-16
21.09	2.9884e-06	0.0013292	0.00099356	0.00033563	1.7827e-16
21.1	3.004e-06	0.0013374	0.001007	0.00033044	1.562e-16
21.11	1.1872e-05	0.0052907	0.0039725	0.0013182	1.3463e-16
21.12	1.9137e-06	0.00085363	0.00064288	0.00021075	1.4998e-16
21.13	1.3456e-05	0.0060078	0.0045052	0.0015026	1.3321e-16
21.14	1.576e-05	0.0070433	0.0052792	0.0017641	1.5856e-16
21.15	4.1993e-06	0.0018784	0.0014138	0.00046458	1.5327e-16
21.16	2.1987e-05	0.0098448	0.0073876	0.0024572	1.5936e-16
21.17	1.2857e-05	0.0057619	0.0043242	0.0014377	1.6691e-16
21.18	8.5549e-06	0.0038376	0.002886	0.00095162	1.6072e-16
21.19	2.6933e-05	0.012093	0.0090765	0.0030169	1.809e-16
21.2	9.9099e-06	0.0044539	0.0033476	0.0011063	1.6254e-16
21.21	1.3775e-05	0.0061969	0.0046529	0.001544	1.7442e-16
21.22	2.4948e-05	0.011234	0.0084313	0.0028024	1.7128e-16
21.23	5.627e-06	0.0025362	0.001909	0.0006272	1.6439e-16
21.24	1.6628e-05	0.0075016	0.0056194	0.0018822	1.8339e-16
21.25	1.7344e-05	0.0078321	0.0058722	0.00196	1.6884e-16
21.26	3.9406e-06	0.0017811	0.0013447	0.00043643	1.7306e-16
21.27	3.6306e-05	0.016425	0.012306	0.0041188	1.7402e-16
21.28	3.5903e-05	0.016258	0.012184	0.0040743	1.8395e-16
21.29	1.117e-05	0.0050628	0.0038053	0.0012574	2.0414e-16
21.3	3.2598e-05	0.014789	0.011078	0.0037108	1.9196e-16
21.31	2.5778e-05	0.011706	0.0087712	0.0029351	1.6151e-16
21.32	1.2367e-05	0.0056213	0.0042221	0.0013992	1.5934e-16
21.33	3.5895e-05	0.016331	0.01223	0.0041014	1.6986e-16
21.34	2.1411e-05	0.0097504	0.0073135	0.0024369	1.5816e-16
21.35	1.7933e-05	0.0081741	0.0061477	0.0020264	1.7141e-16
21.36	4.1929e-05	0.01913	0.014339	0.0047906	1.7134e-16
21.37	2.1852e-05	0.0099793	0.0074984	0.0024809	1.6685e-16
21.38	2.681e-05	0.012255	0.009176	0.003079	1.6316e-16
21.39	4.1558e-05	0.019014	0.014168	0.0048458	1.5406e-16
21.4	1.2102e-05	0.0055421	0.0041207	0.0014214	1.6443e-16
21.41	2.5229e-05	0.011565	0.0087033	0.0028612	1.5581e-16
21.42	3.5876e-05	0.016461	0.01234	0.0041204	1.6673e-16
21.43	1.1837e-05	0.005436	0.0040728	0.0013632	1.6953e-16
21.44	3.2528e-05	0.014952	0.011225	0.0037271	1.6658e-16
21.45	3.0284e-05	0.013934	0.010444	0.0034901	1.643e-16
21.46	1.2065e-05	0.0055561	0.0041686	0.0013875	1.5065e-16
21.47	3.5156e-05	0.016205	0.012154	0.0040517	1.6449e-16
21.48	2.1502e-05	0.009921	0.0074288	0.0024922	1.5567e-16
21.49	1.433e-05	0.0066177	0.0049645	0.0016532	1.6124e-16
21.5	3.6445e-05	0.016847	0.012634	0.0042125	1.6455e-16
21.51	1.4956e-05	0.0069199	0.0051837	0.0017362	1.5534e-16
21.52	1.2434e-05	0.0057585	0.0043294	0.0014291	1.6046e-16
21.53	2.4959e-05	0.01157	0.0086972	0.0028724	1.5259e-16
21.54	6.4571e-06	0.0029959	0.0022495	0.00074641	1.6073e-16
21.55	8.3816e-06	0.0038924	0.0028944	0.00099804	1.5347e-16
21.56	7.1706e-06	0.0033331	0.0024793	0.00085377	1.6358e-16
21.57	9.5172e-07	0.0004428	0.0003372	0.00010561	1.7094e-16
21.58	1.38e-05	0.0064266	0.0048308	0.0015958	1.6146e-16
21.59	5.5431e-06	0.0025838	0.0019439	0.00063992	1.7303e-16
21.6	2.6634e-06	0.0012426	0.00092767	0.00031496	1.6351e-16
21.61	8.5475e-06	0.0039916	0.0029798	0.0010118	1.6889e-16
21.62	6.5676e-07	0.00030698	0.00023025	7.6734e-05	1.6779e-16
21.63	5.7045e-06	0.0026689	0.0020198	0.00064905	1.6528e-16
21.64	2.7841e-06	0.0013038	0.00098792	0.00031585	1.7283e-16
21.65	3.7153e-06	0.0017414	0.0012978	0.00044359	1.7569e-16
21.66	1.6672e-05	0.0078216	0.0058609	0.0019607	1.8259e-16
21.67	4.5456e-06	0.0021345	0.0016025	0.000532	1.7002e-16
21.68	2.6222e-06	0.0012325	0.00092273	0.00030976	1.6959e-16
21.69	7.0767e-06	0.0033293	0.002499	0.00083027	1.6519e-16
21.7	9.6988e-08	4.5671e-05	3.3776e-05	1.1895e-05	1.8057e-16
21.71	8.2788e-06	0.003902	0.0029265	0.00097546	1.9279e-16
21.72	4.5709e-06	0.0021564	0.0016215	0.00053485	1.8297e-16
21.73	2.2281e-06	0.0010521	0.00078685	0.00026526	1.9366e-16
21.74	1.1288e-05	0.0053348	0.0040249	0.00131	1.7963e-16
21.75	2.3823e-06	0.001127	0.00086367	0.0002633	1.8224e-16
21.76	5.7557e-06	0.0027253	0.0020068	0.00071849	1.8482e-16
21.77	7.8837e-06	0.0037363	0.0027875	0.00094881	1.7764e-16
21.78	3.9428e-07	0.00018703	0.00014301	4.4028e-05	1.7874e-16
21.79	8.9541e-06	0.0042514	0.0031683	0.0010831	1.7162e-16
21.8	3.9114e-06	0.0018588	0.0014014	0.0004574	1.778e-16
21.81	2.8908e-06	0.0013751	0.0010174	0.00035769	1.6559e-16
21.82	9.4596e-06	0.0045038	0.0033685	0.0011353	1.7137e-16
21.83	1.7683e-06	0.00084267	0.00066807	0.0001746	1.7352e-16
21.84	1.1573e-05	0.0055204	0.0040597	0.0014606	1.589e-16
21.85	1.383e-05	0.0066027	0.0048083	0.0017944	1.5983e-16
21.86	2.3034e-06	0.0011007	0.00079142	0.00030929	1.6403e-16
21.87	5.06e-06	0.0024202	0.0018179	0.00060227	1.7739e-16
21.88	1.7349e-06	0.00083055	0.00061734	0.00021321	1.6548e-16
21.89	2.5847e-06	0.0012385	0.00093342	0.00030508	1.6472e-16
21.9	4.6366e-06	0.0022238	0.0016633	0.00056043	1.6162e-16
21.91	4.503e-07	0.00021616	0.00016215	5.4011e-05	1.5686e-16
21.92	5.1017e-06	0.0024513	0.0018371	0.00061425	1.6517e-16
21.93	1.9928e-06	0.00095839	0.00071554	0.00024285	1.5361e-16
21.94	2.0311e-06	0.00097768	0.00073412	0.00024356	1.6052e-16
21.95	5.7983e-06	0.0027937	0.0020911	0.00070259	1.597e-16
21.96	2.4914e-07	0.00012015	8.9618e-05	3.0527e-05	1.6563e-16
21.97	4.6367e-06	0.0022381	0.0016775	0.00056057	1.6454e-16
21.98	4.291e-06	0.002073	0.0015558	0.00051722	1.6085e-16
21.99	3.7482e-07	0.00018125	0.00013318	4.8068e-05	1.7366e-16
22	5.0926e-06	0.0024648	0.0018289	0.00063591	1.6342e-16
22.01	1.1976e-06	0.00058019	0.00042662	0.00015356	1.7159e-16
22.02	2.188e-06	0.0010609	0.00079969	0.00026123	1.6983e-16
22.03	5.6718e-06	0.0027526	0.0020652	0.00068746	1.7463e-16
22.04	6.1417e-07	0.00029834	0.00022558	7.2758e-05	1.7231e-16
22.05	1.6132e-06	0.00078433	0.00058005	0.00020428	1.663e-16
22.06	3.3594e-06	0.0016348	0.0012103	0.00042456	1.8646e-16
22.07	9.9721e-07	0.00048573	0.00035751	0.00012822	1.6177e-16
22.08	1.0786e-06	0.00052585	0.00039834	0.00012751	1.6345e-16
22.09	7.9836e-06	0.0038957	0.0029173	0.00097842	1.7629e-16
22.1	5.8192e-06	0.0028422	0.0021194	0.00072274	1.7331e-16
22.11	1.2887e-06	0.00062999	0.00047739	0.0001526	1.7404e-16
22.12	1.5028e-05	0.0073529	0.0055097	0.0018431	1.6945e-16
22.13	8.7913e-06	0.0043054	0.0032178	0.0010876	1.8474e-16
22.14	8.7778e-06	0.0043027	0.0032368	0.0010659	1.7495e-16
22.15	2.8276e-05	0.013873	0.010397	0.0034763	1.7849e-16
22.16	1.2952e-05	0.0063602	0.0047655	0.0015946	1.7404e-16
22.17	2.7132e-05	0.013336	0.010005	0.0033301	1.6412e-16
22.18	4.5907e-05	0.022584	0.016912	0.0056722	1.73e-16
22.19	2.4355e-05	0.011992	0.0089951	0.0029973	1.6072e-16
22.2	5.0602e-05	0.024939	0.018713	0.0062255	1.7116e-16
22.21	4.9274e-05	0.024306	0.018216	0.0060899	1.6769e-16
22.22	3.2781e-05	0.016185	0.012147	0.0040377	1.649e-16
22.23	7.746e-05	0.038279	0.028696	0.0095827	1.6356e-16
22.24	5.7035e-05	0.02821	0.021153	0.0070572	1.5922e-16
22.25	5.1163e-05	0.025329	0.019017	0.006312	1.6912e-16
22.26	9.2279e-05	0.045725	0.034257	0.011468	1.5661e-16
22.27	5.681e-05	0.028175	0.021122	0.0070533	1.6339e-16
22.28	7.2753e-05	0.036114	0.027101	0.0090136	1.5956e-16
22.29	9.5783e-05	0.047589	0.035657	0.011933	1.6176e-16
22.3	5.5827e-05	0.027762	0.020831	0.0069312	1.7088e-16
22.31	9.0309e-05	0.04495	0.03372	0.01123	1.6554e-16
22.32	8.5983e-05	0.042835	0.032091	0.010744	1.774e-16
22.33	5.1777e-05	0.025818	0.01937	0.0064476	1.6624e-16
22.34	8.8405e-05	0.044121	0.03308	0.011041	1.624e-16
22.35	6.077e-05	0.030356	0.022746	0.0076102	1.6542e-16
22.36	4.5051e-05	0.022524	0.0169	0.0056244	1.7305e-16
22.37	7.186e-05	0.03596	0.026951	0.0090092	1.7682e-16
22.38	3.4091e-05	0.017075	0.012802	0.0042726	1.7153e-16
22.39	3.6349e-05	0.018222	0.013666	0.0045557	1.7756e-16
22.4	4.6135e-05	0.023149	0.017338	0.0058106	1.6451e-16
22.41	1.2627e-05	0.0063412	0.0047621	0.0015791	1.6997e-16
22.42	2.7672e-05	0.013909	0.010421	0.003488	1.6764e-16
22.43	2.8717e-05	0.014447	0.010807	0.0036402	1.6703e-16
22.44	8.2881e-06	0.0041735	0.0031372	0.0010363	1.7848e-16
22.45	1.9633e-05	0.0098953	0.0074188	0.0024764	1.7072e-16
22.46	1.1694e-05	0.0058992	0.0044115	0.0014877	1.7124e-16
22.47	2.0703e-06	0.0010453	0.00078864	0.00025667	1.6008e-16
22.48	1.0536e-05	0.0053246	0.0039921	0.0013325	1.6756e-16
22.49	5.3366e-06	0.0026993	0.0020193	0.00067998	1.6987e-16
22.5	1.8752e-07	9.4933e-05	7.1831e-05	2.3102e-05	1.6846e-16
22.51	5.1038e-06	0.0025861	0.0019365	0.00064956	1.752e-16
22.52	4.1789e-06	0.0021193	0.0015845	0.00053486	1.6656e-16
22.53	1.3336e-07	6.7692e-05	5.1623e-05	1.6069e-05	1.7569e-16
22.54	7.4196e-06	0.0037695	0.0028244	0.00094519	1.6667e-16
22.55	6.8944e-06	0.0035058	0.0026221	0.00088368	1.6843e-16
22.56	1.2654e-06	0.00064403	0.00048695	0.00015708	1.6844e-16
22.57	1.1555e-05	0.005886	0.0044131	0.0014729	1.6241e-16
22.58	5.9358e-06	0.0030264	0.0022617	0.00076471	1.7267e-16
22.59	2.4715e-06	0.0012612	0.0009506	0.0003106	1.6115e-16
22.6	1.7337e-05	0.0088551	0.0066402	0.002215	1.6572e-16
22.61	7.1768e-06	0.0036688	0.0027483	0.0009206	1.6113e-16
22.62	5.7654e-06	0.00295	0.0022184	0.00073151	1.6051e-16
22.63	1.7148e-05	0.0087816	0.0065841	0.0021975	1.6434e-16
22.64	4.3654e-06	0.0022376	0.0016792	0.00055843	1.5995e-16
22.65	7.6924e-06	0.0039464	0.0029647	0.00098168	1.6725e-16
22.66	1.46e-05	0.007497	0.005617	0.00188	1.5766e-16
22.67	2.1114e-06	0.0010851	0.00081325	0.00027187	1.6373e-16
22.68	8.3247e-06	0.0042821	0.0032133	0.0010688	1.6133e-16
22.69	1.145e-05	0.0058946	0.0044171	0.0014775	1.6158e-16
22.7	1.1259e-06	0.00058019	0.00044021	0.00013998	1.6656e-16
22.71	9.3716e-06	0.0048334	0.0036237	0.0012097	1.6039e-16
22.72	1.064e-05	0.0054923	0.0041045	0.0013878	1.7061e-16
22.73	1.2268e-06	0.00063383	0.00047714	0.00015669	1.6393e-16
22.74	9.7567e-06	0.0050453	0.0037925	0.0012528	1.6943e-16
22.75	9.362e-06	0.0048454	0.0036308	0.0012146	1.7644e-16
22.76	1.1018e-06	0.00057073	0.00042972	0.000141	1.761e-16
22.77	1.1434e-05	0.0059284	0.0044433	0.0014851	1.7478e-16
22.78	8.8906e-06	0.0046136	0.0034511	0.0011625	1.6881e-16
22.79	1.8192e-06	0.00094489	0.0007118	0.00023309	1.7229e-16
22.8	1.3011e-05	0.0067635	0.0050682	0.0016953	1.667e-16
22.81	7.1567e-06	0.0037236	0.002785	0.0009386	1.7135e-16
22.82	2.7426e-06	0.0014282	0.0010742	0.00035406	1.6805e-16
22.83	1.3217e-05	0.0068889	0.0051597	0.0017292	1.835e-16
22.84	4.8544e-06	0.0025324	0.0018937	0.00063871	1.9009e-16
22.85	2.8695e-06	0.0014983	0.0011258	0.0003725	1.7741e-16
22.86	1.0648e-05	0.0055645	0.0041667	0.0013978	1.9697e-16
22.87	2.8028e-06	0.001466	0.0010959	0.00037007	1.8749e-16
22.88	2.2767e-06	0.0011918	0.00089504	0.00029678	1.8969e-16
22.89	9.0038e-06	0.0047176	0.003533	0.0011846	1.8945e-16
22.9	3.096e-06	0.0016236	0.0012142	0.0004094	1.8134e-16
22.91	2.0706e-06	0.0010868	0.00081788	0.00026894	1.892e-16
22.92	1.1426e-05	0.0060021	0.0044978	0.0015044	1.794e-16
22.93	5.2778e-06	0.002775	0.0020772	0.00069784	1.8901e-16
22.94	5.593e-06	0.0029433	0.0022131	0.00073014	1.8008e-16
22.95	2.0272e-05	0.010678	0.0080025	0.002675	1.835e-16
22.96	9.3015e-06	0.0049034	0.0036744	0.001229	1.8561e-16
22.97	1.5509e-05	0.0081831	0.006144	0.0020391	1.7255e-16
22.98	3.2743e-05	0.017291	0.012956	0.0043352	1.8462e-16
22.99	1.5324e-05	0.0080995	0.006072	0.0020275	1.7217e-16
23	3.1941e-05	0.016897	0.012675	0.004222	1.7771e-16
23.01	4.2793e-05	0.022657	0.016977	0.0056799	1.7389e-16
23.02	2.2029e-05	0.011674	0.0087631	0.0029107	1.6341e-16
23.03	5.2298e-05	0.027738	0.020802	0.0069355	1.747e-16
23.04	5.0636e-05	0.02688	0.020143	0.0067369	1.7476e-16
23.05	3.1472e-05	0.016721	0.012553	0.0041682	1.8195e-16
23.06	6.6499e-05	0.035362	0.026512	0.0088495	1.7776e-16
23.07	5.0455e-05	0.026853	0.020128	0.0067255	1.8078e-16
23.08	4.5344e-05	0.024154	0.018129	0.0060248	1.7393e-16
23.09	7.4941e-05	0.039955	0.029949	0.010006	1.5892e-16
23.1	4.4117e-05	0.023541	0.017653	0.005888	1.5514e-16
23.11	5.5688e-05	0.029741	0.022319	0.0074219	1.595e-16
23.12	7.259e-05	0.038802	0.029084	0.0097177	1.715e-16
23.13	3.8864e-05	0.020792	0.0156	0.0051919	1.625e-16
23.14	6.1804e-05	0.033093	0.024816	0.0082771	1.7164e-16
23.15	5.7592e-05	0.030865	0.023122	0.0077429	1.6803e-16
23.16	3.0352e-05	0.016281	0.012221	0.0040599	1.5714e-16
23.17	5.7144e-05	0.030678	0.023002	0.0076758	1.5621e-16
23.18	3.8538e-05	0.020707	0.015515	0.0051916	1.4232e-16
23.19	2.5534e-05	0.013732	0.010309	0.0034229	1.4844e-16
23.2	4.5226e-05	0.024342	0.018242	0.0061005	1.4448e-16
23.21	1.9794e-05	0.010663	0.0079891	0.0026738	1.4973e-16
23.22	1.9588e-05	0.010561	0.0079269	0.0026344	1.5036e-16
23.23	2.8619e-05	0.015444	0.011569	0.0038751	1.477e-16
23.24	7.09e-06	0.0038293	0.0028707	0.00095856	1.5922e-16
23.25	1.3513e-05	0.0073048	0.005478	0.0018268	1.5404e-16
23.26	1.3853e-05	0.0074948	0.0056096	0.0018853	1.599e-16
23.27	9.5534e-07	0.00051731	0.00038867	0.00012864	1.5304e-16
23.28	7.0739e-06	0.0038337	0.0028718	0.00096198	1.5592e-16
23.29	5.3643e-06	0.0029097	0.0021749	0.00073481	1.5745e-16
23.3	3.9274e-08	2.1321e-05	1.5497e-05	5.8241e-06	1.4778e-16
23.31	2.9019e-06	0.0015768	0.001181	0.00039582	1.5485e-16
23.32	4.6185e-06	0.0025116	0.0018792	0.00063239	1.461e-16
23.33	9.2295e-07	0.00050235	0.00037443	0.00012792	1.4791e-16
23.34	2.489e-06	0.0013559	0.0010186	0.00033731	1.455e-16
23.35	9.2577e-06	0.0050475	0.0037821	0.0012654	1.453e-16
23.36	2.0521e-06	0.0011198	0.00083914	0.00028065	1.4694e-16
23.37	6.7004e-06	0.0036595	0.0027438	0.00091563	1.4097e-16
23.38	1.499e-05	0.008194	0.0061332	0.0020608	1.4199e-16
23.39	2.8322e-06	0.0015495	0.0011662	0.00038334	1.3227e-16
23.4	1.7146e-05	0.0093887	0.0070433	0.0023453	1.3515e-16
23.41	2.8408e-05	0.015568	0.011654	0.0039139	1.2466e-16
23.42	9.8606e-06	0.0054085	0.0040551	0.0013534	1.1924e-16
23.43	1.4194e-05	0.0077921	0.0058468	0.0019453	1.1821e-16
23.44	1.334e-05	0.0073292	0.0054853	0.0018439	1.087e-16
23.45	6.555e-06	0.0036046	0.0027083	0.00089633	1.1367e-16
23.46	1.9996e-05	0.011005	0.0082517	0.0027534	9.9761e-17
23.47	1.1129e-05	0.0061305	0.0045901	0.0015404	9.8433e-17
23.48	8.6865e-06	0.0047889	0.0035975	0.0011914	9.2824e-17
23.49	2.1179e-05	0.011686	0.0087564	0.0029298	8.5665e-17
23.5	8.0149e-06	0.0044262	0.0033138	0.0011125	8.6483e-17
23.51	1.109e-05	0.0061295	0.0046013	0.0015281	7.8223e-17
23.52	1.8884e-05	0.010446	0.0078243	0.002622	8.4268e-17
23.53	4.7314e-06	0.0026196	0.0019626	0.00065693	7.8238e-17
23.54	1.2126e-05	0.0067197	0.0050438	0.0016759	8.4296e-17
23.55	1.5332e-05	0.0085033	0.0063704	0.0021328	8.7958e-17
23.56	3.0929e-06	0.0017168	0.0012885	0.00042828	8.9753e-17
23.57	1.202e-05	0.0066774	0.0050048	0.0016726	1.0147e-16
23.58	1.1096e-05	0.0061697	0.0046161	0.0015536	1.0247e-16
23.59	1.87e-06	0.0010406	0.0007832	0.00025741	1.1542e-16
23.6	1.1701e-05	0.0065171	0.0048874	0.0016297	1.1794e-16
23.61	8.2438e-06	0.0045954	0.0034403	0.0011551	1.2664e-16
23.62	2.2758e-06	0.0012697	0.00095697	0.00031273	1.3163e-16
23.63	1.2431e-05	0.006941	0.0052023	0.0017387	1.3715e-16
23.64	6.3423e-06	0.0035444	0.0026502	0.00089417	1.4702e-16
23.65	3.104e-06	0.0017361	0.0013075	0.0004286	1.451e-16
23.66	1.257e-05	0.0070365	0.0052783	0.0017582	1.5818e-16
23.67	4.3874e-06	0.0024581	0.0018401	0.00061804	1.5535e-16
23.68	4.1005e-06	0.0022993	0.0017257	0.00057357	1.6586e-16
23.69	1.1773e-05	0.0066071	0.0049518	0.0016553	1.7415e-16
23.7	2.5742e-06	0.0014459	0.0010832	0.00036273	1.7467e-16
23.71	5.3103e-06	0.0029853	0.0022389	0.00074638	1.8984e-16
23.72	1.0721e-05	0.006032	0.0045173	0.0015147	1.8811e-16
23.73	1.5677e-06	0.00088277	0.00066244	0.00022033	1.9827e-16
23.74	6.994e-06	0.0039417	0.0029583	0.00098344	1.9816e-16
23.75	9.8511e-06	0.0055566	0.0041625	0.0013942	2.025e-16
23.76	1.318e-06	0.00074405	0.00055958	0.00018447	2.0393e-16
23.77	9.5079e-06	0.0053721	0.0040297	0.0013424	2.0065e-16
23.78	9.6205e-06	0.0054403	0.0040751	0.0013652	2.1298e-16
23.79	1.8833e-06	0.0010659	0.00080256	0.0002633	2.0602e-16
23.8	1.2089e-05	0.0068475	0.0051376	0.0017099	2.1217e-16
23.81	8.7809e-06	0.004978	0.0037333	0.0012447	2.0615e-16
23.82	2.3239e-06	0.0013186	0.00099225	0.00032634	2.0531e-16
23.83	1.2713e-05	0.0072193	0.0054045	0.0018148	2.0911e-16
23.84	6.3549e-06	0.0036118	0.0027018	0.00090999	1.9812e-16
23.85	4.6821e-06	0.0026633	0.0020072	0.00065608	2.0531e-16
23.86	1.4015e-05	0.0079787	0.0059835	0.0019953	1.9957e-16
23.87	3.8036e-06	0.0021672	0.0016227	0.00054452	2.0464e-16
23.88	6.9588e-06	0.0039683	0.0029805	0.00098779	2.0115e-16
23.89	1.3042e-05	0.0074436	0.0055788	0.0018648	1.9921e-16
23.9	2.1717e-06	0.0012405	0.00093068	0.00030983	2.0192e-16
23.91	1.0264e-05	0.0058679	0.0044027	0.0014652	1.9434e-16
23.92	1.013e-05	0.0057963	0.0043446	0.0014517	2.0756e-16
23.93	1.9408e-06	0.0011114	0.00083705	0.00027432	1.9896e-16
23.94	1.324e-05	0.0075884	0.0056878	0.0019006	2.0101e-16
23.95	6.8503e-06	0.0039294	0.0029436	0.00098574	2.0204e-16
23.96	4.2125e-06	0.0024183	0.0018182	0.00060011	1.9643e-16
23.97	1.3862e-05	0.0079645	0.0059687	0.0019958	1.9956e-16
23.98	3.3519e-06	0.0019275	0.0014452	0.00048223	1.9204e-16
23.99	7.5713e-06	0.0043575	0.0032712	0.0010863	1.9712e-16
24	1.1869e-05	0.0068365	0.0051228	0.0017138	1.8879e-16
24.01	1.5529e-06	0.0008952	0.00067409	0.00022111	1.9737e-16
24.02	1.0636e-05	0.0061363	0.0046025	0.0015338	1.96e-16
24.03	8.012e-06	0.0046265	0.0034666	0.0011599	1.9275e-16
24.04	2.2966e-06	0.0013272	0.00099904	0.00032818	2.0668e-16
24.05	1.2056e-05	0.0069729	0.0052264	0.0017465	1.9585e-16
24.06	3.7808e-06	0.0021886	0.0016404	0.00054819	2.0693e-16
24.07	5.9139e-06	0.0034263	0.0025716	0.00085464	2.023e-16
24.08	1.3467e-05	0.0078089	0.0058514	0.0019575	2.0143e-16
24.09	2.0843e-06	0.0012096	0.0009085	0.00030107	2.0498e-16
24.1	8.1754e-06	0.0047484	0.0035574	0.0011909	1.9854e-16
24.11	1.185e-05	0.0068885	0.0051574	0.0017311	2.0621e-16
24.12	1.9571e-06	0.0011386	0.00085617	0.00028242	1.9279e-16
24.13	1.6095e-06	0.00093716	0.00070156	0.00023561	2.0127e-16
24.14	1.5482e-07	9.022e-05	6.7479e-05	2.2741e-05	1.9706e-16
24.15	5.5918e-06	0.0032612	0.0024476	0.00081368	1.9424e-16
24.16	6.4321e-06	0.0037545	0.0028102	0.00094423	1.9994e-16
24.17	4.4598e-07	0.00026054	0.00019659	6.3946e-05	1.8967e-16
24.18	7.6134e-06	0.0044514	0.0033376	0.0011138	1.9997e-16
24.19	3.8771e-06	0.0022687	0.0016976	0.00057105	1.8735e-16
24.2	2.0269e-06	0.001187	0.00089251	0.00029453	1.9341e-16
24.21	8.5858e-06	0.0050323	0.0037702	0.0012621	1.9629e-16
24.22	1.2721e-06	0.00074621	0.00055874	0.00018747	1.8645e-16
24.23	5.4923e-06	0.0032245	0.0024188	0.0008057	1.9536e-16
24.24	7.519e-06	0.004418	0.0033076	0.0011104	1.8878e-16
24.25	7.5537e-07	0.0004442	0.00033458	0.00010962	1.9178e-16
24.26	9.1653e-06	0.0053942	0.0040439	0.0013503	1.8529e-16
24.27	5.0866e-06	0.0029962	0.0022436	0.00075254	1.876e-16
24.28	2.6824e-06	0.0015813	0.0011885	0.00039283	1.8721e-16
24.29	1.0321e-05	0.0060891	0.0045617	0.0015274	1.8304e-16
24.3	2.0117e-06	0.0011879	0.00088902	0.00029888	1.8836e-16
24.31	6.2433e-06	0.0036896	0.0027675	0.00092212	1.7912e-16
24.32	9.5003e-06	0.0056191	0.0042087	0.0014104	1.8662e-16
24.33	1.0067e-06	0.00059589	0.00044833	0.00014756	1.8445e-16
24.34	9.0511e-06	0.0053622	0.0040194	0.0013428	1.8821e-16
24.35	6.0782e-06	0.0036039	0.0026984	0.00090552	1.8845e-16
24.36	1.3666e-06	0.00081095	0.00060972	0.00020123	1.8623e-16
24.37	9.1873e-06	0.0054563	0.0040872	0.0013691	1.9302e-16
24.38	2.7447e-06	0.0016314	0.0012225	0.00040889	1.8219e-16
24.39	3.442e-06	0.0020476	0.001535	0.00051259	1.9168e-16
24.4	7.1074e-06	0.0042315	0.0031628	0.0010687	1.8695e-16
24.41	2.9172e-07	0.00017382	0.0001293	4.452e-05	1.8805e-16
24.42	4.2521e-06	0.0025357	0.0019033	0.00063243	1.8834e-16
24.43	3.6625e-06	0.0021859	0.0016351	0.00055079	1.7962e-16
24.44	2.7788e-07	0.00016598	0.00012558	4.0399e-05	1.9182e-16
24.45	4.8114e-06	0.0028763	0.0021551	0.00072121	1.8061e-16
24.46	1.4801e-06	0.00088553	0.00066111	0.00022442	1.8686e-16
24.47	1.1487e-06	0.00068783	0.00051655	0.00017128	1.9071e-16
24.48	3.6713e-06	0.0022001	0.0016469	0.00055317	1.8842e-16
24.49	4.5612e-07	0.00027357	0.00020384	6.9721e-05	1.8874e-16
24.5	1.6802e-06	0.0010085	0.00075512	0.00025342	1.7819e-16
24.51	2.1168e-06	0.0012717	0.00094975	0.00032192	1.8532e-16
24.52	7.0531e-07	0.00042405	0.00031654	0.00010751	1.8128e-16
24.53	1.3134e-06	0.00079032	0.00059111	0.00019921	1.8483e-16
24.54	1.4129e-06	0.00085087	0.00063639	0.00021447	1.82e-16
24.55	1.5178e-06	0.00091476	0.00068446	0.00023031	1.8068e-16
24.56	5.8022e-07	0.00034999	0.00026107	8.8914e-05	1.8225e-16
24.57	2.2217e-06	0.0013412	0.0010042	0.00033703	1.776e-16
24.58	1.8162e-06	0.0010973	0.00082022	0.00027706	1.8727e-16
24.59	3.2309e-07	0.00019536	0.00014651	4.8853e-05	1.7934e-16
24.6	3.9564e-06	0.0023943	0.0017933	0.00060099	1.8865e-16
24.61	1.3771e-06	0.00083402	0.00062297	0.00021105	1.8504e-16
24.62	1.4383e-06	0.00087179	0.00065435	0.00021745	1.7958e-16
24.63	5.4101e-06	0.003282	0.0024571	0.00082487	1.852e-16
24.64	5.2673e-07	0.00031979	0.00023894	8.0853e-05	1.7258e-16
24.65	3.9234e-06	0.0023839	0.0017865	0.00059747	1.8297e-16
24.66	7.0127e-06	0.0042645	0.0031893	0.0010753	1.7865e-16
24.67	2.0098e-06	0.0012232	0.00091842	0.00030478	1.8401e-16
24.68	6.9256e-06	0.0042184	0.0031664	0.001052	1.822e-16
24.69	4.8985e-06	0.0029861	0.0022344	0.00075169	1.7212e-16
24.7	2.3211e-07	0.00014161	0.00010742	3.4187e-05	1.7874e-16
24.71	6.0686e-06	0.0037054	0.0027797	0.00092567	1.684e-16
24.72	2.3559e-06	0.0014397	0.0010774	0.00036227	1.7932e-16
24.73	1.2196e-06	0.00074585	0.00056067	0.00018518	1.7347e-16
24.74	5.2249e-06	0.003198	0.0023982	0.00079982	1.7455e-16
24.75	6.1927e-07	0.00037934	0.00028404	9.53e-05	1.811e-16
24.76	2.2002e-06	0.0013488	0.001011	0.00033783	1.7365e-16
24.77	2.9018e-06	0.0017804	0.0013339	0.00044654	1.7838e-16
24.78	6.5764e-08	4.0382e-05	3.0059e-05	1.0323e-05	1.6408e-16
24.79	3.4145e-06	0.0020983	0.0015708	0.00052751	1.6955e-16
24.8	1.4489e-06	0.00089112	0.00066621	0.00022492	1.6435e-16
24.81	8.3749e-07	0.0005155	0.0003861	0.0001294	1.6392e-16
24.82	3.1753e-06	0.0019561	0.0014644	0.00049166	1.6871e-16
24.83	3.4669e-07	0.00021374	0.00015926	5.4486e-05	1.598e-16
24.84	2.0277e-06	0.0012511	0.00093686	0.00031428	1.7383e-16
24.85	2.2924e-06	0.0014156	0.0010594	0.00035625	1.6324e-16
24.86	2.2607e-07	0.00013972	0.00010416	3.5553e-05	1.6593e-16
24.87	3.0395e-06	0.00188	0.0014075	0.00047246	1.631e-16
24.88	1.2946e-06	0.00080135	0.00059941	0.00020194	1.5627e-16
24.89	8.1548e-07	0.0005052	0.00037805	0.00012715	1.6488e-16
24.9	3.2779e-06	0.0020323	0.0015213	0.00051096	1.5802e-16
24.91	4.3952e-07	0.00027273	0.00020403	6.8692e-05	1.6852e-16
24.92	1.8166e-06	0.0011281	0.0008426	0.00028549	1.623e-16
24.93	2.4762e-06	0.001539	0.0011479	0.00039104	1.6639e-16
24.94	2.6996e-07	0.00016791	0.00012615	4.1766e-05	1.6494e-16
24.95	3.689e-06	0.0022964	0.0017224	0.00057404	1.5677e-16
24.96	1.6136e-06	0.0010053	0.00075258	0.00025269	1.6909e-16
24.97	1.0416e-06	0.00064944	0.00048679	0.00016265	1.5832e-16
24.98	4.9876e-06	0.0031123	0.00233	0.0007823	1.6234e-16
24.99	6.5167e-07	0.00040697	0.00030397	0.000103	1.6064e-16
25	3.033e-06	0.0018956	0.0014209	0.0004747	1.5892e-16
25.01	6.078e-06	0.0038018	0.0028464	0.00095539	1.6187e-16
25.02	3.2833e-07	0.00020554	0.00015411	5.143e-05	1.6294e-16
25.03	2.9454e-06	0.0018453	0.0013796	0.00046565	1.7096e-16
25.04	2.4701e-06	0.0015488	0.0011544	0.00039437	1.6302e-16
25.05	1.1873e-06	0.00074501	0.00056361	0.00018139	1.6758e-16
25.06	7.7983e-06	0.0048974	0.0036771	0.0012203	1.5803e-16
25.07	2.8177e-06	0.0017709	0.0013275	0.00044343	1.5872e-16
25.08	2.4204e-06	0.0015224	0.0011397	0.00038275	1.6389e-16
25.09	7.8862e-06	0.0049644	0.0037143	0.0012501	1.6162e-16
25.1	1.3068e-06	0.00082332	0.00061576	0.00020756	1.7453e-16
25.11	5.3164e-06	0.003352	0.002518	0.00083404	1.6448e-16
25.12	7.5815e-06	0.0047841	0.0035879	0.0011961	1.6905e-16
25.13	5.8159e-07	0.00036728	0.00027704	9.0242e-05	1.6596e-16
25.14	7.1544e-06	0.0045217	0.0033849	0.0011368	1.6508e-16
25.15	5.2653e-06	0.0033304	0.0024935	0.00083694	1.7161e-16
25.16	3.2024e-06	0.0020272	0.0015262	0.00050101	1.6337e-16
25.17	1.16e-05	0.0073489	0.0055051	0.0018438	1.7304e-16
25.18	4.1975e-06	0.0026613	0.0019927	0.00066861	1.6691e-16
25.19	5.5332e-06	0.003511	0.0026388	0.00087223	1.7134e-16
25.2	1.1801e-05	0.0074943	0.005614	0.0018803	1.6949e-16
25.21	2.5609e-06	0.0016276	0.0012204	0.0004072	1.6262e-16
25.22	8.1056e-06	0.0051555	0.0038694	0.0012861	1.6993e-16
25.23	1.0119e-05	0.0064415	0.0048244	0.0016171	1.6261e-16
25.24	1.8107e-06	0.0011535	0.00086781	0.00028568	1.6434e-16
25.25	9.853e-06	0.0062819	0.0047114	0.0015705	1.6118e-16
25.26	7.2844e-06	0.0046479	0.0034806	0.0011673	1.6876e-16
25.27	2.1253e-06	0.0013572	0.0010217	0.00033549	1.6409e-16
25.28	1.0441e-05	0.0066727	0.0050002	0.0016725	1.5733e-16
25.29	4.4629e-06	0.0028544	0.0021357	0.0007187	1.6292e-16
25.3	3.2217e-06	0.0020621	0.0015502	0.00051194	1.5305e-16
25.31	1.0117e-05	0.006481	0.0048568	0.0016242	1.6065e-16
25.32	2.6882e-06	0.0017234	0.0012914	0.00043199	1.5339e-16
25.33	4.5132e-06	0.0028957	0.0021724	0.00072326	1.5248e-16
25.34	8.7297e-06	0.0056055	0.0041956	0.0014099	1.5508e-16
25.35	1.3042e-06	0.00083809	0.00062793	0.00021015	1.5079e-16
25.36	5.6144e-06	0.0036108	0.00271	0.00090075	1.5908e-16
25.37	7.6563e-06	0.0049279	0.0036906	0.0012373	1.5016e-16
25.38	9.3591e-07	0.00060286	0.00045303	0.00014983	1.5195e-16
25.39	6.9963e-06	0.0045102	0.0033812	0.001129	1.5008e-16
25.4	6.5259e-06	0.0042102	0.0031526	0.0010576	1.517e-16
25.41	1.3201e-06	0.00085232	0.00064268	0.00020963	1.5111e-16
25.42	1.1036e-05	0.0071311	0.0053419	0.0017891	1.4885e-16
25.43	8.1227e-06	0.0052528	0.0039299	0.0013229	1.5656e-16
25.44	3.1544e-06	0.0020415	0.0015365	0.000505	1.4617e-16
25.45	1.3121e-05	0.0084982	0.0063704	0.0021278	1.5291e-16
25.46	6.7294e-06	0.0043621	0.0032673	0.0010948	1.495e-16
25.47	6.5845e-06	0.0042715	0.003208	0.0010635	1.5068e-16
25.48	1.6802e-05	0.010908	0.0081688	0.0027396	1.56e-16
25.49	6.5024e-06	0.0042249	0.0031622	0.0010626	1.4641e-16
25.5	1.1296e-05	0.0073451	0.0055139	0.0018312	1.5405e-16
25.51	1.735e-05	0.01129	0.0084593	0.0028312	1.485e-16
25.52	6.0364e-06	0.0039313	0.0029498	0.0009815	1.5038e-16
25.53	1.742e-05	0.011354	0.0085171	0.0028368	1.4847e-16
25.54	1.6631e-05	0.010848	0.0081273	0.0027209	1.5118e-16
25.55	7.6991e-06	0.005026	0.0037755	0.0012505	1.5459e-16
25.56	2.1942e-05	0.014335	0.010749	0.0035856	1.4407e-16
25.57	1.3336e-05	0.0087191	0.0065339	0.0021853	1.5353e-16
25.58	1.1506e-05	0.0075286	0.0056555	0.0018731	1.4598e-16
25.59	2.3652e-05	0.015489	0.011613	0.0038755	1.4679e-16
25.6	9.7415e-06	0.0063842	0.0047888	0.0015954	1.4821e-16
25.61	1.6268e-05	0.01067	0.0080091	0.0026608	1.4445e-16
25.62	2.1294e-05	0.013977	0.010476	0.0035011	1.4897e-16
25.63	7.6198e-06	0.0050055	0.0037578	0.0012477	1.465e-16
25.64	1.9612e-05	0.012893	0.0096718	0.0032215	1.5207e-16
25.65	1.5403e-05	0.010134	0.007595	0.0025389	1.4319e-16
25.66	8.591e-06	0.0056566	0.0042479	0.0014087	1.5096e-16
25.67	2.1952e-05	0.014465	0.010843	0.0036219	1.4855e-16
25.68	1.0753e-05	0.007091	0.0053141	0.0017768	1.4161e-16
25.69	1.2534e-05	0.0082721	0.0062112	0.002061	1.5324e-16
25.7	1.9673e-05	0.012994	0.0097423	0.0032518	1.4546e-16
25.71	5.6653e-06	0.0037448	0.0028096	0.00093517	1.5392e-16
25.72	1.6634e-05	0.011003	0.0082502	0.0027532	1.4756e-16
25.73	1.6785e-05	0.011112	0.0083269	0.0027855	1.4623e-16
25.74	6.3313e-06	0.0041948	0.003153	0.0010418	1.5374e-16
25.75	1.9458e-05	0.012902	0.0096731	0.0032287	1.4759e-16
25.76	1.0974e-05	0.0072819	0.0054572	0.0018247	1.5384e-16
25.77	9.3317e-06	0.0061971	0.0046532	0.0015439	1.4958e-16
25.78	2.0408e-05	0.013564	0.010164	0.0033998	1.5366e-16
25.79	7.5567e-06	0.0050261	0.0037711	0.0012551	1.4872e-16
25.8	1.4341e-05	0.0095456	0.0071645	0.0023812	1.5048e-16
25.81	1.7603e-05	0.011726	0.0087836	0.0029424	1.5058e-16
25.82	4.7427e-06	0.0031618	0.002375	0.00078683	1.3698e-16
25.83	1.5981e-05	0.010662	0.0079983	0.0026642	1.4537e-16
25.84	1.1742e-05	0.00784	0.0058725	0.0019675	1.3973e-16
25.85	5.8446e-06	0.0039055	0.0029372	0.00096826	1.4293e-16
25.86	1.8415e-05	0.012315	0.0092366	0.0030779	1.4048e-16
25.87	8.8315e-06	0.0059105	0.0044298	0.0014807	1.3636e-16
25.88	8.2428e-06	0.0055208	0.0041436	0.0013772	1.442e-16
25.89	1.4992e-05	0.010049	0.0075294	0.0025195	1.3864e-16
25.9	4.1498e-06	0.0027837	0.002088	0.00069576	1.4378e-16
25.91	1.0169e-05	0.0068266	0.0051221	0.0017045	1.4142e-16
25.92	1.164e-05	0.0078206	0.0058574	0.0019632	1.4646e-16
25.93	2.755e-06	0.0018524	0.0013913	0.00046107	1.4593e-16
25.94	1.1206e-05	0.0075405	0.0056537	0.0018868	1.39e-16
25.95	7.7504e-06	0.0052192	0.0039073	0.0013119	1.3925e-16
25.96	2.4804e-06	0.0016716	0.0012585	0.0004131	1.3439e-16
25.97	1.0015e-05	0.0067544	0.0050647	0.0016897	1.4005e-16
25.98	4.0962e-06	0.0027648	0.0020706	0.00069413	1.3153e-16
25.99	3.4875e-06	0.0023558	0.0017712	0.0005846	1.3333e-16
26	8.8486e-06	0.0059816	0.0044826	0.001499	1.3455e-16
26.01	1.9342e-06	0.0013085	0.00097917	0.00032936	1.3102e-16
26.02	4.0619e-06	0.0027501	0.0020667	0.00068335	1.3528e-16
26.03	7.2418e-06	0.0049068	0.0036781	0.0012287	1.2786e-16
26.04	7.6695e-07	0.00052006	0.00038809	0.00013197	1.3456e-16
26.05	4.0781e-06	0.0027674	0.0020773	0.00069007	1.295e-16
26.06	5.5675e-06	0.003781	0.0028362	0.00094483	1.2781e-16
26.07	3.9506e-07	0.0002685	0.00020254	6.5958e-05	1.3159e-16
26.08	5.0845e-06	0.0034583	0.0025928	0.00086544	1.3061e-16
26.09	5.1143e-06	0.0034812	0.0026085	0.0008727	1.3226e-16
26.1	4.6871e-07	0.00031929	0.0002408	7.8487e-05	1.25e-16
26.11	6.2533e-06	0.0042631	0.0031946	0.0010685	1.3261e-16
26.12	4.8053e-06	0.0032784	0.0024551	0.00082333	1.2802e-16
26.13	1.1314e-06	0.00077249	0.00058342	0.00018907	1.3157e-16
26.14	7.807e-06	0.0053345	0.0039996	0.0013349	1.3361e-16
26.15	4.1694e-06	0.0028511	0.0021347	0.00071649	1.2328e-16
26.16	2.5754e-06	0.0017624	0.0013254	0.00043709	1.2975e-16
26.17	9.9106e-06	0.0067874	0.0050875	0.0017	1.2212e-16
26.18	3.644e-06	0.0024976	0.0018705	0.00062708	1.25e-16
26.19	4.9202e-06	0.0033749	0.0025349	0.00083999	1.2495e-16
26.2	1.1406e-05	0.0078294	0.0058677	0.0019617	1.2541e-16
26.21	3.1098e-06	0.0021363	0.0016021	0.00053418	1.281e-16
26.22	8.4053e-06	0.0057785	0.0043374	0.0014411	1.2241e-16
26.23	1.236e-05	0.0085042	0.0063709	0.0021332	1.2995e-16
26.24	3.1998e-06	0.0022032	0.001653	0.00055013	1.185e-16
26.25	1.1532e-05	0.0079465	0.005964	0.0019825	1.1844e-16
26.26	1.093e-05	0.0075371	0.0056485	0.0018886	1.2104e-16
26.27	3.9353e-06	0.0027158	0.0020398	0.00067602	1.1366e-16
26.28	1.4988e-05	0.010352	0.0077632	0.0025884	1.1553e-16
26.29	9.7084e-06	0.0067101	0.0050267	0.0016833	1.146e-16
26.3	7.2117e-06	0.0049882	0.0037473	0.0012409	1.197e-16
26.31	1.7651e-05	0.012218	0.0091631	0.0030552	1.1535e-16
26.32	7.3661e-06	0.0051028	0.00382	0.0012828	1.1624e-16
26.33	1.0879e-05	0.0075419	0.0056685	0.0018734	1.1653e-16
26.34	1.8537e-05	0.012861	0.0096678	0.003193	1.1586e-16
26.35	6.5906e-06	0.004576	0.0034364	0.0011396	1.1446e-16
26.36	1.5896e-05	0.011046	0.0082652	0.0027804	1.0975e-16
26.37	1.7258e-05	0.012001	0.0089919	0.0030091	1.1774e-16
26.38	6.5373e-06	0.0045493	0.00342	0.0011293	1.1239e-16
26.39	1.8502e-05	0.012886	0.0096587	0.003227	1.1647e-16
26.4	1.2836e-05	0.0089458	0.0067058	0.00224	1.1562e-16
26.41	7.9154e-06	0.0055209	0.0041449	0.001376	1.1001e-16
26.42	1.9422e-05	0.013557	0.010163	0.0033945	1.1294e-16
26.43	9.166e-06	0.0064029	0.0048063	0.0015965	1.0813e-16
26.44	1.1594e-05	0.0081052	0.0060795	0.0020258	1.1303e-16
26.45	1.7921e-05	0.012538	0.009394	0.0031439	1.0573e-16
26.46	6.2268e-06	0.0043596	0.0032761	0.0010835	1.098e-16
26.47	1.4405e-05	0.010093	0.0075649	0.0025278	1.1021e-16
26.48	1.3531e-05	0.0094878	0.0071044	0.0023834	1.0361e-16
26.49	5.5236e-06	0.003876	0.0029157	0.00096033	1.1068e-16
26.5	1.7068e-05	0.011986	0.0089877	0.0029981	1.0391e-16
26.51	9.6187e-06	0.0067598	0.0050659	0.001694	1.09e-16
26.52	6.3867e-06	0.0044918	0.0033727	0.0011191	1.0566e-16
26.53	1.5005e-05	0.010561	0.0079101	0.002651	1.063e-16
26.54	4.8581e-06	0.0034219	0.002562	0.00085984	1.1021e-16
26.55	8.8632e-06	0.0062477	0.0046835	0.0015641	1.0267e-16
26.56	1.1547e-05	0.0081456	0.006098	0.0020477	1.0643e-16
26.57	2.4364e-06	0.00172	0.0012947	0.00042532	1.0095e-16
26.58	1.1608e-05	0.008201	0.0061551	0.0020459	1.0367e-16
26.59	8.4935e-06	0.0060052	0.0045005	0.0015047	1.002e-16
26.6	2.852e-06	0.0020179	0.0015157	0.00050224	9.6589e-17
26.61	1.0527e-05	0.0074544	0.005587	0.0018675	9.7351e-17
26.62	3.5796e-06	0.0025366	0.0019008	0.00063581	9.2453e-17
26.63	4.4214e-06	0.0031355	0.0023526	0.00078286	9.6364e-17
26.64	8.3685e-06	0.005939	0.004449	0.00149	9.1925e-17
26.65	1.1365e-06	0.00080718	0.00060549	0.00020169	9.5623e-17
26.66	6.0174e-06	0.0042769	0.0032069	0.0010699	9.2483e-17
26.67	5.0714e-06	0.0036072	0.0027036	0.00090364	9.293e-17
26.68	9.0447e-07	0.00064382	0.00048368	0.00016015	9.6014e-17
26.69	6.154e-06	0.0043838	0.0032812	0.0011026	9.143e-17
26.7	1.7842e-06	0.001272	0.00095142	0.00032053	9.6299e-17
26.71	2.2201e-06	0.0015839	0.0011897	0.00039415	8.9483e-17
26.72	5.2077e-06	0.003718	0.0027849	0.00093317	9.5931e-17
26.73	2.9622e-07	0.00021165	0.0001587	5.2951e-05	9.3716e-17
26.74	3.2651e-06	0.0023346	0.0017498	0.00058482	9.0987e-17
26.75	2.6055e-06	0.0018644	0.0013951	0.00046926	9.4167e-17
26.76	3.0082e-07	0.00021542	0.00016223	5.3189e-05	8.304e-17
26.77	3.5761e-06	0.0025628	0.0019202	0.00064254	8.6862e-17
26.78	6.8822e-07	0.00049357	0.00036902	0.00012456	8.0354e-17
26.79	1.4246e-06	0.0010225	0.00076705	0.00025543	8.4529e-17
26.8	2.6151e-06	0.0018782	0.0014083	0.00046998	8.3422e-17
26.81	8.894e-09	6.3928e-06	4.7276e-06	1.6652e-06	7.6452e-17
26.82	2.1726e-06	0.0015628	0.001168	0.00039485	8.1794e-17
26.83	1.0489e-06	0.00075507	0.00056359	0.00019149	7.1655e-17
26.84	7.1414e-07	0.00051445	0.00038433	0.00013013	7.7021e-17
26.85	2.1914e-06	0.0015798	0.0011809	0.00039894	7.5675e-17
26.86	1.8621e-07	0.00013435	9.9998e-05	3.4348e-05	7.7727e-17
26.87	1.7551e-06	0.0012672	0.00094806	0.00031913	8.0537e-17
26.88	1.3036e-06	0.00094193	0.00070369	0.00023824	7.5702e-17
26.89	4.202e-07	0.00030384	0.00022746	7.638e-05	8.0019e-17
26.9	2.2695e-06	0.0016422	0.0012279	0.00041434	7.0103e-17
26.91	3.5501e-07	0.00025708	0.0001914	6.5679e-05	7.5526e-17
26.92	1.4102e-06	0.001022	0.00076523	0.00025673	7.4311e-17
26.93	1.834e-06	0.0013301	0.00099396	0.00033614	7.1554e-17
26.94	1.2266e-07	8.9023e-05	6.6652e-05	2.2371e-05	7.5637e-17
26.95	2.3491e-06	0.0017061	0.001277	0.00042916	7.0602e-17
26.96	7.5003e-07	0.00054516	0.00040685	0.00013831	7.5482e-17
26.97	1.0405e-06	0.00075681	0.00056672	0.00019009	7.0464e-17
26.98	3.2485e-06	0.0023646	0.0017666	0.00059802	7.0784e-17
26.99	3.1451e-07	0.00022911	0.00016951	5.9597e-05	7.0961e-17
27	1.7912e-06	0.0013058	0.00097967	0.00032609	7.3786e-17
27.01	2.1307e-06	0.0015544	0.0011624	0.00039196	7.2665e-17
27.02	1.3857e-07	0.00010117	7.5668e-05	2.5501e-05	6.4317e-17
27.03	2.3618e-06	0.0017256	0.0012927	0.00043292	6.9879e-17
27.04	8.7891e-07	0.00064263	0.00047963	0.00016299	6.35e-17
27.05	7.9089e-07	0.00057869	0.00043414	0.00014455	6.5851e-17
27.06	2.281e-06	0.0016702	0.0012503	0.00041993	6.3845e-17
27.07	1.8498e-07	0.00013555	0.00010049	3.5061e-05	5.976e-17
27.08	1.6697e-06	0.0012244	0.00091784	0.00030658	6.2334e-17
27.09	1.568e-06	0.0011507	0.00086112	0.00028958	5.8176e-17
27.1	2.489e-07	0.0001828	0.00013658	4.6211e-05	6.5804e-17
27.11	2.0352e-06	0.0014958	0.0011198	0.00037593	6.132e-17
27.12	6.6866e-07	0.00049179	0.00036725	0.00012454	6.3184e-17
27.13	8.5878e-07	0.0006321	0.00047331	0.00015879	6.6638e-17
27.14	1.7186e-06	0.0012659	0.00094689	0.000319	6.323e-17
27.15	2.6791e-07	0.00019748	0.00014722	5.0261e-05	6.6801e-17
27.16	1.5028e-06	0.0011086	0.00083025	0.00027831	6.7113e-17
27.17	9.2247e-07	0.00068097	0.00050869	0.00017228	6.8165e-17
27.18	6.6001e-07	0.00048758	0.0003645	0.00012308	6.2158e-17
27.19	1.5937e-06	0.0011782	0.0008821	0.00029611	6.6021e-17
27.2	2.1756e-07	0.00016096	0.00012023	4.0727e-05	6.4681e-17
27.21	1.9475e-06	0.0014419	0.0010784	0.00036354	6.4237e-17
27.22	1.5576e-06	0.0011541	0.0008619	0.00029219	6.9753e-17
27.23	2.2207e-07	0.00016466	0.00012358	4.1078e-05	6.8895e-17
27.24	2.4535e-06	0.0018205	0.0013629	0.00045767	7.6926e-17
27.25	6.3568e-07	0.00047203	0.00035203	0.00012	7.6409e-17
27.26	1.0831e-06	0.00080487	0.00060341	0.00020146	8.0443e-17
27.27	2.4994e-06	0.0018587	0.0013909	0.00046779	7.7908e-17
27.28	3.7005e-08	2.7539e-05	2.022e-05	7.3187e-06	7.9344e-17
27.29	2.4283e-06	0.0018085	0.0013538	0.00045469	8.1659e-17
27.3	2.093e-06	0.0015599	0.0011643	0.00039556	7.7475e-17
27.31	1.6743e-07	0.00012487	9.4667e-05	3.0207e-05	8.8844e-17
27.32	3.1261e-06	0.0023333	0.0017507	0.00058257	8.2877e-17
27.33	9.6151e-07	0.00071818	0.00053752	0.00018065	8.8314e-17
27.34	1.1195e-06	0.00083678	0.00062736	0.00020943	8.8761e-17
27.35	3.5926e-06	0.0026874	0.0020117	0.00067563	9.0346e-17
27.36	2.4224e-07	0.00018133	0.00013514	4.6198e-05	9.9246e-17
27.37	2.4151e-06	0.0018092	0.0013565	0.00045267	1.0002e-16
27.38	3.1073e-06	0.0023294	0.001743	0.00058645	1.2004e-16
27.39	7.2787e-08	5.4606e-05	4.1387e-05	1.3219e-05	1.1814e-16
27.4	3.9e-06	0.002928	0.0021956	0.00073239	1.4529e-16
27.41	2.3186e-06	0.0017419	0.0013048	0.00043716	1.2375e-16
27.42	6.0695e-07	0.00045634	0.00034238	0.00011395	8.2465e-17
27.43	4.4621e-06	0.0033573	0.0025126	0.00084478	1.4942e-16
27.44	1.029e-06	0.00077481	0.00057848	0.00019633	1.4598e-16
27.45	1.7114e-06	0.0012895	0.00096772	0.00032179	1.2044e-16
27.46	4.3912e-06	0.0033112	0.0024792	0.00083192	1.6901e-16
27.47	2.6879e-07	0.00020283	0.00015179	5.1043e-05	2.3649e-16
27.48	3.34e-06	0.0025222	0.0018898	0.00063242	2.5835e-16
27.49	3.9265e-06	0.0029672	0.0022195	0.00074771	1.8641e-16
27.5	1.5386e-07	0.00011636	8.7865e-05	2.8494e-05	1.6912e-16
27.51	4.0774e-06	0.0030858	0.0023139	0.0007719	2.0661e-16
27.52	2.2315e-06	0.00169	0.0012657	0.0004243	2.2479e-16
27.53	1.1481e-06	0.00087014	0.00065347	0.00021667	2.4861e-16
27.54	5.5036e-06	0.0041742	0.0031272	0.0010471	2.5612e-16
27.55	1.2946e-06	0.00098264	0.00073585	0.00024679	2.2149e-16
27.56	2.5943e-06	0.0019705	0.0014783	0.00049224	1.6506e-16
27.57	5.4923e-06	0.0041747	0.0031271	0.0010476	1.5239e-16
27.58	5.4148e-07	0.00041188	0.0003092	0.00010268	1.642e-16
27.59	4.2972e-06	0.0032711	0.0024516	0.00081952	1.7299e-16
27.6	4.5372e-06	0.0034563	0.0025878	0.00086849	1.9221e-16
27.61	3.8935e-07	0.00029681	0.00022365	7.3158e-05	2.2123e-16
27.62	5.5249e-06	0.0042147	0.0031564	0.0010583	2.3788e-16
27.63	3.278e-06	0.0025025	0.0018723	0.00063021	2.3255e-16
27.64	1.6122e-06	0.0012316	0.00092589	0.00030575	2.2608e-16
27.65	6.4512e-06	0.0049321	0.0036952	0.0012369	2.1736e-16
27.66	1.9279e-06	0.001475	0.0011045	0.00037047	2.2478e-16
27.67	2.6868e-06	0.0020571	0.0015444	0.00051272	2.2831e-16
27.68	5.8382e-06	0.0044731	0.00335	0.0011231	2.3015e-16
27.69	7.0968e-07	0.00054413	0.00040792	0.00013621	2.3684e-16
27.7	3.9254e-06	0.0030119	0.0022597	0.00075217	2.3337e-16
27.71	4.8483e-06	0.0037227	0.002788	0.00093475	2.4544e-16
27.72	4.9241e-07	0.00037837	0.00028507	9.3298e-05	2.7933e-16
27.73	5.154e-06	0.0039632	0.0029722	0.00099101	3.2648e-16
27.74	3.6697e-06	0.0028239	0.0021153	0.00070863	3.0781e-16
27.75	9.1881e-07	0.00070754	0.00053249	0.00017505	2.6817e-16
27.76	5.8286e-06	0.0044916	0.0033658	0.0011258	2.6298e-16
27.77	2.4551e-06	0.0018933	0.0014171	0.00047622	2.4689e-16
27.78	1.5611e-06	0.0012047	0.00090572	0.00029902	2.5333e-16
27.79	5.7738e-06	0.004459	0.0033411	0.0011179	2.5047e-16
27.8	1.3921e-06	0.0010759	0.00080531	0.00027056	2.5724e-16
27.81	2.4488e-06	0.0018939	0.0014217	0.0004722	2.6396e-16
27.82	5.5799e-06	0.0043185	0.0032346	0.001084	2.5409e-16
27.83	7.9388e-07	0.00061487	0.00046087	0.000154	2.6129e-16
27.84	3.6234e-06	0.0028084	0.0021067	0.00070168	2.6062e-16
27.85	5.2843e-06	0.0040986	0.003069	0.0010296	3.057e-16
27.86	5.93e-07	0.00046027	0.00034587	0.0001144	3.4318e-16
27.87	5.0612e-06	0.0039313	0.0029471	0.00098419	3.4421e-16
27.88	4.7649e-06	0.0037037	0.0027727	0.00093096	3.2922e-16
27.89	9.1187e-07	0.0007093	0.00053359	0.00017571	2.9353e-16
27.9	6.6172e-06	0.0051509	0.0038601	0.0012908	2.8852e-16
27.91	3.9612e-06	0.0030856	0.0023101	0.00077549	2.7636e-16
27.92	1.9631e-06	0.0015303	0.00115	0.00038032	2.7634e-16
27.93	7.9691e-06	0.0062166	0.0046579	0.0015587	2.8005e-16
27.94	2.9985e-06	0.0023407	0.0017531	0.0005876	2.7887e-16
27.95	3.8319e-06	0.0029935	0.0022467	0.00074673	2.9466e-16
27.96	8.6109e-06	0.0067317	0.0050421	0.0016896	2.9129e-16
27.97	2.0715e-06	0.0016205	0.0012153	0.00040523	2.9091e-16
27.98	6.5568e-06	0.0051332	0.0038526	0.0012806	2.8626e-16
27.99	8.818e-06	0.0069084	0.0051764	0.001732	2.9213e-16
28	2.2498e-06	0.0017639	0.0013251	0.00043873	3.0643e-16
28.01	9.3766e-06	0.0073565	0.0055166	0.0018399	3.3181e-16
28.02	7.5634e-06	0.0059382	0.0044487	0.0014895	3.5799e-16
28.03	3.3226e-06	0.0026105	0.001962	0.00064851	3.5062e-16
28.04	1.1419e-05	0.0089779	0.0067305	0.0022474	3.4417e-16
28.05	5.5857e-06	0.0043949	0.0032936	0.0011013	3.247e-16
28.06	5.4371e-06	0.004281	0.0032149	0.0010661	3.1814e-16
28.07	1.1746e-05	0.009255	0.0069358	0.0023192	3.0366e-16
28.08	3.6754e-06	0.002898	0.0021734	0.00072456	2.8553e-16
28.09	7.9666e-06	0.006286	0.0047167	0.0015693	2.9845e-16
28.1	1.0237e-05	0.0080834	0.0060564	0.002027	2.9582e-16
28.11	2.8123e-06	0.0022222	0.0016693	0.00055287	3.1925e-16
28.12	9.9891e-06	0.0078987	0.0059233	0.0019754	3.4582e-16
28.13	7.4701e-06	0.005911	0.0044279	0.0014831	3.6531e-16
28.14	3.2649e-06	0.0025853	0.0019429	0.00064245	3.8926e-16
28.15	1.0543e-05	0.0083544	0.0062624	0.002092	3.9804e-16
28.16	4.3755e-06	0.0034697	0.0025992	0.00087051	4.0206e-16
28.17	4.8826e-06	0.0038746	0.0029095	0.00096512	3.706e-16
28.18	9.8468e-06	0.0078194	0.0058593	0.0019601	3.3505e-16
28.19	2.3706e-06	0.0018839	0.0014125	0.00047142	3.324e-16
28.2	6.707e-06	0.0053337	0.0040032	0.0013305	3.7009e-16
28.21	7.7019e-06	0.0061292	0.0045915	0.0015377	3.9251e-16
28.22	1.5235e-06	0.0012133	0.00090852	0.00030477	3.8504e-16
28.23	7.2945e-06	0.0058132	0.0043602	0.001453	3.8028e-16
28.24	4.4899e-06	0.0035807	0.002686	0.00089469	3.5862e-16
28.25	2.2748e-06	0.0018154	0.0013623	0.00045312	3.5311e-16
28.26	7.6529e-06	0.0061118	0.0045783	0.0015335	3.4434e-16
28.27	2.2479e-06	0.0017965	0.0013476	0.00044888	3.4744e-16
28.28	3.363e-06	0.0026896	0.002017	0.00067259	3.6169e-16
28.29	6.1918e-06	0.0049555	0.0037064	0.001249	3.6457e-16
28.3	7.8934e-07	0.00063217	0.00047354	0.00015864	3.7915e-16
28.31	4.3971e-06	0.0035241	0.0026489	0.00087523	3.8348e-16
28.32	4.1049e-06	0.0032922	0.0024699	0.00082234	4.0096e-16
28.33	4.7429e-07	0.00038066	0.0002854	9.5265e-05	4.1293e-16
28.34	4.6332e-06	0.0037212	0.0027875	0.00093369	4.3876e-16
28.35	1.993e-06	0.0016018	0.0011998	0.00040202	4.5728e-16
28.36	1.0008e-06	0.0008049	0.00060432	0.00020058	4.5072e-16
28.37	4.0505e-06	0.0032601	0.0024412	0.00081889	4.6361e-16
28.38	5.7642e-07	0.00046427	0.00034717	0.00011709	4.3882e-16
28.39	1.6338e-06	0.0013168	0.00098725	0.00032956	4.0658e-16
28.4	2.7784e-06	0.0022409	0.0016772	0.00056368	3.5843e-16
28.41	2.1217e-08	1.7124e-05	1.2658e-05	4.4669e-06	3.3658e-16
28.42	2.0037e-06	0.0016184	0.0012125	0.00040589	3.7171e-16
28.43	1.6316e-06	0.0013188	0.00098638	0.0003324	3.9121e-16
28.44	9.9869e-08	8.0777e-05	6.0612e-05	2.0165e-05	4.2162e-16
28.45	1.8506e-06	0.0014979	0.0011212	0.00037672	4.245e-16
28.46	8.7012e-07	0.00070478	0.00052596	0.00017881	4.2226e-16
28.47	3.5274e-07	0.00028591	0.00021447	7.1437e-05	4.2003e-16
28.48	1.5925e-06	0.0012917	0.000967	0.0003247	4.1592e-16
28.49	6.2512e-07	0.0005074	0.00037856	0.00012884	4.2828e-16
28.5	4.668e-07	0.00037915	0.00028404	9.5112e-05	4.3097e-16
28.51	1.3939e-06	0.001133	0.00084789	0.00028513	4.5386e-16
28.52	5.9768e-07	0.00048615	0.000363	0.00012315	4.5597e-16
28.53	4.8962e-07	0.00039853	0.00029855	9.9982e-05	4.7519e-16
28.54	1.4087e-06	0.0011475	0.0008583	0.00028917	4.8234e-16
28.55	5.1734e-07	0.00042168	0.00031469	0.00010699	4.712e-16
28.56	5.9374e-07	0.00048429	0.00036305	0.00012124	4.9082e-16
28.57	1.7023e-06	0.0013895	0.001039	0.00035048	4.8168e-16
28.58	3.26e-07	0.00026628	0.00019806	6.8215e-05	4.9478e-16
28.59	9.5257e-07	0.00077862	0.00058459	0.00019403	4.8248e-16
28.6	1.9975e-06	0.0016339	0.0012221	0.00041175	4.7678e-16
28.61	7.5483e-08	6.1785e-05	4.5055e-05	1.6731e-05	5.0512e-16
28.62	1.726e-06	0.0014137	0.0010634	0.00035032	5.0505e-16
28.63	1.9779e-06	0.0016212	0.0012173	0.00040397	5.1969e-16
28.64	3.4708e-08	2.847e-05	2.1339e-05	7.1304e-06	5.0323e-16
28.65	2.7411e-06	0.0022499	0.0016861	0.00056382	4.7546e-16
28.66	1.4837e-06	0.0012187	0.00091356	0.00030515	4.3949e-16
28.67	5.6578e-07	0.00046506	0.00034805	0.00011701	4.4482e-16
28.68	3.6421e-06	0.0029958	0.0022419	0.00075387	4.9421e-16
28.69	8.0151e-07	0.00065974	0.00049332	0.00016641	5.1452e-16
28.7	1.6474e-06	0.001357	0.0010164	0.00034052	5.5434e-16
28.71	3.7938e-06	0.0031271	0.0023396	0.00078749	5.5675e-16
28.72	2.4915e-07	0.00020551	0.00015372	5.1788e-05	5.5528e-16
28.73	3.0719e-06	0.0025356	0.0019004	0.00063518	5.5779e-16
28.74	3.2714e-06	0.0027021	0.0020221	0.00067999	5.3565e-16
28.75	3.2796e-07	0.00027108	0.00020413	6.6954e-05	5.2716e-16
28.76	4.3342e-06	0.003585	0.0026863	0.00089871	5.1646e-16
28.77	2.1815e-06	0.0018056	0.001351	0.00045462	5.1504e-16
28.78	1.0797e-06	0.00089432	0.00067216	0.00022215	4.979e-16
28.79	4.9352e-06	0.0040906	0.0030645	0.0010261	5.1237e-16
28.8	1.0897e-06	0.0009038	0.00067638	0.00022742	5.2752e-16
28.81	2.4948e-06	0.0020707	0.0015546	0.0005161	5.3379e-16
28.82	4.6402e-06	0.0038541	0.0028874	0.00096675	5.5974e-16
28.83	4.2873e-07	0.00035635	0.00026772	8.8629e-05	5.633e-16
28.84	3.8584e-06	0.0032092	0.0024071	0.00080216	5.8809e-16
28.85	3.3791e-06	0.0028125	0.0021064	0.00070617	5.8301e-16
28.86	5.0929e-07	0.00042419	0.0003197	0.00010449	5.764e-16
28.87	4.5875e-06	0.0038236	0.0028663	0.00095731	5.6544e-16
28.88	1.7669e-06	0.0014737	0.0011033	0.00037038	5.3905e-16
28.89	1.3754e-06	0.0011479	0.00086239	0.00028553	5.4257e-16
28.9	4.4049e-06	0.0036791	0.0027567	0.00092239	5.2505e-16
28.91	5.3958e-07	0.00045097	0.00033772	0.00011325	5.3968e-16
28.92	2.549e-06	0.0021319	0.0015991	0.00053276	5.5851e-16
28.93	3.3342e-06	0.0027905	0.0020898	0.00070072	5.8842e-16
28.94	1.4427e-07	0.00012083	9.1118e-05	2.9711e-05	6.0031e-16
28.95	3.4442e-06	0.0028866	0.0021638	0.00072279	5.5234e-16
28.96	1.8593e-06	0.0015594	0.0011673	0.00039211	5.2985e-16
28.97	6.4583e-07	0.00054202	0.00040722	0.0001348	5.1734e-16
28.98	3.6112e-06	0.0030328	0.0022727	0.0007601	5.4458e-16
28.99	6.0796e-07	0.00051094	0.00038208	0.00012887	5.7559e-16
29	1.5782e-06	0.0013272	0.00099578	0.00033145	6.0345e-16
29.01	2.7469e-06	0.0023117	0.0017347	0.00057704	6.2453e-16
29.02	8.2589e-08	6.9553e-05	5.3114e-05	1.644e-05	6.3174e-16
29.03	2.8611e-06	0.0024112	0.0018023	0.00060888	6.5898e-16
29.04	1.8473e-06	0.0015579	0.0011639	0.00039393	6.4903e-16
29.05	3.4297e-07	0.00028943	0.00021765	7.178e-05	6.5308e-16
29.06	3.09e-06	0.0026095	0.0019528	0.00065671	6.3771e-16
29.07	6.9205e-07	0.00058482	0.00043669	0.00014814	6.2517e-16
29.08	1.0955e-06	0.00092639	0.00069477	0.00023162	6.2629e-16
29.09	2.5089e-06	0.0021231	0.0015885	0.00053458	6.154e-16
29.1	3.059e-08	2.5904e-05	1.9194e-05	6.7098e-06	6.4062e-16
29.11	2.0963e-06	0.0017764	0.001331	0.0004454	6.3249e-16
29.12	1.6902e-06	0.0014332	0.0010719	0.00036131	6.5005e-16
29.13	1.7317e-07	0.00014695	0.0001106	3.6347e-05	6.5052e-16
29.14	2.5724e-06	0.0021843	0.0016358	0.00054857	6.5013e-16
29.15	6.9163e-07	0.00058769	0.0004391	0.00014859	6.5988e-16
29.16	8.8133e-07	0.0007494	0.00056201	0.00018739	6.3741e-16
29.17	2.3909e-06	0.0020344	0.0015228	0.00051157	6.662e-16
29.18	7.5284e-08	6.4102e-05	4.7639e-05	1.6463e-05	6.4187e-16
29.19	1.713e-06	0.0014596	0.0010935	0.00036612	6.3607e-16
29.2	1.6294e-06	0.0013893	0.0010394	0.00034994	6.3148e-16
29.21	9.3709e-08	7.9955e-05	6.0017e-05	1.9938e-05	6.1941e-16
29.22	2.1729e-06	0.0018553	0.0013893	0.00046592	6.1957e-16
29.23	7.4416e-07	0.00063581	0.00047553	0.00016027	5.8669e-16
29.24	5.8804e-07	0.00050276	0.00037657	0.00012618	6.2341e-16
29.25	1.9475e-06	0.0016662	0.001247	0.00041921	5.9618e-16
29.26	1.6265e-07	0.00013926	0.00010396	3.53e-05	6.3241e-16
29.27	1.1647e-06	0.00099786	0.00074623	0.00025164	6.503e-16
29.28	1.2748e-06	0.0010929	0.00081642	0.00027647	7.1649e-16
29.29	1.4999e-07	0.00012868	9.6327e-05	3.2353e-05	8.8027e-16
29.3	1.4736e-06	0.0012651	0.00094689	0.00031821	6.3107e-16
29.31	5.5513e-07	0.0004769	0.00035608	0.00012081	5.5216e-16
29.32	5.7911e-07	0.00049784	0.00037282	0.00012502	7.1922e-16
29.33	1.3954e-06	0.0012004	0.00089792	0.00030247	6.8035e-16
29.34	1.8504e-07	0.00015929	0.00011873	4.0559e-05	7.2614e-16
29.35	1.0947e-06	0.00094296	0.00070596	0.000237	7.2996e-16
29.36	9.3537e-07	0.00080629	0.0006026	0.0002037	7.3175e-16
29.37	2.6673e-07	0.00023008	0.00017217	5.7904e-05	7.4787e-16
29.38	1.3542e-06	0.0011689	0.00087485	0.00029409	7.3723e-16
29.39	4.2314e-07	0.0003655	0.00027273	9.277e-05	7.5442e-16
29.4	6.8577e-07	0.00059276	0.00044396	0.00014879	7.3082e-16
29.41	1.1826e-06	0.0010229	0.00076508	0.00025777	7.5199e-16
29.42	2.0526e-07	0.00017766	0.00013249	4.5173e-05	7.2438e-16
29.43	1.0919e-06	0.00094568	0.00070807	0.00023762	7.1811e-16
29.44	7.3016e-07	0.00063284	0.0004729	0.00015993	7.197e-16
29.45	3.8835e-07	0.00033682	0.00025201	8.4811e-05	6.9094e-16
29.46	1.1766e-06	0.0010212	0.00076422	0.00025699	7.1327e-16
29.47	3.5232e-07	0.00030598	0.00022838	7.7597e-05	7.0707e-16
29.48	7.6468e-07	0.00066456	0.00049742	0.00016714	7.208e-16
29.49	9.4399e-07	0.00082095	0.00061392	0.00020703	7.0424e-16
29.5	2.8674e-07	0.00024954	0.00018647	6.3073e-05	6.8934e-16
29.51	9.9697e-07	0.00086821	0.0006496	0.00021861	6.8241e-16
29.52	5.9327e-07	0.000517	0.00038623	0.00013077	6.4895e-16
29.53	5.0097e-07	0.00043686	0.00032693	0.00010993	6.467e-16
29.54	9.5156e-07	0.00083034	0.00062109	0.00020925	6.3292e-16
29.55	3.7041e-07	0.00032344	0.0002416	8.1844e-05	6.2944e-16
29.56	8.0322e-07	0.00070185	0.00052511	0.00017675	6.1267e-16
29.57	6.94e-07	0.00060682	0.00045343	0.00015339	6.2361e-16
29.58	4.318e-07	0.00037782	0.0002825	9.5313e-05	6.2904e-16
29.59	9.8151e-07	0.00085938	0.00064294	0.00021643	6.1766e-16
29.6	3.7677e-07	0.00033011	0.00024669	8.3423e-05	6.3937e-16
29.61	7.5126e-07	0.00065867	0.00049281	0.00016587	6.4023e-16
29.62	9.0758e-07	0.00079626	0.000595	0.00020125	6.5766e-16
29.63	2.5966e-07	0.00022796	0.00017043	5.753e-05	6.519e-16
29.64	1.1191e-06	0.00098318	0.00073604	0.00024714	6.8761e-16
29.65	5.5151e-07	0.00048484	0.00036208	0.00012276	7.2314e-16
29.66	5.0518e-07	0.00044442	0.00033269	0.00011173	7.1836e-16
29.67	1.3179e-06	0.0011601	0.00086807	0.00029207	7.5899e-16
29.68	1.8618e-07	0.00016401	0.00012216	4.1844e-05	7.4944e-16
29.69	1.0543e-06	0.00092933	0.00069594	0.00023338	7.4001e-16
29.7	1.1674e-06	0.0010298	0.00077007	0.0002597	6.9921e-16
29.71	1.0422e-07	9.1993e-05	6.8786e-05	2.3207e-05	6.5843e-16
29.72	1.6649e-06	0.0014706	0.0011013	0.00036925	6.8148e-16
29.73	7.3928e-07	0.00065343	0.00048831	0.00016512	6.8018e-16
29.74	4.4286e-07	0.0003917	0.00029381	9.7882e-05	6.9199e-16
29.75	2.0196e-06	0.0017874	0.0013383	0.00044911	7.0413e-16
29.76	2.5967e-07	0.00022998	0.00017152	5.846e-05	7.1752e-16
29.77	1.1096e-06	0.00098342	0.00073725	0.00024617	7.0409e-16
29.78	1.8967e-06	0.0016821	0.001259	0.00042314	6.9769e-16
29.79	4.5317e-09	4.0216e-06	2.8796e-06	1.142e-06	6.8966e-16
29.8	1.874e-06	0.0016642	0.001247	0.00041723	6.5086e-16
29.81	1.3621e-06	0.0012104	0.00090532	0.00030506	6.5477e-16
29.82	1.9654e-07	0.00017477	0.0001315	4.3265e-05	6.3304e-16
29.83	2.4035e-06	0.0021387	0.001602	0.00053665	6.257e-16
29.84	6.6976e-07	0.00059637	0.00044569	0.00015068	6.1566e-16
29.85	8.1205e-07	0.00072356	0.00054303	0.00018053	5.988e-16
29.86	2.4437e-06	0.0021789	0.0016316	0.00054733	6.0365e-16
29.87	1.42e-07	0.00012669	9.4475e-05	3.2216e-05	5.8936e-16
29.88	1.6093e-06	0.0014368	0.0010773	0.00035955	6.0729e-16
29.89	2.0031e-06	0.0017896	0.0013395	0.00045008	5.9633e-16
29.9	1.7675e-08	1.5802e-05	1.2103e-05	3.6986e-06	6.0217e-16
29.91	2.2827e-06	0.0020421	0.0015302	0.0005119	6.0086e-16
29.92	1.2745e-06	0.0011409	0.00085348	0.00028743	5.7488e-16
29.93	3.5439e-07	0.00031746	0.00023863	7.883e-05	5.884e-16
29.94	2.6087e-06	0.0023384	0.0017515	0.00058687	5.6847e-16
29.95	5.3886e-07	0.00048336	0.00036128	0.00012208	5.6914e-16
29.96	1.0548e-06	0.00094683	0.00071026	0.00023657	5.6058e-16
29.97	2.4672e-06	0.0022161	0.0016591	0.00055694	5.4349e-16
29.98	7.6009e-08	6.8317e-05	5.0961e-05	1.7356e-05	5.4085e-16
29.99	1.8503e-06	0.0016642	0.0012474	0.00041676	5.3889e-16
30	1.8668e-06	0.0016801	0.0012573	0.00042286	5.5438e-16
30.01	6.5743e-08	5.9208e-05	4.4819e-05	1.4389e-05	5.401e-16
30.02	2.401e-06	0.0021638	0.0016211	0.00054267	5.4954e-16
30.03	1.0526e-06	0.00094919	0.00070984	0.00023935	5.467e-16
30.04	4.8409e-07	0.00043684	0.00032811	0.00010874	5.3909e-16
30.05	2.4695e-06	0.00223	0.00167	0.00055996	5.4191e-16
30.06	3.6351e-07	0.00032846	0.00024533	8.3134e-05	5.3272e-16
30.07	1.0905e-06	0.00098607	0.00073936	0.0002467	5.4345e-16
30.08	2.073e-06	0.0018757	0.001404	0.00047168	5.3455e-16
30.09	2.7022e-08	2.4466e-05	1.8099e-05	6.3665e-06	5.4988e-16
30.1	1.5922e-06	0.0014425	0.0010808	0.00036173	5.6423e-16
30.11	1.411e-06	0.0012792	0.00095702	0.00032221	5.8523e-16
30.12	7.1105e-08	6.4507e-05	4.844e-05	1.6068e-05	6.0128e-16
30.13	1.8187e-06	0.0016511	0.0012366	0.0004145	5.7871e-16
30.14	7.5127e-07	0.00068246	0.00051027	0.0001722	5.6101e-16
30.15	3.7865e-07	0.0003442	0.00025797	8.623e-05	5.1803e-16
30.16	1.723e-06	0.0015673	0.0011734	0.00039392	5.1943e-16
30.17	2.9534e-07	0.00026883	0.0002007	6.8127e-05	5.3252e-16
30.18	7.4557e-07	0.00067909	0.00050866	0.00017043	5.4739e-16
30.19	1.3914e-06	0.0012681	0.00094907	0.00031905	5.6969e-16
30.2	1.1895e-07	0.00010849	8.0772e-05	2.7717e-05	5.6643e-16
30.21	9.9314e-07	0.00090638	0.00067875	0.00022763	5.9592e-16
30.22	1.014e-06	0.00092605	0.00069282	0.00023324	6.0151e-16
30.23	1.4717e-07	0.00013449	0.00010033	3.4162e-05	6.2275e-16
30.24	1.083e-06	0.00099033	0.00074153	0.00024881	6.3483e-16
30.25	7.3915e-07	0.00067637	0.00050575	0.00017061	6.1869e-16
30.26	2.4126e-07	0.00022092	0.00016514	5.5773e-05	6.1383e-16
30.27	1.1042e-06	0.0010117	0.00075742	0.00025428	5.9423e-16
30.28	5.6938e-07	0.00052205	0.00039009	0.00013196	5.9883e-16
30.29	3.3582e-07	0.00030811	0.0002306	7.7507e-05	5.8394e-16
30.3	1.1389e-06	0.0010456	0.00078275	0.00026286	5.923e-16
30.31	4.3218e-07	0.00039704	0.00029645	0.00010059	6.0445e-16
30.32	4.5636e-07	0.00041953	0.00031415	0.00010538	6.1387e-16
30.33	1.185e-06	0.0010901	0.000816	0.00027408	6.504e-16
30.34	2.8654e-07	0.00026376	0.00019679	6.6969e-05	6.7004e-16
30.35	6.5115e-07	0.00059979	0.00044938	0.00015042	7.1917e-16
30.36	1.1931e-06	0.0010998	0.00082345	0.0002763	7.3292e-16
30.37	1.4223e-07	0.00013119	9.7627e-05	3.3558e-05	7.6044e-16
30.38	9.6693e-07	0.00089243	0.00066809	0.00022433	7.9407e-16
30.39	1.1191e-06	0.0010335	0.00077341	0.00026012	8.0509e-16
30.4	7.1751e-08	6.631e-05	4.94e-05	1.691e-05	8.5042e-16
30.41	1.3803e-06	0.0012765	0.00095598	0.00032049	8.618e-16
30.42	8.882e-07	0.00082192	0.00061488	0.00020704	8.885e-16
30.43	1.9873e-07	0.00018402	0.00013786	4.6157e-05	9.0095e-16
30.44	1.7573e-06	0.0016283	0.0012192	0.00040909	9.219e-16
30.45	5.0396e-07	0.00046728	0.00034914	0.00011813	9.5241e-16
30.46	6.0699e-07	0.00056317	0.00042229	0.00014089	9.6395e-16
30.47	1.8943e-06	0.0017587	0.0013166	0.0004421	1.0032e-15
30.48	1.3449e-07	0.00012494	9.3036e-05	3.1905e-05	9.9999e-16
30.49	1.2247e-06	0.0011385	0.00085344	0.00028509	1.0177e-15
30.5	1.6698e-06	0.0015533	0.0011624	0.0003909	1.0194e-15
30.51	2.9586e-09	2.7541e-06	2.0971e-06	6.5693e-07	1.0114e-15
30.52	1.8333e-06	0.0017076	0.0012795	0.00042808	1.0272e-15
30.53	1.1525e-06	0.0010743	0.00080346	0.0002708	1.0184e-15
30.54	2.3036e-07	0.00021486	0.00016159	5.3273e-05	1.0343e-15
30.55	2.1973e-06	0.0020507	0.0015361	0.00051463	1.0171e-15
30.56	5.5237e-07	0.00051586	0.00038546	0.0001304	1.0097e-15
30.57	7.7204e-07	0.00072149	0.00054143	0.00018006	1.0116e-15
30.58	2.1664e-06	0.0020259	0.001517	0.0005089	1.0276e-15
30.59	1.1218e-07	0.00010497	7.8227e-05	2.674e-05	1.0306e-15
30.6	1.4352e-06	0.0013438	0.0010075	0.00033629	9.9223e-16
30.61	1.7368e-06	0.0016273	0.0012181	0.00040925	1.0138e-15
30.62	1.2365e-08	1.1593e-05	8.8656e-06	2.7273e-06	9.9238e-16
30.63	1.94e-06	0.0018201	0.0013638	0.00045626	9.8977e-16
30.64	1.0733e-06	0.0010076	0.00075373	0.00025388	1.0012e-15
30.65	2.7029e-07	0.00025392	0.00019079	6.3129e-05	9.8431e-16
30.66	2.0693e-06	0.0019452	0.001457	0.00048823	9.9626e-16
30.67	4.445e-07	0.00041812	0.00031233	0.00010579	9.6753e-16
30.68	7.4077e-07	0.00069726	0.00052308	0.00017418	9.6245e-16
30.69	1.8224e-06	0.0017165	0.0012853	0.00043126	9.2804e-16
30.7	7.7319e-08	7.2872e-05	5.4111e-05	1.8761e-05	9.0329e-16
30.71	1.2112e-06	0.0011423	0.00085629	0.00028599	8.9284e-16
30.72	1.3362e-06	0.001261	0.0009437	0.00031728	8.575e-16
30.73	3.5596e-08	3.3615e-05	2.5103e-05	8.5115e-06	8.8151e-16
30.74	1.5108e-06	0.0014276	0.0010696	0.00035797	8.7654e-16
30.75	7.8058e-07	0.00073808	0.0005519	0.00018618	8.9344e-16
30.76	2.6595e-07	0.00025163	0.00018869	6.2939e-05	8.971e-16
30.77	1.5433e-06	0.0014612	0.0010943	0.00036689	8.8628e-16
30.78	3.2483e-07	0.00030775	0.00022969	7.8057e-05	9.1176e-16
30.79	6.3555e-07	0.00060251	0.00045158	0.00015094	9.1128e-16
30.8	1.3025e-06	0.0012356	0.00092488	0.00031072	9.3223e-16
30.81	1.0707e-07	0.00010164	7.5581e-05	2.606e-05	9.1964e-16
30.82	9.5243e-07	0.00090468	0.00067774	0.00022695	9.0752e-16
30.83	9.0755e-07	0.00086262	0.0006453	0.00021732	9.0163e-16
30.84	1.4677e-07	0.00013959	0.00010423	3.5361e-05	8.9414e-16
30.85	1.0743e-06	0.0010224	0.00076565	0.00025678	8.9366e-16
30.86	5.5329e-07	0.00052692	0.00039383	0.00013308	8.5675e-16
30.87	3.245e-07	0.00030923	0.00023137	7.7859e-05	8.5325e-16
30.88	1.0072e-06	0.00096042	0.00071896	0.00024146	8.5126e-16
30.89	3.5502e-07	0.00033876	0.00025295	8.5808e-05	8.6291e-16
30.9	4.9313e-07	0.00047085	0.00035244	0.00011841	8.5976e-16
30.91	8.6313e-07	0.00082466	0.00061712	0.00020755	8.4889e-16
30.92	2.9591e-07	0.0002829	0.00021116	7.174e-05	8.6978e-16
30.93	5.9145e-07	0.00056582	0.00042357	0.00014226	8.8003e-16
30.94	7.3756e-07	0.00070605	0.00052817	0.00017788	9.1766e-16
30.95	2.998e-07	0.00028718	0.00021444	7.2743e-05	9.3177e-16
30.96	6.3664e-07	0.00061023	0.00045683	0.0001534	9.7929e-16
30.97	6.6151e-07	0.00063448	0.00047449	0.00016	1.035e-15
30.98	3.0788e-07	0.00029549	0.00022074	7.4752e-05	1.0688e-15
30.99	6.7551e-07	0.00064875	0.00048561	0.00016314	1.1338e-15
31	6.1532e-07	0.00059132	0.00044208	0.00014924	1.1553e-15
31.01	3.0185e-07	0.00029027	0.00021696	7.3309e-05	1.172e-15
31.02	7.5082e-07	0.00072247	0.00054077	0.0001817	1.1469e-15
31.03	5.4813e-07	0.00052778	0.00039443	0.00013334	1.1211e-15
31.04	3.1664e-07	0.00030508	0.0002282	7.6884e-05	1.1259e-15
31.05	8.5622e-07	0.00082548	0.00061781	0.00020767	1.1275e-15
31.06	4.2204e-07	0.00040715	0.00030409	0.00010307	1.1578e-15
31.07	4.1462e-07	0.00040026	0.00029964	0.00010062	1.1767e-15
31.08	9.2199e-07	0.00089061	0.00066647	0.00022414	1.2314e-15
31.09	2.6876e-07	0.00025978	0.00019388	6.5905e-05	1.2614e-15
31.1	6.1189e-07	0.00059183	0.00044315	0.00014868	1.2843e-15
31.11	8.6801e-07	0.00084009	0.00062837	0.00021173	1.2982e-15
31.12	1.7212e-07	0.00016669	0.00012442	4.2275e-05	1.253e-15
31.13	8.595e-07	0.00083292	0.00062364	0.00020928	1.2492e-15
31.14	6.8577e-07	0.00066499	0.00049708	0.00016791	1.2441e-15
31.15	2.0862e-07	0.00020243	0.00015145	5.0979e-05	1.262e-15
31.16	1.0659e-06	0.001035	0.00077473	0.00026023	1.2781e-15
31.17	4.2783e-07	0.00041567	0.00031047	0.0001052	1.2795e-15
31.18	4.1004e-07	0.00039864	0.00029854	0.0001001	1.3132e-15
31.19	1.1271e-06	0.0010965	0.00082043	0.00027603	1.3482e-15
31.2	1.8771e-07	0.00018272	0.00013627	4.6455e-05	1.3716e-15
31.21	7.4093e-07	0.00072171	0.00054048	0.00018123	1.3461e-15
31.22	9.7893e-07	0.00095416	0.00071364	0.00024052	1.3381e-15
31.23	9.8121e-08	9.5699e-05	7.1421e-05	2.4278e-05	1.3201e-15
31.24	1.0684e-06	0.0010427	0.0007807	0.00026199	1.321e-15
31.25	6.5241e-07	0.00063712	0.00047621	0.00016091	1.328e-15
31.26	2.4054e-07	0.00023505	0.00017604	5.9013e-05	1.285e-15
31.27	1.2313e-06	0.001204	0.00090134	0.00030268	1.2922e-15
31.28	3.1167e-07	0.00030495	0.00022766	7.7288e-05	1.2934e-15
31.29	5.4877e-07	0.00053728	0.00040241	0.00013487	1.325e-15
31.3	1.13e-06	0.001107	0.00082839	0.00027864	1.3371e-15
31.31	1.2114e-07	0.00011875	8.8483e-05	3.0271e-05	1.3403e-15
31.32	8.6065e-07	0.00084425	0.00063233	0.00021192	1.3703e-15
31.33	8.0904e-07	0.00079413	0.0005939	0.00020023	1.3175e-15
31.34	1.5166e-07	0.00014896	0.00011132	3.7647e-05	1.3161e-15
31.35	1.0637e-06	0.0010454	0.00078285	0.00026259	1.3084e-15
31.36	4.526e-07	0.00044511	0.00033256	0.00011255	1.3047e-15
31.37	3.8005e-07	0.000374	0.00028007	9.393e-05	1.333e-15
31.38	1.0529e-06	0.0010368	0.00077602	0.00026076	1.3187e-15
31.39	1.9754e-07	0.00019464	0.00014515	4.9495e-05	1.3307e-15
31.4	6.9486e-07	0.00068511	0.0005131	0.00017201	1.3011e-15
31.41	8.2212e-07	0.00081109	0.00060665	0.00020444	1.2917e-15
31.42	1.5705e-07	0.00015505	0.00011578	3.9267e-05	1.2959e-15
31.43	9.289e-07	0.00091761	0.00068706	0.00023055	1.3096e-15
31.44	4.8725e-07	0.00048163	0.00035991	0.00012172	1.3582e-15
31.45	3.4252e-07	0.00033879	0.00025361	8.5179e-05	1.3532e-15
31.46	9.4723e-07	0.00093751	0.00070155	0.00023596	1.3445e-15
31.47	2.3869e-07	0.00023639	0.00017643	5.9966e-05	1.322e-15
31.48	6.2209e-07	0.00061648	0.00046155	0.00015493	1.2985e-15
31.49	7.5604e-07	0.0007497	0.00056066	0.00018904	1.2773e-15
31.5	1.9427e-07	0.00019277	0.00014402	4.8752e-05	1.2905e-15
31.51	8.151e-07	0.0008093	0.00060573	0.00020356	1.296e-15
31.52	4.8553e-07	0.00048237	0.00036052	0.00012185	1.2533e-15
31.53	3.37e-07	0.00033503	0.00025067	8.4357e-05	1.2476e-15
31.54	8.4516e-07	0.00084074	0.00062901	0.00021173	1.2144e-15
31.55	2.7883e-07	0.00027755	0.0002073	7.0253e-05	1.2101e-15
31.56	5.6222e-07	0.00055999	0.00041914	0.00014086	1.2008e-15
31.57	7.1833e-07	0.00071593	0.00053545	0.00018049	1.1769e-15
31.58	2.1531e-07	0.00021473	0.00016043	5.4305e-05	1.1688e-15
31.59	7.6618e-07	0.00076459	0.00057228	0.00019232	1.1268e-15
31.6	4.9545e-07	0.00049474	0.00036979	0.00012494	1.1549e-15
31.61	3.1968e-07	0.00031942	0.00023896	8.046e-05	1.1528e-15
31.62	8.5079e-07	0.00085064	0.00063666	0.00021399	1.1534e-15
31.63	2.7997e-07	0.0002801	0.00020913	7.0967e-05	1.1655e-15
31.64	5.4608e-07	0.00054667	0.00040924	0.00013743	1.1177e-15
31.65	7.624e-07	0.00076371	0.00057145	0.00019226	1.0955e-15
31.66	1.889e-07	0.00018934	0.00014129	4.805e-05	1.0502e-15
31.67	7.6923e-07	0.00077153	0.00057761	0.00019391	1.0551e-15
31.68	5.4595e-07	0.00054793	0.00040972	0.00013821	1.0653e-15
31.69	2.6975e-07	0.00027089	0.00020255	6.8341e-05	1.045e-15
31.7	8.668e-07	0.00087104	0.000652	0.00021904	1.0533e-15
31.71	3.228e-07	0.00032458	0.00024244	8.2143e-05	1.0461e-15
31.72	4.6754e-07	0.00047042	0.00035212	0.0001183	1.0438e-15
31.73	8.0417e-07	0.00080963	0.00060578	0.00020385	1.031e-15
31.74	2.0207e-07	0.00020357	0.00015194	5.1626e-05	1.0409e-15
31.75	6.7598e-07	0.00068143	0.00051011	0.00017132	1.0368e-15
31.76	6.2179e-07	0.0006272	0.00046898	0.00015821	1.0341e-15
31.77	2.2698e-07	0.0002291	0.00017128	5.7825e-05	1.0377e-15
31.78	7.9986e-07	0.00080784	0.00060457	0.00020326	1.0157e-15
31.79	4.054e-07	0.0004097	0.00030611	0.00010359	1.0165e-15
31.8	3.755e-07	0.00037972	0.00028419	9.553e-05	9.7469e-16
31.81	7.8054e-07	0.00078981	0.00059083	0.00019898	9.621e-16
31.82	2.5787e-07	0.00026109	0.00019501	6.6083e-05	9.5579e-16
31.83	5.6396e-07	0.00057137	0.00042764	0.00014373	9.3406e-16
31.84	6.3208e-07	0.00064079	0.00047909	0.0001617	9.5641e-16
31.85	2.4712e-07	0.00025068	0.00018743	6.3252e-05	9.4813e-16
31.86	6.8221e-07	0.00069248	0.00051814	0.00017434	9.3432e-16
31.87	4.4824e-07	0.00045528	0.00034021	0.00011507	9.1828e-16
31.88	3.5106e-07	0.0003568	0.000267	8.9792e-05	9.178e-16
31.89	6.7042e-07	0.0006818	0.00050997	0.00017183	9.054e-16
31.9	3.3623e-07	0.00034215	0.00025563	8.6521e-05	9.0789e-16
31.91	4.743e-07	0.00048296	0.00036147	0.00012149	9.1482e-16
31.92	5.6007e-07	0.00057065	0.00042667	0.00014398	8.6972e-16
31.93	3.4549e-07	0.00035224	0.00026332	8.8916e-05	8.8197e-16
31.94	5.2338e-07	0.00053394	0.00039955	0.00013439	8.7367e-16
31.95	4.3306e-07	0.00044207	0.00033042	0.00011164	8.7154e-16
31.96	4.4717e-07	0.00045675	0.00034164	0.00011512	8.9519e-16
31.97	4.8194e-07	0.00049258	0.00036845	0.00012414	8.8663e-16
31.98	3.8782e-07	0.00039663	0.00029652	0.00010011	8.9545e-16
31.99	5.4657e-07	0.00055934	0.00041844	0.0001409	8.7425e-16
32	3.8106e-07	0.0003902	0.00029176	9.8446e-05	8.795e-16
32.01	4.5043e-07	0.00046153	0.00034522	0.00011631	8.8571e-16
32.02	5.3802e-07	0.00055162	0.00041247	0.00013916	8.9071e-16
32.03	3.103e-07	0.00031834	0.000238	8.0348e-05	9.1061e-16
32.04	6.0323e-07	0.00061925	0.00046335	0.0001559	9.1571e-16
32.05	4.3891e-07	0.00045085	0.00033692	0.00011393	9.4161e-16
32.06	3.3806e-07	0.00034748	0.00026003	8.7448e-05	9.2392e-16
32.07	7.0446e-07	0.00072453	0.00054205	0.00018248	9.1898e-16
32.08	2.9535e-07	0.00030395	0.00022695	7.7007e-05	9.1318e-16
32.09	4.8115e-07	0.00049548	0.00037103	0.00012444	8.8447e-16
32.1	6.9883e-07	0.00072008	0.00053849	0.00018159	8.8583e-16
32.11	1.9411e-07	0.00020013	0.00014942	5.0711e-05	8.9372e-16
32.12	6.8343e-07	0.00070509	0.00052803	0.00017706	9.0531e-16
32.13	5.8039e-07	0.00059916	0.00044777	0.00015138	8.9437e-16
32.14	2.0014e-07	0.00020674	0.00015469	5.2057e-05	8.9743e-16
32.15	8.7137e-07	0.00090066	0.00067432	0.00022635	8.6189e-16
32.16	3.7825e-07	0.00039121	0.00029207	9.9148e-05	8.4024e-16
32.17	3.554e-07	0.00036781	0.00027559	9.222e-05	8.7495e-16
32.18	9.5241e-07	0.00098627	0.00073817	0.0002481	8.637e-16
32.19	1.714e-07	0.00017761	0.00013233	4.5274e-05	8.9215e-16
32.2	6.431e-07	0.00066679	0.00049963	0.00016716	9.1074e-16
32.21	8.4218e-07	0.00087375	0.0006537	0.00022005	8.6882e-16
32.22	9.0705e-08	9.4164e-05	7.0185e-05	2.3979e-05	8.3603e-16
32.23	9.3673e-07	0.00097305	0.0007289	0.00024416	8.3141e-16
32.24	5.6114e-07	0.00058326	0.00043607	0.0001472	8.5174e-16
32.25	2.1977e-07	0.00022857	0.00017115	5.7418e-05	8.7833e-16
32.26	1.0679e-06	0.0011113	0.00083224	0.00027911	9.1244e-16
32.27	2.6056e-07	0.00027133	0.00020255	6.8783e-05	9.2668e-16
32.28	5.0137e-07	0.00052243	0.00039136	0.00013107	9.2739e-16
32.29	9.7317e-07	0.0010147	0.00075952	0.00025515	8.8512e-16
32.3	9.6368e-08	0.00010054	7.4835e-05	2.5704e-05	8.5248e-16
32.31	7.925e-07	0.00082732	0.00061967	0.00020766	8.529e-16
32.32	7.2555e-07	0.0007579	0.00056695	0.00019094	8.5219e-16
32.33	1.1938e-07	0.00012478	9.3243e-05	3.1536e-05	8.8557e-16
32.34	9.8348e-07	0.0010286	0.00077023	0.00025837	8.8906e-16
32.35	4.3496e-07	0.00045519	0.00034018	0.00011501	8.9798e-16
32.36	2.9949e-07	0.00031362	0.00023487	7.8747e-05	8.853e-16
32.37	1.0216e-06	0.0010704	0.00080111	0.0002693	8.5124e-16
32.38	1.9358e-07	0.00020296	0.0001514	5.1562e-05	8.4385e-16
32.39	5.748e-07	0.00060303	0.00045168	0.00015135	8.231e-16
32.4	8.8499e-07	0.00092903	0.00069488	0.00023415	8.4827e-16
32.41	8.8726e-08	9.3199e-05	6.9519e-05	2.368e-05	8.673e-16
32.42	8.3692e-07	0.00087965	0.00065859	0.00022106	8.9014e-16
32.43	6.109e-07	0.00064249	0.00048018	0.00016231	8.8737e-16
32.44	1.7135e-07	0.00018032	0.00013504	4.5277e-05	8.5188e-16
32.45	9.5946e-07	0.0010103	0.00075603	0.00025429	8.4439e-16
32.46	3.22e-07	0.00033928	0.00025331	8.5966e-05	8.2092e-16
32.47	3.9356e-07	0.00041493	0.00031077	0.00010415	8.5086e-16
32.48	8.8739e-07	0.00093615	0.00070021	0.00023594	8.5783e-16
32.49	1.5083e-07	0.00015922	0.00011879	4.0427e-05	8.5835e-16
32.5	6.2996e-07	0.00066539	0.00049816	0.00016724	8.5712e-16
32.51	6.7998e-07	0.00071867	0.00053735	0.00018133	8.1823e-16
32.52	1.486e-07	0.00015715	0.00011745	3.9695e-05	8.3105e-16
32.53	7.6059e-07	0.00080486	0.00060239	0.00020247	8.0624e-16
32.54	4.3905e-07	0.00046489	0.00034742	0.00011747	8.1644e-16
32.55	2.7425e-07	0.00029057	0.00021741	7.3155e-05	8.3392e-16
32.56	7.592e-07	0.00080487	0.0006023	0.00020257	8.2715e-16
32.57	2.7274e-07	0.00028932	0.00021605	7.3269e-05	8.4692e-16
32.58	4.3536e-07	0.00046212	0.00034585	0.00011627	8.2181e-16
32.59	6.4641e-07	0.00068656	0.00051362	0.00017293	8.2362e-16
32.6	2.1948e-07	0.00023326	0.00017417	5.9092e-05	8.0987e-16
32.61	5.5312e-07	0.00058819	0.00044021	0.00014798	8.0361e-16
32.62	5.0533e-07	0.00053771	0.000402	0.00013571	8.086e-16
32.63	2.6139e-07	0.00027831	0.00020806	7.0251e-05	8.0226e-16
32.64	5.8922e-07	0.00062774	0.00046987	0.00015787	8.1779e-16
32.65	3.9788e-07	0.00042415	0.00031706	0.00010709	8.0933e-16
32.66	3.3108e-07	0.00035315	0.00026429	8.8856e-05	8.2899e-16
32.67	5.5197e-07	0.00058913	0.0004407	0.00014844	8.1274e-16
32.68	3.4611e-07	0.00036964	0.00027627	9.3371e-05	7.9832e-16
32.69	4.0409e-07	0.00043183	0.00032321	0.00010862	7.9167e-16
32.7	5.0224e-07	0.00053704	0.00040138	0.00013566	7.6751e-16
32.71	3.2603e-07	0.00034884	0.00026081	8.8022e-05	7.8688e-16
32.72	4.2807e-07	0.00045829	0.00034307	0.00011522	7.7298e-16
32.73	4.6294e-07	0.00049593	0.00037057	0.00012536	7.8386e-16
32.74	3.4271e-07	0.00036735	0.00027474	9.2616e-05	7.8153e-16
32.75	4.2592e-07	0.00045682	0.00034194	0.00011488	7.8319e-16
32.76	4.519e-07	0.00048498	0.00036241	0.00012258	7.9502e-16
32.77	3.5206e-07	0.00037807	0.00028278	9.5295e-05	7.6528e-16
32.78	4.145e-07	0.00044539	0.00033335	0.00011204	7.9788e-16
32.79	4.6372e-07	0.00049859	0.00037253	0.00012606	7.9867e-16
32.8	3.3108e-07	0.00035619	0.00026647	8.9717e-05	7.9297e-16
32.81	4.3651e-07	0.0004699	0.00035167	0.00011824	7.967e-16
32.82	4.6696e-07	0.00050299	0.00037577	0.00012722	7.8719e-16
32.83	2.9759e-07	0.00032074	0.00024006	8.0685e-05	8.0992e-16
32.84	4.9314e-07	0.00053183	0.00039786	0.00013397	8.0452e-16
32.85	4.2868e-07	0.00046259	0.00034561	0.00011698	8.1422e-16
32.86	2.9686e-07	0.00032054	0.00023996	8.0587e-05	8.1665e-16
32.87	5.4799e-07	0.00059207	0.00044277	0.0001493	8.1764e-16
32.88	3.5766e-07	0.00038666	0.00028896	9.7699e-05	8.1474e-16
32.89	3.416e-07	0.00036953	0.00027656	9.297e-05	8.0247e-16
32.9	5.7015e-07	0.00061714	0.00046154	0.0001556	8.1119e-16
32.91	2.8497e-07	0.00030864	0.00023067	7.7972e-05	8.0433e-16
32.92	4.21e-07	0.00045625	0.00034139	0.00011485	8.1571e-16
32.93	5.538e-07	0.00060053	0.00044921	0.00015132	8.158e-16
32.94	2.3142e-07	0.0002511	0.00018759	6.3512e-05	8.2281e-16
32.95	5.2537e-07	0.0005704	0.00042694	0.00014345	8.2549e-16
32.96	4.8511e-07	0.000527	0.00039418	0.00013283	8.2532e-16
32.97	2.2607e-07	0.00024574	0.00018361	6.2136e-05	8.3807e-16
32.98	6.2946e-07	0.00068465	0.00051261	0.00017205	8.217e-16
32.99	3.6374e-07	0.00039587	0.00029589	9.9977e-05	8.5223e-16
33	3.0138e-07	0.0003282	0.00024552	8.2687e-05	8.6156e-16
33.01	6.6975e-07	0.0007298	0.00054633	0.00018347	8.4363e-16
33.02	2.4148e-07	0.00026329	0.00019659	6.6708e-05	8.3527e-16
33.03	4.3769e-07	0.00047751	0.00035747	0.00012004	8.3154e-16
33.04	6.0993e-07	0.00066582	0.00049821	0.00016761	8.6607e-16
33.05	1.8558e-07	0.00020271	0.00015133	5.1377e-05	8.7483e-16
33.06	5.6205e-07	0.0006143	0.00045984	0.00015446	8.8991e-16
33.07	4.9265e-07	0.00053878	0.00040292	0.00013586	8.9487e-16
33.08	2.1025e-07	0.00023007	0.00017193	5.8138e-05	8.9054e-16
33.09	6.3004e-07	0.00068986	0.00051632	0.00017354	8.8795e-16
33.1	3.7526e-07	0.00041114	0.00030739	0.00010375	8.8343e-16
33.11	2.7838e-07	0.00030518	0.00022822	7.6965e-05	9.0722e-16
33.12	6.4682e-07	0.00070951	0.000531	0.00017851	8.9914e-16
33.13	2.7603e-07	0.00030297	0.00022641	7.6565e-05	9.0091e-16
33.14	3.7738e-07	0.00041446	0.00031009	0.00010437	9.0137e-16
33.15	6.1878e-07	0.00067999	0.00050891	0.00017109	9.0226e-16
33.16	2.0488e-07	0.00022529	0.00016822	5.707e-05	9.0812e-16
33.17	4.9848e-07	0.00054845	0.00041057	0.00013788	9.02e-16
33.18	5.2884e-07	0.00058221	0.00043554	0.00014666	9.1581e-16
33.19	1.9573e-07	0.00021561	0.00016104	5.4575e-05	9.0315e-16
33.2	5.9727e-07	0.00065833	0.00049294	0.00016539	9.1419e-16
33.21	3.9486e-07	0.00043549	0.00032547	0.00011003	9.1972e-16
33.22	2.6525e-07	0.00029272	0.00021902	7.3701e-05	9.2539e-16
33.23	6.1863e-07	0.00068311	0.00051136	0.00017175	9.4139e-16
33.24	2.7954e-07	0.00030886	0.00023058	7.8278e-05	9.2655e-16
33.25	3.7603e-07	0.00041572	0.00031133	0.00010439	9.3822e-16
33.26	5.5487e-07	0.00061381	0.00045915	0.00015466	9.3558e-16
33.27	2.3403e-07	0.00025905	0.00019348	6.5567e-05	9.5809e-16
33.28	4.6734e-07	0.00051761	0.00038764	0.00012997	9.7442e-16
33.29	4.492e-07	0.00049782	0.00037202	0.0001258	9.6928e-16
33.3	2.6173e-07	0.00029023	0.00021704	7.3186e-05	9.7195e-16
33.31	4.9925e-07	0.00055395	0.00041486	0.00013909	9.6539e-16
33.32	3.5868e-07	0.00039821	0.0002977	0.00010051	9.8855e-16
33.33	3.2673e-07	0.00036296	0.00027158	9.1374e-05	9.7113e-16
33.34	4.7232e-07	0.00052501	0.00039258	0.00013243	9.9733e-16
33.35	3.196e-07	0.00035547	0.00026524	9.0231e-05	1.0215e-15
33.36	3.7914e-07	0.00042194	0.00031565	0.00010629	9.9752e-16
33.37	4.2776e-07	0.00047633	0.00035642	0.00011991	1.0231e-15
33.38	3.2262e-07	0.00035947	0.00026858	9.0892e-05	1.0259e-15
33.39	3.9256e-07	0.00043766	0.00032748	0.00011017	1.0418e-15
33.4	4.0375e-07	0.00045041	0.00033684	0.00011356	1.042e-15
33.41	3.286e-07	0.00036679	0.00027407	9.2719e-05	1.0514e-15
33.42	3.9782e-07	0.00044433	0.00033256	0.00011176	1.0536e-15
33.43	3.9419e-07	0.00044053	0.00032928	0.00011125	1.0295e-15
33.44	3.2047e-07	0.00035836	0.00026773	9.0628e-05	1.0588e-15
33.45	4.2094e-07	0.00047099	0.00035255	0.00011844	1.0549e-15
33.46	3.6821e-07	0.00041224	0.0003085	0.00010374	1.0732e-15
33.47	3.3164e-07	0.00037151	0.00027796	9.3549e-05	1.0772e-15
33.48	4.3674e-07	0.00048954	0.00036614	0.00012341	1.0823e-15
33.49	3.2508e-07	0.00036461	0.00027255	9.2056e-05	1.1069e-15
33.5	3.7071e-07	0.00041603	0.0003111	0.00010493	1.0803e-15
33.51	4.1881e-07	0.00047029	0.00035182	0.00011847	1.1111e-15
33.52	3.0932e-07	0.00034755	0.00025986	8.7692e-05	1.1057e-15
33.53	4.0221e-07	0.00045218	0.00033806	0.00011412	1.0942e-15
33.54	3.8504e-07	0.00043314	0.00032418	0.00010896	1.1133e-15
33.55	3.212e-07	0.00036154	0.00027022	9.1322e-05	1.1064e-15
33.56	4.0476e-07	0.00045587	0.00034086	0.00011502	1.1303e-15
33.57	3.7175e-07	0.00041894	0.00031354	0.0001054	1.1396e-15
33.58	3.2677e-07	0.00036847	0.00027531	9.316e-05	1.145e-15
33.59	4.0391e-07	0.00045572	0.00034096	0.00011477	1.1429e-15
33.6	3.6537e-07	0.00041249	0.0003085	0.00010399	1.1566e-15
33.61	3.2209e-07	0.00036384	0.00027198	9.1857e-05	1.1519e-15
33.62	4.2173e-07	0.00047669	0.00035666	0.00012002	1.1433e-15
33.63	3.3983e-07	0.00038434	0.00028726	9.7081e-05	1.173e-15
33.64	3.3636e-07	0.00038064	0.00028482	9.5817e-05	1.1548e-15
33.65	4.3107e-07	0.00048811	0.00036497	0.00012314	1.1636e-15
33.66	3.0605e-07	0.00034676	0.00025923	8.7532e-05	1.181e-15
33.67	3.7579e-07	0.00042603	0.00031881	0.00010722	1.1959e-15
33.68	4.0496e-07	0.00045936	0.00034326	0.0001161	1.2056e-15
33.69	2.9604e-07	0.00033601	0.00025146	8.4549e-05	1.1861e-15
33.7	4.1269e-07	0.00046869	0.00035049	0.00011821	1.2056e-15
33.71	3.5705e-07	0.00040573	0.00030322	0.00010251	1.2145e-15
33.72	3.1982e-07	0.00036364	0.00027225	9.1394e-05	1.2201e-15
33.73	4.2089e-07	0.00047885	0.00035787	0.00012098	1.2059e-15
33.74	3.1731e-07	0.00036122	0.00027015	9.1067e-05	1.2004e-15
33.75	3.5886e-07	0.00040877	0.00030588	0.00010289	1.2213e-15
33.76	3.9727e-07	0.00045279	0.0003384	0.00011438	1.2272e-15
33.77	3.1337e-07	0.00035737	0.00026739	8.9978e-05	1.2445e-15
33.78	3.8234e-07	0.00043629	0.00032628	0.00011001	1.2308e-15
33.79	3.5014e-07	0.00039977	0.00029885	0.00010092	1.2281e-15
33.8	3.4372e-07	0.00039268	0.00029383	9.8846e-05	1.226e-15
33.81	3.7976e-07	0.00043411	0.00032464	0.00010947	1.2335e-15
33.82	3.2749e-07	0.00037458	0.00027996	9.4615e-05	1.2481e-15
33.83	3.6998e-07	0.00042343	0.00031685	0.00010658	1.2371e-15
33.84	3.529e-07	0.00040412	0.00030225	0.00010187	1.2599e-15
33.85	3.456e-07	0.00039599	0.00029594	0.00010005	1.2452e-15
33.86	3.5468e-07	0.00040664	0.00030435	0.0001023	1.238e-15
33.87	3.4646e-07	0.00039746	0.00029716	0.0001003	1.2572e-15
33.88	3.7827e-07	0.0004342	0.00032462	0.00010958	1.2601e-15
33.89	3.1544e-07	0.00036229	0.00027118	9.1113e-05	1.2759e-15
33.9	3.6956e-07	0.0004247	0.00031743	0.00010728	1.2804e-15
33.91	3.6847e-07	0.0004237	0.00031692	0.00010678	1.28e-15
33.92	3.0387e-07	0.00034962	0.00026155	8.8067e-05	1.2643e-15
33.93	4.0371e-07	0.00046476	0.00034745	0.00011731	1.2774e-15
33.94	3.2697e-07	0.00037664	0.00028178	9.4861e-05	1.2827e-15
33.95	3.2611e-07	0.00037588	0.00028108	9.48e-05	1.2727e-15
33.96	4.1141e-07	0.00047447	0.0003549	0.00011957	1.282e-15
33.97	2.935e-07	0.00033869	0.00025331	8.538e-05	1.2726e-15
33.98	3.5806e-07	0.00041344	0.00030927	0.00010417	1.2923e-15
33.99	3.9558e-07	0.00045702	0.00034187	0.00011515	1.3061e-15
34	2.8094e-07	0.00032477	0.00024269	8.2079e-05	1.3001e-15
34.01	3.8961e-07	0.00045065	0.00033727	0.00011338	1.3032e-15
34.02	3.6934e-07	0.00042747	0.00031965	0.00010782	1.33e-15
34.03	2.801e-07	0.00032436	0.00024246	8.1901e-05	1.3136e-15
34.04	4.1546e-07	0.00048141	0.00036034	0.00012107	1.295e-15
34.05	3.3091e-07	0.00038365	0.0002867	9.6957e-05	1.3517e-15
34.06	3.0136e-07	0.0003496	0.00026154	8.8059e-05	1.291e-15
34.07	4.2525e-07	0.00049362	0.00036936	0.00012426	1.2855e-15
34.08	2.9111e-07	0.00033811	0.00025262	8.5486e-05	1.3708e-15
34.09	3.417e-07	0.0003971	0.00029717	9.9932e-05	1.3101e-15
34.1	4.0647e-07	0.00047265	0.00035353	0.00011912	1.2881e-15
34.11	2.7129e-07	0.00031565	0.00023594	7.9707e-05	1.3508e-15
34.12	3.8023e-07	0.00044265	0.00033118	0.00011147	1.3593e-15
34.13	3.7173e-07	0.00043301	0.00032385	0.00010915	1.3204e-15
34.14	2.7325e-07	0.00031849	0.00023809	8.0396e-05	1.3502e-15
34.15	4.0551e-07	0.00047292	0.00035376	0.00011915	1.3678e-15
34.16	3.345e-07	0.00039032	0.00029197	9.8354e-05	1.3375e-15
34.17	2.918e-07	0.00034071	0.00025466	8.6043e-05	1.3687e-15
34.18	4.1786e-07	0.00048818	0.00036527	0.00012291	1.3628e-15
34.19	2.9255e-07	0.00034198	0.00025577	8.6206e-05	1.3646e-15
34.2	3.3199e-07	0.00038831	0.00029029	9.802e-05	1.3647e-15
34.21	4.0493e-07	0.0004739	0.00035464	0.00011927	1.3542e-15
34.22	2.6385e-07	0.00030897	0.00023095	7.8019e-05	1.3736e-15
34.23	3.8361e-07	0.00044947	0.00033617	0.0001133	1.3567e-15
34.24	3.5765e-07	0.0004193	0.00031371	0.00010559	1.3736e-15
34.25	2.7508e-07	0.00032269	0.00024119	8.1499e-05	1.3847e-15
34.26	4.0823e-07	0.00047916	0.00035844	0.00012072	1.3899e-15
34.27	3.0799e-07	0.00036172	0.00027049	9.1227e-05	1.3954e-15
34.28	3.1586e-07	0.00037117	0.00027755	9.3615e-05	1.3958e-15
34.29	3.917e-07	0.00046056	0.00034449	0.00011607	1.4067e-15
34.3	2.9059e-07	0.00034187	0.00025564	8.623e-05	1.3857e-15
34.31	3.4647e-07	0.00040786	0.00030504	0.00010282	1.4059e-15
34.32	3.7203e-07	0.0004382	0.00032779	0.00011041	1.3966e-15
34.33	3.0755e-07	0.00036246	0.00027148	9.0975e-05	1.3874e-15
34.34	3.4706e-07	0.00040926	0.00030633	0.00010294	1.4184e-15
34.35	3.1907e-07	0.00037648	0.00028163	9.4847e-05	1.4107e-15
34.36	2.9479e-07	0.00034803	0.00026045	8.7587e-05	1.4234e-15
34.37	3.6839e-07	0.00043517	0.00032527	0.0001099	1.4188e-15
34.38	3.0666e-07	0.00036247	0.00027113	9.1335e-05	1.4139e-15
34.39	3.1214e-07	0.00036916	0.00027617	9.2991e-05	1.4283e-15
34.4	3.7279e-07	0.00044114	0.00032969	0.00011145	1.4222e-15
34.41	2.8046e-07	0.00033208	0.00024844	8.3639e-05	1.4207e-15
34.42	3.4856e-07	0.00041296	0.00030886	0.0001041	1.4343e-15
34.43	3.4717e-07	0.00041155	0.00030773	0.00010381	1.4472e-15
34.44	2.7679e-07	0.00032831	0.00024548	8.2828e-05	1.4526e-15
34.45	3.785e-07	0.00044921	0.00033587	0.00011334	1.4659e-15
34.46	3.0788e-07	0.0003656	0.00027365	9.1954e-05	1.4634e-15
34.47	3.0122e-07	0.0003579	0.00026756	9.0343e-05	1.4753e-15
34.48	3.7382e-07	0.00044442	0.00033216	0.00011226	1.4676e-15
34.49	2.8945e-07	0.00034432	0.00025766	8.6657e-05	1.4488e-15
34.5	3.2459e-07	0.00038634	0.00028893	9.7408e-05	1.4564e-15
34.51	3.4815e-07	0.00041462	0.00031001	0.00010462	1.4482e-15
34.52	2.9582e-07	0.00035251	0.00026358	8.8933e-05	1.4639e-15
34.53	3.2908e-07	0.00039237	0.00029351	9.8869e-05	1.448e-15
34.54	3.3235e-07	0.00039649	0.00029647	0.00010002	1.4539e-15
34.55	3.0663e-07	0.00036603	0.00027356	9.2468e-05	1.482e-15
34.56	3.2098e-07	0.00038337	0.00028684	9.6527e-05	1.4626e-15
34.57	3.3161e-07	0.0003963	0.00029623	0.00010007	1.4738e-15
34.58	3.0848e-07	0.00036888	0.00027569	9.3192e-05	1.4701e-15
34.59	3.0657e-07	0.0003668	0.00027427	9.2531e-05	1.4682e-15
34.6	3.412e-07	0.00040847	0.00030496	0.00010352	1.4526e-15
34.61	3.3536e-07	0.00040171	0.00030037	0.00010134	1.4518e-15
34.62	3.2519e-07	0.00038976	0.00029184	9.7923e-05	1.5011e-15
34.63	3.2764e-07	0.00039292	0.00029378	9.9138e-05	1.5155e-15
34.64	3.0561e-07	0.00036671	0.00027438	9.2334e-05	1.5141e-15
34.65	3.256e-07	0.00039093	0.00029254	9.8383e-05	1.4827e-15
34.66	3.2818e-07	0.00039424	0.00029477	9.9469e-05	1.4778e-15
34.67	2.948e-07	0.00035435	0.00026511	8.9237e-05	1.4985e-15
34.68	3.3041e-07	0.00039738	0.00029727	0.00010012	1.5203e-15
34.69	3.3214e-07	0.0003997	0.0002989	0.00010079	1.5332e-15
34.7	2.8689e-07	0.00034544	0.00025846	8.6976e-05	1.5134e-15
34.71	3.2959e-07	0.00039709	0.00029701	0.00010008	1.5387e-15
34.72	3.3077e-07	0.00039874	0.00029818	0.00010056	1.5303e-15
34.73	2.8342e-07	0.00034185	0.00025574	8.6117e-05	1.509e-15
34.74	3.3856e-07	0.0004086	0.00030564	0.00010296	1.5074e-15
34.75	3.149e-07	0.00038026	0.00028437	9.5891e-05	1.4964e-15
34.76	2.9091e-07	0.0003515	0.00026288	8.8614e-05	1.516e-15
34.77	3.4516e-07	0.00041729	0.00031218	0.00010511	1.534e-15
34.78	2.9024e-07	0.00035109	0.0002626	8.8495e-05	1.5531e-15
34.79	3.1555e-07	0.00038193	0.00028557	9.6361e-05	1.5341e-15
34.8	3.25e-07	0.00039358	0.00029439	9.9193e-05	1.5185e-15
34.81	2.9037e-07	0.00035185	0.00026319	8.8659e-05	1.5235e-15
34.82	3.3527e-07	0.0004065	0.00030399	0.0001025	1.5413e-15
34.83	2.897e-07	0.00035144	0.00026287	8.8572e-05	1.5525e-15
34.84	3.217e-07	0.00039049	0.00029204	9.8442e-05	1.522e-15
34.85	3.198e-07	0.0003884	0.00029046	9.7938e-05	1.5487e-15
34.86	2.8082e-07	0.00034126	0.00025531	8.5942e-05	1.541e-15
34.87	3.4353e-07	0.0004177	0.00031238	0.00010532	1.5177e-15
34.88	2.9048e-07	0.0003534	0.00026431	8.9092e-05	1.5179e-15
34.89	3.015e-07	0.00036701	0.0002746	9.2418e-05	1.5171e-15
34.9	3.3224e-07	0.00040467	0.00030256	0.00010211	1.5586e-15
34.91	2.8704e-07	0.00034982	0.00026165	8.817e-05	1.5456e-15
34.92	3.085e-07	0.00037618	0.00028145	9.4733e-05	1.5728e-15
34.93	3.2072e-07	0.00039131	0.00029258	9.8734e-05	1.6003e-15
34.94	2.947e-07	0.00035977	0.00026912	9.0655e-05	1.5747e-15
34.95	2.971e-07	0.00036291	0.00027148	9.1425e-05	1.581e-15
34.96	3.3482e-07	0.00040922	0.00030598	0.00010324	1.5818e-15
34.97	2.7575e-07	0.00033722	0.00025223	8.4988e-05	1.6018e-15
34.98	3.1111e-07	0.00038068	0.0002848	9.5876e-05	1.5813e-15
34.99	3.3885e-07	0.00041486	0.00031021	0.00010464	1.5794e-15
35	2.4905e-07	0.00030508	0.00022815	7.6935e-05	1.6124e-15
35.01	3.5238e-07	0.00043191	0.00032314	0.00010877	1.6265e-15
35.02	3.0177e-07	0.00037008	0.00027675	9.3336e-05	1.65e-15
35.03	2.6436e-07	0.00032439	0.00024263	8.1765e-05	1.6535e-15
35.04	3.6668e-07	0.0004502	0.00033679	0.00011342	1.6702e-15
35.05	2.5805e-07	0.00031701	0.00023703	7.9987e-05	1.6671e-15
35.06	3.1074e-07	0.00038196	0.00028573	9.6227e-05	1.6792e-15
35.07	3.3425e-07	0.00041109	0.0003075	0.00010359	1.6849e-15
35.08	2.5509e-07	0.00031391	0.00023471	7.9208e-05	1.6795e-15
35.09	3.3604e-07	0.00041377	0.00030954	0.00010423	1.7079e-15
35.1	2.9605e-07	0.00036473	0.00027278	9.1946e-05	1.7035e-15
35.11	2.7862e-07	0.00034346	0.00025684	8.6619e-05	1.7276e-15
35.12	3.2744e-07	0.00040386	0.00030214	0.00010173	1.728e-15
35.13	2.8464e-07	0.00035128	0.00026269	8.859e-05	1.7204e-15
35.14	2.9202e-07	0.00036059	0.00026969	9.09e-05	1.7304e-15
35.15	3.1409e-07	0.00038807	0.00029028	9.7783e-05	1.7213e-15
35.16	2.8771e-07	0.00035567	0.00026598	8.9697e-05	1.7421e-15
35.17	2.9141e-07	0.00036045	0.00026961	9.0845e-05	1.7319e-15
35.18	3.1073e-07	0.00038457	0.00028763	9.6938e-05	1.7388e-15
35.19	2.8794e-07	0.00035657	0.00026669	8.9876e-05	1.7424e-15
35.2	2.8964e-07	0.00035887	0.00026838	9.0497e-05	1.7223e-15
35.21	3.1056e-07	0.00038502	0.000288	9.7021e-05	1.7288e-15
35.22	2.8596e-07	0.00035472	0.00026533	8.9388e-05	1.7546e-15
35.23	2.8845e-07	0.00035801	0.00026767	9.0331e-05	1.7593e-15
35.24	3.1077e-07	0.00038593	0.00028878	9.7151e-05	1.7194e-15
35.25	2.8333e-07	0.00035206	0.00026324	8.8821e-05	1.7471e-15
35.26	2.8753e-07	0.00035748	0.00026733	9.0153e-05	1.7399e-15
35.27	3.1155e-07	0.00038755	0.00029005	9.7507e-05	1.7187e-15
35.28	2.7908e-07	0.00034737	0.00025961	8.776e-05	1.7431e-15
35.29	2.8866e-07	0.00035949	0.000269	9.0494e-05	1.7309e-15
35.3	3.105e-07	0.00038691	0.00028945	9.7458e-05	1.7484e-15
35.31	2.7592e-07	0.00034401	0.0002571	8.6908e-05	1.7245e-15
35.32	2.8897e-07	0.00036049	0.00026985	9.0638e-05	1.727e-15
35.33	3.1097e-07	0.00038815	0.00029019	9.7962e-05	1.7478e-15
35.34	2.7156e-07	0.00033916	0.00025363	8.553e-05	1.7333e-15
35.35	2.9014e-07	0.00036257	0.00027134	9.1235e-05	1.7556e-15
35.36	3.1317e-07	0.00039157	0.00029269	9.8886e-05	1.7507e-15
35.37	2.6129e-07	0.00032688	0.0002446	8.228e-05	1.7539e-15
35.38	3.0065e-07	0.00037634	0.00028147	9.487e-05	1.7314e-15
35.39	3.0655e-07	0.00038394	0.00028707	9.6872e-05	1.7249e-15
35.4	2.5526e-07	0.00031988	0.00023937	8.0515e-05	1.734e-15
35.41	3.148e-07	0.00039472	0.00029513	9.959e-05	1.7169e-15
35.42	2.8786e-07	0.00036114	0.00027014	9.0999e-05	1.7366e-15
35.43	2.6405e-07	0.00033145	0.00024793	8.3528e-05	1.7196e-15
35.44	3.166e-07	0.00039765	0.00029735	0.0001003	1.7099e-15
35.45	2.7271e-07	0.00034272	0.00025638	8.634e-05	1.6869e-15
35.46	2.7773e-07	0.00034922	0.00026117	8.8047e-05	1.6744e-15
35.47	3.0756e-07	0.00038695	0.00028941	9.7535e-05	1.6959e-15
35.48	2.6866e-07	0.00033819	0.00025295	8.5244e-05	1.6846e-15
35.49	2.8446e-07	0.00035829	0.00026799	9.0298e-05	1.7023e-15
35.5	3.0113e-07	0.0003795	0.00028382	9.568e-05	1.6904e-15
35.51	2.6525e-07	0.00033447	0.00025016	8.431e-05	1.6639e-15
35.52	2.9028e-07	0.00036624	0.00027397	9.2262e-05	1.6585e-15
35.53	2.9532e-07	0.00037281	0.00027876	9.4052e-05	1.666e-15
35.54	2.6117e-07	0.00032988	0.00024681	8.3078e-05	1.6644e-15
35.55	3.0003e-07	0.00037918	0.00028361	9.5576e-05	1.6671e-15
35.56	2.8297e-07	0.00035782	0.00026755	9.0268e-05	1.6976e-15
35.57	2.6453e-07	0.00033469	0.00025044	8.425e-05	1.6713e-15
35.58	3.0397e-07	0.00038481	0.00028771	9.7092e-05	1.6808e-15
35.59	2.714e-07	0.00034376	0.00025713	8.6635e-05	1.6803e-15
35.6	2.7125e-07	0.00034378	0.00025717	8.6604e-05	1.6598e-15
35.61	3.0275e-07	0.00038391	0.00028704	9.6868e-05	1.6733e-15
35.62	2.6471e-07	0.00033586	0.00025128	8.4576e-05	1.6488e-15
35.63	2.7526e-07	0.00034944	0.00026131	8.8122e-05	1.6752e-15
35.64	3.0411e-07	0.00038629	0.00028891	9.7378e-05	1.6819e-15
35.65	2.5306e-07	0.00032161	0.00024059	8.1024e-05	1.6911e-15
35.66	2.8748e-07	0.00036557	0.00027338	9.2193e-05	1.7061e-15
35.67	2.9748e-07	0.0003785	0.00028313	9.5363e-05	1.6516e-15
35.68	2.443e-07	0.00031101	0.0002326	7.8406e-05	1.6495e-15
35.69	3.0756e-07	0.00039176	0.00029302	9.8741e-05	1.6448e-15
35.7	2.7172e-07	0.00034631	0.00025902	8.7289e-05	1.6436e-15
35.71	2.5967e-07	0.00033113	0.00024768	8.3452e-05	1.6746e-15
35.72	3.0681e-07	0.00039146	0.00029279	9.8673e-05	1.6738e-15
35.73	2.5183e-07	0.0003215	0.00024044	8.1055e-05	1.6598e-15
35.74	2.8652e-07	0.00036599	0.0002738	9.2189e-05	1.6649e-15
35.75	2.7873e-07	0.00035623	0.00026637	8.9857e-05	1.6612e-15
35.76	2.6494e-07	0.0003388	0.00025346	8.5336e-05	1.6322e-15
35.77	2.8658e-07	0.00036668	0.00027426	9.242e-05	1.6549e-15
35.78	2.6208e-07	0.00033552	0.00025086	8.4659e-05	1.69e-15
35.79	2.8645e-07	0.00036692	0.00027458	9.2338e-05	1.7039e-15
35.8	2.6244e-07	0.00033636	0.00025148	8.4876e-05	1.7078e-15
35.81	2.7893e-07	0.00035768	0.00026753	9.0153e-05	1.7201e-15
35.82	2.7783e-07	0.00035648	0.00026675	8.9731e-05	1.7327e-15
35.83	2.5666e-07	0.00032949	0.00024629	8.3205e-05	1.7158e-15
35.84	2.9523e-07	0.00037922	0.00028372	9.5501e-05	1.7231e-15
35.85	2.5205e-07	0.00032394	0.00024233	8.161e-05	1.7129e-15
35.86	2.8006e-07	0.00036014	0.00026924	9.0894e-05	1.7184e-15
35.87	2.8055e-07	0.00036097	0.00027009	9.0885e-05	1.7246e-15
35.88	2.4795e-07	0.0003192	0.00023874	8.0462e-05	1.7103e-15
35.89	2.977e-07	0.00038347	0.00028674	9.673e-05	1.7342e-15
35.9	2.5458e-07	0.00032811	0.00024548	8.2625e-05	1.7419e-15
35.91	2.667e-07	0.00034392	0.00025722	8.6704e-05	1.7604e-15
35.92	2.9018e-07	0.00037441	0.00027995	9.4456e-05	1.7653e-15
35.93	2.4565e-07	0.00031713	0.00023727	7.9855e-05	1.7901e-15
35.94	2.8078e-07	0.00036268	0.00027126	9.1421e-05	1.8037e-15
35.95	2.7509e-07	0.00035552	0.00026582	8.9702e-05	1.7782e-15
35.96	2.5049e-07	0.00032391	0.00024237	8.1541e-05	1.8036e-15
35.97	2.8159e-07	0.00036434	0.00027246	9.1878e-05	1.7948e-15
35.98	2.6818e-07	0.00034718	0.0002596	8.7575e-05	1.8038e-15
35.99	2.5372e-07	0.00032864	0.00024593	8.2701e-05	1.8105e-15
36	2.7949e-07	0.00036222	0.00027082	9.1405e-05	1.8096e-15
36.01	2.658e-07	0.00034467	0.00025779	8.6881e-05	1.8376e-15
36.02	2.5229e-07	0.00032733	0.00024491	8.242e-05	1.8323e-15
36.03	2.8151e-07	0.00036545	0.00027319	9.2254e-05	1.8518e-15
36.04	2.6211e-07	0.00034045	0.00025473	8.5721e-05	1.8294e-15
36.05	2.509e-07	0.00032607	0.00024387	8.2201e-05	1.8183e-15
36.06	2.8654e-07	0.00037259	0.0002786	9.3994e-05	1.8319e-15
36.07	2.5254e-07	0.00032856	0.00024587	8.269e-05	1.8237e-15
36.08	2.5589e-07	0.00033311	0.00024903	8.4074e-05	1.836e-15
36.09	2.8819e-07	0.00037536	0.00028079	9.4564e-05	1.838e-15
36.1	2.3961e-07	0.00031226	0.0002336	7.8662e-05	1.8593e-15
36.11	2.711e-07	0.0003535	0.00026429	8.9213e-05	1.8295e-15
36.12	2.76e-07	0.00036009	0.00026946	9.0628e-05	1.8252e-15
36.13	2.3736e-07	0.00030984	0.00023167	7.8168e-05	1.8534e-15
36.14	2.8428e-07	0.0003713	0.00027769	9.3609e-05	1.8475e-15
36.15	2.543e-07	0.00033232	0.00024865	8.3667e-05	1.8716e-15
36.16	2.5252e-07	0.00033019	0.00024685	8.3333e-05	1.8691e-15
36.17	2.7869e-07	0.0003646	0.00027277	9.1829e-05	1.8827e-15
36.18	2.4442e-07	0.00031995	0.00023931	8.0643e-05	1.8709e-15
36.19	2.6683e-07	0.00034948	0.00026134	8.814e-05	1.8717e-15
36.2	2.629e-07	0.00034452	0.00025775	8.677e-05	1.8994e-15
36.21	2.5109e-07	0.00032922	0.00024619	8.3025e-05	1.8858e-15
36.22	2.6479e-07	0.00034738	0.00025984	8.7538e-05	1.9081e-15
36.23	2.5909e-07	0.00034008	0.00025437	8.5709e-05	1.8921e-15
36.24	2.5309e-07	0.00033239	0.00024859	8.3806e-05	1.892e-15
36.25	2.6054e-07	0.00034236	0.0002561	8.6263e-05	1.9026e-15
36.26	2.6398e-07	0.00034708	0.00025955	8.7526e-05	1.8982e-15
36.27	2.4369e-07	0.00032058	0.0002398	8.0779e-05	1.918e-15
36.28	2.6983e-07	0.00035516	0.00026565	8.951e-05	1.8983e-15
36.29	2.5636e-07	0.00033761	0.00025248	8.5135e-05	1.8931e-15
36.3	2.4105e-07	0.00031762	0.00023762	8.0005e-05	1.8786e-15
36.31	2.8013e-07	0.00036933	0.00027622	9.3109e-05	1.8803e-15
36.32	2.3942e-07	0.00031583	0.00023621	7.9621e-05	1.877e-15
36.33	2.5392e-07	0.00033513	0.00025072	8.4417e-05	1.8753e-15
36.34	2.7506e-07	0.00036324	0.00027165	9.1591e-05	1.9009e-15
36.35	2.3108e-07	0.00030534	0.00022837	7.6965e-05	1.8656e-15
36.36	2.6705e-07	0.00035305	0.00026413	8.8923e-05	1.8707e-15
36.37	2.6075e-07	0.00034491	0.00025792	8.6987e-05	1.8736e-15
36.38	2.3495e-07	0.00031095	0.00023258	7.8374e-05	1.8501e-15
36.39	2.7152e-07	0.00035956	0.000269	9.0557e-05	1.8569e-15
36.4	2.4744e-07	0.00032785	0.00024513	8.272e-05	1.878e-15
36.41	2.4441e-07	0.00032402	0.0002424	8.1616e-05	1.9009e-15
36.42	2.6873e-07	0.00035645	0.00026664	8.9807e-05	1.8829e-15
36.43	2.3731e-07	0.00031495	0.00023546	7.949e-05	1.8877e-15
36.44	2.5866e-07	0.00034347	0.00025702	8.6451e-05	1.8711e-15
36.45	2.5522e-07	0.00033909	0.00025358	8.5504e-05	1.8521e-15
36.46	2.3807e-07	0.00031647	0.00023667	7.9803e-05	1.8538e-15
36.47	2.6898e-07	0.00035776	0.00026771	9.0047e-05	1.8393e-15
36.48	2.3488e-07	0.00031258	0.0002337	7.8886e-05	1.8557e-15
36.49	2.5541e-07	0.00034008	0.00025443	8.5656e-05	1.8646e-15
36.5	2.6048e-07	0.00034703	0.00025959	8.7432e-05	1.8707e-15
36.51	2.2788e-07	0.00030376	0.00022712	7.6636e-05	1.835e-15
36.52	2.7158e-07	0.0003622	0.00027101	9.1191e-05	1.8106e-15
36.53	2.4003e-07	0.0003203	0.00023954	8.0759e-05	1.8178e-15
36.54	2.3962e-07	0.00031993	0.00023931	8.0622e-05	1.8084e-15
36.55	2.6784e-07	0.00035781	0.00026766	9.0148e-05	1.8219e-15
36.56	2.3174e-07	0.00030976	0.00023163	7.8126e-05	1.808e-15
36.57	2.5028e-07	0.00033471	0.00025039	8.4327e-05	1.8215e-15
36.58	2.5647e-07	0.00034318	0.00025667	8.6511e-05	1.833e-15
36.59	2.3583e-07	0.00031574	0.00023615	7.9583e-05	1.8173e-15
36.6	2.4822e-07	0.00033251	0.00024872	8.3785e-05	1.8202e-15
36.61	2.5499e-07	0.00034176	0.0002556	8.6152e-05	1.8422e-15
36.62	2.3437e-07	0.0003143	0.00023509	7.921e-05	1.8731e-15
36.63	2.4865e-07	0.00033363	0.00024954	8.4084e-05	1.8544e-15
36.64	2.5469e-07	0.00034193	0.00025575	8.618e-05	1.8741e-15
36.65	2.2839e-07	0.00030678	0.00022946	7.7317e-05	1.8678e-15
36.66	2.5773e-07	0.00034637	0.00025909	8.7288e-05	1.8457e-15
36.67	2.4301e-07	0.00032678	0.00024441	8.2368e-05	1.869e-15
36.68	2.3324e-07	0.00031381	0.00023473	7.9078e-05	1.8642e-15
36.69	2.6004e-07	0.00035005	0.00026183	8.8223e-05	1.8837e-15
36.7	2.3037e-07	0.00031029	0.00023207	7.822e-05	1.8684e-15
36.71	2.4617e-07	0.00033174	0.00024816	8.358e-05	1.8892e-15
36.72	2.4988e-07	0.00033693	0.00025201	8.4927e-05	1.9064e-15
36.73	2.2941e-07	0.00030949	0.00023148	7.801e-05	1.8771e-15
36.74	2.528e-07	0.00034123	0.00025524	8.5994e-05	1.9259e-15
36.75	2.3882e-07	0.00032255	0.00024122	8.1323e-05	1.9438e-15
36.76	2.3405e-07	0.00031627	0.00023656	7.9708e-05	1.9388e-15
36.77	2.5135e-07	0.00033983	0.00025418	8.5649e-05	1.9026e-15
36.78	2.3293e-07	0.00031509	0.00023565	7.9444e-05	1.8804e-15
36.79	2.3942e-07	0.00032406	0.00024239	8.1669e-05	1.9214e-15
36.8	2.5014e-07	0.00033875	0.00025338	8.5372e-05	1.9317e-15
36.81	2.2957e-07	0.00031106	0.00023265	7.8407e-05	1.9435e-15
36.82	2.4236e-07	0.00032857	0.00024577	8.2802e-05	1.9626e-15
36.83	2.4553e-07	0.00033304	0.00024911	8.3935e-05	1.9746e-15
36.84	2.2949e-07	0.00031146	0.00023296	7.8495e-05	1.9596e-15
36.85	2.4244e-07	0.00032921	0.00024624	8.2974e-05	1.9759e-15
36.86	2.4267e-07	0.00032971	0.00024662	8.3094e-05	1.9814e-15
36.87	2.3059e-07	0.00031346	0.00023446	7.9003e-05	1.9718e-15
36.88	2.387e-07	0.00032467	0.00024283	8.1839e-05	2.0072e-15
36.89	2.4541e-07	0.00033397	0.00024981	8.4155e-05	1.9887e-15
36.9	2.2556e-07	0.00030712	0.00022968	7.7436e-05	2.0017e-15
36.91	2.4068e-07	0.00032789	0.00024526	8.2632e-05	2.0093e-15
36.92	2.4492e-07	0.00033385	0.00024973	8.412e-05	1.9851e-15
36.93	2.1976e-07	0.00029971	0.00022413	7.5581e-05	1.9834e-15
36.94	2.489e-07	0.00033965	0.00025408	8.5561e-05	1.9749e-15
36.95	2.3368e-07	0.00031905	0.00023861	8.0436e-05	1.9893e-15
36.96	2.2421e-07	0.00030628	0.00022906	7.7219e-05	1.9651e-15
36.97	2.4896e-07	0.00034028	0.00025456	8.5721e-05	1.9767e-15
36.98	2.2938e-07	0.00031368	0.00023456	7.9115e-05	1.9845e-15
36.99	2.3633e-07	0.00032336	0.00024191	8.1453e-05	1.972e-15
37	2.3642e-07	0.00032365	0.00024209	8.1565e-05	1.9953e-15
37.01	2.3155e-07	0.00031717	0.0002372	7.997e-05	1.9907e-15
37.02	2.3383e-07	0.00032045	0.00023976	8.0692e-05	2.0116e-15
37.03	2.3309e-07	0.00031962	0.00023901	8.0612e-05	1.9918e-15
37.04	2.3445e-07	0.00032165	0.00024062	8.1037e-05	1.9828e-15
37.05	2.2809e-07	0.0003131	0.00023423	7.887e-05	1.9855e-15
37.06	2.3828e-07	0.00032727	0.00024471	8.2554e-05	1.9779e-15
37.07	2.257e-07	0.00031015	0.00023208	7.8072e-05	2.0117e-15
37.08	2.3527e-07	0.00032348	0.00024192	8.1557e-05	1.9867e-15
37.09	2.3314e-07	0.00032072	0.00023984	8.0877e-05	1.9929e-15
37.1	2.2165e-07	0.00030508	0.00022829	7.6789e-05	2.0012e-15
37.11	2.4588e-07	0.00033861	0.00025319	8.5426e-05	1.9981e-15
37.12	2.1654e-07	0.00029836	0.00022319	7.5174e-05	2.0103e-15
37.13	2.3439e-07	0.00032314	0.00024176	8.1385e-05	1.9859e-15
37.14	2.4084e-07	0.00033221	0.0002484	8.3816e-05	1.9888e-15
37.15	2.0867e-07	0.00028798	0.00021547	7.2512e-05	1.9766e-15
37.16	2.4876e-07	0.00034351	0.00025694	8.6574e-05	1.9668e-15
37.17	2.2475e-07	0.00031051	0.0002322	7.8309e-05	1.945e-15
37.18	2.1536e-07	0.00029771	0.00022274	7.4964e-05	1.945e-15
37.19	2.5106e-07	0.00034724	0.00025969	8.7543e-05	1.9702e-15
37.2	2.1315e-07	0.00029496	0.0002206	7.4363e-05	1.9532e-15
37.21	2.248e-07	0.00031125	0.00023286	7.839e-05	1.9675e-15
37.22	2.4717e-07	0.00034242	0.00025609	8.6321e-05	1.9805e-15
37.23	2.0648e-07	0.0002862	0.00021405	7.2145e-05	1.9828e-15
37.24	2.3321e-07	0.00032343	0.00024198	8.1448e-05	1.9679e-15
37.25	2.4083e-07	0.00033417	0.00024991	8.4259e-05	1.9905e-15
37.26	2.0338e-07	0.00028235	0.00021118	7.1171e-05	2.0119e-15
37.27	2.4554e-07	0.00034107	0.00025518	8.5896e-05	1.9828e-15
37.28	2.2566e-07	0.00031362	0.00023451	7.911e-05	2.0125e-15
37.29	2.0708e-07	0.00028795	0.00021542	7.2525e-05	2.0047e-15
37.3	2.5198e-07	0.00035058	0.00026228	8.8304e-05	1.997e-15
37.31	2.084e-07	0.0002901	0.00021691	7.319e-05	2.0161e-15
37.32	2.2198e-07	0.00030917	0.00023133	7.7839e-05	2.0295e-15
37.33	2.4556e-07	0.00034219	0.00025595	8.6242e-05	2.045e-15
37.34	1.9969e-07	0.00027842	0.00020819	7.0228e-05	2.0353e-15
37.35	2.3617e-07	0.00032946	0.00024652	8.2941e-05	2.0463e-15
37.36	2.3253e-07	0.00032456	0.00024272	8.1837e-05	2.0111e-15
37.37	2.0023e-07	0.00027963	0.00020912	7.0509e-05	2.0185e-15
37.38	2.4397e-07	0.00034088	0.00025508	8.5803e-05	2.0352e-15
37.39	2.2048e-07	0.00030824	0.00023049	7.775e-05	2.0104e-15
37.4	2.0436e-07	0.00028585	0.00021381	7.2039e-05	2.0298e-15
37.41	2.4796e-07	0.00034702	0.00025969	8.7335e-05	2.011e-15
37.42	2.0907e-07	0.00029276	0.00021887	7.3884e-05	2.0121e-15
37.43	2.1182e-07	0.00029676	0.00022202	7.4739e-05	2.0139e-15
37.44	2.4726e-07	0.00034659	0.00025933	8.7267e-05	2.0167e-15
37.45	2e-07	0.0002805	0.00020969	7.0812e-05	2.019e-15
37.46	2.2128e-07	0.00031051	0.00023234	7.8168e-05	2.0223e-15
37.47	2.4122e-07	0.00033868	0.00025335	8.5333e-05	2.0578e-15
37.48	1.9601e-07	0.00027534	0.00020587	6.9473e-05	2.043e-15
37.49	2.2804e-07	0.00032052	0.00023982	8.0698e-05	2.0739e-15
37.5	2.3461e-07	0.00032992	0.00024678	8.3147e-05	2.0773e-15
37.51	1.9411e-07	0.00027312	0.00020423	6.8886e-05	2.0755e-15
37.52	2.3435e-07	0.0003299	0.00024682	8.3086e-05	2.1086e-15
37.53	2.2618e-07	0.00031858	0.00023832	8.0259e-05	2.0918e-15
37.54	1.9445e-07	0.00027404	0.0002049	6.9138e-05	2.1124e-15
37.55	2.4146e-07	0.00034046	0.00025473	8.5728e-05	2.0982e-15
37.56	2.1208e-07	0.0002992	0.00022382	7.5376e-05	2.1087e-15
37.57	2.0436e-07	0.00028846	0.00021566	7.2799e-05	2.1171e-15
37.58	2.3849e-07	0.00033681	0.00025205	8.4762e-05	2.0997e-15
37.59	2.0204e-07	0.00028549	0.00021351	7.1977e-05	2.13e-15
37.6	2.1841e-07	0.00030877	0.00023087	7.7903e-05	2.1266e-15
37.61	2.2311e-07	0.00031559	0.00023619	7.9395e-05	2.1454e-15
37.62	2.0802e-07	0.0002944	0.00022012	7.4276e-05	2.1277e-15
37.63	2.1886e-07	0.00030992	0.00023179	7.8131e-05	2.1347e-15
37.64	2.1415e-07	0.0003034	0.00022707	7.6329e-05	2.1663e-15
37.65	2.1754e-07	0.00030837	0.00023055	7.7817e-05	2.1429e-15
37.66	2.0788e-07	0.00029483	0.00022054	7.4281e-05	2.1705e-15
37.67	2.2169e-07	0.00031459	0.00023541	7.9178e-05	2.175e-15
37.68	2.1169e-07	0.00030055	0.00022468	7.587e-05	2.1633e-15
37.69	2.0747e-07	0.00029472	0.0002205	7.4212e-05	2.1657e-15
37.7	2.271e-07	0.00032277	0.00024149	8.128e-05	2.1833e-15
37.71	1.9922e-07	0.0002833	0.00021177	7.153e-05	2.1821e-15
37.72	2.2027e-07	0.0003134	0.00023454	7.8863e-05	2.1646e-15
37.73	2.1641e-07	0.00030808	0.00023044	7.764e-05	2.1883e-15
37.74	2.0005e-07	0.00028493	0.00021303	7.1901e-05	2.1811e-15
37.75	2.2636e-07	0.00032258	0.00024144	8.1134e-05	2.1849e-15
37.76	2.0396e-07	0.00029082	0.00021745	7.337e-05	2.1951e-15
37.77	2.0938e-07	0.00029869	0.00022342	7.5279e-05	2.2143e-15
37.78	2.2065e-07	0.00031494	0.0002357	7.924e-05	2.2061e-15
37.79	2.0215e-07	0.00028869	0.00021581	7.2877e-05	2.1912e-15
37.8	2.1187e-07	0.00030272	0.00022651	7.6208e-05	2.2231e-15
37.81	2.1741e-07	0.00031081	0.00023251	7.8295e-05	2.1982e-15
37.82	2.0141e-07	0.00028809	0.0002154	7.2688e-05	2.215e-15
37.83	2.1155e-07	0.00030275	0.00022656	7.6188e-05	2.2032e-15
37.84	2.1849e-07	0.00031285	0.00023395	7.8898e-05	2.1863e-15
37.85	1.9538e-07	0.00027991	0.00020936	7.0551e-05	2.2329e-15
37.86	2.179e-07	0.00031233	0.00023368	7.865e-05	2.2035e-15
37.87	2.1304e-07	0.00030553	0.00022847	7.7057e-05	2.2114e-15
37.88	1.9377e-07	0.00027805	0.00020802	7.003e-05	2.2233e-15
37.89	2.2395e-07	0.00032151	0.00024049	8.1021e-05	2.2187e-15
37.9	2.0267e-07	0.00029112	0.00021774	7.3382e-05	2.2304e-15
37.91	2.0017e-07	0.00028768	0.0002152	7.2479e-05	2.2322e-15
37.92	2.2177e-07	0.00031889	0.00023852	8.0369e-05	2.2226e-15
37.93	1.9703e-07	0.00028347	0.00021203	7.1435e-05	2.1953e-15
37.94	2.0595e-07	0.00029645	0.00022174	7.4713e-05	2.2194e-15
37.95	2.1708e-07	0.00031263	0.00023387	7.8763e-05	2.2042e-15
37.96	1.9548e-07	0.00028168	0.00021067	7.1009e-05	2.2146e-15
37.97	2.085e-07	0.0003006	0.00022486	7.5736e-05	2.239e-15
37.98	2.133e-07	0.00030768	0.00023014	7.7534e-05	2.2021e-15
37.99	1.9447e-07	0.00028067	0.00020991	7.0755e-05	2.2178e-15
38	2.1178e-07	0.00030581	0.00022879	7.7016e-05	2.2139e-15
38.01	2.0634e-07	0.00029812	0.00022294	7.5172e-05	2.209e-15
38.02	1.9754e-07	0.00028554	0.00021361	7.1929e-05	2.1999e-15
38.03	2.1287e-07	0.00030787	0.00023029	7.7571e-05	2.1759e-15
38.04	1.9861e-07	0.00028739	0.00021491	7.248e-05	2.1749e-15
38.05	2.0372e-07	0.00029494	0.00022069	7.4252e-05	2.1797e-15
38.06	2.0875e-07	0.00030239	0.00022614	7.6251e-05	2.1853e-15
38.07	1.9651e-07	0.0002848	0.00021304	7.1765e-05	2.1643e-15
38.08	2.0642e-07	0.00029933	0.00022394	7.5386e-05	2.1876e-15
38.09	2.0523e-07	0.00029775	0.00022265	7.5096e-05	2.1754e-15
38.1	1.9588e-07	0.00028435	0.00021276	7.1591e-05	2.1523e-15
38.11	2.071e-07	0.00030079	0.00022497	7.5815e-05	2.1806e-15
38.12	2.0419e-07	0.00029672	0.00022191	7.4806e-05	2.1854e-15
38.13	1.9228e-07	0.00027955	0.00020917	7.0382e-05	2.207e-15
38.14	2.1199e-07	0.00030837	0.00023062	7.7748e-05	2.2031e-15
38.15	1.983e-07	0.00028861	0.00021588	7.273e-05	2.2058e-15
38.16	1.9268e-07	0.00028057	0.00020991	7.0658e-05	2.1959e-15
38.17	2.1639e-07	0.00031527	0.00023578	7.9495e-05	2.1852e-15
38.18	1.8798e-07	0.00027401	0.00020497	6.9049e-05	2.2108e-15
38.19	2.0132e-07	0.00029362	0.00021968	7.3942e-05	2.2053e-15
38.2	2.1148e-07	0.0003086	0.00023078	7.782e-05	2.2142e-15
38.21	1.8388e-07	0.00026847	0.00020083	6.7631e-05	2.1792e-15
38.22	2.0958e-07	0.00030615	0.00022905	7.7103e-05	2.1549e-15
38.23	2.0034e-07	0.0002928	0.00021895	7.3857e-05	2.1626e-15
38.24	1.8897e-07	0.00027633	0.00020676	6.9577e-05	2.1743e-15
38.25	2.1002e-07	0.00030727	0.00022985	7.7412e-05	2.2169e-15
38.26	1.9188e-07	0.00028088	0.00021003	7.085e-05	2.1826e-15
38.27	1.9719e-07	0.00028881	0.00021612	7.269e-05	2.1728e-15
38.28	2.0421e-07	0.00029924	0.0002238	7.5441e-05	2.2058e-15
38.29	1.8899e-07	0.00027708	0.00020721	6.9865e-05	2.2052e-15
38.3	2.0417e-07	0.00029949	0.00022411	7.5377e-05	2.2183e-15
38.31	1.9456e-07	0.00028554	0.00021351	7.203e-05	2.2239e-15
38.32	1.9283e-07	0.00028315	0.00021181	7.1345e-05	2.1983e-15
38.33	2.0594e-07	0.00030256	0.00022639	7.6168e-05	2.1974e-15
38.34	1.8553e-07	0.00027273	0.00020392	6.881e-05	2.2384e-15
38.35	2.0215e-07	0.0002973	0.00022244	7.486e-05	2.2161e-15
38.36	1.9832e-07	0.00029183	0.00021832	7.351e-05	2.2118e-15
38.37	1.8569e-07	0.00027338	0.00020442	6.8956e-05	2.2311e-15
38.38	2.0633e-07	0.00030393	0.0002274	7.6525e-05	2.2005e-15
38.39	1.8892e-07	0.00027843	0.00020826	7.017e-05	2.2065e-15
38.4	1.9361e-07	0.00028549	0.00021352	7.1967e-05	2.2023e-15
38.41	1.9938e-07	0.00029415	0.00022007	7.4089e-05	2.187e-15
38.42	1.9002e-07	0.00028049	0.00020981	7.0685e-05	2.1886e-15
38.43	1.9485e-07	0.00028777	0.00021524	7.2533e-05	2.193e-15
38.44	1.9345e-07	0.00028584	0.00021383	7.2015e-05	2.1835e-15
38.45	1.9583e-07	0.00028952	0.00021659	7.2931e-05	2.1838e-15
38.46	1.874e-07	0.00027719	0.0002073	6.9894e-05	2.2018e-15
38.47	1.9846e-07	0.0002937	0.00021973	7.3968e-05	2.177e-15
38.48	1.9175e-07	0.00028393	0.00021241	7.152e-05	2.1653e-15
38.49	1.8668e-07	0.00027656	0.00020681	6.9749e-05	2.1624e-15
38.5	2.0168e-07	0.00029894	0.00022369	7.5246e-05	2.1791e-15
38.51	1.8343e-07	0.00027203	0.00020346	6.8569e-05	2.186e-15
38.52	1.9554e-07	0.00029014	0.00021699	7.3152e-05	2.1825e-15
38.53	1.9218e-07	0.0002853	0.0002135	7.1802e-05	2.2033e-15
38.54	1.8702e-07	0.00027778	0.00020772	7.0057e-05	2.167e-15
38.55	1.9686e-07	0.00029256	0.00021884	7.3714e-05	2.1728e-15
38.56	1.8319e-07	0.00027238	0.0002038	6.858e-05	2.1799e-15
38.57	1.976e-07	0.00029396	0.00021983	7.4135e-05	2.1849e-15
38.58	1.8617e-07	0.0002771	0.00020731	6.9795e-05	2.2191e-15
38.59	1.8743e-07	0.00027912	0.0002088	7.0322e-05	2.1916e-15
38.6	1.9821e-07	0.00029532	0.00022088	7.4438e-05	2.2105e-15
38.61	1.7934e-07	0.00026735	0.00020001	6.734e-05	2.2057e-15
38.62	1.9449e-07	0.00029008	0.00021698	7.3101e-05	2.1827e-15
38.63	1.9086e-07	0.00028482	0.00021305	7.1767e-05	2.19e-15
38.64	1.8213e-07	0.00027193	0.00020341	6.8523e-05	2.17e-15
38.65	1.9299e-07	0.00028829	0.00021566	7.2632e-05	2.169e-15
38.66	1.8877e-07	0.00028213	0.00021104	7.109e-05	2.149e-15
38.67	1.8326e-07	0.00027404	0.00020496	6.9076e-05	2.141e-15
38.68	1.9031e-07	0.00028472	0.00021301	7.1714e-05	2.1427e-15
38.69	1.9042e-07	0.00028504	0.00021321	7.1829e-05	2.1406e-15
38.7	1.7931e-07	0.00026855	0.00020086	6.7686e-05	2.1398e-15
38.71	1.9358e-07	0.00029007	0.000217	7.3064e-05	2.1472e-15
38.72	1.8669e-07	0.00027989	0.00020936	7.0535e-05	2.1702e-15
38.73	1.7891e-07	0.00026837	0.00020074	6.7632e-05	2.1634e-15
38.74	1.963e-07	0.0002946	0.0002204	7.42e-05	2.1794e-15
38.75	1.7983e-07	0.00027003	0.00020198	6.8048e-05	2.1701e-15
38.76	1.8409e-07	0.00027656	0.00020686	6.9704e-05	2.1595e-15
38.77	1.9332e-07	0.00029058	0.0002174	7.3183e-05	2.174e-15
38.78	1.7631e-07	0.00026515	0.00019831	6.6839e-05	2.1734e-15
38.79	1.8916e-07	0.00028463	0.00021291	7.1713e-05	2.1801e-15
38.8	1.8749e-07	0.00028226	0.00021116	7.1091e-05	2.1525e-15
38.81	1.7626e-07	0.00026548	0.00019854	6.6947e-05	2.1544e-15
38.82	1.9288e-07	0.00029066	0.00021747	7.3196e-05	2.1464e-15
38.83	1.8037e-07	0.00027196	0.00020342	6.8543e-05	2.1413e-15
38.84	1.7944e-07	0.00027069	0.00020246	6.8224e-05	2.1591e-15
38.85	1.9388e-07	0.00029263	0.00021894	7.3684e-05	2.1358e-15
38.86	1.7294e-07	0.00026116	0.0001953	6.5862e-05	2.1521e-15
38.87	1.8665e-07	0.00028201	0.00021099	7.1016e-05	2.1401e-15
38.88	1.8862e-07	0.00028513	0.00021328	7.185e-05	2.1215e-15
38.89	1.7113e-07	0.00025882	0.00019358	6.5245e-05	2.1223e-15
38.9	1.9173e-07	0.00029012	0.00021708	7.3042e-05	2.1224e-15
38.91	1.8057e-07	0.00027338	0.00020444	6.8938e-05	2.1457e-15
38.92	1.7561e-07	0.000266	0.00019901	6.6994e-05	2.141e-15
38.93	1.8926e-07	0.00028683	0.00021458	7.2253e-05	2.161e-15
38.94	1.7834e-07	0.00027042	0.00020223	6.8187e-05	2.1592e-15
38.95	1.778e-07	0.00026974	0.00020181	6.7924e-05	2.1628e-15
38.96	1.8537e-07	0.00028137	0.00021046	7.0916e-05	2.1794e-15
38.97	1.8045e-07	0.00027404	0.00020498	6.9061e-05	2.1647e-15
38.98	1.744e-07	0.00026499	0.00019825	6.6738e-05	2.1863e-15
38.99	1.8684e-07	0.00028404	0.00021245	7.1585e-05	2.1738e-15
39	1.7902e-07	0.0002723	0.00020367	6.8623e-05	2.1677e-15
39.01	1.7243e-07	0.00026239	0.0001963	6.6095e-05	2.1749e-15
39.02	1.8956e-07	0.00028862	0.00021588	7.2745e-05	2.166e-15
39.03	1.7424e-07	0.00026543	0.00019855	6.6878e-05	2.1793e-15
39.04	1.7491e-07	0.00026659	0.00019945	6.7141e-05	2.1626e-15
39.05	1.8865e-07	0.00028768	0.00021515	7.2531e-05	2.15e-15
39.06	1.7035e-07	0.0002599	0.00019445	6.5454e-05	2.1589e-15
39.07	1.7805e-07	0.00027178	0.0002033	6.8482e-05	2.1634e-15
39.08	1.8669e-07	0.00028512	0.00021325	7.1878e-05	2.1551e-15
39.09	1.6773e-07	0.0002563	0.00019178	6.4522e-05	2.1658e-15
39.1	1.8127e-07	0.00027713	0.00020726	6.9876e-05	2.1822e-15
39.11	1.8287e-07	0.00027972	0.00020926	7.0452e-05	2.1694e-15
39.12	1.6662e-07	0.00025499	0.00019076	6.4234e-05	2.1761e-15
39.13	1.8542e-07	0.0002839	0.00021232	7.1583e-05	2.1827e-15
39.14	1.7583e-07	0.00026936	0.00020155	6.7803e-05	2.1901e-15
39.15	1.6886e-07	0.00025882	0.00019355	6.5263e-05	2.1977e-15
39.16	1.832e-07	0.00028094	0.00021017	7.0768e-05	2.2003e-15
39.17	1.7127e-07	0.00026278	0.00019661	6.6172e-05	2.2108e-15
39.18	1.7466e-07	0.00026812	0.00020051	6.7606e-05	2.2021e-15
39.19	1.7873e-07	0.0002745	0.0002054	6.9101e-05	2.1982e-15
39.2	1.7244e-07	0.00026497	0.00019818	6.6798e-05	2.2008e-15
39.21	1.7387e-07	0.00026731	0.00019996	6.7349e-05	2.1811e-15
39.22	1.7799e-07	0.00027379	0.00020484	6.8947e-05	2.1725e-15
39.23	1.7154e-07	0.000264	0.00019743	6.6567e-05	2.1875e-15
39.24	1.7266e-07	0.00026586	0.00019892	6.6938e-05	2.1825e-15
39.25	1.8061e-07	0.00027824	0.00020811	7.013e-05	2.2112e-15
39.26	1.6468e-07	0.00025383	0.00018987	6.3959e-05	2.217e-15
39.27	1.792e-07	0.00027635	0.00020675	6.96e-05	2.1801e-15
39.28	1.7575e-07	0.00027117	0.0002028	6.837e-05	2.2207e-15
39.29	1.6257e-07	0.00025096	0.00018777	6.3194e-05	2.2119e-15
39.3	1.8605e-07	0.00028736	0.00021494	7.2419e-05	2.1865e-15
39.31	1.6497e-07	0.00025492	0.00019068	6.4236e-05	2.216e-15
39.32	1.7029e-07	0.00026328	0.00019697	6.6306e-05	2.226e-15
39.33	1.8217e-07	0.00028179	0.00021076	7.1025e-05	2.2235e-15
39.34	1.6145e-07	0.00024986	0.00018693	6.2932e-05	2.2078e-15
39.35	1.7594e-07	0.00027244	0.0002038	6.8641e-05	2.2346e-15
39.36	1.7441e-07	0.0002702	0.00020212	6.8082e-05	2.2195e-15
39.37	1.6561e-07	0.00025669	0.00019202	6.4669e-05	2.2187e-15
39.38	1.7294e-07	0.00026819	0.00020062	6.7572e-05	2.266e-15
39.39	1.74e-07	0.00026997	0.00020196	6.8015e-05	2.2353e-15
39.4	1.6532e-07	0.00025664	0.00019197	6.4666e-05	2.2331e-15
39.41	1.713e-07	0.00026606	0.00019904	6.7017e-05	2.2456e-15
39.42	1.7578e-07	0.00027315	0.00020432	6.8839e-05	2.2404e-15
39.43	1.6044e-07	0.00024944	0.0001866	6.2835e-05	2.2189e-15
39.44	1.7636e-07	0.00027433	0.00020522	6.9109e-05	2.2193e-15
39.45	1.7035e-07	0.00026511	0.00019831	6.6806e-05	2.2233e-15
39.46	1.6116e-07	0.00025094	0.00018773	6.3208e-05	2.1746e-15
39.47	1.7911e-07	0.00027903	0.00020871	7.0319e-05	2.1901e-15
39.48	1.6258e-07	0.00025341	0.00018958	6.3834e-05	2.1887e-15
39.49	1.6762e-07	0.00026139	0.00019551	6.5878e-05	2.1997e-15
39.5	1.7469e-07	0.00027256	0.0002039	6.8655e-05	2.2115e-15
39.51	1.6064e-07	0.00025076	0.00018759	6.3174e-05	2.1903e-15
39.52	1.7177e-07	0.00026828	0.00020066	6.7628e-05	2.2402e-15
39.53	1.6893e-07	0.00026397	0.00019753	6.6441e-05	2.2319e-15
39.54	1.6216e-07	0.00025352	0.00018958	6.3942e-05	2.2272e-15
39.55	1.7236e-07	0.0002696	0.0002017	6.7898e-05	2.2303e-15
39.56	1.6517e-07	0.00025849	0.00019341	6.5077e-05	2.2123e-15
39.57	1.6359e-07	0.00025615	0.00019152	6.4632e-05	2.2023e-15
39.58	1.722e-07	0.00026976	0.00020191	6.785e-05	2.1652e-15
39.59	1.6178e-07	0.00025356	0.00018962	6.3941e-05	2.2031e-15
39.6	1.6593e-07	0.00026021	0.00019461	6.5596e-05	2.2056e-15
39.61	1.7023e-07	0.00026708	0.0001999	6.7175e-05	2.1898e-15
39.62	1.6001e-07	0.00025118	0.00018778	6.3402e-05	2.2068e-15
39.63	1.6784e-07	0.0002636	0.00019725	6.6353e-05	2.1866e-15
39.64	1.6716e-07	0.00026266	0.00019652	6.6148e-05	2.1792e-15
39.65	1.6056e-07	0.00025242	0.00018874	6.3684e-05	2.1654e-15
39.66	1.6712e-07	0.00026287	0.00019673	6.6138e-05	2.166e-15
39.67	1.662e-07	0.00026155	0.00019562	6.5934e-05	2.1683e-15
39.68	1.5967e-07	0.0002514	0.00018804	6.3357e-05	2.1753e-15
39.69	1.6717e-07	0.00026334	0.00019705	6.6291e-05	2.1642e-15
39.7	1.651e-07	0.00026021	0.00019462	6.5595e-05	2.1651e-15
39.71	1.5817e-07	0.00024941	0.00018658	6.2828e-05	2.1892e-15
39.72	1.6948e-07	0.00026739	0.00020005	6.7336e-05	2.1479e-15
39.73	1.6023e-07	0.00025292	0.00018918	6.3738e-05	2.1553e-15
39.74	1.613e-07	0.00025473	0.00019055	6.4182e-05	2.1735e-15
39.75	1.6768e-07	0.00026495	0.00019823	6.672e-05	2.1801e-15
39.76	1.5658e-07	0.00024753	0.00018514	6.2388e-05	2.191e-15
39.77	1.6699e-07	0.00026412	0.00019757	6.6547e-05	2.1634e-15
39.78	1.6016e-07	0.00025345	0.00018964	6.3811e-05	2.1796e-15
39.79	1.5987e-07	0.00025311	0.0001893	6.3812e-05	2.1794e-15
39.8	1.6741e-07	0.00026519	0.00019839	6.6803e-05	2.1688e-15
39.81	1.5432e-07	0.00024456	0.00018297	6.1591e-05	2.1588e-15
39.82	1.6562e-07	0.00026262	0.00019642	6.6203e-05	2.1496e-15
39.83	1.6259e-07	0.00025794	0.00019298	6.4953e-05	2.1534e-15
39.84	1.5358e-07	0.00024377	0.00018236	6.1412e-05	2.1352e-15
39.85	1.6873e-07	0.00026794	0.00020043	6.7515e-05	2.1454e-15
39.86	1.577e-07	0.00025056	0.00018745	6.3102e-05	2.1474e-15
39.87	1.5462e-07	0.00024579	0.00018386	6.1937e-05	2.1498e-15
39.88	1.7092e-07	0.00027184	0.00020337	6.8466e-05	2.1419e-15
39.89	1.5173e-07	0.00024143	0.00018061	6.0819e-05	2.1289e-15
39.9	1.5795e-07	0.00025145	0.00018809	6.3359e-05	2.1389e-15
39.91	1.7154e-07	0.00027324	0.0002044	6.8834e-05	2.1371e-15
39.92	1.4501e-07	0.00023108	0.00017286	5.8223e-05	2.1479e-15
39.93	1.6567e-07	0.00026415	0.00019762	6.6532e-05	2.1372e-15
39.94	1.6509e-07	0.00026335	0.00019698	6.6368e-05	2.1431e-15
39.95	1.4441e-07	0.00023047	0.00017243	5.8049e-05	2.1415e-15
39.96	1.7114e-07	0.00027328	0.00020445	6.8831e-05	2.1275e-15
39.97	1.5512e-07	0.00024783	0.00018534	6.2483e-05	2.134e-15
39.98	1.5118e-07	0.00024165	0.00018081	6.0841e-05	2.1253e-15
39.99	1.6799e-07	0.00026865	0.00020096	6.7692e-05	2.1564e-15
40	1.5131e-07	0.0002421	0.00018108	6.102e-05	2.1409e-15
40.01	1.5609e-07	0.00024987	0.00018697	6.29e-05	2.114e-15
40.02	1.625e-07	0.00026026	0.00019464	6.5611e-05	2.119e-15
40.03	1.5254e-07	0.00024442	0.00018285	6.1571e-05	2.0927e-15
40.04	1.5564e-07	0.00024952	0.0001867	6.2821e-05	2.0887e-15
40.05	1.616e-07	0.0002592	0.00019385	6.5357e-05	2.0806e-15
40.06	1.508e-07	0.000242	0.00018107	6.093e-05	2.0982e-15
40.07	1.5699e-07	0.00025206	0.00018857	6.3495e-05	2.1116e-15
40.08	1.6044e-07	0.00025774	0.00019276	6.4979e-05	2.0954e-15
40.09	1.4773e-07	0.00023743	0.00017767	5.9762e-05	2.0949e-15
40.1	1.616e-07	0.00025986	0.00019437	6.5487e-05	2.0993e-15
40.11	1.5422e-07	0.00024811	0.00018557	6.2535e-05	2.1026e-15
40.12	1.5006e-07	0.00024153	0.00018073	6.0798e-05	2.0666e-15
40.13	1.6243e-07	0.00026159	0.00019565	6.5936e-05	2.0462e-15
40.14	1.4851e-07	0.00023928	0.00017899	6.0288e-05	2.054e-15
40.15	1.5533e-07	0.0002504	0.00018737	6.303e-05	2.0573e-15
40.16	1.5806e-07	0.00025493	0.00019066	6.4266e-05	2.039e-15
40.17	1.4778e-07	0.00023847	0.00017839	6.0076e-05	2.0369e-15
40.18	1.5755e-07	0.00025436	0.00019033	6.4028e-05	2.0695e-15
40.19	1.5403e-07	0.00024879	0.00018607	6.2727e-05	2.0476e-15
40.2	1.49e-07	0.00024078	0.00018014	6.0643e-05	2.0353e-15
40.21	1.5746e-07	0.00025459	0.00019049	6.4102e-05	2.0339e-15
40.22	1.5144e-07	0.00024498	0.0001832	6.178e-05	2.0272e-15
40.23	1.5013e-07	0.00024298	0.00018183	6.1157e-05	2.0217e-15
40.24	1.5662e-07	0.00025361	0.00018973	6.3889e-05	2.01e-15
40.25	1.4916e-07	0.00024165	0.00018072	6.0926e-05	2.0252e-15
40.26	1.5228e-07	0.00024683	0.00018472	6.2105e-05	1.9909e-15
40.27	1.5349e-07	0.0002489	0.00018616	6.2749e-05	1.9957e-15
40.28	1.496e-07	0.00024273	0.00018158	6.1151e-05	2.0208e-15
40.29	1.5266e-07	0.00024782	0.00018543	6.2384e-05	2.0106e-15
40.3	1.5016e-07	0.00024387	0.00018238	6.1487e-05	2.0367e-15
40.31	1.5224e-07	0.00024737	0.00018509	6.2283e-05	2.0186e-15
40.32	1.4947e-07	0.00024299	0.00018177	6.1223e-05	2.0045e-15
40.33	1.5082e-07	0.00024531	0.00018349	6.1816e-05	1.999e-15
40.34	1.5176e-07	0.00024696	0.00018478	6.218e-05	1.9804e-15
40.35	1.4761e-07	0.00024032	0.00017975	6.0571e-05	1.9915e-15
40.36	1.5237e-07	0.00024821	0.00018568	6.2526e-05	1.9904e-15
40.37	1.486e-07	0.00024217	0.00018118	6.0996e-05	1.9746e-15
40.38	1.4947e-07	0.00024371	0.0001823	6.1409e-05	1.9738e-15
40.39	1.4996e-07	0.00024463	0.00018301	6.162e-05	1.9938e-15
40.4	1.4847e-07	0.00024233	0.00018129	6.103e-05	1.967e-15
40.41	1.499e-07	0.00024478	0.0001831	6.1683e-05	1.9486e-15
40.42	1.4714e-07	0.0002404	0.00017985	6.0553e-05	1.9603e-15
40.43	1.504e-07	0.00024585	0.00018394	6.1909e-05	1.9406e-15
40.44	1.473e-07	0.0002409	0.00018018	6.0724e-05	1.9395e-15
40.45	1.4766e-07	0.0002416	0.00018076	6.0838e-05	1.9445e-15
40.46	1.4942e-07	0.0002446	0.00018298	6.162e-05	1.9474e-15
40.47	1.468e-07	0.00024042	0.00017982	6.06e-05	1.9526e-15
40.48	1.4718e-07	0.00024117	0.00018046	6.0707e-05	1.9552e-15
40.49	1.4812e-07	0.00024284	0.00018163	6.1204e-05	1.9419e-15
40.5	1.4799e-07	0.00024274	0.00018158	6.1164e-05	1.9398e-15
40.51	1.4365e-07	0.00023573	0.00017638	5.935e-05	1.9495e-15
40.52	1.5085e-07	0.00024768	0.00018525	6.2429e-05	1.9312e-15
40.53	1.4517e-07	0.00023848	0.00017841	6.0067e-05	1.9394e-15
40.54	1.4307e-07	0.00023513	0.00017592	5.9209e-05	1.9321e-15
40.55	1.5298e-07	0.00025155	0.00018815	6.3398e-05	1.9289e-15
40.56	1.4013e-07	0.00023052	0.00017246	5.8064e-05	1.9377e-15
40.57	1.4714e-07	0.00024218	0.00018119	6.0994e-05	1.9143e-15
40.58	1.4958e-07	0.00024633	0.00018425	6.2082e-05	1.9096e-15
40.59	1.3935e-07	0.00022959	0.00017177	5.7821e-05	1.9265e-15
40.6	1.4933e-07	0.00024614	0.00018414	6.2001e-05	1.9577e-15
40.61	1.4511e-07	0.00023931	0.000179	6.0314e-05	1.916e-15
40.62	1.4195e-07	0.00023421	0.00017524	5.8971e-05	1.8986e-15
40.63	1.474e-07	0.00024333	0.00018203	6.1302e-05	1.9395e-15
40.64	1.4375e-07	0.00023742	0.0001776	5.9822e-05	1.9223e-15
40.65	1.4304e-07	0.00023636	0.00017684	5.952e-05	1.9395e-15
40.66	1.4541e-07	0.00024039	0.00017982	6.0567e-05	1.9325e-15
40.67	1.4333e-07	0.00023707	0.00017736	5.9716e-05	1.9186e-15
40.68	1.4349e-07	0.00023746	0.00017764	5.9815e-05	1.9383e-15
40.69	1.4361e-07	0.00023777	0.00017788	5.989e-05	1.9335e-15
40.7	1.4306e-07	0.00023698	0.00017728	5.97e-05	1.9318e-15
40.71	1.4402e-07	0.00023869	0.00017855	6.0138e-05	1.9194e-15
40.72	1.4074e-07	0.00023337	0.0001746	5.8766e-05	1.9335e-15
40.73	1.451e-07	0.00024071	0.00018006	6.0651e-05	1.9285e-15
40.74	1.4155e-07	0.00023493	0.00017576	5.9174e-05	1.918e-15
40.75	1.407e-07	0.00023365	0.0001748	5.8845e-05	1.9223e-15
40.76	1.4588e-07	0.00024237	0.00018129	6.1077e-05	1.9208e-15
40.77	1.3794e-07	0.00022928	0.00017155	5.7733e-05	1.9443e-15
40.78	1.442e-07	0.00023981	0.00017939	6.0422e-05	1.9365e-15
40.79	1.4135e-07	0.00023518	0.00017593	5.9249e-05	1.95e-15
40.8	1.3968e-07	0.00023252	0.00017397	5.8549e-05	1.9382e-15
40.81	1.4408e-07	0.00023995	0.00017949	6.0467e-05	1.8989e-15
40.82	1.3744e-07	0.00022901	0.00017134	5.7671e-05	1.916e-15
40.83	1.4437e-07	0.00024067	0.00018005	6.0624e-05	1.9058e-15
40.84	1.3826e-07	0.0002306	0.0001725	5.8099e-05	1.8983e-15
40.85	1.4028e-07	0.00023409	0.00017514	5.8949e-05	1.9054e-15
40.86	1.4334e-07	0.00023932	0.00017903	6.029e-05	1.9092e-15
40.87	1.3534e-07	0.00022606	0.00016912	5.6938e-05	1.925e-15
40.88	1.4401e-07	0.00024067	0.00018005	6.0626e-05	1.931e-15
40.89	1.3791e-07	0.00023058	0.0001725	5.8081e-05	1.9226e-15
40.9	1.387e-07	0.00023201	0.00017357	5.8437e-05	1.9158e-15
40.91	1.4149e-07	0.0002368	0.00017714	5.9654e-05	1.9226e-15
40.92	1.3676e-07	0.00022899	0.00017132	5.7676e-05	1.9234e-15
40.93	1.4076e-07	0.00023581	0.00017641	5.9403e-05	1.9282e-15
40.94	1.3716e-07	0.00022989	0.00017198	5.791e-05	1.9134e-15
40.95	1.398e-07	0.00023443	0.00017538	5.9052e-05	1.9052e-15
40.96	1.377e-07	0.00023102	0.00017283	5.8184e-05	1.9035e-15
40.97	1.3765e-07	0.00023106	0.00017285	5.8207e-05	1.8919e-15
40.98	1.4054e-07	0.00023601	0.00017657	5.9438e-05	1.9157e-15
40.99	1.3466e-07	0.00022625	0.00016927	5.6982e-05	1.9139e-15
41	1.3926e-07	0.0002341	0.00017511	5.8997e-05	1.9168e-15
41.01	1.3774e-07	0.00023166	0.00017335	5.8309e-05	1.9323e-15
41.02	1.3558e-07	0.00022814	0.00017065	5.7486e-05	1.9155e-15
41.03	1.3881e-07	0.00023368	0.0001748	5.8875e-05	1.916e-15
41.04	1.3565e-07	0.00022847	0.00017097	5.75e-05	1.9264e-15
41.05	1.3715e-07	0.00023111	0.00017283	5.8279e-05	1.9179e-15
41.06	1.3673e-07	0.00023051	0.00017249	5.8021e-05	1.9046e-15
41.07	1.3508e-07	0.00022785	0.00017046	5.7391e-05	1.9057e-15
41.08	1.3795e-07	0.00023279	0.00017409	5.8699e-05	1.8796e-15
41.09	1.3438e-07	0.00022688	0.0001698	5.708e-05	1.8771e-15
41.1	1.3576e-07	0.00022933	0.00017152	5.7811e-05	1.8986e-15
41.11	1.3779e-07	0.00023286	0.00017421	5.8658e-05	1.8904e-15
41.12	1.3173e-07	0.00022274	0.00016668	5.6062e-05	1.9037e-15
41.13	1.3801e-07	0.00023347	0.00017462	5.8855e-05	1.9031e-15
41.14	1.355e-07	0.00022934	0.00017159	5.7746e-05	1.9043e-15
41.15	1.3089e-07	0.00022163	0.00016581	5.5824e-05	1.887e-15
41.16	1.3963e-07	0.00023655	0.00017696	5.9592e-05	1.865e-15
41.17	1.3238e-07	0.00022439	0.00016787	5.6517e-05	1.8745e-15
41.18	1.3203e-07	0.0002239	0.00016751	5.6389e-05	1.8658e-15
41.19	1.3882e-07	0.00023552	0.0001762	5.9321e-05	1.8821e-15
41.2	1.3121e-07	0.00022272	0.0001666	5.6124e-05	1.8752e-15
41.21	1.3188e-07	0.00022397	0.00016759	5.6382e-05	1.8705e-15
41.22	1.3868e-07	0.00023564	0.00017627	5.9368e-05	1.8719e-15
41.23	1.2982e-07	0.00022068	0.00016509	5.5588e-05	1.8502e-15
41.24	1.3139e-07	0.00022346	0.00016721	5.625e-05	1.8563e-15
41.25	1.4017e-07	0.00023851	0.0001784	6.0119e-05	1.8509e-15
41.26	1.2541e-07	0.00021349	0.00015974	5.3757e-05	1.8633e-15
41.27	1.3521e-07	0.00023029	0.0001723	5.7991e-05	1.8568e-15
41.28	1.376e-07	0.00023448	0.00017538	5.9103e-05	1.8581e-15
41.29	1.2298e-07	0.00020966	0.00015688	5.2784e-05	1.8706e-15
41.3	1.4056e-07	0.00023975	0.00017936	6.0397e-05	1.8502e-15
41.31	1.2981e-07	0.00022152	0.0001657	5.5817e-05	1.8526e-15
41.32	1.2758e-07	0.00021783	0.000163	5.4832e-05	1.8342e-15
41.33	1.3952e-07	0.00023833	0.00017828	6.0046e-05	1.8516e-15
41.34	1.2479e-07	0.00021326	0.00015954	5.3728e-05	1.8445e-15
41.35	1.3384e-07	0.00022885	0.00017123	5.7615e-05	1.8184e-15
41.36	1.3314e-07	0.00022776	0.00017037	5.7389e-05	1.8513e-15
41.37	1.2639e-07	0.00021631	0.00016183	5.448e-05	1.8459e-15
41.38	1.3487e-07	0.00023093	0.00017278	5.815e-05	1.8521e-15
41.39	1.2898e-07	0.00022096	0.00016529	5.5673e-05	1.8326e-15
41.4	1.2887e-07	0.00022088	0.00016525	5.5626e-05	1.8189e-15
41.41	1.3336e-07	0.00022868	0.00017108	5.7601e-05	1.8384e-15
41.42	1.2772e-07	0.00021913	0.00016392	5.5201e-05	1.8243e-15
41.43	1.2932e-07	0.00022197	0.00016606	5.5908e-05	1.8252e-15
41.44	1.3304e-07	0.00022846	0.00017092	5.7543e-05	1.8173e-15
41.45	1.2552e-07	0.00021566	0.00016135	5.4305e-05	1.8314e-15
41.46	1.3103e-07	0.00022523	0.00016849	5.6737e-05	1.825e-15
41.47	1.3128e-07	0.00022577	0.00016891	5.6854e-05	1.8072e-15
41.48	1.2434e-07	0.00021394	0.00016006	5.3885e-05	1.8277e-15
41.49	1.33e-07	0.00022894	0.00017126	5.7679e-05	1.8269e-15
41.5	1.2747e-07	0.00021953	0.00016427	5.5261e-05	1.8353e-15
41.51	1.2647e-07	0.00021791	0.00016301	5.4905e-05	1.8293e-15
41.52	1.3129e-07	0.00022634	0.00016933	5.701e-05	1.8211e-15
41.53	1.2642e-07	0.00021803	0.00016314	5.4891e-05	1.8124e-15
41.54	1.276e-07	0.00022018	0.00016469	5.5489e-05	1.7921e-15
41.55	1.287e-07	0.00022218	0.00016624	5.5942e-05	1.8138e-15
41.56	1.2775e-07	0.00022065	0.00016508	5.5567e-05	1.8323e-15
41.57	1.2556e-07	0.00021697	0.00016231	5.4666e-05	1.7939e-15
41.58	1.295e-07	0.00022389	0.00016752	5.6376e-05	1.7889e-15
41.59	1.2625e-07	0.00021838	0.00016337	5.5009e-05	1.8438e-15
41.6	1.2511e-07	0.00021651	0.00016197	5.454e-05	1.8069e-15
41.61	1.2965e-07	0.00022448	0.00016794	5.6539e-05	1.7874e-15
41.62	1.2404e-07	0.00021486	0.00016076	5.41e-05	1.8238e-15
41.63	1.2826e-07	0.00022228	0.00016628	5.6005e-05	1.8057e-15
41.64	1.2514e-07	0.00021697	0.00016233	5.4641e-05	1.8228e-15
41.65	1.2558e-07	0.00021784	0.000163	5.4842e-05	1.8139e-15
41.66	1.2839e-07	0.00022283	0.00016667	5.6162e-05	1.7826e-15
41.67	1.2163e-07	0.00021121	0.00015805	5.316e-05	1.7878e-15
41.68	1.2924e-07	0.00022452	0.00016797	5.6554e-05	1.7923e-15
41.69	1.2421e-07	0.00021589	0.00016148	5.4408e-05	1.7765e-15
41.7	1.2308e-07	0.00021402	0.00016016	5.3852e-05	1.7527e-15
41.71	1.2895e-07	0.00022434	0.00016781	5.653e-05	1.7793e-15
41.72	1.2184e-07	0.00021206	0.00015865	5.3417e-05	1.7778e-15
41.73	1.2503e-07	0.00021773	0.00016292	5.4815e-05	1.7689e-15
41.74	1.2619e-07	0.00021985	0.00016446	5.5393e-05	1.7801e-15
41.75	1.2286e-07	0.00021415	0.00016021	5.394e-05	1.7655e-15
41.76	1.2369e-07	0.00021571	0.00016139	5.4319e-05	1.7747e-15
41.77	1.257e-07	0.00021932	0.00016407	5.525e-05	1.7786e-15
41.78	1.2306e-07	0.00021481	0.00016069	5.412e-05	1.7651e-15
41.79	1.2199e-07	0.00021305	0.00015942	5.3621e-05	1.7504e-15
41.8	1.2664e-07	0.00022127	0.00016552	5.5754e-05	1.7504e-15
41.81	1.2136e-07	0.00021215	0.00015871	5.3438e-05	1.7592e-15
41.82	1.2202e-07	0.00021341	0.0001597	5.3709e-05	1.7593e-15
41.83	1.264e-07	0.00022117	0.00016542	5.5748e-05	1.7584e-15
41.84	1.201e-07	0.00021025	0.00015733	5.2918e-05	1.7698e-15
41.85	1.2226e-07	0.00021413	0.0001602	5.393e-05	1.7735e-15
41.86	1.257e-07	0.00022026	0.00016476	5.5506e-05	1.7476e-15
41.87	1.1923e-07	0.00020902	0.00015642	5.2603e-05	1.7633e-15
41.88	1.2234e-07	0.00021458	0.0001605	5.4075e-05	1.7584e-15
41.89	1.2501e-07	0.00021937	0.00016413	5.5244e-05	1.7449e-15
41.9	1.1822e-07	0.00020754	0.00015527	5.2273e-05	1.7578e-15
41.91	1.2285e-07	0.00021578	0.00016142	5.4367e-05	1.7352e-15
41.92	1.2364e-07	0.00021727	0.00016257	5.4698e-05	1.7488e-15
41.93	1.1793e-07	0.00020734	0.0001551	5.2241e-05	1.7461e-15
41.94	1.2277e-07	0.00021595	0.00016158	5.437e-05	1.7357e-15
41.95	1.2253e-07	0.00021563	0.00016132	5.4309e-05	1.7342e-15
41.96	1.1754e-07	0.00020695	0.00015482	5.2131e-05	1.7346e-15
41.97	1.2285e-07	0.00021639	0.00016191	5.4479e-05	1.7465e-15
41.98	1.2144e-07	0.00021401	0.0001601	5.3914e-05	1.7184e-15
41.99	1.1658e-07	0.00020554	0.00015379	5.175e-05	1.737e-15
42	1.2476e-07	0.00022008	0.00016465	5.543e-05	1.7264e-15
42.01	1.1738e-07	0.00020716	0.00015498	5.218e-05	1.7032e-15
42.02	1.1848e-07	0.0002092	0.00015652	5.2678e-05	1.7055e-15
42.03	1.2517e-07	0.00022112	0.00016542	5.5702e-05	1.705e-15
42.04	1.1291e-07	0.00019955	0.0001493	5.0252e-05	1.7389e-15
42.05	1.2423e-07	0.00021967	0.00016434	5.5331e-05	1.6994e-15
42.06	1.1911e-07	0.00021071	0.00015765	5.3067e-05	1.7098e-15
42.07	1.1411e-07	0.00020195	0.00015108	5.0873e-05	1.7119e-15
42.08	1.2706e-07	0.00022499	0.00016834	5.6657e-05	1.6828e-15
42.09	1.1207e-07	0.00019854	0.00014855	4.999e-05	1.7339e-15
42.1	1.203e-07	0.00021321	0.00015948	5.3731e-05	1.7152e-15
42.11	1.2262e-07	0.00021744	0.00016271	5.4726e-05	1.7278e-15
42.12	1.1146e-07	0.00019774	0.00014793	4.9818e-05	1.7232e-15
42.13	1.2316e-07	0.0002186	0.00016353	5.5073e-05	1.6861e-15
42.14	1.1761e-07	0.00020885	0.00015633	5.2526e-05	1.7058e-15
42.15	1.1442e-07	0.00020327	0.00015203	5.1242e-05	1.703e-15
42.16	1.2069e-07	0.00021452	0.00016048	5.4042e-05	1.7199e-15
42.17	1.1751e-07	0.00020897	0.00015638	5.2596e-05	1.7176e-15
42.18	1.1483e-07	0.0002043	0.0001528	5.1503e-05	1.73e-15
42.19	1.1923e-07	0.00021223	0.0001588	5.3425e-05	1.7249e-15
42.2	1.1718e-07	0.00020868	0.00015616	5.252e-05	1.6895e-15
42.21	1.1387e-07	0.00020287	0.00015176	5.1109e-05	1.6989e-15
42.22	1.2043e-07	0.00021467	0.0001606	5.4062e-05	1.7031e-15
42.23	1.1454e-07	0.00020426	0.00015285	5.1419e-05	1.7177e-15
42.24	1.1539e-07	0.00020587	0.000154	5.187e-05	1.7094e-15
42.25	1.1845e-07	0.00021143	0.00015815	5.3283e-05	1.7043e-15
42.26	1.1386e-07	0.00020333	0.00015216	5.1175e-05	1.6937e-15
42.27	1.1782e-07	0.00021051	0.00015745	5.3063e-05	1.6895e-15
42.28	1.1491e-07	0.00020542	0.00015368	5.174e-05	1.7107e-15
42.29	1.151e-07	0.00020585	0.00015408	5.1773e-05	1.6922e-15
42.3	1.1577e-07	0.00020714	0.00015492	5.2221e-05	1.7103e-15
42.31	1.1439e-07	0.00020477	0.00015323	5.1539e-05	1.7121e-15
42.32	1.163e-07	0.0002083	0.00015588	5.2417e-05	1.7034e-15
42.33	1.1387e-07	0.00020404	0.0001526	5.1445e-05	1.7105e-15
42.34	1.1469e-07	0.0002056	0.00015386	5.1735e-05	1.6801e-15
42.35	1.156e-07	0.00020733	0.00015513	5.2208e-05	1.6759e-15
42.36	1.1368e-07	0.00020399	0.00015257	5.1419e-05	1.6854e-15
42.37	1.134e-07	0.00020357	0.00015234	5.123e-05	1.6869e-15
42.38	1.1644e-07	0.00020914	0.00015647	5.2674e-05	1.6778e-15
42.39	1.1213e-07	0.00020149	0.00015072	5.077e-05	1.6918e-15
42.4	1.133e-07	0.00020368	0.00015242	5.1263e-05	1.6997e-15
42.41	1.171e-07	0.00021062	0.00015756	5.3054e-05	1.687e-15
42.42	1.0905e-07	0.00019622	0.00014679	4.943e-05	1.6877e-15
42.43	1.1558e-07	0.00020809	0.00015572	5.2369e-05	1.678e-15
42.44	1.1407e-07	0.00020546	0.0001537	5.1761e-05	1.6864e-15
42.45	1.0949e-07	0.0001973	0.0001476	4.9694e-05	1.6724e-15
42.46	1.1704e-07	0.00021101	0.00015789	5.3118e-05	1.6715e-15
42.47	1.1029e-07	0.00019894	0.00014882	5.0119e-05	1.6772e-15
42.48	1.1245e-07	0.00020292	0.00015182	5.1095e-05	1.6749e-15
42.49	1.1451e-07	0.00020674	0.0001547	5.205e-05	1.6951e-15
42.5	1.0957e-07	0.00019791	0.00014805	4.9857e-05	1.6679e-15
42.51	1.1406e-07	0.00020612	0.00015422	5.1899e-05	1.6705e-15
42.52	1.1148e-07	0.00020155	0.0001508	5.0748e-05	1.6766e-15
42.53	1.1068e-07	0.0002002	0.00014976	5.0434e-05	1.667e-15
42.54	1.1364e-07	0.00020564	0.00015387	5.1774e-05	1.6565e-15
42.55	1.0978e-07	0.00019875	0.0001487	5.0047e-05	1.6431e-15
42.56	1.1162e-07	0.00020218	0.00015125	5.0936e-05	1.6757e-15
42.57	1.125e-07	0.00020387	0.00015254	5.1328e-05	1.6552e-15
42.58	1.087e-07	0.00019709	0.00014746	4.9633e-05	1.6573e-15
42.59	1.1273e-07	0.00020447	0.00015296	5.1512e-05	1.6759e-15
42.6	1.1029e-07	0.00020015	0.00014976	5.0389e-05	1.6492e-15
42.61	1.0949e-07	0.00019879	0.00014874	5.0054e-05	1.6381e-15
42.62	1.1233e-07	0.00020405	0.00015264	5.1409e-05	1.6351e-15
42.63	1.0825e-07	0.00019673	0.00014722	4.9509e-05	1.6604e-15
42.64	1.1184e-07	0.00020334	0.00015213	5.1207e-05	1.6451e-15
42.65	1.0889e-07	0.00019807	0.00014815	4.9918e-05	1.6513e-15
42.66	1.0976e-07	0.00019975	0.00014952	5.0235e-05	1.6665e-15
42.67	1.1148e-07	0.00020298	0.00015182	5.1156e-05	1.6487e-15
42.68	1.0608e-07	0.00019323	0.00014455	4.8681e-05	1.6559e-15
42.69	1.1296e-07	0.00020586	0.0001541	5.1764e-05	1.6245e-15
42.7	1.0772e-07	0.0001964	0.00014685	4.955e-05	1.633e-15
42.71	1.0731e-07	0.00019575	0.00014651	4.9244e-05	1.6294e-15
42.72	1.1284e-07	0.00020594	0.00015411	5.1827e-05	1.6081e-15
42.73	1.0549e-07	0.00019261	0.00014401	4.8603e-05	1.6281e-15
42.74	1.0895e-07	0.00019902	0.00014901	5.0012e-05	1.6174e-15
42.75	1.1085e-07	0.00020259	0.00015153	5.1054e-05	1.6267e-15
42.76	1.059e-07	0.00019363	0.00014483	4.8801e-05	1.6214e-15
42.77	1.0785e-07	0.00019728	0.00014769	4.959e-05	1.6193e-15
42.78	1.1137e-07	0.00020383	0.00015242	5.1409e-05	1.6183e-15
42.79	1.0437e-07	0.0001911	0.00014301	4.8091e-05	1.6005e-15
42.8	1.079e-07	0.00019766	0.00014792	4.9742e-05	1.6146e-15
42.81	1.1211e-07	0.00020546	0.00015366	5.1798e-05	1.6137e-15
42.82	1.0103e-07	0.00018524	0.00013864	4.6599e-05	1.6144e-15
42.83	1.1142e-07	0.0002044	0.00015291	5.1488e-05	1.6074e-15
42.84	1.0863e-07	0.00019936	0.00014914	5.0217e-05	1.5985e-15
42.85	1.0112e-07	0.00018568	0.00013894	4.6738e-05	1.59e-15
42.86	1.1355e-07	0.00020859	0.00015604	5.255e-05	1.5815e-15
42.87	1.0369e-07	0.00019056	0.00014259	4.7976e-05	1.5835e-15
42.88	1.0481e-07	0.00019272	0.00014418	4.8538e-05	1.5827e-15
42.89	1.1127e-07	0.00020468	0.00015314	5.1542e-05	1.6004e-15
42.9	1.0185e-07	0.00018744	0.00014025	4.7193e-05	1.5799e-15
42.91	1.0765e-07	0.00019821	0.00014829	4.9916e-05	1.5679e-15
42.92	1.0778e-07	0.00019855	0.00014857	4.9978e-05	1.572e-15
42.93	1.0217e-07	0.00018829	0.00014087	4.7425e-05	1.5545e-15
42.94	1.0902e-07	0.00020102	0.00015041	5.0614e-05	1.5658e-15
42.95	1.0459e-07	0.00019293	0.00014436	4.8575e-05	1.5656e-15
42.96	1.0313e-07	0.00019034	0.00014239	4.7943e-05	1.569e-15
42.97	1.1001e-07	0.00020313	0.000152	5.1136e-05	1.573e-15
42.98	1.0045e-07	0.00018556	0.00013882	4.6735e-05	1.5653e-15
42.99	1.0662e-07	0.00019705	0.00014742	4.9624e-05	1.5618e-15
43	1.0815e-07	0.00019997	0.00014963	5.0342e-05	1.5528e-15
43.01	9.772e-08	0.00018077	0.00013524	4.5533e-05	1.555e-15
43.02	1.1144e-07	0.00020624	0.00015431	5.1929e-05	1.553e-15
43.03	1.0257e-07	0.00018991	0.00014209	4.7815e-05	1.5328e-15
43.04	9.9757e-08	0.00018479	0.00013825	4.654e-05	1.5203e-15
43.05	1.1278e-07	0.00020901	0.00015639	5.2623e-05	1.5414e-15
43.06	9.7318e-08	0.00018044	0.00013501	4.5434e-05	1.5319e-15
43.07	1.0428e-07	0.00019344	0.00014473	4.8709e-05	1.5295e-15
43.08	1.1018e-07	0.00020449	0.000153	5.1491e-05	1.5378e-15
43.09	9.5117e-08	0.00017661	0.00013214	4.4469e-05	1.5116e-15
43.1	1.0809e-07	0.00020079	0.00015023	5.0554e-05	1.5363e-15
43.11	1.0631e-07	0.00019758	0.00014781	4.9765e-05	1.5194e-15
43.12	9.4728e-08	0.00017613	0.00013179	4.4338e-05	1.5018e-15
43.13	1.116e-07	0.0002076	0.00015533	5.2275e-05	1.525e-15
43.14	1.0056e-07	0.00018715	0.00014	4.7148e-05	1.5032e-15
43.15	9.7315e-08	0.00018119	0.0001356	4.5589e-05	1.5086e-15
43.16	1.1338e-07	0.0002112	0.00015799	5.3205e-05	1.4898e-15
43.17	9.3418e-08	0.0001741	0.00013025	4.385e-05	1.4843e-15
43.18	1.0474e-07	0.00019528	0.00014616	4.9126e-05	1.5082e-15
43.19	1.0885e-07	0.00020305	0.00015187	5.118e-05	1.4921e-15
43.2	9.079e-08	0.00016944	0.0001268	4.2641e-05	1.496e-15
43.21	1.1195e-07	0.00020902	0.00015641	5.2605e-05	1.4999e-15
43.22	9.9586e-08	0.00018602	0.00013913	4.6893e-05	1.4941e-15
43.23	9.5627e-08	0.00017871	0.00013376	4.4953e-05	1.4872e-15
43.24	1.1226e-07	0.00020989	0.00015703	5.2852e-05	1.4812e-15
43.25	9.3388e-08	0.00017469	0.00013067	4.4014e-05	1.4731e-15
43.26	1.0206e-07	0.00019099	0.00014294	4.8055e-05	1.4715e-15
43.27	1.0745e-07	0.00020117	0.0001505	5.0672e-05	1.4722e-15
43.28	9.2836e-08	0.0001739	0.00013009	4.3802e-05	1.4623e-15
43.29	1.0468e-07	0.00019618	0.00014681	4.9366e-05	1.4746e-15
43.3	1.0351e-07	0.00019406	0.00014519	4.8879e-05	1.4718e-15
43.31	9.3888e-08	0.00017611	0.00013175	4.4365e-05	1.4703e-15
43.32	1.0515e-07	0.00019733	0.00014768	4.9649e-05	1.4641e-15
43.33	1.0109e-07	0.0001898	0.00014198	4.7818e-05	1.4433e-15
43.34	9.4587e-08	0.00017767	0.00013293	4.4737e-05	1.4394e-15
43.35	1.0546e-07	0.00019818	0.00014832	4.986e-05	1.4381e-15
43.36	9.853e-08	0.00018524	0.00013855	4.669e-05	1.4565e-15
43.37	9.6092e-08	0.00018074	0.00013526	4.5488e-05	1.4528e-15
43.38	1.0458e-07	0.00019679	0.00014725	4.9539e-05	1.4528e-15
43.39	9.6889e-08	0.00018241	0.00013646	4.5955e-05	1.4514e-15
43.4	9.7493e-08	0.00018363	0.00013742	4.621e-05	1.4288e-15
43.41	1.0289e-07	0.00019389	0.00014506	4.8834e-05	1.4323e-15
43.42	9.6388e-08	0.00018172	0.00013597	4.5751e-05	1.4171e-15
43.43	9.8111e-08	0.00018505	0.00013846	4.6596e-05	1.426e-15
43.44	1.0175e-07	0.00019201	0.00014366	4.8342e-05	1.4348e-15
43.45	9.5467e-08	0.00018023	0.00013486	4.5375e-05	1.4184e-15
43.46	9.9427e-08	0.00018779	0.00014049	4.7302e-05	1.4295e-15
43.47	9.9472e-08	0.00018797	0.00014066	4.7305e-05	1.4127e-15
43.48	9.5439e-08	0.00018043	0.00013497	4.5453e-05	1.4016e-15
43.49	1.0062e-07	0.00019031	0.0001424	4.7911e-05	1.4289e-15
43.5	9.6144e-08	0.00018193	0.00013614	4.5792e-05	1.4277e-15
43.51	9.8033e-08	0.00018559	0.00013884	4.6753e-05	1.3991e-15
43.52	9.851e-08	0.00018658	0.00013964	4.6941e-05	1.4025e-15
43.53	9.5466e-08	0.00018089	0.00013532	4.557e-05	1.4031e-15
43.54	9.9549e-08	0.00018872	0.0001412	4.752e-05	1.3854e-15
43.55	9.526e-08	0.00018067	0.0001352	4.5466e-05	1.388e-15
43.56	9.7809e-08	0.00018559	0.00013882	4.677e-05	1.386e-15
43.57	9.7149e-08	0.00018442	0.00013801	4.6409e-05	1.3802e-15
43.58	9.5772e-08	0.00018189	0.0001361	4.5795e-05	1.3809e-15
43.59	9.7815e-08	0.00018586	0.00013903	4.6823e-05	1.3931e-15
43.6	9.5002e-08	0.00018059	0.00013516	4.5438e-05	1.3736e-15
43.61	9.8074e-08	0.00018652	0.00013955	4.6973e-05	1.3601e-15
43.62	9.4424e-08	0.00017966	0.0001344	4.5258e-05	1.3735e-15
43.63	9.6901e-08	0.00018446	0.00013805	4.6412e-05	1.3492e-15
43.64	9.7049e-08	0.00018482	0.00013828	4.6545e-05	1.3612e-15
43.65	9.293e-08	0.00017706	0.00013245	4.4609e-05	1.3644e-15
43.66	9.8844e-08	0.00018842	0.00014102	4.7392e-05	1.3501e-15
43.67	9.3932e-08	0.00017913	0.00013401	4.5125e-05	1.345e-15
43.68	9.4705e-08	0.00018069	0.00013517	4.5519e-05	1.3293e-15
43.69	9.7471e-08	0.00018606	0.00013927	4.6782e-05	1.3573e-15
43.7	9.3159e-08	0.0001779	0.00013305	4.4853e-05	1.3395e-15
43.71	9.5466e-08	0.00018239	0.00013648	4.5912e-05	1.3277e-15
43.72	9.5731e-08	0.00018298	0.00013697	4.6016e-05	1.3398e-15
43.73	9.3798e-08	0.00017937	0.00013413	4.5243e-05	1.3226e-15
43.74	9.4571e-08	0.00018093	0.00013543	4.5504e-05	1.332e-15
43.75	9.554e-08	0.00018287	0.00013684	4.603e-05	1.3112e-15
43.76	9.3065e-08	0.00017821	0.00013329	4.4926e-05	1.3258e-15
43.77	9.4822e-08	0.00018166	0.00013599	4.5669e-05	1.3535e-15
43.78	9.4455e-08	0.00018104	0.00013543	4.5609e-05	1.3197e-15
43.79	9.2883e-08	0.00017811	0.00013325	4.4862e-05	1.3173e-15
43.8	9.5307e-08	0.00018284	0.00013685	4.599e-05	1.3265e-15
43.81	9.2033e-08	0.00017664	0.00013213	4.4506e-05	1.314e-15
43.82	9.479e-08	0.00018202	0.00013619	4.5823e-05	1.32e-15
43.83	9.3578e-08	0.00017977	0.00013452	4.5247e-05	1.3259e-15
43.84	9.1252e-08	0.00017538	0.00013121	4.4176e-05	1.3167e-15
43.85	9.6414e-08	0.00018539	0.00013872	4.6669e-05	1.3243e-15
43.86	9.0803e-08	0.00017468	0.00013071	4.3965e-05	1.2944e-15
43.87	9.2226e-08	0.0001775	0.0001328	4.4694e-05	1.2861e-15
43.88	9.6581e-08	0.00018596	0.00013914	4.6819e-05	1.308e-15
43.89	8.8555e-08	0.00017059	0.00012765	4.2942e-05	1.2883e-15
43.9	9.3532e-08	0.00018026	0.00013487	4.5385e-05	1.3225e-15
43.91	9.629e-08	0.00018566	0.00013892	4.6738e-05	1.3166e-15
43.92	8.6034e-08	0.00016596	0.00012417	4.1783e-05	1.2902e-15
43.93	9.6378e-08	0.000186	0.00013918	4.6819e-05	1.3017e-15
43.94	9.4019e-08	0.00018152	0.00013581	4.5711e-05	1.2832e-15
43.95	8.4734e-08	0.00016367	0.00012247	4.1207e-05	1.2849e-15
43.96	1.0016e-07	0.00019357	0.00014485	4.8716e-05	1.2561e-15
43.97	8.8303e-08	0.00017072	0.00012771	4.3009e-05	1.2669e-15
43.98	8.8039e-08	0.00017029	0.00012743	4.2856e-05	1.2692e-15
43.99	1.0021e-07	0.00019391	0.00014509	4.8821e-05	1.2487e-15
44	8.3403e-08	0.00016147	0.00012079	4.0678e-05	1.3124e-15
44.01	9.3947e-08	0.00018196	0.00013619	4.5772e-05	1.2951e-15
44.02	9.5017e-08	0.00018412	0.00013775	4.6376e-05	1.2735e-15
44.03	8.3671e-08	0.00016221	0.00012137	4.0842e-05	1.2885e-15
44.04	9.6893e-08	0.00018793	0.00014064	4.7283e-05	1.2696e-15
44.05	8.9486e-08	0.00017364	0.00012989	4.3753e-05	1.2721e-15
44.06	8.6871e-08	0.00016864	0.0001262	4.2441e-05	1.2699e-15
44.07	9.6104e-08	0.00018665	0.00013967	4.6982e-05	1.2885e-15
44.08	8.666e-08	0.00016838	0.00012596	4.2424e-05	1.2841e-15
44.09	8.9366e-08	0.00017372	0.00013002	4.3703e-05	1.267e-15
44.1	9.4603e-08	0.00018398	0.00013766	4.6329e-05	1.2747e-15
44.11	8.4923e-08	0.00016523	0.00012361	4.1623e-05	1.2756e-15
44.12	9.1611e-08	0.00017833	0.00013347	4.4857e-05	1.2729e-15
44.13	9.2587e-08	0.00018031	0.00013488	4.5425e-05	1.2426e-15
44.14	8.3857e-08	0.00016338	0.00012224	4.1141e-05	1.2313e-15
44.15	9.3886e-08	0.000183	0.00013697	4.6038e-05	1.2463e-15
44.16	8.9382e-08	0.0001743	0.00013038	4.3925e-05	1.2537e-15
44.17	8.4763e-08	0.00016537	0.00012376	4.1613e-05	1.2541e-15
44.18	9.4404e-08	0.00018426	0.00013789	4.6374e-05	1.2573e-15
44.19	8.6836e-08	0.00016957	0.00012684	4.2727e-05	1.253e-15
44.2	8.6158e-08	0.00016832	0.00012598	4.234e-05	1.2349e-15
44.21	9.3684e-08	0.00018311	0.000137	4.6107e-05	1.2501e-15
44.22	8.5523e-08	0.00016723	0.00012511	4.2121e-05	1.2501e-15
44.23	8.6824e-08	0.00016985	0.00012712	4.2735e-05	1.2219e-15
44.24	9.345e-08	0.0001829	0.00013684	4.6062e-05	1.2188e-15
44.25	8.3522e-08	0.00016354	0.00012236	4.1183e-05	1.24e-15
44.26	8.8612e-08	0.00017359	0.0001299	4.3686e-05	1.2517e-15
44.27	9.1976e-08	0.00018026	0.00013487	4.5391e-05	1.2327e-15
44.28	8.2196e-08	0.00016116	0.00012058	4.0586e-05	1.2373e-15
44.29	9.1201e-08	0.0001789	0.00013389	4.5014e-05	1.2444e-15
44.3	8.7965e-08	0.00017263	0.00012916	4.3466e-05	1.2258e-15
44.31	8.4254e-08	0.00016542	0.00012377	4.1655e-05	1.2228e-15
44.32	9.0591e-08	0.00017794	0.00013318	4.4764e-05	1.2348e-15
44.33	8.5441e-08	0.0001679	0.0001256	4.23e-05	1.2307e-15
44.34	8.7191e-08	0.00017142	0.00012827	4.315e-05	1.2065e-15
44.35	8.7315e-08	0.00017174	0.00012854	4.3205e-05	1.21e-15
44.36	8.6592e-08	0.0001704	0.00012746	4.2938e-05	1.2316e-15
44.37	8.6533e-08	0.00017036	0.0001275	4.2859e-05	1.2278e-15
44.38	8.6423e-08	0.00017022	0.00012737	4.2852e-05	1.2023e-15
44.39	8.7155e-08	0.00017174	0.00012847	4.3267e-05	1.1933e-15
44.4	8.4895e-08	0.00016736	0.00012527	4.2086e-05	1.1996e-15
44.41	8.7843e-08	0.00017325	0.00012961	4.3639e-05	1.1957e-15
44.42	8.458e-08	0.00016689	0.00012487	4.2021e-05	1.1975e-15
44.43	8.6619e-08	0.00017099	0.00012797	4.302e-05	1.1898e-15
44.44	8.655e-08	0.00017093	0.00012786	4.3066e-05	1.1809e-15
44.45	8.3356e-08	0.00016469	0.00012326	4.144e-05	1.1841e-15
44.46	8.8942e-08	0.00017581	0.00013155	4.4259e-05	1.1911e-15
44.47	8.2688e-08	0.00016352	0.00012234	4.1186e-05	1.1943e-15
44.48	8.5961e-08	0.00017007	0.00012728	4.279e-05	1.1844e-15
44.49	8.7378e-08	0.00017295	0.0001294	4.3552e-05	1.1912e-15
44.5	8.1368e-08	0.00016113	0.00012057	4.0562e-05	1.1976e-15
44.51	8.8183e-08	0.0001747	0.00013073	4.3972e-05	1.1892e-15
44.52	8.4051e-08	0.00016659	0.00012464	4.195e-05	1.1846e-15
44.53	8.3138e-08	0.00016486	0.00012336	4.1499e-05	1.1789e-15
44.54	8.7181e-08	0.00017295	0.00012942	4.3535e-05	1.1789e-15
44.55	8.2872e-08	0.00016448	0.00012307	4.1404e-05	1.1857e-15
44.56	8.4261e-08	0.00016731	0.00012519	4.2121e-05	1.1664e-15
44.57	8.5468e-08	0.00016978	0.00012705	4.2733e-05	1.1523e-15
44.58	8.3097e-08	0.00016515	0.00012357	4.1574e-05	1.1825e-15
44.59	8.4011e-08	0.00016704	0.00012498	4.2055e-05	1.1696e-15
44.6	8.482e-08	0.00016872	0.00012626	4.2465e-05	1.156e-15
44.61	8.2744e-08	0.00016466	0.00012321	4.1456e-05	1.1777e-15
44.62	8.4e-08	0.00016724	0.00012514	4.2102e-05	1.173e-15
44.63	8.4207e-08	0.00016773	0.00012551	4.2216e-05	1.1713e-15
44.64	8.2178e-08	0.00016376	0.00012254	4.1221e-05	1.1465e-15
44.65	8.4337e-08	0.00016814	0.00012581	4.233e-05	1.1397e-15
44.66	8.322e-08	0.00016598	0.0001242	4.178e-05	1.148e-15
44.67	8.1687e-08	0.000163	0.00012197	4.1028e-05	1.1412e-15
44.68	8.5071e-08	0.00016983	0.00012707	4.2758e-05	1.1585e-15
44.69	8.1601e-08	0.00016297	0.00012196	4.1011e-05	1.153e-15
44.7	8.1653e-08	0.00016315	0.00012208	4.1073e-05	1.1617e-15
44.71	8.6266e-08	0.00017245	0.00012903	4.3417e-05	1.1649e-15
44.72	7.8388e-08	0.00015677	0.00011732	3.9446e-05	1.1495e-15
44.73	8.4043e-08	0.00016815	0.00012581	4.234e-05	1.155e-15
44.74	8.5362e-08	0.00017087	0.00012786	4.3008e-05	1.1432e-15
44.75	7.5751e-08	0.0001517	0.00011352	3.8175e-05	1.1394e-15
44.76	8.8284e-08	0.00017687	0.00013233	4.4541e-05	1.1434e-15
44.77	8.0658e-08	0.00016167	0.00012098	4.0688e-05	1.1444e-15
44.78	7.7449e-08	0.00015531	0.00011621	3.9095e-05	1.1304e-15
44.79	8.9457e-08	0.00017946	0.00013428	4.5187e-05	1.1283e-15
44.8	7.6092e-08	0.00015272	0.00011429	3.8433e-05	1.1385e-15
44.81	8.1831e-08	0.00016431	0.00012294	4.1372e-05	1.1273e-15
44.82	8.6082e-08	0.00017292	0.00012939	4.3531e-05	1.1302e-15
44.83	7.5802e-08	0.00015234	0.000114	3.8341e-05	1.1203e-15
44.84	8.3574e-08	0.00016804	0.00012573	4.2306e-05	1.1266e-15
44.85	8.277e-08	0.00016649	0.00012459	4.1906e-05	1.1328e-15
44.86	7.7438e-08	0.00015584	0.0001166	3.9238e-05	1.1241e-15
44.87	8.2673e-08	0.00016645	0.00012455	4.1895e-05	1.1403e-15
44.88	8.1995e-08	0.00016515	0.00012359	4.1567e-05	1.1242e-15
44.89	7.7444e-08	0.00015606	0.00011677	3.9288e-05	1.1197e-15
44.9	8.259e-08	0.0001665	0.0001246	4.1903e-05	1.1353e-15
44.91	8.0889e-08	0.00016314	0.00012206	4.108e-05	1.1248e-15
44.92	7.7591e-08	0.00015656	0.00011716	3.9405e-05	1.1034e-15
44.93	8.2937e-08	0.00016742	0.00012528	4.2144e-05	1.1049e-15
44.94	7.8771e-08	0.00015909	0.00011903	4.0054e-05	1.1094e-15
44.95	7.9323e-08	0.00016027	0.00011994	4.0333e-05	1.0929e-15
44.96	8.1206e-08	0.00016415	0.00012281	4.1339e-05	1.1082e-15
44.97	7.8418e-08	0.00015859	0.00011868	3.9909e-05	1.1014e-15
44.98	8.0156e-08	0.00016217	0.00012135	4.0825e-05	1.1007e-15
44.99	7.9268e-08	0.00016045	0.00012005	4.0392e-05	1.1225e-15
45	7.9307e-08	0.0001606	0.00012019	4.0408e-05	1.1109e-15
45.01	7.9141e-08	0.00016033	0.00011995	4.0379e-05	1.1092e-15
45.02	7.9285e-08	0.00016069	0.00012026	4.0435e-05	1.1049e-15
45.03	7.8706e-08	0.00015959	0.00011942	4.0177e-05	1.1189e-15
45.04	7.9044e-08	0.00016035	0.00011998	4.0372e-05	1.1051e-15
45.05	7.8964e-08	0.00016026	0.00011993	4.0327e-05	1.09e-15
45.06	7.7722e-08	0.00015781	0.00011807	3.9741e-05	1.1159e-15
45.07	8.0007e-08	0.00016252	0.00012162	4.0895e-05	1.0971e-15
45.08	7.703e-08	0.00015654	0.00011713	3.9408e-05	1.102e-15
45.09	7.8757e-08	0.00016012	0.00011982	4.0305e-05	1.1027e-15
45.1	7.9158e-08	0.00016101	0.00012048	4.0523e-05	1.0913e-15
45.11	7.6195e-08	0.00015505	0.00011601	3.9039e-05	1.1083e-15
45.12	7.9795e-08	0.00016245	0.00012157	4.0876e-05	1.093e-15
45.13	7.7062e-08	0.00015695	0.00011743	3.9527e-05	1.0923e-15
45.14	7.7433e-08	0.00015778	0.00011808	3.9701e-05	1.1038e-15
45.15	7.853e-08	0.00016008	0.00011978	4.03e-05	1.0989e-15
45.16	7.6688e-08	0.0001564	0.00011702	3.9382e-05	1.1044e-15
45.17	7.8055e-08	0.00015926	0.0001192	4.0056e-05	1.1132e-15
45.18	7.6882e-08	0.00015693	0.0001174	3.9539e-05	1.1011e-15
45.19	7.7483e-08	0.00015823	0.00011843	3.9803e-05	1.1014e-15
45.2	7.7169e-08	0.00015766	0.00011798	3.9676e-05	1.1029e-15
45.21	7.6463e-08	0.00015629	0.00011692	3.9369e-05	1.0775e-15
45.22	7.753e-08	0.00015854	0.00011868	3.9858e-05	1.0904e-15
45.23	7.6638e-08	0.00015678	0.00011728	3.9502e-05	1.0974e-15
45.24	7.5973e-08	0.00015549	0.00011636	3.9129e-05	1.0933e-15
45.25	7.7555e-08	0.0001588	0.00011885	3.9946e-05	1.0995e-15
45.26	7.6165e-08	0.00015602	0.0001167	3.9316e-05	1.0894e-15
45.27	7.527e-08	0.00015426	0.00011547	3.8789e-05	1.0928e-15
45.28	7.8131e-08	0.00016019	0.00011986	4.0334e-05	1.0858e-15
45.29	7.4817e-08	0.00015346	0.00011482	3.8639e-05	1.0869e-15
45.3	7.5747e-08	0.00015544	0.00011634	3.9103e-05	1.093e-15
45.31	7.7556e-08	0.00015922	0.00011912	4.01e-05	1.0998e-15
45.32	7.4097e-08	0.00015219	0.0001139	3.829e-05	1.0995e-15
45.33	7.6287e-08	0.00015676	0.0001173	3.9459e-05	1.0712e-15
45.34	7.6224e-08	0.00015669	0.00011725	3.9439e-05	1.0921e-15
45.35	7.4739e-08	0.00015371	0.00011502	3.8686e-05	1.1167e-15
45.36	7.5201e-08	0.00015473	0.00011578	3.8951e-05	1.0973e-15
45.37	7.6267e-08	0.00015699	0.00011749	3.9502e-05	1.0862e-15
45.38	7.4474e-08	0.00015337	0.00011475	3.8617e-05	1.0909e-15
45.39	7.4394e-08	0.00015327	0.0001147	3.8565e-05	1.0923e-15
45.4	7.6864e-08	0.00015843	0.00011855	3.9876e-05	1.0806e-15
45.41	7.3001e-08	0.00015053	0.00011264	3.7893e-05	1.0773e-15
45.42	7.5271e-08	0.00015528	0.00011621	3.907e-05	1.0903e-15
45.43	7.5659e-08	0.00015615	0.00011684	3.9313e-05	1.0876e-15
45.44	7.292e-08	0.00015057	0.00011268	3.7889e-05	1.0823e-15
45.45	7.5456e-08	0.00015587	0.00011663	3.9236e-05	1.1096e-15
45.46	7.4143e-08	0.00015322	0.00011466	3.8563e-05	1.0859e-15
45.47	7.406e-08	0.00015312	0.00011458	3.8539e-05	1.0882e-15
45.48	7.3871e-08	0.0001528	0.00011434	3.846e-05	1.1254e-15
45.49	7.4532e-08	0.00015423	0.00011542	3.8817e-05	1.0678e-15
45.5	7.367e-08	0.00015252	0.00011411	3.8403e-05	1.0943e-15
45.51	7.3079e-08	0.00015136	0.00011328	3.8076e-05	1.1001e-15
45.52	7.5018e-08	0.00015544	0.0001163	3.9141e-05	1.0485e-15
45.53	7.2466e-08	0.00015022	0.00011242	3.78e-05	1.1135e-15
45.54	7.3666e-08	0.00015277	0.00011434	3.8434e-05	1.0932e-15
45.55	7.3873e-08	0.00015327	0.00011465	3.8616e-05	1.0718e-15
45.56	7.277e-08	0.00015105	0.00011307	3.7982e-05	1.1078e-15
45.57	7.3113e-08	0.00015183	0.0001136	3.8229e-05	1.0814e-15
45.58	7.3325e-08	0.00015234	0.00011398	3.8353e-05	1.0801e-15
45.59	7.3145e-08	0.00015203	0.00011379	3.8235e-05	1.0808e-15
45.6	7.1737e-08	0.00014917	0.00011159	3.7577e-05	1.086e-15
45.61	7.4292e-08	0.00015455	0.00011567	3.8879e-05	1.077e-15
45.62	7.1581e-08	0.00014897	0.00011148	3.7493e-05	1.0593e-15
45.63	7.2329e-08	0.0001506	0.00011269	3.7907e-05	1.0877e-15
45.64	7.3953e-08	0.00015404	0.00011527	3.877e-05	1.0845e-15
45.65	7.0238e-08	0.00014637	0.00010953	3.6846e-05	1.0768e-15
45.66	7.3919e-08	0.00015411	0.00011534	3.877e-05	1.1042e-15
45.67	7.1508e-08	0.00014915	0.00011158	3.7566e-05	1.1017e-15
45.68	7.1386e-08	0.00014896	0.0001115	3.7462e-05	1.0809e-15
45.69	7.3597e-08	0.00015364	0.00011497	3.8673e-05	1.0817e-15
45.7	6.9811e-08	0.0001458	0.00010908	3.6716e-05	1.0885e-15
45.71	7.3101e-08	0.00015274	0.00011434	3.8396e-05	1.0894e-15
45.72	7.1716e-08	0.00014991	0.00011214	3.7766e-05	1.0768e-15
45.73	6.9846e-08	0.00014607	0.00010931	3.6751e-05	1.081e-15
45.74	7.3674e-08	0.00015414	0.00011536	3.8775e-05	1.0921e-15
45.75	7.01e-08	0.00014672	0.00010977	3.6958e-05	1.0828e-15
45.76	7.0291e-08	0.00014719	0.00011016	3.7024e-05	1.0927e-15
45.77	7.381e-08	0.00015462	0.0001157	3.8923e-05	1.0829e-15
45.78	6.8489e-08	0.00014354	0.00010741	3.6129e-05	1.0722e-15
45.79	7.1386e-08	0.00014968	0.000112	3.7677e-05	1.0772e-15
45.8	7.3017e-08	0.00015316	0.00011462	3.8541e-05	1.0692e-15
45.81	6.7292e-08	0.00014122	0.00010568	3.554e-05	1.0806e-15
45.82	7.3116e-08	0.0001535	0.00011485	3.865e-05	1.0763e-15
45.83	7.0459e-08	0.00014799	0.00011078	3.7213e-05	1.0764e-15
45.84	6.8404e-08	0.00014374	0.00010753	3.6203e-05	1.0804e-15
45.85	7.2805e-08	0.00015305	0.00011454	3.8515e-05	1.0713e-15
45.86	6.8646e-08	0.00014437	0.00010807	3.6306e-05	1.0784e-15
45.87	7.0488e-08	0.00014831	0.00011094	3.737e-05	1.0809e-15
45.88	7.0169e-08	0.0001477	0.00011056	3.7145e-05	1.0799e-15
45.89	6.9857e-08	0.00014711	0.00011009	3.7019e-05	1.074e-15
45.9	6.9898e-08	0.00014726	0.00011017	3.7088e-05	1.0836e-15
45.91	6.8978e-08	0.00014539	0.00010882	3.6566e-05	1.0821e-15
45.92	7.1198e-08	0.00015013	0.00011234	3.7789e-05	1.0748e-15
45.93	6.7633e-08	0.00014268	0.00010675	3.5921e-05	1.0887e-15
45.94	7.0496e-08	0.00014878	0.00011135	3.7433e-05	1.0754e-15
45.95	6.9715e-08	0.0001472	0.00011016	3.7037e-05	1.0695e-15
45.96	6.7587e-08	0.00014276	0.00010681	3.5955e-05	1.0718e-15
45.97	7.1015e-08	0.00015007	0.00011233	3.7746e-05	1.0682e-15
45.98	6.7697e-08	0.00014312	0.00010711	3.6014e-05	1.0685e-15
45.99	6.9285e-08	0.00014654	0.00010963	3.6915e-05	1.0745e-15
46	6.9175e-08	0.00014637	0.00010959	3.6787e-05	1.0712e-15
46.01	6.7938e-08	0.00014382	0.0001076	3.6223e-05	1.0594e-15
46.02	6.9504e-08	0.0001472	0.00011014	3.7056e-05	1.0801e-15
46.03	6.7781e-08	0.00014361	0.00010752	3.6094e-05	1.0694e-15
46.04	6.8736e-08	0.0001457	0.00010898	3.6719e-05	1.0606e-15
46.05	6.8546e-08	0.00014536	0.00010881	3.655e-05	1.0779e-15
46.06	6.7712e-08	0.00014365	0.0001075	3.6149e-05	1.0706e-15
46.07	6.8327e-08	0.00014502	0.00010849	3.6533e-05	1.0701e-15
46.08	6.8445e-08	0.00014533	0.00010879	3.654e-05	1.0674e-15
46.09	6.7163e-08	0.00014267	0.00010674	3.5935e-05	1.0778e-15
46.1	6.8176e-08	0.00014489	0.00010844	3.6452e-05	1.0743e-15
46.11	6.8471e-08	0.00014558	0.00010895	3.663e-05	1.0737e-15
46.12	6.61e-08	0.0001406	0.0001052	3.5396e-05	1.0847e-15
46.13	6.8788e-08	0.00014638	0.00010956	3.6818e-05	1.0739e-15
46.14	6.7541e-08	0.00014379	0.00010758	3.6203e-05	1.0789e-15
46.15	6.5915e-08	0.00014039	0.00010508	3.5311e-05	1.0709e-15
46.16	6.8905e-08	0.00014682	0.00010987	3.6953e-05	1.0725e-15
46.17	6.6669e-08	0.00014212	0.00010635	3.5768e-05	1.07e-15
46.18	6.6012e-08	0.00014078	0.00010537	3.5411e-05	1.0668e-15
46.19	6.8639e-08	0.00014644	0.00010957	3.6875e-05	1.0711e-15
46.2	6.6056e-08	0.00014099	0.00010553	3.5462e-05	1.0574e-15
46.21	6.5963e-08	0.00014085	0.0001054	3.5457e-05	1.0826e-15
46.22	6.8645e-08	0.00014665	0.00010973	3.6916e-05	1.0777e-15
46.23	6.4833e-08	0.00013856	0.00010371	3.4855e-05	1.0648e-15
46.24	6.6872e-08	0.00014298	0.00010698	3.5999e-05	1.071e-15
46.25	6.755e-08	0.00014449	0.00010814	3.6351e-05	1.0664e-15
46.26	6.4314e-08	0.00013763	0.000103	3.4634e-05	1.0708e-15
46.27	6.8072e-08	0.00014574	0.00010905	3.6687e-05	1.0634e-15
46.28	6.5092e-08	0.00013942	0.00010434	3.5076e-05	1.0954e-15
46.29	6.5893e-08	0.00014119	0.00010566	3.5531e-05	1.0844e-15
46.3	6.7137e-08	0.00014392	0.0001077	3.622e-05	1.0629e-15
46.31	6.3934e-08	0.00013711	0.00010261	3.4503e-05	1.0883e-15
46.32	6.7535e-08	0.0001449	0.00010843	3.6465e-05	1.0636e-15
46.33	6.4853e-08	0.0001392	0.00010417	3.5038e-05	1.0652e-15
46.34	6.4848e-08	0.00013925	0.00010421	3.5039e-05	1.0689e-15
46.35	6.7103e-08	0.00014416	0.00010788	3.6281e-05	1.0573e-15
46.36	6.3938e-08	0.00013742	0.00010283	3.4586e-05	1.0639e-15
46.37	6.5335e-08	0.00014048	0.00010514	3.5346e-05	1.0583e-15
46.38	6.6354e-08	0.00014273	0.00010681	3.5924e-05	1.0572e-15
46.39	6.3814e-08	0.00013733	0.00010278	3.4554e-05	1.0563e-15
46.4	6.4829e-08	0.00013958	0.00010446	3.5119e-05	1.0604e-15
46.41	6.669e-08	0.00014364	0.00010749	3.6151e-05	1.0553e-15
46.42	6.2566e-08	0.00013482	0.00010089	3.3925e-05	1.0638e-15
46.43	6.5507e-08	0.00014122	0.00010568	3.5534e-05	1.0652e-15
46.44	6.6152e-08	0.00014267	0.00010676	3.5903e-05	1.0616e-15
46.45	6.1531e-08	0.00013276	9.9349e-05	3.3411e-05	1.0818e-15
46.46	6.6958e-08	0.00014453	0.00010816	3.6368e-05	1.0678e-15
46.47	6.3971e-08	0.00013814	0.00010337	3.4774e-05	1.0559e-15
46.48	6.2449e-08	0.00013491	0.00010097	3.3948e-05	1.0602e-15
46.49	6.6708e-08	0.00014418	0.0001079	3.6276e-05	1.0667e-15
46.5	6.2459e-08	0.00013505	0.00010106	3.3994e-05	1.0554e-15
46.51	6.3825e-08	0.00013807	0.00010334	3.4728e-05	1.0542e-15
46.52	6.5268e-08	0.00014125	0.0001057	3.5549e-05	1.0742e-15
46.53	6.2316e-08	0.00013492	0.00010096	3.3954e-05	1.0525e-15
46.54	6.4159e-08	0.00013897	0.00010402	3.4949e-05	1.0587e-15
46.55	6.4286e-08	0.0001393	0.00010423	3.5068e-05	1.0565e-15
46.56	6.2047e-08	0.00013451	0.00010066	3.3844e-05	1.0471e-15
46.57	6.4668e-08	0.00014025	0.00010497	3.5281e-05	1.0652e-15
46.58	6.3069e-08	0.00013684	0.00010239	3.4456e-05	1.0421e-15
46.59	6.2117e-08	0.00013483	0.00010091	3.3919e-05	1.0484e-15
46.6	6.5248e-08	0.00014169	0.00010604	3.5652e-05	1.0527e-15
46.61	6.1083e-08	0.0001327	9.9287e-05	3.3415e-05	1.0389e-15
46.62	6.3594e-08	0.00013822	0.00010345	3.4763e-05	1.0498e-15
46.63	6.4133e-08	0.00013945	0.00010436	3.509e-05	1.0356e-15
46.64	6.04e-08	0.00013139	9.8314e-05	3.3073e-05	1.0303e-15
46.65	6.4696e-08	0.00014079	0.00010539	3.5405e-05	1.0506e-15
46.66	6.2217e-08	0.00013546	0.00010136	3.4099e-05	1.0574e-15
46.67	6.1293e-08	0.0001335	9.9905e-05	3.3598e-05	1.0484e-15
46.68	6.3923e-08	0.00013929	0.00010426	3.503e-05	1.0485e-15
46.69	6.1903e-08	0.00013495	0.00010097	3.3978e-05	1.0531e-15
46.7	6.1245e-08	0.00013357	9.9969e-05	3.3599e-05	1.0483e-15
46.71	6.3343e-08	0.0001382	0.00010343	3.4772e-05	1.0352e-15
46.72	6.2124e-08	0.0001356	0.00010147	3.4136e-05	1.0437e-15
46.73	6.0163e-08	0.00013138	9.8337e-05	3.304e-05	1.0532e-15
46.74	6.4254e-08	0.00014037	0.00010503	3.5337e-05	1.0303e-15
46.75	6.073e-08	0.00013273	9.9334e-05	3.3395e-05	1.0419e-15
46.76	6.0484e-08	0.00013225	9.8976e-05	3.3271e-05	1.046e-15
46.77	6.4346e-08	0.00014075	0.00010532	3.5434e-05	1.0374e-15
46.78	5.9194e-08	0.00012954	9.6965e-05	3.2573e-05	1.0436e-15
46.79	6.1845e-08	0.0001354	0.00010131	3.4087e-05	1.0221e-15
46.8	6.2792e-08	0.00013753	0.00010292	3.4606e-05	1.0186e-15
46.81	5.9414e-08	0.00013019	9.7452e-05	3.2735e-05	1.02e-15
46.82	6.1878e-08	0.00013564	0.00010149	3.4158e-05	1.0304e-15
46.83	6.1857e-08	0.00013566	0.00010154	3.4119e-05	1.0296e-15
46.84	5.9623e-08	0.00013081	9.7899e-05	3.2913e-05	1.0207e-15
46.85	6.1377e-08	0.00013472	0.0001008	3.392e-05	1.043e-15
46.86	6.1909e-08	0.00013594	0.00010176	3.4186e-05	1.0203e-15
46.87	5.8615e-08	0.00012877	9.6358e-05	3.2407e-05	1.0088e-15
46.88	6.2407e-08	0.00013715	0.00010263	3.4523e-05	1.0216e-15
46.89	6.0518e-08	0.00013306	9.9595e-05	3.3463e-05	1.0165e-15
46.9	5.8487e-08	0.00012865	9.6266e-05	3.2383e-05	1.0223e-15
46.91	6.3496e-08	0.00013972	0.00010456	3.5164e-05	1.0189e-15
46.92	5.7817e-08	0.00012728	9.5275e-05	3.2009e-05	1.0095e-15
46.93	6.0552e-08	0.00013336	9.9787e-05	3.3576e-05	9.9767e-16
46.94	6.2452e-08	0.0001376	0.00010298	3.4622e-05	1.0096e-15
46.95	5.6389e-08	0.0001243	9.3036e-05	3.1263e-05	1.0145e-15
46.96	6.271e-08	0.00013829	0.00010347	3.4818e-05	9.9651e-16
46.97	6e-08	0.00013237	9.9082e-05	3.3288e-05	9.9848e-16
46.98	5.6765e-08	0.00012529	9.3763e-05	3.1524e-05	1.0072e-15
46.99	6.3661e-08	0.00014057	0.00010519	3.538e-05	1.0106e-15
47	5.7757e-08	0.00012759	9.5496e-05	3.209e-05	9.9309e-16
47.01	5.7836e-08	0.00012781	9.5643e-05	3.2172e-05	9.9376e-16
47.02	6.3709e-08	0.00014085	0.00010541	3.5439e-05	1.0027e-15
47.03	5.5748e-08	0.00012331	9.2281e-05	3.1025e-05	9.9189e-16
47.04	5.9546e-08	0.00013176	9.8608e-05	3.3154e-05	9.8606e-16
47.05	6.2628e-08	0.00013864	0.00010375	3.489e-05	9.8016e-16
47.06	5.4621e-08	0.00012097	9.0533e-05	3.0433e-05	9.9111e-16
47.07	6.1361e-08	0.00013595	0.00010175	3.4205e-05	9.8782e-16
47.08	6.0391e-08	0.00013386	0.00010017	3.3693e-05	9.8563e-16
47.09	5.5058e-08	0.00012209	9.1396e-05	3.0695e-05	9.9593e-16
47.1	6.1748e-08	0.00013698	0.00010249	3.4492e-05	9.811e-16
47.11	5.8789e-08	0.00013047	9.7653e-05	3.2822e-05	9.8012e-16
47.12	5.5759e-08	0.0001238	9.2673e-05	3.1127e-05	9.7876e-16
47.13	6.1404e-08	0.00013639	0.00010203	3.4366e-05	9.7484e-16
47.14	5.8082e-08	0.00012907	9.6636e-05	3.2432e-05	9.7852e-16
47.15	5.5561e-08	0.00012352	9.2421e-05	3.1097e-05	9.6874e-16
47.16	6.209e-08	0.00013809	0.00010333	3.4767e-05	9.7703e-16
47.17	5.6239e-08	0.00012513	9.3698e-05	3.1433e-05	9.8015e-16
47.18	5.6457e-08	0.00012567	9.3994e-05	3.1676e-05	9.5917e-16
47.19	6.2441e-08	0.00013905	0.00010409	3.4965e-05	9.6975e-16
47.2	5.356e-08	0.00011932	8.9318e-05	3.0006e-05	9.7302e-16
47.21	5.9495e-08	0.0001326	9.9197e-05	3.3405e-05	9.5442e-16
47.22	5.9954e-08	0.00013368	0.00010009	3.3592e-05	9.6632e-16
47.23	5.3162e-08	0.00011859	8.8736e-05	2.9851e-05	9.6232e-16
47.24	6.1795e-08	0.0001379	0.0001032	3.4707e-05	9.633e-16
47.25	5.6125e-08	0.0001253	9.3797e-05	3.1507e-05	9.6696e-16
47.26	5.5432e-08	0.00012381	9.2644e-05	3.1163e-05	9.4958e-16
47.27	6.1255e-08	0.00013687	0.00010244	3.4434e-05	9.5592e-16
47.28	5.4125e-08	0.00012099	9.0554e-05	3.0437e-05	9.3919e-16
47.29	5.7565e-08	0.00012873	9.6341e-05	3.2393e-05	9.4437e-16
47.3	5.9441e-08	0.00013299	9.9518e-05	3.347e-05	9.6406e-16
47.31	5.3723e-08	0.00012024	9.0001e-05	3.0243e-05	9.4399e-16
47.32	5.8648e-08	0.00013132	9.828e-05	3.3044e-05	9.49e-16
47.33	5.7879e-08	0.00012966	9.703e-05	3.2628e-05	9.4845e-16
47.34	5.3774e-08	0.00012051	9.0205e-05	3.0306e-05	9.3574e-16
47.35	5.9425e-08	0.00013323	9.9701e-05	3.3531e-05	9.2817e-16
47.36	5.592e-08	0.00012543	9.3875e-05	3.155e-05	9.2575e-16
47.37	5.4816e-08	0.000123	9.2051e-05	3.0951e-05	9.2673e-16
47.38	5.8982e-08	0.00013241	9.9094e-05	3.3313e-05	9.2217e-16
47.39	5.4539e-08	0.00012249	9.1674e-05	3.0811e-05	9.294e-16
47.4	5.6428e-08	0.00012678	9.4871e-05	3.1908e-05	9.2723e-16
47.41	5.6917e-08	0.00012793	9.5773e-05	3.216e-05	9.3236e-16
47.42	5.5316e-08	0.00012439	9.3076e-05	3.1311e-05	9.2694e-16
47.43	5.6196e-08	0.00012642	9.4613e-05	3.1806e-05	9.1583e-16
47.44	5.5727e-08	0.00012542	9.3884e-05	3.1533e-05	9.2046e-16
47.45	5.6502e-08	0.00012721	9.5171e-05	3.2043e-05	9.0285e-16
47.46	5.446e-08	0.00012267	9.1834e-05	3.0834e-05	9.048e-16
47.47	5.6669e-08	0.0001277	9.5572e-05	3.2125e-05	9.1278e-16
47.48	5.5644e-08	0.00012544	9.3856e-05	3.1584e-05	9.0637e-16
47.49	5.4224e-08	0.00012229	9.1555e-05	3.0737e-05	9.0924e-16
47.5	5.7084e-08	0.0001288	9.6378e-05	3.2419e-05	9.0917e-16
47.51	5.4164e-08	0.00012226	9.1491e-05	3.0767e-05	9.0692e-16
47.52	5.5444e-08	0.0001252	9.372e-05	3.1482e-05	8.9388e-16
47.53	5.5525e-08	0.00012544	9.3871e-05	3.1566e-05	8.8974e-16
47.54	5.4611e-08	0.00012342	9.236e-05	3.1064e-05	8.9784e-16
47.55	5.543e-08	0.00012533	9.3815e-05	3.1512e-05	8.9313e-16
47.56	5.4226e-08	0.00012266	9.1793e-05	3.0863e-05	8.867e-16
47.57	5.5796e-08	0.00012626	9.4476e-05	3.1786e-05	8.9426e-16
47.58	5.3956e-08	0.00012215	9.1454e-05	3.0695e-05	8.9614e-16
47.59	5.4565e-08	0.00012358	9.2463e-05	3.1116e-05	8.835e-16
47.6	5.5748e-08	0.00012631	9.4533e-05	3.178e-05	8.7629e-16
47.61	5.2988e-08	0.00012011	8.9921e-05	3.0189e-05	8.762e-16
47.62	5.5159e-08	0.00012508	9.3571e-05	3.1511e-05	8.7608e-16
47.63	5.5052e-08	0.00012489	9.3502e-05	3.139e-05	8.7226e-16
47.64	5.2718e-08	0.00011965	8.9547e-05	3.01e-05	8.8056e-16
47.65	5.5333e-08	0.00012563	9.4008e-05	3.1626e-05	8.7072e-16
47.66	5.4416e-08	0.0001236	9.2537e-05	3.1067e-05	8.5947e-16
47.67	5.2497e-08	0.00011929	8.9261e-05	3.0034e-05	8.7743e-16
47.68	5.5595e-08	0.00012639	9.4601e-05	3.1787e-05	8.6875e-16
47.69	5.3375e-08	0.00012139	9.0854e-05	3.0538e-05	8.6572e-16
47.7	5.2923e-08	0.00012041	9.0119e-05	3.0295e-05	8.68e-16
47.71	5.5295e-08	0.00012586	9.4203e-05	3.1661e-05	8.6811e-16
47.72	5.2501e-08	0.00011956	8.9467e-05	3.0089e-05	8.7285e-16
47.73	5.3692e-08	0.00012232	9.156e-05	3.0758e-05	8.6253e-16
47.74	5.4094e-08	0.00012329	9.225e-05	3.1036e-05	8.6684e-16
47.75	5.2769e-08	0.00012032	9.0062e-05	3.0254e-05	8.5593e-16
47.76	5.3484e-08	0.000122	9.1308e-05	3.0691e-05	8.656e-16
47.77	5.3589e-08	0.00012229	9.1511e-05	3.0779e-05	8.7157e-16
47.78	5.2834e-08	0.00012062	9.03e-05	3.0318e-05	8.5451e-16
47.79	5.2877e-08	0.00012077	9.0357e-05	3.0408e-05	8.7556e-16
47.8	5.3967e-08	0.00012331	9.2301e-05	3.1004e-05	8.5782e-16
47.81	5.1587e-08	0.00011792	8.8254e-05	2.9665e-05	8.4564e-16
47.82	5.3749e-08	0.00012291	9.1972e-05	3.0939e-05	8.6065e-16
47.83	5.3177e-08	0.00012165	9.108e-05	3.0575e-05	8.523e-16
47.84	5.0893e-08	0.00011648	8.715e-05	2.9326e-05	8.6203e-16
47.85	5.5123e-08	0.00012621	9.4476e-05	3.1736e-05	8.685e-16
47.86	5.0908e-08	0.00011661	8.728e-05	2.9329e-05	8.4933e-16
47.87	5.2062e-08	0.0001193	8.9268e-05	3.0034e-05	8.4178e-16
47.88	5.4858e-08	0.00012576	9.4147e-05	3.1613e-05	8.7074e-16
47.89	4.9454e-08	0.00011342	8.4869e-05	2.8551e-05	8.5923e-16
47.9	5.3524e-08	0.0001228	9.1919e-05	3.0886e-05	8.3924e-16
47.91	5.3601e-08	0.00012303	9.2095e-05	3.0938e-05	8.5813e-16
47.92	4.9132e-08	0.00011282	8.4426e-05	2.8399e-05	8.4012e-16
47.93	5.4179e-08	0.00012446	9.3167e-05	3.1297e-05	8.3582e-16
47.94	5.2679e-08	0.00012107	9.061e-05	3.0459e-05	8.5686e-16
47.95	4.8657e-08	0.00011187	8.3728e-05	2.8145e-05	8.6412e-16
47.96	5.5215e-08	0.000127	9.5061e-05	3.1942e-05	8.5536e-16
47.97	5.1112e-08	0.00011761	8.8022e-05	2.9593e-05	8.4844e-16
47.98	4.8829e-08	0.00011241	8.4126e-05	2.8283e-05	8.5468e-16
47.99	5.6248e-08	0.00012954	9.6956e-05	3.2586e-05	8.4305e-16
48	4.8494e-08	0.00011173	8.3624e-05	2.8108e-05	8.3868e-16
48.01	5.09e-08	0.00011732	8.7807e-05	2.9516e-05	8.3897e-16
48.02	5.5191e-08	0.00012727	9.5254e-05	3.2013e-05	8.4497e-16
48.03	4.7103e-08	0.00010866	8.1319e-05	2.7343e-05	8.4232e-16
48.04	5.3159e-08	0.00012268	9.1823e-05	3.0859e-05	8.2691e-16
48.05	5.2495e-08	0.0001212	9.0709e-05	3.0493e-05	8.3965e-16
48.06	4.7905e-08	0.00011065	8.2815e-05	2.7835e-05	8.4847e-16
48.07	5.3573e-08	0.00012379	9.2659e-05	3.1133e-05	8.4269e-16
48.08	5.0554e-08	0.00011686	8.7448e-05	2.9417e-05	8.351e-16
48.09	4.9089e-08	0.00011353	8.4985e-05	2.8542e-05	8.3808e-16
48.1	5.3027e-08	0.00012268	9.1816e-05	3.0868e-05	8.3237e-16
48.11	4.9555e-08	0.0001147	8.5832e-05	2.8865e-05	8.3593e-16
48.12	4.9843e-08	0.00011541	8.641e-05	2.9002e-05	8.4757e-16
48.13	5.2525e-08	0.00012167	9.103e-05	3.0643e-05	8.3072e-16
48.14	4.857e-08	0.00011256	8.4251e-05	2.8307e-05	8.3913e-16
48.15	5.0969e-08	0.00011817	8.8461e-05	2.9708e-05	8.2836e-16
48.16	5.1296e-08	0.00011897	8.9008e-05	2.9966e-05	8.1714e-16
48.17	4.8349e-08	0.00011219	8.3996e-05	2.819e-05	8.2992e-16
48.18	5.1681e-08	0.00011997	8.9782e-05	3.0186e-05	8.2744e-16
48.19	4.9736e-08	0.0001155	8.643e-05	2.9069e-05	8.3834e-16
48.2	4.9184e-08	0.00011427	8.555e-05	2.8716e-05	8.223e-16
48.21	5.0943e-08	0.0001184	8.8601e-05	2.9802e-05	8.2414e-16
48.22	4.9485e-08	0.00011506	8.6124e-05	2.8938e-05	8.2396e-16
48.23	4.9199e-08	0.00011444	8.5661e-05	2.8783e-05	8.0811e-16
48.24	5.0372e-08	0.00011722	8.7729e-05	2.9493e-05	8.2204e-16
48.25	4.9844e-08	0.00011604	8.6854e-05	2.9185e-05	8.1277e-16
48.26	4.8076e-08	0.00011197	8.3801e-05	2.8169e-05	8.2519e-16
48.27	5.1304e-08	0.00011954	8.9477e-05	3.0061e-05	8.2491e-16
48.28	4.8711e-08	0.00011354	8.4974e-05	2.8569e-05	8.122e-16
48.29	4.8087e-08	0.00011213	8.3932e-05	2.8203e-05	8.19e-16
48.3	5.1884e-08	0.00012104	9.06e-05	3.044e-05	8.0522e-16
48.31	4.6946e-08	0.00010957	8.1993e-05	2.7572e-05	8.0487e-16
48.32	4.9609e-08	0.00011583	8.6699e-05	2.9128e-05	8.0225e-16
48.33	5.0527e-08	0.00011802	8.8335e-05	2.9686e-05	8.1322e-16
48.34	4.679e-08	0.00010934	8.1827e-05	2.751e-05	8.1621e-16
48.35	5.0272e-08	0.00011752	8.7964e-05	2.9559e-05	8.0781e-16
48.36	4.8844e-08	0.00011423	8.5502e-05	2.8729e-05	8.1816e-16
48.37	4.7866e-08	0.00011199	8.3814e-05	2.8176e-05	8.1004e-16
48.38	4.9415e-08	0.00011566	8.6568e-05	2.9094e-05	8.0534e-16
48.39	4.8457e-08	0.00011347	8.4935e-05	2.8531e-05	7.9598e-16
48.4	4.8379e-08	0.00011333	8.4814e-05	2.8517e-05	7.9544e-16
48.41	4.8349e-08	0.00011331	8.4804e-05	2.8504e-05	7.9114e-16
48.42	4.8736e-08	0.00011426	8.5534e-05	2.8728e-05	7.7764e-16
48.43	4.82e-08	0.00011305	8.4602e-05	2.8449e-05	7.9251e-16
48.44	4.7645e-08	0.0001118	8.3669e-05	2.8128e-05	7.9403e-16
48.45	4.9212e-08	0.00011552	8.6488e-05	2.9031e-05	7.9555e-16
48.46	4.7561e-08	0.00011169	8.3577e-05	2.8114e-05	7.9582e-16
48.47	4.731e-08	0.00011115	8.3188e-05	2.796e-05	7.8672e-16
48.48	4.9713e-08	0.00011684	8.7488e-05	2.9352e-05	7.8428e-16
48.49	4.6258e-08	0.00010876	8.1363e-05	2.7402e-05	7.808e-16
48.5	4.8123e-08	0.0001132	8.4744e-05	2.8453e-05	7.7943e-16
48.51	4.9116e-08	0.00011558	8.6541e-05	2.904e-05	7.7334e-16
48.52	4.5511e-08	0.00010714	8.0134e-05	2.7008e-05	7.8164e-16
48.53	4.9288e-08	0.00011608	8.6936e-05	2.9145e-05	7.8562e-16
48.54	4.7199e-08	0.00011121	8.3242e-05	2.7964e-05	7.7288e-16
48.55	4.6559e-08	0.00010974	8.2093e-05	2.7651e-05	7.8023e-16
48.56	4.8742e-08	0.00011494	8.609e-05	2.8847e-05	7.975e-16
48.57	4.6282e-08	0.00010918	8.169e-05	2.7491e-05	7.8556e-16
48.58	4.7707e-08	0.00011259	8.4246e-05	2.8344e-05	7.7408e-16
48.59	4.7086e-08	0.00011117	8.3263e-05	2.7907e-05	7.8927e-16
48.6	4.7127e-08	0.00011131	8.3275e-05	2.8038e-05	7.7279e-16
48.61	4.6914e-08	0.00011085	8.2972e-05	2.7882e-05	7.4845e-16
48.62	4.6977e-08	0.00011105	8.3156e-05	2.7894e-05	7.5954e-16
48.63	4.726e-08	0.00011176	8.3615e-05	2.815e-05	7.7482e-16
48.64	4.5924e-08	0.00010865	8.1339e-05	2.7311e-05	7.7156e-16
48.65	4.7994e-08	0.00011359	8.504e-05	2.8552e-05	7.726e-16
48.66	4.5596e-08	0.00010796	8.0777e-05	2.7186e-05	7.8507e-16
48.67	4.6904e-08	0.0001111	8.318e-05	2.7924e-05	7.7799e-16
48.68	4.7476e-08	0.00011251	8.4208e-05	2.8299e-05	7.7443e-16
48.69	4.4631e-08	0.00010581	7.9178e-05	2.663e-05	7.6721e-16
48.7	4.8249e-08	0.00011443	8.5671e-05	2.8761e-05	7.6876e-16
48.71	4.563e-08	0.00010826	8.1026e-05	2.7238e-05	7.7322e-16
48.72	4.545e-08	0.00010788	8.0743e-05	2.7138e-05	7.6038e-16
48.73	4.7927e-08	0.00011381	8.5194e-05	2.8614e-05	7.779e-16
48.74	4.4837e-08	0.00010651	7.9716e-05	2.6797e-05	7.7748e-16
48.75	4.6034e-08	0.0001094	8.1884e-05	2.7518e-05	7.7696e-16
48.76	4.7129e-08	0.00011205	8.3871e-05	2.8179e-05	7.8963e-16
48.77	4.4941e-08	0.00010689	8.0003e-05	2.689e-05	7.807e-16
48.78	4.5556e-08	0.0001084	8.1141e-05	2.726e-05	7.8092e-16
48.79	4.7296e-08	0.00011259	8.427e-05	2.8316e-05	7.7025e-16
48.8	4.4367e-08	0.00010566	7.9074e-05	2.6583e-05	7.6976e-16
48.81	4.5495e-08	0.00010839	8.1138e-05	2.7251e-05	7.7268e-16
48.82	4.7468e-08	0.00011313	8.4669e-05	2.8465e-05	7.7208e-16
48.83	4.3411e-08	0.00010351	7.7466e-05	2.6041e-05	7.7609e-16
48.84	4.6131e-08	0.00011004	8.2373e-05	2.7665e-05	7.7728e-16
48.85	4.6877e-08	0.00011186	8.3707e-05	2.8157e-05	7.8731e-16
48.86	4.2927e-08	0.00010248	7.6718e-05	2.5761e-05	7.8512e-16
48.87	4.6607e-08	0.00011131	8.3316e-05	2.7995e-05	7.9159e-16
48.88	4.6191e-08	0.00011036	8.2585e-05	2.7776e-05	7.8757e-16
48.89	4.2614e-08	0.00010186	7.6267e-05	2.559e-05	7.9058e-16
48.9	4.7146e-08	0.00011274	8.4366e-05	2.837e-05	7.889e-16
48.91	4.5138e-08	0.00010798	8.0819e-05	2.7158e-05	7.6761e-16
48.92	4.2628e-08	0.00010201	7.6372e-05	2.5643e-05	7.919e-16
48.93	4.7769e-08	0.00011437	8.5584e-05	2.8781e-05	7.8536e-16
48.94	4.3402e-08	0.00010395	7.7821e-05	2.6131e-05	7.7531e-16
48.95	4.3848e-08	0.00010507	7.8634e-05	2.6431e-05	7.8734e-16
48.96	4.7115e-08	0.00011294	8.4529e-05	2.841e-05	7.8252e-16
48.97	4.2313e-08	0.00010147	7.5952e-05	2.5518e-05	7.9164e-16
48.98	4.5321e-08	0.00010873	8.1379e-05	2.7348e-05	7.8546e-16
48.99	4.5358e-08	0.00010886	8.149e-05	2.737e-05	7.9514e-16
49	4.2772e-08	0.00010269	7.6853e-05	2.5842e-05	7.8977e-16
49.01	4.5444e-08	0.00010916	8.172e-05	2.7437e-05	7.6737e-16
49.02	4.429e-08	0.00010643	7.9653e-05	2.6774e-05	7.7381e-16
49.03	4.3203e-08	0.00010386	7.7729e-05	2.6129e-05	7.7821e-16
49.04	4.5134e-08	0.00010854	8.1268e-05	2.7276e-05	7.8565e-16
49.05	4.393e-08	0.00010569	7.9084e-05	2.6608e-05	7.8102e-16
49.06	4.2896e-08	0.00010325	7.7296e-05	2.595e-05	7.8879e-16
49.07	4.5681e-08	0.00010999	8.2335e-05	2.7659e-05	7.9266e-16
49.08	4.2652e-08	0.00010274	7.6887e-05	2.5855e-05	7.7572e-16
49.09	4.346e-08	0.00010473	7.8409e-05	2.6322e-05	7.7464e-16
49.1	4.5702e-08	0.00011018	8.2451e-05	2.7729e-05	7.8176e-16
49.11	4.1175e-08	9.9305e-05	7.4341e-05	2.4964e-05	7.8924e-16
49.12	4.5134e-08	0.0001089	8.1501e-05	2.7397e-05	7.8366e-16
49.13	4.3973e-08	0.00010614	7.9445e-05	2.6696e-05	7.8764e-16
49.14	4.1476e-08	0.00010015	7.4977e-05	2.5176e-05	7.8157e-16
49.15	4.5629e-08	0.00011023	8.2481e-05	2.7746e-05	7.7222e-16
49.16	4.224e-08	0.00010208	7.6436e-05	2.5645e-05	7.822e-16
49.17	4.2868e-08	0.00010364	7.7552e-05	2.609e-05	7.7814e-16
49.18	4.44e-08	0.00010739	8.0385e-05	2.7005e-05	7.8013e-16
49.19	4.2207e-08	0.00010213	7.6465e-05	2.566e-05	7.8592e-16
49.2	4.325e-08	0.00010469	7.8323e-05	2.6369e-05	7.9082e-16
49.21	4.3247e-08	0.00010473	7.8427e-05	2.6301e-05	7.8122e-16
49.22	4.2833e-08	0.00010377	7.7652e-05	2.6116e-05	7.7281e-16
49.23	4.2675e-08	0.00010343	7.7409e-05	2.6019e-05	7.8237e-16
49.24	4.2955e-08	0.00010415	7.7983e-05	2.6164e-05	7.8436e-16
49.25	4.3022e-08	0.00010435	7.8071e-05	2.6281e-05	7.8545e-16
49.26	4.2096e-08	0.00010215	7.6489e-05	2.5658e-05	7.8226e-16
49.27	4.2877e-08	0.00010408	7.7891e-05	2.6193e-05	7.8725e-16
49.28	4.3085e-08	0.00010463	7.8311e-05	2.6323e-05	7.7884e-16
49.29	4.1447e-08	0.0001007	7.5397e-05	2.5299e-05	7.8824e-16
49.3	4.3096e-08	0.00010474	7.8367e-05	2.6378e-05	7.9649e-16
49.31	4.2791e-08	0.00010405	7.7913e-05	2.6133e-05	7.7524e-16
49.32	4.0965e-08	9.9645e-05	7.4582e-05	2.5063e-05	7.9728e-16
49.33	4.3542e-08	0.00010596	7.929e-05	2.6666e-05	7.8588e-16
49.34	4.1859e-08	0.0001019	7.6312e-05	2.5592e-05	7.8556e-16
49.35	4.1343e-08	0.00010069	7.5347e-05	2.534e-05	8.1033e-16
49.36	4.3167e-08	0.00010517	7.8719e-05	2.6453e-05	7.9024e-16
49.37	4.1472e-08	0.00010108	7.5688e-05	2.5395e-05	8.0261e-16
49.38	4.1633e-08	0.00010152	7.597e-05	2.5548e-05	8.0401e-16
49.39	4.2312e-08	0.00010321	7.7249e-05	2.5965e-05	7.994e-16
49.4	4.1948e-08	0.00010237	7.6659e-05	2.571e-05	7.9781e-16
49.41	4.0804e-08	9.9616e-05	7.4535e-05	2.5081e-05	7.9339e-16
49.42	4.2717e-08	0.00010433	7.809e-05	2.6239e-05	8.1048e-16
49.43	4.1462e-08	0.00010131	7.5869e-05	2.5436e-05	8.0977e-16
49.44	4.0392e-08	9.8732e-05	7.385e-05	2.4882e-05	8.1606e-16
49.45	4.3499e-08	0.00010637	7.9647e-05	2.6722e-05	8.1278e-16
49.46	3.9704e-08	9.7127e-05	7.272e-05	2.4407e-05	8.1174e-16
49.47	4.1869e-08	0.00010246	7.6645e-05	2.5819e-05	8.109e-16
49.48	4.2322e-08	0.00010362	7.7604e-05	2.6012e-05	8.0279e-16
49.49	3.9331e-08	9.6332e-05	7.2094e-05	2.4238e-05	8.1769e-16
49.5	4.3077e-08	0.00010555	7.8985e-05	2.6563e-05	8.2704e-16
49.51	4.0074e-08	9.823e-05	7.356e-05	2.467e-05	8.3385e-16
49.52	4.0955e-08	0.00010043	7.5161e-05	2.527e-05	8.1965e-16
49.53	4.1933e-08	0.00010287	7.6994e-05	2.5877e-05	8.2577e-16
49.54	3.9782e-08	9.7634e-05	7.309e-05	2.4545e-05	8.3278e-16
49.55	4.1678e-08	0.00010233	7.6597e-05	2.573e-05	8.1697e-16
49.56	4.0438e-08	9.9324e-05	7.4322e-05	2.5002e-05	8.4126e-16
49.57	4.0915e-08	0.00010054	7.5275e-05	2.526e-05	8.3821e-16
49.58	4.032e-08	9.9114e-05	7.4196e-05	2.4919e-05	8.2798e-16
49.59	4.1092e-08	0.00010105	7.5605e-05	2.5448e-05	8.3446e-16
49.6	4.0535e-08	9.9723e-05	7.4692e-05	2.5031e-05	8.3698e-16
49.61	3.9475e-08	9.7153e-05	7.2691e-05	2.4461e-05	8.4639e-16
49.62	4.2458e-08	0.00010454	7.8239e-05	2.63e-05	8.3167e-16
49.63	3.8458e-08	9.4728e-05	7.095e-05	2.3778e-05	8.3302e-16
49.64	4.0774e-08	0.00010047	7.5151e-05	2.5322e-05	8.4852e-16
49.65	4.2103e-08	0.00010379	7.7721e-05	2.6068e-05	8.4793e-16
49.66	3.7092e-08	9.1473e-05	6.8478e-05	2.2995e-05	8.3758e-16
49.67	4.2638e-08	0.00010519	7.8704e-05	2.6488e-05	8.4485e-16
49.68	4.0161e-08	9.9121e-05	7.4238e-05	2.4882e-05	8.6325e-16
49.69	3.7479e-08	9.2539e-05	6.9245e-05	2.3294e-05	8.5149e-16
49.7	4.338e-08	0.00010715	8.021e-05	2.6942e-05	8.4423e-16
49.71	3.8153e-08	9.428e-05	7.059e-05	2.369e-05	8.4494e-16
49.72	3.8941e-08	9.6266e-05	7.204e-05	2.4227e-05	8.5631e-16
49.73	4.2704e-08	0.00010561	7.9069e-05	2.6542e-05	8.6097e-16
49.74	3.7065e-08	9.17e-05	6.8638e-05	2.3063e-05	8.3354e-16
49.75	4.0449e-08	0.00010011	7.4937e-05	2.5177e-05	8.3923e-16
49.76	4.0914e-08	0.0001013	7.5834e-05	2.5471e-05	8.6103e-16
49.77	3.7472e-08	9.2821e-05	6.948e-05	2.3341e-05	8.4448e-16
49.78	4.0825e-08	0.00010117	7.5721e-05	2.5444e-05	8.3816e-16
49.79	3.9348e-08	9.7547e-05	7.3021e-05	2.4526e-05	8.5788e-16
49.8	3.8706e-08	9.5992e-05	7.1865e-05	2.4128e-05	8.5761e-16
49.81	3.9701e-08	9.8498e-05	7.3717e-05	2.4782e-05	8.5705e-16
49.82	3.9348e-08	9.7664e-05	7.312e-05	2.4544e-05	8.5504e-16
49.83	3.887e-08	9.6515e-05	7.2238e-05	2.4277e-05	8.5333e-16
49.84	3.8903e-08	9.6635e-05	7.2332e-05	2.4304e-05	8.6342e-16
49.85	3.9969e-08	9.9324e-05	7.4369e-05	2.4956e-05	8.4414e-16
49.86	3.7833e-08	9.4054e-05	7.0382e-05	2.3671e-05	8.411e-16
49.87	3.9579e-08	9.8434e-05	7.3701e-05	2.4733e-05	8.5156e-16
49.88	3.9156e-08	9.7422e-05	7.2929e-05	2.4493e-05	8.4412e-16
49.89	3.7739e-08	9.3932e-05	7.0297e-05	2.3635e-05	8.4418e-16
49.9	4.0067e-08	9.9766e-05	7.4699e-05	2.5067e-05	8.5208e-16
49.91	3.7721e-08	9.3963e-05	7.0324e-05	2.3639e-05	8.6306e-16
49.92	3.8942e-08	9.7044e-05	7.2641e-05	2.4404e-05	8.4842e-16
49.93	3.8949e-08	9.7099e-05	7.2692e-05	2.4407e-05	8.5269e-16
49.94	3.772e-08	9.4075e-05	7.0414e-05	2.3661e-05	8.6557e-16
49.95	3.9274e-08	9.7988e-05	7.3352e-05	2.4637e-05	8.5077e-16
49.96	3.7862e-08	9.4503e-05	7.0745e-05	2.3758e-05	8.5174e-16
49.97	3.845e-08	9.601e-05	7.1867e-05	2.4143e-05	8.4499e-16
49.98	3.842e-08	9.5972e-05	7.1838e-05	2.4134e-05	8.4432e-16
49.99	3.8121e-08	9.5265e-05	7.1319e-05	2.3946e-05	8.4858e-16
50	3.8064e-08	9.516e-05	7.1231e-05	2.3929e-05	8.4459e-16
50.01	3.8245e-08	9.565e-05	7.1601e-05	2.405e-05	8.5271e-16
50.02	3.8206e-08	9.5591e-05	7.1558e-05	2.4033e-05	8.4612e-16
50.03	3.7356e-08	9.3501e-05	6.9992e-05	2.3509e-05	8.3563e-16
50.04	3.8793e-08	9.7137e-05	7.2715e-05	2.4422e-05	8.5091e-16
50.05	3.7347e-08	9.3554e-05	7.0032e-05	2.3521e-05	8.6642e-16
50.06	3.7682e-08	9.4431e-05	7.0692e-05	2.3739e-05	8.4407e-16
50.07	3.8423e-08	9.6326e-05	7.2092e-05	2.4234e-05	8.3534e-16
50.08	3.7059e-08	9.2944e-05	6.9585e-05	2.3359e-05	8.5091e-16
50.09	3.7894e-08	9.5076e-05	7.1167e-05	2.3909e-05	8.4589e-16
50.1	3.7646e-08	9.4493e-05	7.0721e-05	2.3772e-05	8.4186e-16
50.11	3.7629e-08	9.4487e-05	7.0756e-05	2.3731e-05	8.3469e-16
50.12	3.6977e-08	9.2888e-05	6.9508e-05	2.3379e-05	8.3229e-16
50.13	3.8006e-08	9.551e-05	7.1501e-05	2.4009e-05	8.3751e-16
50.14	3.7359e-08	9.3922e-05	7.0321e-05	2.3601e-05	8.3036e-16
50.15	3.6388e-08	9.1517e-05	6.8478e-05	2.3039e-05	8.2994e-16
50.16	3.868e-08	9.732e-05	7.2878e-05	2.4442e-05	8.3873e-16
50.17	3.6224e-08	9.1177e-05	6.8245e-05	2.2932e-05	8.2652e-16
50.18	3.6996e-08	9.3157e-05	6.9728e-05	2.3429e-05	8.2518e-16
50.19	3.8201e-08	9.623e-05	7.2054e-05	2.4176e-05	8.4822e-16
50.2	3.586e-08	9.0368e-05	6.7635e-05	2.2733e-05	8.3046e-16
50.21	3.7352e-08	9.4165e-05	7.05e-05	2.3665e-05	8.2485e-16
50.22	3.7367e-08	9.4241e-05	7.0542e-05	2.3699e-05	8.3922e-16
50.23	3.623e-08	9.1411e-05	6.8434e-05	2.2977e-05	8.2904e-16
50.24	3.6857e-08	9.3029e-05	6.9637e-05	2.3392e-05	8.1743e-16
50.25	3.7318e-08	9.4229e-05	7.0531e-05	2.3698e-05	8.0356e-16
50.26	3.6081e-08	9.1143e-05	6.8245e-05	2.2898e-05	8.2037e-16
50.27	3.6586e-08	9.2456e-05	6.9186e-05	2.3271e-05	8.1949e-16
50.28	3.7333e-08	9.438e-05	7.0668e-05	2.3713e-05	8.1206e-16
50.29	3.5642e-08	9.0143e-05	6.7485e-05	2.2658e-05	8.2544e-16
50.3	3.6736e-08	9.2945e-05	6.9552e-05	2.3393e-05	8.12e-16
50.31	3.6894e-08	9.3382e-05	6.9933e-05	2.3449e-05	8.1533e-16
50.32	3.56e-08	9.0142e-05	6.7467e-05	2.2675e-05	8.1003e-16
50.33	3.6597e-08	9.2704e-05	6.9391e-05	2.3313e-05	8.1459e-16
50.34	3.6656e-08	9.2889e-05	6.9554e-05	2.3336e-05	8.2019e-16
50.35	3.5432e-08	8.9825e-05	6.7233e-05	2.2592e-05	8.0323e-16
50.36	3.6541e-08	9.2673e-05	6.937e-05	2.3304e-05	8.1301e-16
50.37	3.6429e-08	9.2425e-05	6.9193e-05	2.3232e-05	7.989e-16
50.38	3.5048e-08	8.8957e-05	6.66e-05	2.2357e-05	7.9248e-16
50.39	3.699e-08	9.3923e-05	7.0289e-05	2.3634e-05	7.9753e-16
50.4	3.549e-08	9.0151e-05	6.7503e-05	2.2649e-05	8.0076e-16
50.41	3.5444e-08	9.0069e-05	6.7426e-05	2.2643e-05	8.0786e-16
50.42	3.6942e-08	9.3912e-05	7.0266e-05	2.3646e-05	7.8464e-16
50.43	3.4495e-08	8.7728e-05	6.5711e-05	2.2017e-05	7.8523e-16
50.44	3.6417e-08	9.2652e-05	6.9337e-05	2.3315e-05	7.865e-16
50.45	3.5913e-08	9.1406e-05	6.8406e-05	2.3e-05	7.898e-16
50.46	3.4466e-08	8.7758e-05	6.5738e-05	2.202e-05	8.0584e-16
50.47	3.6845e-08	9.3851e-05	7.0215e-05	2.3636e-05	7.8827e-16
50.48	3.4916e-08	8.8974e-05	6.6609e-05	2.2365e-05	7.7389e-16
50.49	3.4818e-08	8.876e-05	6.6475e-05	2.2284e-05	7.7416e-16
50.5	3.6786e-08	9.3813e-05	7.0188e-05	2.3624e-05	7.7044e-16
50.51	3.4229e-08	8.7328e-05	6.5386e-05	2.1941e-05	7.6343e-16
50.52	3.5082e-08	8.9539e-05	6.7046e-05	2.2494e-05	7.6772e-16
50.53	3.6763e-08	9.3865e-05	7.0229e-05	2.3636e-05	7.6305e-16
50.54	3.3334e-08	8.5144e-05	6.3759e-05	2.1385e-05	7.5323e-16
50.55	3.5919e-08	9.1784e-05	6.8721e-05	2.3063e-05	7.5463e-16
50.56	3.598e-08	9.1977e-05	6.8813e-05	2.3164e-05	7.4533e-16
50.57	3.2962e-08	8.4295e-05	6.3138e-05	2.1157e-05	7.3971e-16
50.58	3.6824e-08	9.4209e-05	7.052e-05	2.3689e-05	7.3906e-16
50.59	3.4323e-08	8.7845e-05	6.5734e-05	2.2112e-05	7.4588e-16
50.6	3.4024e-08	8.7114e-05	6.5257e-05	2.1857e-05	7.3369e-16
50.61	3.6223e-08	9.278e-05	6.9425e-05	2.3354e-05	7.1482e-16
50.62	3.3584e-08	8.6056e-05	6.4422e-05	2.1634e-05	7.1536e-16
50.63	3.5107e-08	8.9993e-05	6.7391e-05	2.2602e-05	7.0817e-16
50.64	3.4641e-08	8.8834e-05	6.6471e-05	2.2363e-05	7.1378e-16
50.65	3.4423e-08	8.8308e-05	6.6126e-05	2.2183e-05	7.0459e-16
50.66	3.4653e-08	8.8935e-05	6.6572e-05	2.2363e-05	6.8962e-16
50.67	3.4118e-08	8.7596e-05	6.5567e-05	2.2029e-05	6.8584e-16
50.68	3.4997e-08	8.9889e-05	6.7296e-05	2.2593e-05	6.7714e-16
50.69	3.3708e-08	8.6611e-05	6.4832e-05	2.178e-05	6.735e-16
50.7	3.459e-08	8.8913e-05	6.6566e-05	2.2348e-05	6.6223e-16
50.71	3.4473e-08	8.8647e-05	6.6354e-05	2.2293e-05	6.6748e-16
50.72	3.3652e-08	8.6571e-05	6.4818e-05	2.1753e-05	6.5553e-16
50.73	3.4526e-08	8.8854e-05	6.6509e-05	2.2345e-05	6.4177e-16
50.74	3.4075e-08	8.7727e-05	6.5676e-05	2.2051e-05	6.5141e-16
50.75	3.378e-08	8.7003e-05	6.514e-05	2.1863e-05	6.4716e-16
50.76	3.4108e-08	8.7882e-05	6.5769e-05	2.2112e-05	6.43e-16
50.77	3.4092e-08	8.7874e-05	6.5797e-05	2.2077e-05	6.184e-16
50.78	3.3512e-08	8.6416e-05	6.4682e-05	2.1734e-05	6.1506e-16
50.79	3.4141e-08	8.8072e-05	6.593e-05	2.2141e-05	6.115e-16
50.8	3.365e-08	8.6839e-05	6.502e-05	2.1819e-05	5.9145e-16
50.81	3.3648e-08	8.6868e-05	6.5018e-05	2.185e-05	6.0487e-16
50.82	3.3841e-08	8.7401e-05	6.544e-05	2.1961e-05	5.9072e-16
50.83	3.3318e-08	8.6083e-05	6.4435e-05	2.1648e-05	5.8726e-16
50.84	3.4059e-08	8.8033e-05	6.5901e-05	2.2132e-05	5.9115e-16
50.85	3.2901e-08	8.5074e-05	6.3689e-05	2.1385e-05	5.7264e-16
50.86	3.3912e-08	8.7721e-05	6.567e-05	2.2051e-05	5.7981e-16
50.87	3.3446e-08	8.6549e-05	6.4797e-05	2.1752e-05	5.74e-16
50.88	3.2765e-08	8.482e-05	6.3487e-05	2.1332e-05	5.6679e-16
50.89	3.4215e-08	8.861e-05	6.635e-05	2.226e-05	5.614e-16
50.9	3.247e-08	8.4125e-05	6.2962e-05	2.1163e-05	5.4226e-16
50.91	3.3646e-08	8.7205e-05	6.5287e-05	2.1918e-05	5.4975e-16
50.92	3.3104e-08	8.5833e-05	6.4272e-05	2.1561e-05	5.5024e-16
50.93	3.2881e-08	8.5289e-05	6.3825e-05	2.1464e-05	5.2608e-16
50.94	3.3584e-08	8.7147e-05	6.5268e-05	2.1879e-05	5.3001e-16
50.95	3.2103e-08	8.3336e-05	6.2376e-05	2.0961e-05	5.3776e-16
50.96	3.4089e-08	8.8525e-05	6.6261e-05	2.2264e-05	5.2856e-16
50.97	3.2106e-08	8.3409e-05	6.247e-05	2.094e-05	5.3424e-16
50.98	3.2727e-08	8.5057e-05	6.3648e-05	2.1409e-05	5.294e-16
50.99	3.4064e-08	8.8566e-05	6.6318e-05	2.2248e-05	5.1172e-16
51	3.1007e-08	8.0649e-05	6.0382e-05	2.0267e-05	5.0642e-16
51.01	3.3866e-08	8.812e-05	6.5953e-05	2.2168e-05	5.1156e-16
51.02	3.2904e-08	8.5651e-05	6.414e-05	2.1511e-05	5.0985e-16
51.03	3.1199e-08	8.1243e-05	6.0811e-05	2.0432e-05	5.084e-16
51.04	3.4083e-08	8.8789e-05	6.647e-05	2.2319e-05	5.1312e-16
51.05	3.1967e-08	8.3308e-05	6.2374e-05	2.0934e-05	5.049e-16
51.06	3.173e-08	8.2725e-05	6.1926e-05	2.0799e-05	5.0441e-16
51.07	3.3676e-08	8.7832e-05	6.5754e-05	2.2078e-05	4.8498e-16
51.08	3.1587e-08	8.2417e-05	6.1704e-05	2.0713e-05	4.7904e-16
51.09	3.2061e-08	8.3686e-05	6.2653e-05	2.1033e-05	5.0097e-16
51.1	3.3129e-08	8.6506e-05	6.4752e-05	2.1754e-05	4.7975e-16
51.11	3.1476e-08	8.2223e-05	6.1565e-05	2.0658e-05	4.8201e-16
51.12	3.2181e-08	8.4097e-05	6.2946e-05	2.1151e-05	4.9392e-16
51.13	3.2554e-08	8.5106e-05	6.371e-05	2.1396e-05	4.8146e-16
51.14	3.1694e-08	8.289e-05	6.2067e-05	2.0822e-05	4.8191e-16
51.15	3.1848e-08	8.3325e-05	6.2357e-05	2.0967e-05	4.8244e-16
51.16	3.2458e-08	8.4953e-05	6.3614e-05	2.1339e-05	4.8625e-16
51.17	3.1593e-08	8.2722e-05	6.1926e-05	2.0797e-05	4.7698e-16
51.18	3.15e-08	8.251e-05	6.1757e-05	2.0753e-05	4.8411e-16
51.19	3.2758e-08	8.5839e-05	6.4281e-05	2.1558e-05	4.8904e-16
51.2	3.0727e-08	8.0548e-05	6.0282e-05	2.0266e-05	4.7051e-16
51.21	3.2166e-08	8.4354e-05	6.3159e-05	2.1195e-05	4.729e-16
51.22	3.2155e-08	8.4357e-05	6.3158e-05	2.12e-05	4.7523e-16
51.23	3.0324e-08	7.9586e-05	5.957e-05	2.0017e-05	4.758e-16
51.24	3.3087e-08	8.6871e-05	6.5047e-05	2.1824e-05	4.7142e-16
51.25	3.0519e-08	8.0161e-05	5.9999e-05	2.0161e-05	4.6757e-16
51.26	3.1413e-08	8.2541e-05	6.1798e-05	2.0743e-05	4.6587e-16
51.27	3.2591e-08	8.5668e-05	6.4137e-05	2.153e-05	4.6822e-16
51.28	2.971e-08	7.8127e-05	5.8484e-05	1.9643e-05	4.7802e-16
51.29	3.2569e-08	8.5679e-05	6.415e-05	2.1529e-05	4.7271e-16
51.3	3.1161e-08	8.2007e-05	6.1389e-05	2.0618e-05	4.7194e-16
51.31	3.0273e-08	7.97e-05	5.9671e-05	2.0029e-05	4.62e-16
51.32	3.2414e-08	8.537e-05	6.391e-05	2.146e-05	4.6453e-16
51.33	3.056e-08	8.052e-05	6.0283e-05	2.0237e-05	4.7673e-16
51.34	3.0601e-08	8.0657e-05	6.0388e-05	2.027e-05	4.6969e-16
51.35	3.1996e-08	8.4367e-05	6.3155e-05	2.1212e-05	4.7431e-16
51.36	3.0502e-08	8.0459e-05	6.0243e-05	2.0216e-05	4.6667e-16
51.37	3.0321e-08	8.0012e-05	5.9897e-05	2.0116e-05	4.6183e-16
51.38	3.225e-08	8.5138e-05	6.3736e-05	2.1402e-05	4.6121e-16
51.39	2.9768e-08	7.8615e-05	5.8863e-05	1.9751e-05	4.5863e-16
51.4	3.0702e-08	8.1114e-05	6.0719e-05	2.0395e-05	4.6365e-16
51.41	3.1994e-08	8.4559e-05	6.3311e-05	2.1249e-05	4.5796e-16
51.42	2.9123e-08	7.7001e-05	5.7656e-05	1.9345e-05	4.665e-16
51.43	3.1548e-08	8.3447e-05	6.2463e-05	2.0984e-05	4.7053e-16
51.44	3.0751e-08	8.1369e-05	6.0925e-05	2.0443e-05	4.6852e-16
51.45	2.9693e-08	7.86e-05	5.8849e-05	1.9751e-05	4.6862e-16
51.46	3.1342e-08	8.2999e-05	6.2127e-05	2.0872e-05	4.6516e-16
51.47	3.0026e-08	7.9543e-05	5.9562e-05	1.998e-05	4.6205e-16
51.48	3.0459e-08	8.0722e-05	6.0429e-05	2.0292e-05	4.5651e-16
51.49	3.0346e-08	8.0455e-05	6.0226e-05	2.0229e-05	4.6858e-16
51.5	3.0375e-08	8.0562e-05	6.0323e-05	2.0239e-05	4.6543e-16
51.51	3.0242e-08	8.0241e-05	6.0067e-05	2.0174e-05	4.5734e-16
51.52	2.9996e-08	7.9619e-05	5.9602e-05	2.0017e-05	4.6149e-16
51.53	3.0552e-08	8.1127e-05	6.0739e-05	2.0387e-05	4.6725e-16
51.54	2.977e-08	7.9081e-05	5.9208e-05	1.9874e-05	4.7203e-16
51.55	3.0149e-08	8.0118e-05	5.9972e-05	2.0146e-05	4.5592e-16
51.56	3.015e-08	8.0151e-05	6.0018e-05	2.0133e-05	4.6518e-16
51.57	2.9833e-08	7.9339e-05	5.9401e-05	1.9938e-05	4.6603e-16
51.58	2.9933e-08	7.9636e-05	5.9601e-05	2.0035e-05	4.5161e-16
51.59	2.9929e-08	7.9658e-05	5.9666e-05	1.9992e-05	4.6714e-16
51.6	2.9885e-08	7.9571e-05	5.9555e-05	2.0016e-05	4.6148e-16
51.61	2.9596e-08	7.8832e-05	5.9007e-05	1.9825e-05	4.637e-16
51.62	2.9926e-08	7.9742e-05	5.9733e-05	2.0009e-05	4.6948e-16
51.63	2.9705e-08	7.9182e-05	5.9244e-05	1.9939e-05	4.5368e-16
51.64	2.9457e-08	7.8552e-05	5.8823e-05	1.9729e-05	4.6546e-16
51.65	2.9763e-08	7.94e-05	5.9461e-05	1.9939e-05	4.6995e-16
51.66	2.9661e-08	7.9159e-05	5.9231e-05	1.9927e-05	4.5106e-16
51.67	2.9168e-08	7.7872e-05	5.8328e-05	1.9544e-05	4.6021e-16
51.68	2.9783e-08	7.9546e-05	5.955e-05	1.9996e-05	4.7053e-16
51.69	2.9405e-08	7.8567e-05	5.8805e-05	1.9762e-05	4.5609e-16
51.7	2.901e-08	7.7541e-05	5.8068e-05	1.9474e-05	4.5963e-16
51.71	2.9869e-08	7.9867e-05	5.9791e-05	2.0076e-05	4.6364e-16
51.72	2.8789e-08	7.7008e-05	5.7642e-05	1.9367e-05	4.5733e-16
51.73	2.9518e-08	7.899e-05	5.9145e-05	1.9845e-05	4.6105e-16
51.74	2.9165e-08	7.8074e-05	5.8464e-05	1.9611e-05	4.6215e-16
51.75	2.8868e-08	7.7311e-05	5.7855e-05	1.9456e-05	4.669e-16
51.76	2.975e-08	7.9703e-05	5.9696e-05	2.0007e-05	4.6511e-16
51.77	2.8116e-08	7.5355e-05	5.6424e-05	1.8931e-05	4.634e-16
51.78	2.9876e-08	8.0103e-05	5.9941e-05	2.0161e-05	4.6443e-16
51.79	2.875e-08	7.7113e-05	5.7776e-05	1.9337e-05	4.5659e-16
51.8	2.8224e-08	7.5732e-05	5.6677e-05	1.9055e-05	4.5954e-16
51.81	3.0235e-08	8.116e-05	6.0752e-05	2.0408e-05	4.5779e-16
51.82	2.7619e-08	7.4166e-05	5.5565e-05	1.8601e-05	4.632e-16
51.83	2.9172e-08	7.8366e-05	5.8633e-05	1.9732e-05	4.7479e-16
51.84	2.9347e-08	7.8866e-05	5.906e-05	1.9807e-05	4.5728e-16
51.85	2.7693e-08	7.4449e-05	5.5751e-05	1.8699e-05	4.6065e-16
51.86	2.9312e-08	7.8833e-05	5.8998e-05	1.9835e-05	4.7713e-16
51.87	2.8612e-08	7.698e-05	5.765e-05	1.933e-05	4.6142e-16
51.88	2.8195e-08	7.5887e-05	5.6815e-05	1.9072e-05	4.5937e-16
51.89	2.8682e-08	7.7227e-05	5.7816e-05	1.9412e-05	4.6176e-16
51.9	2.8732e-08	7.7393e-05	5.7943e-05	1.945e-05	4.6102e-16
51.91	2.8026e-08	7.5521e-05	5.6551e-05	1.8969e-05	4.6713e-16
51.92	2.8427e-08	7.663e-05	5.7359e-05	1.9271e-05	4.5659e-16
51.93	2.8794e-08	7.765e-05	5.8132e-05	1.9518e-05	4.6734e-16
51.94	2.767e-08	7.4648e-05	5.591e-05	1.8738e-05	4.6796e-16
51.95	2.8497e-08	7.6908e-05	5.7548e-05	1.936e-05	4.5652e-16
51.96	2.8524e-08	7.7011e-05	5.7673e-05	1.9339e-05	4.7135e-16
51.97	2.7605e-08	7.4559e-05	5.5827e-05	1.8732e-05	4.5518e-16
51.98	2.8348e-08	7.6595e-05	5.7318e-05	1.9277e-05	4.5332e-16
51.99	2.8408e-08	7.6785e-05	5.752e-05	1.9265e-05	4.7137e-16
52	2.7405e-08	7.4103e-05	5.5465e-05	1.8638e-05	4.6663e-16
52.01	2.8345e-08	7.6676e-05	5.7401e-05	1.9275e-05	4.7263e-16
52.02	2.8157e-08	7.6196e-05	5.7066e-05	1.913e-05	4.6627e-16
52.03	2.7241e-08	7.3744e-05	5.5197e-05	1.8547e-05	4.6223e-16
52.04	2.8495e-08	7.7169e-05	5.7781e-05	1.9388e-05	4.6375e-16
52.05	2.7557e-08	7.4656e-05	5.5898e-05	1.8758e-05	4.5274e-16
52.06	2.7591e-08	7.4779e-05	5.5985e-05	1.8795e-05	4.6389e-16
52.07	2.8067e-08	7.6097e-05	5.6963e-05	1.9133e-05	4.6732e-16
52.08	2.7412e-08	7.435e-05	5.5674e-05	1.8676e-05	4.5572e-16
52.09	2.7736e-08	7.5259e-05	5.6344e-05	1.8914e-05	4.6744e-16
52.1	2.7525e-08	7.4715e-05	5.5927e-05	1.8788e-05	4.6816e-16
52.11	2.7711e-08	7.5247e-05	5.6363e-05	1.8884e-05	4.5944e-16
52.12	2.716e-08	7.378e-05	5.5224e-05	1.8556e-05	4.692e-16
52.13	2.7871e-08	7.5739e-05	5.6708e-05	1.9032e-05	4.6597e-16
52.14	2.7163e-08	7.3845e-05	5.5304e-05	1.8541e-05	4.6913e-16
52.15	2.719e-08	7.3948e-05	5.5344e-05	1.8604e-05	4.7202e-16
52.16	2.8137e-08	7.6551e-05	5.7329e-05	1.9222e-05	4.6118e-16
52.17	2.6023e-08	7.0826e-05	5.303e-05	1.7796e-05	4.7046e-16
52.18	2.8466e-08	7.7506e-05	5.802e-05	1.9486e-05	4.6167e-16
52.19	2.6839e-08	7.3103e-05	5.4742e-05	1.8361e-05	4.5541e-16
52.2	2.63e-08	7.1663e-05	5.3656e-05	1.8007e-05	4.7435e-16
52.21	2.9071e-08	7.9243e-05	5.9323e-05	1.9921e-05	4.7087e-16
52.22	2.5124e-08	6.8512e-05	5.1298e-05	1.7215e-05	4.6414e-16
52.23	2.7991e-08	7.6359e-05	5.718e-05	1.918e-05	4.7536e-16
52.24	2.7702e-08	7.5601e-05	5.6586e-05	1.9014e-05	4.7688e-16
52.25	2.516e-08	6.8689e-05	5.1439e-05	1.7249e-05	4.7028e-16
52.26	2.8758e-08	7.8542e-05	5.8807e-05	1.9735e-05	4.772e-16
52.27	2.6041e-08	7.1149e-05	5.3253e-05	1.7896e-05	4.6407e-16
52.28	2.6458e-08	7.2314e-05	5.4167e-05	1.8148e-05	4.6127e-16
52.29	2.7817e-08	7.6059e-05	5.6934e-05	1.9125e-05	4.7794e-16
52.3	2.583e-08	7.0654e-05	5.2896e-05	1.7757e-05	4.6888e-16
52.31	2.7044e-08	7.4002e-05	5.5419e-05	1.8583e-05	4.7866e-16
52.32	2.6734e-08	7.318e-05	5.4775e-05	1.8405e-05	4.7742e-16
52.33	2.6416e-08	7.2338e-05	5.4166e-05	1.8171e-05	4.7087e-16
52.34	2.6674e-08	7.3073e-05	5.471e-05	1.8363e-05	4.7874e-16
52.35	2.6414e-08	7.2387e-05	5.4194e-05	1.8193e-05	4.6585e-16
52.36	2.6665e-08	7.3105e-05	5.4732e-05	1.8373e-05	4.7155e-16
52.37	2.6252e-08	7.2e-05	5.3912e-05	1.8087e-05	4.7582e-16
52.38	2.6378e-08	7.2372e-05	5.4187e-05	1.8185e-05	4.7602e-16
52.39	2.6651e-08	7.315e-05	5.4754e-05	1.8396e-05	4.7147e-16
52.4	2.5951e-08	7.1255e-05	5.3369e-05	1.7885e-05	4.7e-16
52.41	2.6358e-08	7.2402e-05	5.4193e-05	1.8209e-05	4.8564e-16
52.42	2.6533e-08	7.2908e-05	5.4581e-05	1.8327e-05	4.7151e-16
52.43	2.5729e-08	7.0727e-05	5.2977e-05	1.7749e-05	4.7547e-16
52.44	2.6395e-08	7.2584e-05	5.4317e-05	1.8267e-05	4.8116e-16
52.45	2.6247e-08	7.2205e-05	5.4076e-05	1.8129e-05	4.6953e-16
52.46	2.5746e-08	7.0855e-05	5.3056e-05	1.7798e-05	4.7479e-16
52.47	2.6165e-08	7.2036e-05	5.3913e-05	1.8123e-05	4.6989e-16
52.48	2.6158e-08	7.2044e-05	5.3965e-05	1.8079e-05	4.8006e-16
52.49	2.5678e-08	7.0748e-05	5.2961e-05	1.7787e-05	4.871e-16
52.5	2.5873e-08	7.1312e-05	5.3385e-05	1.7926e-05	4.8044e-16
52.51	2.6309e-08	7.2543e-05	5.433e-05	1.8212e-05	4.7997e-16
52.52	2.5233e-08	6.96e-05	5.2103e-05	1.7497e-05	4.7633e-16
52.53	2.6058e-08	7.1904e-05	5.3835e-05	1.8069e-05	4.7861e-16
52.54	2.6e-08	7.1771e-05	5.3747e-05	1.8024e-05	4.7072e-16
52.55	2.5054e-08	6.9186e-05	5.1794e-05	1.7391e-05	4.7099e-16
52.56	2.6268e-08	7.2566e-05	5.4327e-05	1.824e-05	4.8414e-16
52.57	2.5344e-08	7.0042e-05	5.246e-05	1.7582e-05	4.8393e-16
52.58	2.5495e-08	7.0484e-05	5.276e-05	1.7724e-05	4.8761e-16
52.59	2.5772e-08	7.1277e-05	5.3365e-05	1.7912e-05	4.8775e-16
52.6	2.5244e-08	6.9843e-05	5.2313e-05	1.753e-05	4.7701e-16
52.61	2.5679e-08	7.1075e-05	5.3192e-05	1.7882e-05	4.8336e-16
52.62	2.5177e-08	6.9711e-05	5.221e-05	1.7501e-05	4.8485e-16
52.63	2.5553e-08	7.0779e-05	5.2999e-05	1.778e-05	4.7602e-16
52.64	2.5301e-08	7.0109e-05	5.2471e-05	1.7639e-05	4.8829e-16
52.65	2.5166e-08	6.976e-05	5.2255e-05	1.7505e-05	4.8605e-16
52.66	2.5392e-08	7.0413e-05	5.271e-05	1.7703e-05	4.8102e-16
52.67	2.5216e-08	6.9951e-05	5.2369e-05	1.7582e-05	4.8648e-16
52.68	2.5034e-08	6.9474e-05	5.2034e-05	1.744e-05	4.8443e-16
52.69	2.5147e-08	6.9815e-05	5.2263e-05	1.7552e-05	4.9704e-16
52.7	2.5425e-08	7.0613e-05	5.2875e-05	1.7739e-05	4.8972e-16
52.71	2.4429e-08	6.7872e-05	5.0826e-05	1.7046e-05	4.8089e-16
52.72	2.5558e-08	7.1036e-05	5.3181e-05	1.7855e-05	4.9296e-16
52.73	2.496e-08	6.9401e-05	5.1964e-05	1.7437e-05	4.8854e-16
52.74	2.4333e-08	6.7682e-05	5.0685e-05	1.6997e-05	4.8444e-16
52.75	2.5785e-08	7.1749e-05	5.3711e-05	1.8038e-05	4.8547e-16
52.76	2.4217e-08	6.741e-05	5.0473e-05	1.6937e-05	4.8849e-16
52.77	2.494e-08	6.9451e-05	5.2007e-05	1.7444e-05	4.8996e-16
52.78	2.5059e-08	6.9806e-05	5.2249e-05	1.7557e-05	4.8993e-16
52.79	2.4385e-08	6.7955e-05	5.0895e-05	1.706e-05	4.9364e-16
52.8	2.4934e-08	6.9512e-05	5.2043e-05	1.7469e-05	5.0276e-16
52.81	2.4449e-08	6.8186e-05	5.1044e-05	1.7142e-05	5.0652e-16
52.82	2.4975e-08	6.9679e-05	5.2193e-05	1.7485e-05	4.8862e-16
52.83	2.412e-08	6.732e-05	5.039e-05	1.693e-05	4.9336e-16
52.84	2.4795e-08	6.9229e-05	5.1837e-05	1.7391e-05	5.0853e-16
52.85	2.4744e-08	6.9113e-05	5.1759e-05	1.7354e-05	4.9985e-16
52.86	2.3792e-08	6.648e-05	4.9764e-05	1.6717e-05	4.9861e-16
52.87	2.5121e-08	7.0219e-05	5.2588e-05	1.7631e-05	5.0523e-16
52.88	2.4131e-08	6.7477e-05	5.0525e-05	1.6953e-05	5.0657e-16
52.89	2.4066e-08	6.7321e-05	5.04e-05	1.6921e-05	4.9829e-16
52.9	2.4797e-08	6.9393e-05	5.1964e-05	1.7429e-05	4.9789e-16
52.91	2.4045e-08	6.7313e-05	5.0402e-05	1.6912e-05	5.0804e-16
52.92	2.3997e-08	6.7204e-05	5.0318e-05	1.6886e-05	5.09e-16
52.93	2.465e-08	6.9059e-05	5.1707e-05	1.7352e-05	5.0694e-16
52.94	2.3909e-08	6.701e-05	5.0178e-05	1.6832e-05	5.0667e-16
52.95	2.3865e-08	6.6911e-05	5.0098e-05	1.6813e-05	5.1296e-16
52.96	2.4733e-08	6.937e-05	5.1936e-05	1.7433e-05	5.1338e-16
52.97	2.3323e-08	6.544e-05	4.9007e-05	1.6433e-05	5.0312e-16
52.98	2.4415e-08	6.8531e-05	5.131e-05	1.7221e-05	5.0813e-16
52.99	2.4046e-08	6.752e-05	5.0552e-05	1.6968e-05	5.1906e-16
53	2.3356e-08	6.5606e-05	4.9136e-05	1.647e-05	5.1733e-16
53.01	2.4765e-08	6.959e-05	5.2092e-05	1.7497e-05	5.1768e-16
53.02	2.2977e-08	6.459e-05	4.836e-05	1.623e-05	5.2016e-16
53.03	2.4333e-08	6.8428e-05	5.1252e-05	1.7175e-05	5.2026e-16
53.04	2.3912e-08	6.7271e-05	5.0346e-05	1.6925e-05	5.1817e-16
53.05	2.2943e-08	6.4569e-05	4.8355e-05	1.6214e-05	5.1282e-16
53.06	2.4803e-08	6.9829e-05	5.2296e-05	1.7532e-05	5.1711e-16
53.07	2.2835e-08	6.4314e-05	4.8131e-05	1.6183e-05	5.1718e-16
53.08	2.3771e-08	6.6975e-05	5.0172e-05	1.6803e-05	5.2046e-16
53.09	2.4105e-08	6.7941e-05	5.0873e-05	1.7068e-05	5.264e-16
53.1	2.2764e-08	6.4186e-05	4.8043e-05	1.6143e-05	5.1417e-16
53.11	2.4069e-08	6.789e-05	5.086e-05	1.703e-05	5.1839e-16
53.12	2.3338e-08	6.5853e-05	4.93e-05	1.6553e-05	5.2599e-16
53.13	2.3248e-08	6.5623e-05	4.9125e-05	1.6499e-05	5.2092e-16
53.14	2.3627e-08	6.672e-05	4.9974e-05	1.6746e-05	5.2644e-16
53.15	2.3182e-08	6.5488e-05	4.9025e-05	1.6463e-05	5.3088e-16
53.16	2.3457e-08	6.6289e-05	4.9629e-05	1.666e-05	5.252e-16
53.17	2.3147e-08	6.5438e-05	4.9012e-05	1.6426e-05	5.2488e-16
53.18	2.3267e-08	6.5802e-05	4.926e-05	1.6542e-05	5.3187e-16
53.19	2.3444e-08	6.6327e-05	4.9658e-05	1.6668e-05	5.2525e-16
53.2	2.2722e-08	6.431e-05	4.8167e-05	1.6143e-05	5.2772e-16
53.21	2.3471e-08	6.6453e-05	4.9748e-05	1.6705e-05	5.3102e-16
53.22	2.3249e-08	6.5849e-05	4.9306e-05	1.6542e-05	5.2645e-16
53.23	2.2379e-08	6.341e-05	4.749e-05	1.592e-05	5.33e-16
53.24	2.3818e-08	6.7513e-05	5.0545e-05	1.6969e-05	5.267e-16
53.25	2.2686e-08	6.4329e-05	4.8171e-05	1.6157e-05	5.3333e-16
53.26	2.2507e-08	6.3844e-05	4.7809e-05	1.6035e-05	5.3769e-16
53.27	2.382e-08	6.7594e-05	5.061e-05	1.6984e-05	5.3712e-16
53.28	2.2191e-08	6.2995e-05	4.7166e-05	1.5829e-05	5.4509e-16
53.29	2.286e-08	6.4919e-05	4.8615e-05	1.6303e-05	5.2739e-16
53.3	2.3358e-08	6.6358e-05	4.9687e-05	1.6671e-05	5.3262e-16
53.31	2.2181e-08	6.3038e-05	4.7191e-05	1.5847e-05	5.3913e-16
53.32	2.2859e-08	6.4987e-05	4.8676e-05	1.6311e-05	5.2933e-16
53.33	2.3053e-08	6.5566e-05	4.9086e-05	1.648e-05	5.3618e-16
53.34	2.2203e-08	6.317e-05	4.7299e-05	1.5871e-05	5.3908e-16
53.35	2.2727e-08	6.4687e-05	4.8454e-05	1.6232e-05	5.4096e-16
53.36	2.2928e-08	6.5284e-05	4.886e-05	1.6424e-05	5.3361e-16
53.37	2.2019e-08	6.2717e-05	4.6978e-05	1.574e-05	5.3887e-16
53.38	2.2843e-08	6.5089e-05	4.8741e-05	1.6348e-05	5.4037e-16
53.39	2.2514e-08	6.4177e-05	4.8039e-05	1.6138e-05	5.2987e-16
53.4	2.2127e-08	6.3096e-05	4.727e-05	1.5826e-05	5.44e-16
53.41	2.2755e-08	6.4911e-05	4.8586e-05	1.6326e-05	5.4699e-16
53.42	2.2131e-08	6.3155e-05	4.7298e-05	1.5857e-05	5.4531e-16
53.43	2.2401e-08	6.3948e-05	4.7892e-05	1.6056e-05	5.4889e-16
53.44	2.2323e-08	6.375e-05	4.7717e-05	1.6033e-05	5.4949e-16
53.45	2.2177e-08	6.3359e-05	4.7465e-05	1.5894e-05	5.4206e-16
53.46	2.2259e-08	6.3617e-05	4.7618e-05	1.5999e-05	5.3646e-16
53.47	2.2248e-08	6.3609e-05	4.7635e-05	1.5975e-05	5.5297e-16
53.48	2.1989e-08	6.289e-05	4.7103e-05	1.5787e-05	5.4572e-16
53.49	2.2198e-08	6.3513e-05	4.7537e-05	1.5975e-05	5.3756e-16
53.5	2.2333e-08	6.3924e-05	4.7883e-05	1.604e-05	5.479e-16
53.51	2.1362e-08	6.1165e-05	4.5794e-05	1.5371e-05	5.4728e-16
53.52	2.287e-08	6.551e-05	4.9052e-05	1.6458e-05	5.4643e-16
53.53	2.1542e-08	6.1729e-05	4.623e-05	1.5498e-05	5.4538e-16
53.54	2.1506e-08	6.1648e-05	4.6157e-05	1.5491e-05	5.5923e-16
53.55	2.3232e-08	6.6621e-05	4.989e-05	1.6732e-05	5.5308e-16
53.56	2.0401e-08	5.8525e-05	4.3816e-05	1.4708e-05	5.429e-16
53.57	2.265e-08	6.5e-05	4.8683e-05	1.6318e-05	5.6686e-16
53.58	2.22e-08	6.3732e-05	4.7717e-05	1.6015e-05	5.4915e-16
53.59	2.0516e-08	5.8918e-05	4.4121e-05	1.4797e-05	5.386e-16
53.6	2.3095e-08	6.6352e-05	4.9695e-05	1.6657e-05	5.5736e-16
53.61	2.1005e-08	6.037e-05	4.5189e-05	1.5181e-05	5.4661e-16
53.62	2.156e-08	6.1986e-05	4.643e-05	1.5556e-05	5.5511e-16
53.63	2.2168e-08	6.3758e-05	4.7735e-05	1.6023e-05	5.5086e-16
53.64	2.1118e-08	6.0762e-05	4.5494e-05	1.5268e-05	5.5038e-16
53.65	2.1738e-08	6.2568e-05	4.6865e-05	1.5703e-05	5.7381e-16
53.66	2.144e-08	6.1734e-05	4.6216e-05	1.5518e-05	5.5844e-16
53.67	2.1699e-08	6.2503e-05	4.6811e-05	1.5692e-05	5.6284e-16
53.68	2.1054e-08	6.0669e-05	4.543e-05	1.5239e-05	5.5493e-16
53.69	2.176e-08	6.2726e-05	4.6971e-05	1.5756e-05	5.5001e-16
53.7	2.1375e-08	6.164e-05	4.616e-05	1.548e-05	5.7663e-16
53.71	2.0932e-08	6.0385e-05	4.5215e-05	1.517e-05	5.4018e-16
53.72	2.1971e-08	6.3403e-05	4.7482e-05	1.5922e-05	5.4992e-16
53.73	2.0697e-08	5.975e-05	4.473e-05	1.5021e-05	5.7713e-16
53.74	2.1495e-08	6.2078e-05	4.6497e-05	1.5581e-05	5.4392e-16
53.75	2.1387e-08	6.1788e-05	4.6262e-05	1.5526e-05	5.5691e-16
53.76	2.0665e-08	5.9724e-05	4.4717e-05	1.5007e-05	5.6071e-16
53.77	2.1752e-08	6.2889e-05	4.7112e-05	1.5777e-05	5.6048e-16
53.78	2.0697e-08	5.9863e-05	4.4805e-05	1.5057e-05	5.7934e-16
53.79	2.1026e-08	6.0835e-05	4.5571e-05	1.5265e-05	5.6305e-16
53.8	2.1578e-08	6.2456e-05	4.6772e-05	1.5685e-05	5.6631e-16
53.81	2.0301e-08	5.8782e-05	4.3999e-05	1.4783e-05	5.7591e-16
53.82	2.1343e-08	6.1822e-05	4.6321e-05	1.5501e-05	5.5949e-16
53.83	2.1266e-08	6.1623e-05	4.6124e-05	1.5498e-05	5.634e-16
53.84	2.0021e-08	5.8036e-05	4.3462e-05	1.4575e-05	5.8234e-16
53.85	2.1735e-08	6.3027e-05	4.721e-05	1.5817e-05	5.7639e-16
53.86	2.0662e-08	5.9938e-05	4.486e-05	1.5078e-05	5.6397e-16
53.87	2.0121e-08	5.839e-05	4.3744e-05	1.4646e-05	5.6617e-16
53.88	2.1911e-08	6.3608e-05	4.7625e-05	1.5983e-05	5.6575e-16
53.89	1.9947e-08	5.793e-05	4.3375e-05	1.4555e-05	5.6533e-16
53.9	2.0668e-08	6.0046e-05	4.4975e-05	1.507e-05	5.7209e-16
53.91	2.1438e-08	6.2305e-05	4.664e-05	1.5665e-05	5.7235e-16
53.92	1.9754e-08	5.7431e-05	4.3018e-05	1.4413e-05	5.6941e-16
53.93	2.1011e-08	6.1111e-05	4.5754e-05	1.5357e-05	5.7938e-16
53.94	2.0807e-08	6.0539e-05	4.5331e-05	1.5208e-05	5.786e-16
53.95	1.9963e-08	5.8106e-05	4.3526e-05	1.458e-05	5.7635e-16
53.96	2.0922e-08	6.0919e-05	4.5605e-05	1.5314e-05	5.8649e-16
53.97	2.0478e-08	5.9646e-05	4.4672e-05	1.4974e-05	5.8656e-16
53.98	2.0051e-08	5.8425e-05	4.3749e-05	1.4676e-05	5.8544e-16
53.99	2.0878e-08	6.0858e-05	4.5564e-05	1.5294e-05	5.7236e-16
54	2.0073e-08	5.8532e-05	4.3841e-05	1.4691e-05	5.7004e-16
54.01	2.0276e-08	5.9147e-05	4.4284e-05	1.4862e-05	5.8355e-16
54.02	2.0721e-08	6.0467e-05	4.5279e-05	1.5188e-05	5.8051e-16
54.03	1.9626e-08	5.7293e-05	4.291e-05	1.4383e-05	5.7354e-16
54.04	2.0835e-08	6.0845e-05	4.5556e-05	1.5288e-05	5.6842e-16
54.05	1.998e-08	5.837e-05	4.3711e-05	1.4659e-05	5.8482e-16
54.06	1.9832e-08	5.796e-05	4.3408e-05	1.4552e-05	5.9563e-16
54.07	2.092e-08	6.1162e-05	4.5792e-05	1.5371e-05	5.9126e-16
54.08	1.9318e-08	5.6497e-05	4.2314e-05	1.4183e-05	5.9302e-16
54.09	2.0422e-08	5.975e-05	4.4744e-05	1.5006e-05	5.9052e-16
54.1	2.0281e-08	5.936e-05	4.4439e-05	1.4921e-05	5.9817e-16
54.11	1.9471e-08	5.701e-05	4.2707e-05	1.4304e-05	5.8848e-16
54.12	2.0344e-08	5.9587e-05	4.4613e-05	1.4973e-05	5.8126e-16
54.13	1.9966e-08	5.8501e-05	4.3803e-05	1.4698e-05	5.8973e-16
54.14	1.9682e-08	5.7691e-05	4.3215e-05	1.4477e-05	5.789e-16
54.15	1.9863e-08	5.8244e-05	4.36e-05	1.4644e-05	5.7912e-16
54.16	2.0301e-08	5.9549e-05	4.4605e-05	1.4944e-05	5.9074e-16
54.17	1.9179e-08	5.628e-05	4.2149e-05	1.4131e-05	5.9351e-16
54.18	2.005e-08	5.8857e-05	4.4062e-05	1.4795e-05	5.8862e-16
54.19	2.0193e-08	5.9298e-05	4.4424e-05	1.4875e-05	6.0222e-16
54.2	1.8761e-08	5.5113e-05	4.1262e-05	1.385e-05	6.1179e-16
54.21	2.0587e-08	6.0501e-05	4.5306e-05	1.5194e-05	5.9434e-16
54.22	1.9395e-08	5.7018e-05	4.2715e-05	1.4303e-05	5.9743e-16
54.23	1.9173e-08	5.6385e-05	4.2209e-05	1.4176e-05	5.9645e-16
54.24	2.0398e-08	6.001e-05	4.4946e-05	1.5064e-05	5.8494e-16
54.25	1.8923e-08	5.5692e-05	4.1713e-05	1.3979e-05	5.9227e-16
54.26	1.9691e-08	5.7974e-05	4.3399e-05	1.4575e-05	5.9519e-16
54.27	1.973e-08	5.8108e-05	4.3524e-05	1.4585e-05	5.8653e-16
54.28	1.9074e-08	5.6198e-05	4.2086e-05	1.4112e-05	5.8729e-16
54.29	1.9701e-08	5.8066e-05	4.347e-05	1.4596e-05	5.9997e-16
54.3	1.9347e-08	5.7044e-05	4.2728e-05	1.4316e-05	6.0336e-16
54.31	1.9196e-08	5.6619e-05	4.24e-05	1.4219e-05	6.0124e-16
54.32	1.9624e-08	5.7904e-05	4.3348e-05	1.4556e-05	6.0004e-16
54.33	1.9054e-08	5.6242e-05	4.2129e-05	1.4113e-05	5.9814e-16
54.34	1.9278e-08	5.6923e-05	4.2626e-05	1.4297e-05	5.9609e-16
54.35	1.9567e-08	5.7801e-05	4.3273e-05	1.4527e-05	6.0162e-16
54.36	1.8658e-08	5.5133e-05	4.1306e-05	1.3828e-05	6.042e-16
54.37	1.9621e-08	5.8001e-05	4.3429e-05	1.4573e-05	5.9543e-16
54.38	1.9137e-08	5.6591e-05	4.237e-05	1.4221e-05	5.9563e-16
54.39	1.8648e-08	5.5166e-05	4.1332e-05	1.3835e-05	5.9332e-16
54.4	1.9723e-08	5.8369e-05	4.3697e-05	1.4672e-05	6.0124e-16
54.41	1.868e-08	5.53e-05	4.141e-05	1.389e-05	6.0755e-16
54.42	1.8924e-08	5.6044e-05	4.1983e-05	1.4061e-05	5.9784e-16
54.43	1.9351e-08	5.733e-05	4.2915e-05	1.4416e-05	5.9755e-16
54.44	1.8735e-08	5.5526e-05	4.1585e-05	1.394e-05	6.0368e-16
54.45	1.8774e-08	5.5661e-05	4.1692e-05	1.3969e-05	6.1795e-16
54.46	1.9247e-08	5.7084e-05	4.2732e-05	1.4352e-05	6.1213e-16
54.47	1.8743e-08	5.561e-05	4.1652e-05	1.3958e-05	6.109e-16
54.48	1.8458e-08	5.4785e-05	4.1031e-05	1.3754e-05	6.136e-16
54.49	1.9531e-08	5.7991e-05	4.3416e-05	1.4575e-05	6.0558e-16
54.5	1.8197e-08	5.405e-05	4.049e-05	1.3561e-05	6.1394e-16
54.51	1.8775e-08	5.5787e-05	4.1776e-05	1.4011e-05	5.9565e-16
54.52	1.9286e-08	5.7325e-05	4.2919e-05	1.4406e-05	6.0376e-16
54.53	1.7872e-08	5.3144e-05	3.9811e-05	1.3332e-05	6.1868e-16
54.54	1.9266e-08	5.7309e-05	4.2907e-05	1.4401e-05	6.0567e-16
54.55	1.8455e-08	5.4916e-05	4.1125e-05	1.3791e-05	6.2294e-16
54.56	1.8367e-08	5.4674e-05	4.0952e-05	1.3722e-05	6.2412e-16
54.57	1.8992e-08	5.6556e-05	4.234e-05	1.4215e-05	6.2435e-16
54.58	1.8058e-08	5.3796e-05	4.0297e-05	1.3499e-05	6.206e-16
54.59	1.8884e-08	5.6277e-05	4.2139e-05	1.4138e-05	6.1571e-16
54.6	1.8281e-08	5.4497e-05	4.081e-05	1.3688e-05	6.1976e-16
54.61	1.8333e-08	5.4673e-05	4.0954e-05	1.3719e-05	6.1056e-16
54.62	1.8777e-08	5.6019e-05	4.1935e-05	1.4084e-05	6.2772e-16
54.63	1.7947e-08	5.3561e-05	4.0125e-05	1.3436e-05	6.2561e-16
54.64	1.8554e-08	5.5394e-05	4.1483e-05	1.3911e-05	6.2302e-16
54.65	1.8466e-08	5.515e-05	4.1293e-05	1.3858e-05	6.3644e-16
54.66	1.7929e-08	5.3566e-05	4.0134e-05	1.3432e-05	6.2894e-16
54.67	1.8505e-08	5.5308e-05	4.1403e-05	1.3904e-05	6.3399e-16
54.68	1.829e-08	5.4686e-05	4.0955e-05	1.373e-05	6.3387e-16
54.69	1.7914e-08	5.3582e-05	4.0136e-05	1.3445e-05	6.3177e-16
54.7	1.8383e-08	5.5003e-05	4.1176e-05	1.3827e-05	6.3709e-16
54.71	1.8182e-08	5.4423e-05	4.0765e-05	1.3657e-05	6.3762e-16
54.72	1.7917e-08	5.3648e-05	4.0175e-05	1.3472e-05	6.3339e-16
54.73	1.8114e-08	5.4259e-05	4.0627e-05	1.3632e-05	6.3511e-16
54.74	1.8309e-08	5.4861e-05	4.109e-05	1.3771e-05	6.3816e-16
54.75	1.7668e-08	5.2959e-05	3.9659e-05	1.3301e-05	6.3777e-16
54.76	1.801e-08	5.4006e-05	4.0447e-05	1.3559e-05	6.4927e-16
54.77	1.8518e-08	5.555e-05	4.1603e-05	1.3946e-05	6.4641e-16
54.78	1.7049e-08	5.116e-05	3.8313e-05	1.2847e-05	6.499e-16
54.79	1.8555e-08	5.5701e-05	4.1714e-05	1.3987e-05	6.5579e-16
54.8	1.8003e-08	5.4065e-05	4.0487e-05	1.3578e-05	6.5794e-16
54.81	1.6952e-08	5.0926e-05	3.8138e-05	1.2788e-05	6.6369e-16
54.82	1.9044e-08	5.7232e-05	4.286e-05	1.4372e-05	6.4902e-16
54.83	1.6936e-08	5.0914e-05	3.8127e-05	1.2787e-05	6.5347e-16
54.84	1.7882e-08	5.3779e-05	4.0273e-05	1.3505e-05	6.5428e-16
54.85	1.8354e-08	5.5219e-05	4.1356e-05	1.3863e-05	6.6072e-16
54.86	1.6733e-08	5.036e-05	3.7711e-05	1.2649e-05	6.7344e-16
54.87	1.8586e-08	5.5957e-05	4.1907e-05	1.4049e-05	6.6323e-16
54.88	1.712e-08	5.1563e-05	3.8622e-05	1.2941e-05	6.7217e-16
54.89	1.7631e-08	5.3122e-05	3.9777e-05	1.3345e-05	6.6739e-16
54.9	1.8026e-08	5.433e-05	4.0692e-05	1.3638e-05	6.6754e-16
54.91	1.687e-08	5.0865e-05	3.8095e-05	1.2769e-05	6.7702e-16
54.92	1.8159e-08	5.477e-05	4.101e-05	1.376e-05	6.7588e-16
54.93	1.7195e-08	5.1883e-05	3.8864e-05	1.3019e-05	6.8241e-16
54.94	1.7369e-08	5.2425e-05	3.9259e-05	1.3166e-05	6.7697e-16
54.95	1.774e-08	5.3567e-05	4.0109e-05	1.3458e-05	6.7931e-16
54.96	1.7187e-08	5.1914e-05	3.8887e-05	1.3027e-05	6.7084e-16
54.97	1.7358e-08	5.245e-05	3.928e-05	1.3171e-05	6.7814e-16
54.98	1.7471e-08	5.2811e-05	3.9546e-05	1.3265e-05	7.072e-16
54.99	1.7364e-08	5.2508e-05	3.9333e-05	1.3175e-05	6.967e-16
55	1.6942e-08	5.125e-05	3.8379e-05	1.287e-05	6.9811e-16
55.01	1.7752e-08	5.3719e-05	4.0222e-05	1.3498e-05	7.0819e-16
55.02	1.6992e-08	5.1437e-05	3.8539e-05	1.2899e-05	6.8678e-16
55.03	1.6982e-08	5.1427e-05	3.8506e-05	1.2921e-05	6.8459e-16
55.04	1.7766e-08	5.3821e-05	4.0299e-05	1.3522e-05	6.9832e-16
55.05	1.6614e-08	5.035e-05	3.7733e-05	1.2617e-05	6.9955e-16
55.06	1.7275e-08	5.2371e-05	3.92e-05	1.3172e-05	7.1231e-16
55.07	1.7363e-08	5.2658e-05	3.9439e-05	1.3219e-05	7.0341e-16
55.08	1.6664e-08	5.0555e-05	3.7881e-05	1.2674e-05	6.969e-16
55.09	1.7238e-08	5.2317e-05	3.9152e-05	1.3165e-05	7.2337e-16
55.1	1.7113e-08	5.1956e-05	3.893e-05	1.3027e-05	7.2325e-16
55.11	1.6724e-08	5.0792e-05	3.8042e-05	1.275e-05	7.2425e-16
55.12	1.7126e-08	5.2033e-05	3.8945e-05	1.3088e-05	7.2149e-16
55.13	1.6961e-08	5.1548e-05	3.8629e-05	1.2919e-05	7.1839e-16
55.14	1.6703e-08	5.0784e-05	3.8026e-05	1.2758e-05	7.2331e-16
55.15	1.711e-08	5.2041e-05	3.8962e-05	1.3078e-05	7.2384e-16
55.16	1.6636e-08	5.0618e-05	3.7924e-05	1.2694e-05	7.4483e-16
55.17	1.6935e-08	5.1547e-05	3.8599e-05	1.2948e-05	7.3358e-16
55.18	1.6807e-08	5.1176e-05	3.832e-05	1.2855e-05	7.3162e-16
55.19	1.6531e-08	5.0354e-05	3.7721e-05	1.2632e-05	7.459e-16
55.2	1.7129e-08	5.2193e-05	3.9088e-05	1.3106e-05	7.4307e-16
55.21	1.6326e-08	4.9764e-05	3.7262e-05	1.2501e-05	7.4191e-16
55.22	1.6794e-08	5.1209e-05	3.8365e-05	1.2845e-05	7.3281e-16
55.23	1.6885e-08	5.1506e-05	3.8572e-05	1.2934e-05	7.5657e-16
55.24	1.6194e-08	4.9416e-05	3.7002e-05	1.2414e-05	7.5714e-16
55.25	1.6881e-08	5.1531e-05	3.8607e-05	1.2924e-05	7.5124e-16
55.26	1.6624e-08	5.0765e-05	3.8013e-05	1.2752e-05	7.5965e-16
55.27	1.6244e-08	4.9622e-05	3.7161e-05	1.2461e-05	7.521e-16
55.28	1.6714e-08	5.1075e-05	3.8263e-05	1.2811e-05	7.6788e-16
55.29	1.6628e-08	5.0832e-05	3.8063e-05	1.2769e-05	7.5961e-16
55.3	1.6046e-08	4.907e-05	3.6751e-05	1.2319e-05	7.6878e-16
55.31	1.6759e-08	5.127e-05	3.8405e-05	1.2865e-05	7.7395e-16
55.32	1.6457e-08	5.0364e-05	3.7715e-05	1.2649e-05	7.608e-16
55.33	1.5939e-08	4.8797e-05	3.6546e-05	1.2251e-05	7.8001e-16
55.34	1.6848e-08	5.1597e-05	3.8651e-05	1.2946e-05	7.7936e-16
55.35	1.6094e-08	4.9307e-05	3.6925e-05	1.2382e-05	7.8312e-16
55.36	1.617e-08	4.9558e-05	3.7111e-05	1.2448e-05	7.7316e-16
55.37	1.6524e-08	5.0661e-05	3.7951e-05	1.271e-05	7.7247e-16
55.38	1.6098e-08	4.9372e-05	3.6973e-05	1.2399e-05	7.8562e-16
55.39	1.6171e-08	4.9612e-05	3.7151e-05	1.2461e-05	7.8504e-16
55.4	1.6227e-08	4.9803e-05	3.7311e-05	1.2492e-05	8.0122e-16
55.41	1.6312e-08	5.0082e-05	3.7499e-05	1.2583e-05	7.9438e-16
55.42	1.5781e-08	4.8469e-05	3.6297e-05	1.2172e-05	7.8943e-16
55.43	1.6427e-08	5.0473e-05	3.7814e-05	1.2659e-05	7.9211e-16
55.44	1.6049e-08	4.9329e-05	3.6934e-05	1.2394e-05	8.0318e-16
55.45	1.5712e-08	4.831e-05	3.6185e-05	1.2126e-05	7.9894e-16
55.46	1.6572e-08	5.0973e-05	3.8185e-05	1.2788e-05	7.889e-16
55.47	1.5541e-08	4.7818e-05	3.5805e-05	1.2013e-05	8.0717e-16
55.48	1.6126e-08	4.9637e-05	3.7181e-05	1.2456e-05	7.9969e-16
55.49	1.6155e-08	4.9743e-05	3.7256e-05	1.2486e-05	8.1316e-16
55.5	1.5468e-08	4.7646e-05	3.5678e-05	1.1967e-05	8.114e-16
55.51	1.6371e-08	5.0444e-05	3.7783e-05	1.2661e-05	8.1076e-16
55.52	1.5604e-08	4.8098e-05	3.6024e-05	1.2075e-05	8.1934e-16
55.53	1.5718e-08	4.8469e-05	3.6299e-05	1.217e-05	7.9815e-16
55.54	1.6289e-08	5.0246e-05	3.763e-05	1.2616e-05	8.311e-16
55.55	1.5242e-08	4.7034e-05	3.5229e-05	1.1805e-05	8.2809e-16
55.56	1.5986e-08	4.9347e-05	3.6957e-05	1.239e-05	8.1456e-16
55.57	1.6112e-08	4.9754e-05	3.7261e-05	1.2493e-05	8.1869e-16
55.58	1.4892e-08	4.6004e-05	3.4462e-05	1.1542e-05	8.1758e-16
55.59	1.6437e-08	5.0794e-05	3.8035e-05	1.2759e-05	8.4237e-16
55.6	1.5584e-08	4.8176e-05	3.6082e-05	1.2095e-05	8.1709e-16
55.61	1.49e-08	4.6078e-05	3.4518e-05	1.156e-05	8.3218e-16
55.62	1.6808e-08	5.1998e-05	3.8933e-05	1.3065e-05	8.5098e-16
55.63	1.4718e-08	4.5547e-05	3.4118e-05	1.1429e-05	8.3638e-16
55.64	1.5606e-08	4.8313e-05	3.6188e-05	1.2124e-05	8.3986e-16
55.65	1.6342e-08	5.0611e-05	3.7898e-05	1.2713e-05	8.2603e-16
55.66	1.4431e-08	4.4708e-05	3.3493e-05	1.1215e-05	8.6169e-16
55.67	1.6226e-08	5.0287e-05	3.7661e-05	1.2626e-05	8.5841e-16
55.68	1.5376e-08	4.7671e-05	3.5703e-05	1.1968e-05	8.297e-16
55.69	1.5005e-08	4.6535e-05	3.4858e-05	1.1678e-05	8.5866e-16
55.7	1.5935e-08	4.9439e-05	3.7027e-05	1.2412e-05	8.61e-16
55.71	1.5031e-08	4.665e-05	3.4941e-05	1.1709e-05	8.4864e-16
55.72	1.5432e-08	4.7912e-05	3.5882e-05	1.2031e-05	8.4966e-16
55.73	1.5367e-08	4.7727e-05	3.5749e-05	1.1978e-05	8.6001e-16
55.74	1.5244e-08	4.7362e-05	3.547e-05	1.1891e-05	8.6249e-16
55.75	1.5264e-08	4.7441e-05	3.5531e-05	1.191e-05	8.7188e-16
55.76	1.5302e-08	4.7578e-05	3.564e-05	1.1938e-05	8.7244e-16
55.77	1.5133e-08	4.7067e-05	3.5248e-05	1.1819e-05	8.7104e-16
55.78	1.5249e-08	4.7445e-05	3.5538e-05	1.1906e-05	8.866e-16
55.79	1.5239e-08	4.743e-05	3.5523e-05	1.1907e-05	8.714e-16
55.8	1.4876e-08	4.632e-05	3.4693e-05	1.1627e-05	8.7442e-16
55.81	1.5536e-08	4.839e-05	3.6243e-05	1.2148e-05	8.8025e-16
55.82	1.4736e-08	4.5916e-05	3.4391e-05	1.1525e-05	8.8073e-16
55.83	1.5118e-08	4.7124e-05	3.5301e-05	1.1823e-05	8.9711e-16
55.84	1.5386e-08	4.7975e-05	3.5921e-05	1.2054e-05	8.9003e-16
55.85	1.4478e-08	4.5162e-05	3.3834e-05	1.1328e-05	8.9426e-16
55.86	1.5392e-08	4.8028e-05	3.5971e-05	1.2057e-05	9.048e-16
55.87	1.4912e-08	4.6549e-05	3.4854e-05	1.1695e-05	9.0249e-16
55.88	1.4737e-08	4.6019e-05	3.4484e-05	1.1535e-05	8.9945e-16
55.89	1.5087e-08	4.7127e-05	3.5284e-05	1.1843e-05	9.1533e-16
55.9	1.4928e-08	4.6649e-05	3.4941e-05	1.1708e-05	9.201e-16
55.91	1.4716e-08	4.6001e-05	3.4464e-05	1.1537e-05	9.0434e-16
55.92	1.481e-08	4.6312e-05	3.4671e-05	1.1642e-05	9.1135e-16
55.93	1.5201e-08	4.7551e-05	3.5625e-05	1.1926e-05	9.1372e-16
55.94	1.4223e-08	4.4508e-05	3.3333e-05	1.1174e-05	9.297e-16
55.95	1.5134e-08	4.7376e-05	3.5479e-05	1.1897e-05	9.3181e-16
55.96	1.4908e-08	4.6686e-05	3.4974e-05	1.1711e-05	9.1827e-16
55.97	1.4098e-08	4.4163e-05	3.3073e-05	1.109e-05	9.3818e-16
55.98	1.541e-08	4.8292e-05	3.6174e-05	1.2118e-05	9.3976e-16
55.99	1.4296e-08	4.4817e-05	3.3566e-05	1.1251e-05	9.4014e-16
56	1.4549e-08	4.5625e-05	3.4173e-05	1.1452e-05	9.5052e-16
56.01	1.5041e-08	4.7184e-05	3.5342e-05	1.1842e-05	9.5795e-16
56.02	1.415e-08	4.4407e-05	3.3256e-05	1.115e-05	9.6639e-16
56.03	1.4849e-08	4.6616e-05	3.4921e-05	1.1695e-05	9.6313e-16
56.04	1.4474e-08	4.5455e-05	3.4042e-05	1.1413e-05	9.6808e-16
56.05	1.4438e-08	4.536e-05	3.3972e-05	1.1387e-05	9.7419e-16
56.06	1.469e-08	4.6165e-05	3.4585e-05	1.1581e-05	9.7095e-16
56.07	1.4213e-08	4.4682e-05	3.3464e-05	1.1219e-05	9.7609e-16
56.08	1.4676e-08	4.6156e-05	3.4569e-05	1.1587e-05	9.8417e-16
56.09	1.4374e-08	4.5222e-05	3.3875e-05	1.1347e-05	9.8064e-16
56.1	1.421e-08	4.4722e-05	3.3495e-05	1.1227e-05	9.8791e-16
56.11	1.471e-08	4.6312e-05	3.4689e-05	1.1623e-05	9.8459e-16
56.12	1.4101e-08	4.4409e-05	3.3269e-05	1.114e-05	9.9196e-16
56.13	1.4329e-08	4.5145e-05	3.3805e-05	1.1339e-05	1.0208e-15
56.14	1.4513e-08	4.5741e-05	3.426e-05	1.1481e-05	1.0001e-15
56.15	1.4055e-08	4.4313e-05	3.3197e-05	1.1116e-05	1.0057e-15
56.16	1.4347e-08	4.5248e-05	3.3883e-05	1.1366e-05	1.0232e-15
56.17	1.4231e-08	4.4899e-05	3.3635e-05	1.1264e-05	1.0123e-15
56.18	1.4285e-08	4.5087e-05	3.3773e-05	1.1314e-05	1.0214e-15
56.19	1.3948e-08	4.4039e-05	3.2979e-05	1.106e-05	1.0122e-15
56.2	1.4384e-08	4.543e-05	3.4034e-05	1.1396e-05	1.0204e-15
56.21	1.4244e-08	4.5004e-05	3.3706e-05	1.1298e-05	1.0249e-15
56.22	1.3551e-08	4.2832e-05	3.2078e-05	1.0753e-05	1.0309e-15
56.23	1.491e-08	4.7142e-05	3.5311e-05	1.1832e-05	1.0508e-15
56.24	1.3535e-08	4.2809e-05	3.2063e-05	1.0746e-05	1.0289e-15
56.25	1.393e-08	4.4075e-05	3.3013e-05	1.1063e-05	1.0385e-15
56.26	1.4831e-08	4.6944e-05	3.516e-05	1.1784e-05	1.0497e-15
56.27	1.2988e-08	4.1124e-05	3.0808e-05	1.0316e-05	1.0476e-15
56.28	1.468e-08	4.6498e-05	3.482e-05	1.1678e-05	1.061e-15
56.29	1.3916e-08	4.4093e-05	3.3028e-05	1.1065e-05	1.0536e-15
56.3	1.3426e-08	4.2555e-05	3.1882e-05	1.0672e-05	1.0664e-15
56.31	1.4627e-08	4.638e-05	3.4725e-05	1.1655e-05	1.061e-15
56.32	1.3307e-08	4.2208e-05	3.1625e-05	1.0583e-05	1.0396e-15
56.33	1.4124e-08	4.4817e-05	3.3569e-05	1.1248e-05	1.0617e-15
56.34	1.3875e-08	4.4043e-05	3.2976e-05	1.1066e-05	1.0653e-15
56.35	1.3568e-08	4.3081e-05	3.2286e-05	1.0796e-05	1.0591e-15
56.36	1.4102e-08	4.4795e-05	3.3541e-05	1.1254e-05	1.0793e-15
56.37	1.3502e-08	4.2905e-05	3.2134e-05	1.0771e-05	1.0641e-15
56.38	1.3833e-08	4.397e-05	3.2946e-05	1.1024e-05	1.0614e-15
56.39	1.3788e-08	4.3844e-05	3.2825e-05	1.1019e-05	1.088e-15
56.4	1.3565e-08	4.315e-05	3.2329e-05	1.0821e-05	1.0637e-15
56.41	1.3668e-08	4.3492e-05	3.2579e-05	1.0913e-05	1.0683e-15
56.42	1.3845e-08	4.4072e-05	3.3001e-05	1.1071e-05	1.0938e-15
56.43	1.3352e-08	4.2517e-05	3.1857e-05	1.066e-05	1.0851e-15
56.44	1.3698e-08	4.3635e-05	3.2677e-05	1.0958e-05	1.0893e-15
56.45	1.3821e-08	4.4041e-05	3.2989e-05	1.1052e-05	1.0793e-15
56.46	1.3062e-08	4.1638e-05	3.1194e-05	1.0444e-05	1.0722e-15
56.47	1.3997e-08	4.4633e-05	3.3422e-05	1.1211e-05	1.0758e-15
56.48	1.3368e-08	4.2645e-05	3.195e-05	1.0695e-05	1.0819e-15
56.49	1.3269e-08	4.2343e-05	3.1711e-05	1.0632e-05	1.0765e-15
56.5	1.3862e-08	4.4252e-05	3.3143e-05	1.1109e-05	1.057e-15
56.51	1.3112e-08	4.1873e-05	3.1373e-05	1.05e-05	1.0937e-15
56.52	1.3563e-08	4.3328e-05	3.2442e-05	1.0886e-05	1.0954e-15
56.53	1.3382e-08	4.2766e-05	3.2042e-05	1.0724e-05	1.0568e-15
56.54	1.3351e-08	4.2682e-05	3.1972e-05	1.0709e-05	1.0862e-15
56.55	1.3373e-08	4.2766e-05	3.2025e-05	1.0741e-05	1.0847e-15
56.56	1.3245e-08	4.237e-05	3.1748e-05	1.0622e-05	1.0544e-15
56.57	1.3481e-08	4.314e-05	3.2306e-05	1.0835e-05	1.0759e-15
56.58	1.3079e-08	4.1871e-05	3.1367e-05	1.0504e-05	1.0802e-15
56.59	1.3371e-08	4.282e-05	3.2079e-05	1.0741e-05	1.0604e-15
56.6	1.3273e-08	4.2522e-05	3.1842e-05	1.068e-05	1.0629e-15
56.61	1.3094e-08	4.1963e-05	3.1441e-05	1.0522e-05	1.0597e-15
56.62	1.3273e-08	4.2551e-05	3.1867e-05	1.0684e-05	1.0526e-15
56.63	1.3163e-08	4.2215e-05	3.1621e-05	1.0593e-05	1.0606e-15
56.64	1.3135e-08	4.2139e-05	3.1569e-05	1.057e-05	1.0574e-15
56.65	1.3069e-08	4.1941e-05	3.141e-05	1.0531e-05	1.0546e-15
56.66	1.3209e-08	4.2406e-05	3.1768e-05	1.0637e-05	1.0582e-15
56.67	1.3038e-08	4.1871e-05	3.136e-05	1.0511e-05	1.0458e-15
56.68	1.2957e-08	4.1625e-05	3.1178e-05	1.0447e-05	1.0284e-15
56.69	1.3197e-08	4.2411e-05	3.1768e-05	1.0643e-05	1.0147e-15
56.7	1.2995e-08	4.1779e-05	3.1295e-05	1.0484e-05	1.0294e-15
56.71	1.2769e-08	4.1065e-05	3.0762e-05	1.0303e-05	1.0343e-15
56.72	1.3305e-08	4.2804e-05	3.206e-05	1.0744e-05	1.0056e-15
56.73	1.2826e-08	4.1279e-05	3.0924e-05	1.0355e-05	1.0275e-15
56.74	1.2641e-08	4.0696e-05	3.0479e-05	1.0217e-05	1.0314e-15
56.75	1.3498e-08	4.3472e-05	3.2563e-05	1.0909e-05	1.0057e-15
56.76	1.2388e-08	3.991e-05	2.9898e-05	1.0012e-05	1.0187e-15
56.77	1.2935e-08	4.1686e-05	3.1219e-05	1.0467e-05	9.9495e-16
56.78	1.3258e-08	4.2743e-05	3.2024e-05	1.0719e-05	9.8308e-16
56.79	1.2223e-08	3.942e-05	2.9527e-05	9.8933e-06	9.7562e-16
56.8	1.3231e-08	4.2687e-05	3.1972e-05	1.0715e-05	9.6149e-16
56.81	1.2679e-08	4.0919e-05	3.0657e-05	1.0262e-05	9.8661e-16
56.82	1.2622e-08	4.0751e-05	3.0521e-05	1.023e-05	9.6724e-16
56.83	1.2912e-08	4.17e-05	3.1238e-05	1.0462e-05	9.698e-16
56.84	1.2555e-08	4.0561e-05	3.0386e-05	1.0175e-05	9.7822e-16
56.85	1.2889e-08	4.1656e-05	3.1201e-05	1.0455e-05	9.525e-16
56.86	1.2381e-08	4.003e-05	2.9988e-05	1.0042e-05	9.5754e-16
56.87	1.2915e-08	4.1769e-05	3.1287e-05	1.0482e-05	9.4469e-16
56.88	1.2577e-08	4.0692e-05	3.0479e-05	1.0213e-05	9.4336e-16
56.89	1.2349e-08	3.9967e-05	2.994e-05	1.0027e-05	9.3674e-16
56.9	1.3006e-08	4.2108e-05	3.1542e-05	1.0566e-05	9.3049e-16
56.91	1.225e-08	3.9676e-05	2.9717e-05	9.9589e-06	9.4096e-16
56.92	1.2558e-08	4.0688e-05	3.0482e-05	1.0206e-05	9.2226e-16
56.93	1.2725e-08	4.1242e-05	3.0893e-05	1.0349e-05	9.2524e-16
56.94	1.2289e-08	3.9842e-05	2.9841e-05	1.0002e-05	9.1294e-16
56.95	1.2507e-08	4.0565e-05	3.0393e-05	1.0172e-05	9.0952e-16
56.96	1.2569e-08	4.0781e-05	3.0543e-05	1.0238e-05	9.234e-16
56.97	1.2334e-08	4.003e-05	2.9983e-05	1.0047e-05	8.9501e-16
56.98	1.2368e-08	4.0155e-05	3.0089e-05	1.0066e-05	8.961e-16
56.99	1.2527e-08	4.0685e-05	3.0467e-05	1.0218e-05	9.0336e-16
57	1.2274e-08	3.9878e-05	2.9872e-05	1.0006e-05	8.852e-16
57.01	1.2327e-08	4.0064e-05	3.0018e-05	1.0046e-05	8.8628e-16
57.02	1.2396e-08	4.0303e-05	3.018e-05	1.0123e-05	8.9427e-16
57.03	1.2318e-08	4.0065e-05	3.0017e-05	1.0047e-05	8.9267e-16
57.04	1.2159e-08	3.9561e-05	2.9635e-05	9.9262e-06	8.9144e-16
57.05	1.2395e-08	4.0343e-05	3.021e-05	1.0133e-05	8.7855e-16
57.06	1.2254e-08	3.9897e-05	2.9894e-05	1.0003e-05	8.7353e-16
57.07	1.2025e-08	3.9167e-05	2.9337e-05	9.8294e-06	8.7389e-16
57.08	1.2492e-08	4.0701e-05	3.0485e-05	1.0216e-05	8.4142e-16
57.09	1.1963e-08	3.899e-05	2.9214e-05	9.7758e-06	8.5522e-16
57.1	1.2234e-08	3.9888e-05	2.9874e-05	1.0014e-05	8.7592e-16
57.11	1.2195e-08	3.9775e-05	2.9793e-05	9.9813e-06	8.5969e-16
57.12	1.1982e-08	3.9093e-05	2.9287e-05	9.8058e-06	8.6535e-16
57.13	1.2328e-08	4.0235e-05	3.0136e-05	1.0099e-05	8.4542e-16
57.14	1.1748e-08	3.8358e-05	2.8737e-05	9.6218e-06	8.4483e-16
57.15	1.2432e-08	4.0606e-05	3.0417e-05	1.0189e-05	8.5335e-16
57.16	1.1818e-08	3.8612e-05	2.8926e-05	9.686e-06	8.3686e-16
57.17	1.1916e-08	3.8948e-05	2.9175e-05	9.773e-06	8.4651e-16
57.18	1.2473e-08	4.0782e-05	3.0549e-05	1.0233e-05	8.4488e-16
57.19	1.1359e-08	3.7153e-05	2.7837e-05	9.316e-06	8.3671e-16
57.2	1.2426e-08	4.0656e-05	3.0447e-05	1.0209e-05	8.3516e-16
57.21	1.1851e-08	3.8789e-05	2.9062e-05	9.7271e-06	8.4015e-16
57.22	1.166e-08	3.8178e-05	2.8601e-05	9.5768e-06	8.3461e-16
57.23	1.2311e-08	4.0321e-05	3.0197e-05	1.0124e-05	8.2483e-16
57.24	1.1507e-08	3.77e-05	2.8254e-05	9.4465e-06	8.3023e-16
57.25	1.2115e-08	3.9708e-05	2.9736e-05	9.9712e-06	8.145e-16
57.26	1.1679e-08	3.8291e-05	2.8684e-05	9.6066e-06	8.2302e-16
57.27	1.186e-08	3.89e-05	2.9149e-05	9.7507e-06	8.281e-16
57.28	1.1922e-08	3.9116e-05	2.9291e-05	9.8256e-06	8.0827e-16
57.29	1.1448e-08	3.7574e-05	2.8154e-05	9.4197e-06	8.2404e-16
57.3	1.2173e-08	3.9966e-05	2.9937e-05	1.0028e-05	8.2197e-16
57.31	1.1454e-08	3.7619e-05	2.8176e-05	9.4436e-06	8.0961e-16
57.32	1.1691e-08	3.8412e-05	2.8779e-05	9.633e-06	8.1472e-16
57.33	1.1996e-08	3.9426e-05	2.9532e-05	9.8937e-06	8.021e-16
57.34	1.1324e-08	3.7233e-05	2.7894e-05	9.3393e-06	8.108e-16
57.35	1.1811e-08	3.8846e-05	2.9097e-05	9.7492e-06	8.2583e-16
57.36	1.1726e-08	3.8581e-05	2.8906e-05	9.6754e-06	8.0039e-16
57.37	1.141e-08	3.7555e-05	2.8131e-05	9.4242e-06	7.9342e-16
57.38	1.1718e-08	3.8581e-05	2.8898e-05	9.6828e-06	7.9556e-16
57.39	1.1594e-08	3.8186e-05	2.8614e-05	9.5721e-06	7.8824e-16
57.4	1.147e-08	3.7793e-05	2.8302e-05	9.4904e-06	8.1156e-16
57.41	1.1573e-08	3.8145e-05	2.8579e-05	9.5656e-06	8.1235e-16
57.42	1.1509e-08	3.7945e-05	2.843e-05	9.5152e-06	7.9059e-16
57.43	1.1552e-08	3.81e-05	2.8531e-05	9.5683e-06	7.9231e-16
57.44	1.1316e-08	3.7336e-05	2.7976e-05	9.3595e-06	8.0093e-16
57.45	1.1612e-08	3.8326e-05	2.8709e-05	9.6167e-06	7.9603e-16
57.46	1.147e-08	3.7871e-05	2.8364e-05	9.5071e-06	7.8508e-16
57.47	1.1119e-08	3.6722e-05	2.7517e-05	9.2057e-06	7.9083e-16
57.48	1.1832e-08	3.9093e-05	2.9281e-05	9.8122e-06	7.9269e-16
57.49	1.1096e-08	3.6673e-05	2.7467e-05	9.2062e-06	7.8401e-16
57.5	1.1309e-08	3.7392e-05	2.8018e-05	9.3736e-06	7.8692e-16
57.51	1.17e-08	3.8697e-05	2.8984e-05	9.7137e-06	8.0452e-16
57.52	1.0903e-08	3.6072e-05	2.7021e-05	9.0513e-06	7.8956e-16
57.53	1.156e-08	3.8261e-05	2.8671e-05	9.5904e-06	7.6574e-16
57.54	1.126e-08	3.728e-05	2.792e-05	9.3597e-06	7.8184e-16
57.55	1.115e-08	3.6927e-05	2.7668e-05	9.2596e-06	7.769e-16
57.56	1.1358e-08	3.763e-05	2.8192e-05	9.4377e-06	7.9304e-16
57.57	1.1136e-08	3.6909e-05	2.7644e-05	9.2649e-06	8.0889e-16
57.58	1.1305e-08	3.7482e-05	2.8086e-05	9.3956e-06	7.7815e-16
57.59	1.1034e-08	3.6594e-05	2.741e-05	9.1842e-06	7.8388e-16
57.6	1.1323e-08	3.7566e-05	2.8144e-05	9.422e-06	7.8762e-16
57.61	1.1075e-08	3.6758e-05	2.7537e-05	9.2216e-06	7.8354e-16
57.62	1.1071e-08	3.6756e-05	2.7531e-05	9.225e-06	7.8911e-16
57.63	1.1238e-08	3.7322e-05	2.7967e-05	9.3552e-06	7.7947e-16
57.64	1.0966e-08	3.6432e-05	2.7285e-05	9.1465e-06	7.7885e-16
57.65	1.1157e-08	3.708e-05	2.778e-05	9.2992e-06	7.8662e-16
57.66	1.0967e-08	3.6463e-05	2.7318e-05	9.145e-06	7.8043e-16
57.67	1.1142e-08	3.7058e-05	2.7755e-05	9.3025e-06	7.7922e-16
57.68	1.0922e-08	3.6338e-05	2.723e-05	9.1077e-06	8.0244e-16
57.69	1.0973e-08	3.6521e-05	2.7355e-05	9.1655e-06	7.8241e-16
57.7	1.1137e-08	3.7079e-05	2.7777e-05	9.3018e-06	7.6936e-16
57.71	1.0734e-08	3.575e-05	2.6785e-05	8.9653e-06	7.8914e-16
57.72	1.1064e-08	3.6861e-05	2.7613e-05	9.2484e-06	7.7667e-16
57.73	1.095e-08	3.6494e-05	2.734e-05	9.1546e-06	7.8187e-16
57.74	1.0791e-08	3.5978e-05	2.6949e-05	9.0289e-06	7.8334e-16
57.75	1.0903e-08	3.6364e-05	2.7246e-05	9.1177e-06	7.8606e-16
57.76	1.0991e-08	3.6668e-05	2.7464e-05	9.2042e-06	7.939e-16
57.77	1.0679e-08	3.564e-05	2.6702e-05	8.9383e-06	7.8607e-16
57.78	1.0831e-08	3.6159e-05	2.7092e-05	9.0674e-06	7.8486e-16
57.79	1.1062e-08	3.6943e-05	2.7666e-05	9.2767e-06	7.8591e-16
57.8	1.04e-08	3.4746e-05	2.604e-05	8.7059e-06	8.0753e-16
57.81	1.1053e-08	3.694e-05	2.7666e-05	9.2733e-06	7.8864e-16
57.82	1.0768e-08	3.5998e-05	2.6967e-05	9.0313e-06	7.7219e-16
57.83	1.0453e-08	3.4957e-05	2.6192e-05	8.7645e-06	7.8521e-16
57.84	1.1071e-08	3.7037e-05	2.7734e-05	9.3023e-06	7.7622e-16
57.85	1.0461e-08	3.5008e-05	2.6239e-05	8.7694e-06	7.9898e-16
57.86	1.0734e-08	3.5935e-05	2.6912e-05	9.0228e-06	7.9996e-16
57.87	1.0723e-08	3.591e-05	2.6902e-05	9.0077e-06	7.8716e-16
57.88	1.0543e-08	3.532e-05	2.6468e-05	8.8522e-06	7.9138e-16
57.89	1.0721e-08	3.593e-05	2.69e-05	9.0303e-06	7.9145e-16
57.9	1.0503e-08	3.5209e-05	2.6391e-05	8.8179e-06	7.9088e-16
57.91	1.0669e-08	3.5778e-05	2.6795e-05	8.9828e-06	7.8152e-16
57.92	1.0552e-08	3.54e-05	2.6515e-05	8.8844e-06	8.0003e-16
57.93	1.0492e-08	3.521e-05	2.6394e-05	8.8162e-06	7.8792e-16
57.94	1.0592e-08	3.5558e-05	2.662e-05	8.9379e-06	7.7587e-16
57.95	1.0559e-08	3.5458e-05	2.6573e-05	8.8849e-06	8.0176e-16
57.96	1.0314e-08	3.4647e-05	2.5959e-05	8.6882e-06	7.9019e-16
57.97	1.0672e-08	3.5864e-05	2.6856e-05	9.0084e-06	7.8847e-16
57.98	1.0455e-08	3.5147e-05	2.6343e-05	8.8037e-06	7.9838e-16
57.99	1.0176e-08	3.422e-05	2.5631e-05	8.5888e-06	7.9557e-16
58	1.0865e-08	3.655e-05	2.738e-05	9.1704e-06	7.9681e-16
58.01	1.0063e-08	3.3865e-05	2.5375e-05	8.4892e-06	7.915e-16
58.02	1.0446e-08	3.5166e-05	2.6343e-05	8.8231e-06	7.8887e-16
58.03	1.0624e-08	3.5775e-05	2.6801e-05	8.9739e-06	8.01e-16
58.04	9.9657e-09	3.3571e-05	2.5153e-05	8.4175e-06	8.0394e-16
58.05	1.068e-08	3.5989e-05	2.6965e-05	9.0248e-06	7.8909e-16
58.06	1.0111e-08	3.4083e-05	2.553e-05	8.5529e-06	7.8695e-16
58.07	1.0373e-08	3.4978e-05	2.621e-05	8.7679e-06	7.9517e-16
58.08	1.0331e-08	3.4848e-05	2.6106e-05	8.742e-06	8.0605e-16
58.09	1.006e-08	3.3948e-05	2.5428e-05	8.5196e-06	7.9995e-16
58.1	1.0608e-08	3.581e-05	2.6836e-05	8.974e-06	7.9782e-16
58.11	9.8284e-09	3.3188e-05	2.4859e-05	8.3298e-06	8.0371e-16
58.12	1.0433e-08	3.5242e-05	2.6399e-05	8.8427e-06	8.0093e-16
58.13	1.0321e-08	3.4876e-05	2.6135e-05	8.7403e-06	8.1112e-16
58.14	9.7644e-09	3.3006e-05	2.4722e-05	8.2844e-06	8.0144e-16
58.15	1.0594e-08	3.5822e-05	2.6836e-05	8.9862e-06	8.0746e-16
58.16	9.9855e-09	3.3777e-05	2.5311e-05	8.4654e-06	7.9647e-16
58.17	9.9319e-09	3.3607e-05	2.5168e-05	8.4391e-06	7.7852e-16
58.18	1.0457e-08	3.5397e-05	2.652e-05	8.8768e-06	8.1474e-16
58.19	9.8787e-09	3.345e-05	2.5069e-05	8.3814e-06	7.9983e-16
58.2	9.9916e-09	3.3844e-05	2.5344e-05	8.4999e-06	7.9636e-16
58.21	1.0317e-08	3.4957e-05	2.6199e-05	8.7583e-06	8.1169e-16
58.22	9.8213e-09	3.329e-05	2.4943e-05	8.3466e-06	7.9797e-16
58.23	1.0035e-08	3.4024e-05	2.5478e-05	8.5459e-06	8.0215e-16
58.24	1.0141e-08	3.4399e-05	2.5784e-05	8.6151e-06	7.9459e-16
58.25	9.8328e-09	3.3363e-05	2.4988e-05	8.3747e-06	8.0504e-16
58.26	1.0029e-08	3.4041e-05	2.5498e-05	8.5423e-06	8.0478e-16
58.27	9.9304e-09	3.3718e-05	2.5271e-05	8.4471e-06	8.0396e-16
58.28	9.9815e-09	3.3903e-05	2.539e-05	8.5127e-06	8.0534e-16
58.29	9.8235e-09	3.3377e-05	2.5008e-05	8.3691e-06	7.848e-16
58.3	9.9389e-09	3.3781e-05	2.531e-05	8.4711e-06	8.0138e-16
58.31	9.9776e-09	3.3925e-05	2.5412e-05	8.5124e-06	8.0651e-16
58.32	9.6531e-09	3.2832e-05	2.4598e-05	8.234e-06	8.0493e-16
58.33	1.0043e-08	3.4171e-05	2.5599e-05	8.5717e-06	7.9832e-16
58.34	9.7656e-09	3.3238e-05	2.4903e-05	8.3343e-06	7.8707e-16
58.35	9.7406e-09	3.3164e-05	2.4841e-05	8.3232e-06	8.0086e-16
58.36	9.8993e-09	3.3716e-05	2.5266e-05	8.4503e-06	7.956e-16
58.37	9.7333e-09	3.3162e-05	2.4842e-05	8.3193e-06	7.9175e-16
58.38	9.7612e-09	3.3268e-05	2.4916e-05	8.3519e-06	7.911e-16
58.39	9.697e-09	3.3061e-05	2.4784e-05	8.2771e-06	7.9373e-16
58.4	9.8646e-09	3.3644e-05	2.5195e-05	8.4487e-06	8.0165e-16
58.41	9.5488e-09	3.2578e-05	2.4406e-05	8.1714e-06	8.0026e-16
58.42	9.7556e-09	3.3295e-05	2.4955e-05	8.3395e-06	7.9186e-16
58.43	9.7706e-09	3.3357e-05	2.4975e-05	8.3827e-06	7.8812e-16
58.44	9.4871e-09	3.2401e-05	2.4286e-05	8.1147e-06	8.0514e-16
58.45	9.7665e-09	3.3366e-05	2.4998e-05	8.3679e-06	7.9752e-16
58.46	9.6092e-09	3.284e-05	2.4593e-05	8.2469e-06	7.8359e-16
58.47	9.6013e-09	3.2824e-05	2.4608e-05	8.2166e-06	7.8996e-16
58.48	9.5147e-09	3.254e-05	2.4369e-05	8.1705e-06	7.9738e-16
58.49	9.7511e-09	3.3359e-05	2.4992e-05	8.3675e-06	7.9159e-16
58.5	9.4236e-09	3.225e-05	2.4171e-05	8.0791e-06	7.8384e-16
58.51	9.4818e-09	3.246e-05	2.4308e-05	8.1519e-06	7.9508e-16
58.52	9.8349e-09	3.3681e-05	2.524e-05	8.4411e-06	7.8163e-16
58.53	9.1107e-09	3.1211e-05	2.3386e-05	7.8248e-06	7.8492e-16
58.54	9.7769e-09	3.3505e-05	2.5095e-05	8.4099e-06	8.0287e-16
58.55	9.4509e-09	3.2399e-05	2.4278e-05	8.1208e-06	7.9064e-16
58.56	9.2795e-09	3.1822e-05	2.3841e-05	7.9809e-06	7.8686e-16
58.57	9.724e-09	3.3358e-05	2.4988e-05	8.3695e-06	7.8523e-16
58.58	9.1672e-09	3.1458e-05	2.3572e-05	7.8862e-06	7.8913e-16
58.59	9.6483e-09	3.3121e-05	2.4812e-05	8.3082e-06	7.8445e-16
58.6	9.1951e-09	3.1576e-05	2.3653e-05	7.9231e-06	7.7264e-16
58.61	9.4958e-09	3.2619e-05	2.4443e-05	8.1765e-06	7.6965e-16
58.62	9.4466e-09	3.2462e-05	2.4317e-05	8.1441e-06	7.7983e-16
58.63	9.0281e-09	3.1034e-05	2.3249e-05	7.7845e-06	7.8289e-16
58.64	9.8044e-09	3.3714e-05	2.5265e-05	8.4488e-06	7.6694e-16
58.65	8.9174e-09	3.0674e-05	2.2977e-05	7.6978e-06	7.9007e-16
58.66	9.4509e-09	3.2521e-05	2.4366e-05	8.1543e-06	7.9114e-16
58.67	9.4507e-09	3.2531e-05	2.4377e-05	8.154e-06	7.6421e-16
58.68	8.9059e-09	3.0666e-05	2.297e-05	7.6961e-06	7.6101e-16
58.69	9.6529e-09	3.325e-05	2.4914e-05	8.3354e-06	7.6302e-16
58.7	8.9417e-09	3.081e-05	2.3082e-05	7.7282e-06	7.7429e-16
58.71	9.3529e-09	3.2238e-05	2.415e-05	8.0879e-06	7.6499e-16
58.72	9.2662e-09	3.195e-05	2.3943e-05	8.007e-06	7.6489e-16
58.73	8.944e-09	3.085e-05	2.3111e-05	7.7385e-06	7.6171e-16
58.74	9.5388e-09	3.2913e-05	2.4662e-05	8.251e-06	7.5407e-16
58.75	8.828e-09	3.047e-05	2.2831e-05	7.639e-06	7.6201e-16
58.76	9.2575e-09	3.1964e-05	2.3944e-05	8.0194e-06	7.4669e-16
58.77	9.3133e-09	3.2167e-05	2.4104e-05	8.0631e-06	7.5358e-16
58.78	8.723e-09	3.0139e-05	2.2579e-05	7.5598e-06	7.594e-16
58.79	9.4333e-09	3.2604e-05	2.443e-05	8.1739e-06	7.5141e-16
58.8	9.0033e-09	3.1128e-05	2.3324e-05	7.8044e-06	7.4892e-16
58.81	8.8452e-09	3.0592e-05	2.2916e-05	7.6762e-06	7.4543e-16
58.82	9.3921e-09	3.2495e-05	2.4353e-05	8.1416e-06	7.436e-16
58.83	8.7851e-09	3.0405e-05	2.2779e-05	7.6259e-06	7.3066e-16
58.84	9.0482e-09	3.1326e-05	2.3471e-05	7.8553e-06	7.4213e-16
58.85	9.134e-09	3.1634e-05	2.3707e-05	7.9276e-06	7.3184e-16
58.86	8.7933e-09	3.0464e-05	2.2817e-05	7.6471e-06	7.192e-16
58.87	9.1436e-09	3.1689e-05	2.3747e-05	7.942e-06	7.4293e-16
58.88	8.7911e-09	3.0477e-05	2.2837e-05	7.6409e-06	7.3683e-16
58.89	9.0631e-09	3.1431e-05	2.3543e-05	7.8884e-06	7.2268e-16
58.9	8.8945e-09	3.0857e-05	2.3126e-05	7.7312e-06	7.2077e-16
58.91	8.7428e-09	3.0341e-05	2.2731e-05	7.6097e-06	7.2764e-16
58.92	9.2242e-09	3.2022e-05	2.3989e-05	8.033e-06	7.1849e-16
58.93	8.5378e-09	2.9649e-05	2.2221e-05	7.4288e-06	7.1393e-16
58.94	8.9933e-09	3.1242e-05	2.3404e-05	7.838e-06	7.2107e-16
58.95	9.0017e-09	3.1282e-05	2.3435e-05	7.8465e-06	7.1084e-16
58.96	8.509e-09	2.958e-05	2.2167e-05	7.4123e-06	7.2179e-16
58.97	9.0522e-09	3.1479e-05	2.3581e-05	7.8972e-06	7.1697e-16
58.98	8.7793e-09	3.054e-05	2.2881e-05	7.6593e-06	7.0716e-16
58.99	8.639e-09	3.0062e-05	2.2528e-05	7.534e-06	7.0552e-16
59	8.8617e-09	3.0848e-05	2.3107e-05	7.7403e-06	7.0431e-16
59.01	8.8333e-09	3.0759e-05	2.3044e-05	7.7147e-06	7.175e-16
59.02	8.5212e-09	2.9682e-05	2.2245e-05	7.4378e-06	6.964e-16
59.03	8.8588e-09	3.0869e-05	2.3124e-05	7.7446e-06	6.9483e-16
59.04	8.7875e-09	3.0631e-05	2.295e-05	7.681e-06	7.1027e-16
59.05	8.4116e-09	2.9331e-05	2.1982e-05	7.349e-06	7.0507e-16
59.06	8.9766e-09	3.1311e-05	2.3452e-05	7.8586e-06	6.9525e-16
59.07	8.5061e-09	2.968e-05	2.224e-05	7.4395e-06	6.7838e-16
59.08	8.6201e-09	3.0088e-05	2.2549e-05	7.5392e-06	7.0032e-16
59.09	8.7513e-09	3.0556e-05	2.2884e-05	7.6718e-06	7.0484e-16
59.1	8.478e-09	2.9612e-05	2.2195e-05	7.4171e-06	6.7596e-16
59.11	8.7326e-09	3.0512e-05	2.2861e-05	7.6504e-06	6.8821e-16
59.12	8.4213e-09	2.9434e-05	2.2045e-05	7.3894e-06	7.0667e-16
59.13	8.7553e-09	3.0612e-05	2.2946e-05	7.6654e-06	6.9061e-16
59.14	8.4339e-09	2.9498e-05	2.2095e-05	7.4029e-06	6.7242e-16
59.15	8.5073e-09	2.9765e-05	2.2299e-05	7.4657e-06	6.8528e-16
59.16	8.7225e-09	3.0528e-05	2.2882e-05	7.6458e-06	6.9992e-16
59.17	8.2352e-09	2.8832e-05	2.1596e-05	7.2363e-06	6.857e-16
59.18	8.7239e-09	3.0554e-05	2.2894e-05	7.6594e-06	6.5963e-16
59.19	8.3644e-09	2.9304e-05	2.1958e-05	7.3462e-06	6.7331e-16
59.2	8.4797e-09	2.9718e-05	2.2263e-05	7.4554e-06	6.9014e-16
59.21	8.5095e-09	2.9833e-05	2.2354e-05	7.479e-06	6.6907e-16
59.22	8.2965e-09	2.9096e-05	2.1802e-05	7.2943e-06	6.8211e-16
59.23	8.6518e-09	3.0352e-05	2.2742e-05	7.6104e-06	6.898e-16
59.24	8.1353e-09	2.855e-05	2.1388e-05	7.1618e-06	6.8123e-16
59.25	8.5703e-09	3.0087e-05	2.2545e-05	7.5414e-06	6.8839e-16
59.26	8.4225e-09	2.9578e-05	2.2159e-05	7.4184e-06	6.6301e-16
59.27	8.1023e-09	2.8463e-05	2.1324e-05	7.139e-06	6.611e-16
59.28	8.6685e-09	3.0462e-05	2.283e-05	7.6317e-06	6.7464e-16
59.29	8.1734e-09	2.8732e-05	2.1522e-05	7.2103e-06	6.6323e-16
59.3	8.2292e-09	2.8938e-05	2.1682e-05	7.2561e-06	6.6936e-16
59.31	8.5325e-09	3.0014e-05	2.2493e-05	7.5217e-06	6.727e-16
59.32	8.1265e-09	2.8596e-05	2.1421e-05	7.1753e-06	6.7658e-16
59.33	8.2389e-09	2.9001e-05	2.1735e-05	7.2664e-06	6.7515e-16
59.34	8.4455e-09	2.9739e-05	2.2284e-05	7.4545e-06	6.6484e-16
59.35	8.084e-09	2.8475e-05	2.1332e-05	7.1433e-06	6.7193e-16
59.36	8.2499e-09	2.9069e-05	2.1784e-05	7.2854e-06	6.5968e-16
59.37	8.3192e-09	2.9323e-05	2.1972e-05	7.3514e-06	6.5397e-16
59.38	8.0786e-09	2.8485e-05	2.1339e-05	7.1456e-06	6.6706e-16
59.39	8.2479e-09	2.9092e-05	2.1796e-05	7.2954e-06	6.6607e-16
59.4	8.1369e-09	2.871e-05	2.1514e-05	7.1959e-06	6.6911e-16
59.41	8.2404e-09	2.9085e-05	2.1787e-05	7.2978e-06	6.5991e-16
59.42	8.0211e-09	2.832e-05	2.1221e-05	7.0992e-06	6.6216e-16
59.43	8.196e-09	2.8948e-05	2.1695e-05	7.253e-06	6.7027e-16
59.44	8.2292e-09	2.9075e-05	2.1777e-05	7.2983e-06	6.6405e-16
59.45	7.8112e-09	2.7607e-05	2.0692e-05	6.9154e-06	6.7384e-16
59.46	8.4191e-09	2.9766e-05	2.2305e-05	7.4602e-06	6.5679e-16
59.47	7.9037e-09	2.7953e-05	2.0937e-05	7.0161e-06	6.5887e-16
59.48	8e-09	2.8303e-05	2.1216e-05	7.0868e-06	6.7431e-16
59.49	8.2923e-09	2.9347e-05	2.1987e-05	7.36e-06	6.4561e-16
59.5	7.7523e-09	2.7445e-05	2.0558e-05	6.8868e-06	6.5716e-16
59.51	8.2334e-09	2.9158e-05	2.1855e-05	7.3031e-06	6.595e-16
59.52	7.8787e-09	2.7911e-05	2.091e-05	7.0008e-06	6.4292e-16
59.53	8.0378e-09	2.8484e-05	2.1339e-05	7.1451e-06	6.6168e-16
59.54	8.0281e-09	2.846e-05	2.1332e-05	7.1282e-06	6.5569e-16
59.55	7.7827e-09	2.7599e-05	2.0677e-05	6.9219e-06	6.6237e-16
59.56	8.2397e-09	2.923e-05	2.1897e-05	7.3328e-06	6.634e-16
59.57	7.6563e-09	2.7169e-05	2.0367e-05	6.8024e-06	6.424e-16
59.58	8.0376e-09	2.8532e-05	2.1374e-05	7.1574e-06	6.5712e-16
59.59	8.0306e-09	2.8516e-05	2.1364e-05	7.1519e-06	6.472e-16
59.6	7.6225e-09	2.7076e-05	2.0298e-05	6.7787e-06	6.4535e-16
59.61	8.1301e-09	2.8889e-05	2.1637e-05	7.2523e-06	6.6059e-16
59.62	7.7656e-09	2.7603e-05	2.0685e-05	6.9186e-06	6.3368e-16
59.63	7.8067e-09	2.7759e-05	2.0806e-05	6.9528e-06	6.3775e-16
59.64	7.9372e-09	2.8232e-05	2.1146e-05	7.0862e-06	6.4062e-16
59.65	7.7442e-09	2.7555e-05	2.0652e-05	6.9028e-06	6.3086e-16
59.66	7.8708e-09	2.8015e-05	2.0992e-05	7.0229e-06	6.4655e-16
59.67	7.7162e-09	2.7473e-05	2.0581e-05	6.8923e-06	6.3208e-16
59.68	7.8578e-09	2.7987e-05	2.0974e-05	7.0134e-06	6.3395e-16
59.69	7.7787e-09	2.7715e-05	2.0766e-05	6.9486e-06	6.4168e-16
59.7	7.5952e-09	2.707e-05	2.0283e-05	6.7873e-06	6.2801e-16
59.71	7.9953e-09	2.8505e-05	2.1361e-05	7.1446e-06	6.3456e-16
59.72	7.5561e-09	2.6949e-05	2.0195e-05	6.7536e-06	6.2749e-16
59.73	7.6488e-09	2.7288e-05	2.0443e-05	6.8456e-06	6.133e-16
59.74	8.0122e-09	2.8594e-05	2.1426e-05	7.1679e-06	6.1966e-16
59.75	7.3108e-09	2.61e-05	1.9559e-05	6.5411e-06	6.3099e-16
59.76	7.9043e-09	2.8228e-05	2.1145e-05	7.083e-06	6.1815e-16
59.77	7.7084e-09	2.7538e-05	2.064e-05	6.8978e-06	6.2209e-16
59.78	7.3892e-09	2.6406e-05	1.9786e-05	6.6203e-06	6.2936e-16
59.79	7.9643e-09	2.8471e-05	2.1328e-05	7.143e-06	6.0263e-16
59.8	7.3465e-09	2.6272e-05	1.9692e-05	6.5796e-06	6.132e-16
59.81	7.7784e-09	2.7825e-05	2.0845e-05	6.98e-06	6.0586e-16
59.82	7.54e-09	2.6981e-05	2.0217e-05	6.7647e-06	6.011e-16
59.83	7.4909e-09	2.6815e-05	2.0097e-05	6.7174e-06	6.1901e-16
59.84	7.8391e-09	2.8071e-05	2.1031e-05	7.0399e-06	5.9479e-16
59.85	7.1572e-09	2.5637e-05	1.9212e-05	6.4252e-06	6.0219e-16
59.86	7.9236e-09	2.8392e-05	2.1273e-05	7.1186e-06	5.9858e-16
59.87	7.3644e-09	2.6397e-05	1.9781e-05	6.6165e-06	5.8934e-16
59.88	7.3787e-09	2.6457e-05	1.9824e-05	6.6333e-06	5.9775e-16
59.89	7.8778e-09	2.8256e-05	2.1169e-05	7.0869e-06	5.8818e-16
59.9	7.0902e-09	2.544e-05	1.9067e-05	6.3724e-06	5.9281e-16
59.91	7.7397e-09	2.7779e-05	2.081e-05	6.9697e-06	5.7767e-16
59.92	7.3927e-09	2.6543e-05	1.9891e-05	6.6521e-06	5.8804e-16
59.93	7.3865e-09	2.6529e-05	1.9883e-05	6.6458e-06	5.9128e-16
59.94	7.5634e-09	2.7174e-05	2.0351e-05	6.8225e-06	5.699e-16
59.95	7.2481e-09	2.605e-05	1.9527e-05	6.5222e-06	5.8704e-16
59.96	7.6401e-09	2.7468e-05	2.0582e-05	6.8863e-06	5.7197e-16
59.97	7.162e-09	2.5758e-05	1.9293e-05	6.4642e-06	5.627e-16
59.98	7.5222e-09	2.7062e-05	2.0291e-05	6.7706e-06	5.7616e-16
59.99	7.4295e-09	2.6737e-05	2.0028e-05	6.7092e-06	5.6746e-16
60	7.13e-09	2.5668e-05	1.9231e-05	6.4365e-06	5.5896e-16
60.01	7.6124e-09	2.7414e-05	2.0552e-05	6.8613e-06	5.6224e-16
60.02	7.188e-09	2.5894e-05	1.9394e-05	6.5006e-06	5.6511e-16
60.03	7.2964e-09	2.6293e-05	1.9705e-05	6.5881e-06	5.5079e-16
60.04	7.4173e-09	2.6738e-05	2.0041e-05	6.6969e-06	5.5067e-16
60.05	7.2166e-09	2.6023e-05	1.9492e-05	6.5308e-06	5.5207e-16
60.06	7.2709e-09	2.6228e-05	1.9657e-05	6.5708e-06	5.4844e-16
60.07	7.3011e-09	2.6345e-05	1.9743e-05	6.6022e-06	5.4782e-16
60.08	7.2656e-09	2.6226e-05	1.9648e-05	6.5779e-06	5.4599e-16
60.09	7.1718e-09	2.5896e-05	1.9405e-05	6.4907e-06	5.4236e-16
60.1	7.2811e-09	2.6299e-05	1.9708e-05	6.5912e-06	5.3138e-16
60.11	7.2388e-09	2.6155e-05	1.9595e-05	6.5601e-06	5.4077e-16
60.12	7.1337e-09	2.5784e-05	1.9321e-05	6.4636e-06	5.3008e-16
60.13	7.2097e-09	2.6068e-05	1.9539e-05	6.5289e-06	5.2574e-16
60.14	7.2622e-09	2.6266e-05	1.9674e-05	6.5915e-06	5.357e-16
60.15	7.0212e-09	2.5403e-05	1.9038e-05	6.3649e-06	5.1554e-16
60.16	7.2274e-09	2.6158e-05	1.9606e-05	6.5518e-06	5.227e-16
60.17	7.224e-09	2.6154e-05	1.9588e-05	6.5661e-06	5.192e-16
60.18	6.9249e-09	2.5079e-05	1.8802e-05	6.277e-06	5.0879e-16
60.19	7.3097e-09	2.6482e-05	1.984e-05	6.6417e-06	5.1657e-16
60.2	7.0259e-09	2.5462e-05	1.9073e-05	6.3896e-06	5.1433e-16
60.21	7.0382e-09	2.5515e-05	1.9129e-05	6.3859e-06	5.162e-16
60.22	7.1815e-09	2.6043e-05	1.9504e-05	6.5394e-06	5.0448e-16
60.23	6.9662e-09	2.5271e-05	1.8942e-05	6.3287e-06	5.0556e-16
60.24	7.1475e-09	2.5937e-05	1.9438e-05	6.4992e-06	5.1539e-16
60.25	6.9327e-09	2.5166e-05	1.8849e-05	6.3171e-06	5.093e-16
60.26	7.1323e-09	2.5899e-05	1.9419e-05	6.4806e-06	4.9522e-16
60.27	6.9913e-09	2.5396e-05	1.902e-05	6.3757e-06	4.9468e-16
60.28	6.8908e-09	2.5039e-05	1.8765e-05	6.2735e-06	5.0511e-16
60.29	7.1908e-09	2.6138e-05	1.9591e-05	6.5471e-06	4.8452e-16
60.3	6.833e-09	2.4845e-05	1.8608e-05	6.2375e-06	4.8544e-16
60.31	6.9614e-09	2.5321e-05	1.8987e-05	6.3331e-06	4.9872e-16
60.32	7.0877e-09	2.5788e-05	1.9317e-05	6.4715e-06	4.9117e-16
60.33	6.8402e-09	2.4896e-05	1.8656e-05	6.2403e-06	4.9093e-16
60.34	6.8669e-09	2.5002e-05	1.8743e-05	6.2588e-06	4.856e-16
60.35	7.1212e-09	2.5936e-05	1.9423e-05	6.5127e-06	4.8816e-16
60.36	6.7473e-09	2.4583e-05	1.8432e-05	6.1506e-06	4.8159e-16
60.37	6.8322e-09	2.49e-05	1.8654e-05	6.2458e-06	4.6813e-16
60.38	7.1932e-09	2.6225e-05	1.9647e-05	6.5775e-06	4.7145e-16
60.39	6.5103e-09	2.3743e-05	1.7803e-05	5.9395e-06	4.7533e-16
60.4	7.0454e-09	2.5703e-05	1.9248e-05	6.4544e-06	4.7955e-16
60.41	6.9573e-09	2.539e-05	1.903e-05	6.3594e-06	4.8204e-16
60.42	6.5236e-09	2.3815e-05	1.7849e-05	5.9656e-06	4.7795e-16
60.43	7.148e-09	2.6103e-05	1.9552e-05	6.551e-06	4.695e-16
60.44	6.6306e-09	2.4222e-05	1.816e-05	6.0616e-06	4.6959e-16
60.45	6.8085e-09	2.488e-05	1.8641e-05	6.2384e-06	4.6958e-16
60.46	6.8901e-09	2.5186e-05	1.887e-05	6.316e-06	4.6671e-16
60.47	6.6219e-09	2.4214e-05	1.8152e-05	6.062e-06	4.5872e-16
60.48	6.918e-09	2.5305e-05	1.896e-05	6.3449e-06	4.5732e-16
60.49	6.6137e-09	2.42e-05	1.8134e-05	6.0656e-06	4.7297e-16
60.5	6.797e-09	2.4879e-05	1.8648e-05	6.2304e-06	4.5523e-16
60.51	6.7853e-09	2.4844e-05	1.8616e-05	6.2285e-06	4.4437e-16
60.52	6.5654e-09	2.4047e-05	1.8019e-05	6.0278e-06	4.6248e-16
60.53	6.8369e-09	2.505e-05	1.8777e-05	6.273e-06	4.5487e-16
60.54	6.6747e-09	2.4463e-05	1.8328e-05	6.1353e-06	4.4966e-16
60.55	6.553e-09	2.4025e-05	1.8003e-05	6.0223e-06	4.5502e-16
60.56	6.8251e-09	2.5031e-05	1.8763e-05	6.2682e-06	4.4837e-16
60.57	6.595e-09	2.4195e-05	1.8124e-05	6.0715e-06	4.4903e-16
60.58	6.5412e-09	2.4006e-05	1.7992e-05	6.0142e-06	4.5403e-16
60.59	6.8253e-09	2.5057e-05	1.8781e-05	6.276e-06	4.3953e-16
60.6	6.4647e-09	2.3741e-05	1.7782e-05	5.9587e-06	4.4427e-16
60.61	6.64e-09	2.4392e-05	1.8285e-05	6.1075e-06	4.5227e-16
60.62	6.6615e-09	2.448e-05	1.8345e-05	6.1349e-06	4.3625e-16
60.63	6.4856e-09	2.3841e-05	1.7859e-05	5.9818e-06	4.4232e-16
60.64	6.6582e-09	2.4484e-05	1.8355e-05	6.1282e-06	4.375e-16
60.65	6.4735e-09	2.3812e-05	1.7839e-05	5.973e-06	4.3538e-16
60.66	6.6635e-09	2.4519e-05	1.8371e-05	6.1477e-06	4.3905e-16
60.67	6.4306e-09	2.367e-05	1.7747e-05	5.9228e-06	4.2435e-16
60.68	6.5523e-09	2.4126e-05	1.807e-05	6.0555e-06	4.3952e-16
60.69	6.626e-09	2.4406e-05	1.8292e-05	6.1135e-06	4.449e-16
60.7	6.2915e-09	2.3181e-05	1.7375e-05	5.8058e-06	4.3647e-16
60.71	6.6975e-09	2.4685e-05	1.8488e-05	6.1971e-06	4.3753e-16
60.72	6.3858e-09	2.3544e-05	1.7654e-05	5.8896e-06	4.341e-16
60.73	6.4444e-09	2.3768e-05	1.7806e-05	5.9614e-06	4.3117e-16
60.74	6.5453e-09	2.4148e-05	1.809e-05	6.0575e-06	4.2888e-16
60.75	6.3609e-09	2.3475e-05	1.7604e-05	5.871e-06	4.375e-16
60.76	6.5068e-09	2.4022e-05	1.7991e-05	6.031e-06	4.2725e-16
60.77	6.3283e-09	2.337e-05	1.7518e-05	5.8525e-06	4.2222e-16
60.78	6.539e-09	2.4156e-05	1.8107e-05	6.0495e-06	4.3686e-16
60.79	6.3006e-09	2.3284e-05	1.744e-05	5.8433e-06	4.2985e-16
60.8	6.3876e-09	2.3612e-05	1.7704e-05	5.9085e-06	4.2586e-16
60.81	6.5069e-09	2.4062e-05	1.8028e-05	6.0341e-06	4.2639e-16
60.82	6.1911e-09	2.2901e-05	1.7162e-05	5.7392e-06	4.2513e-16
60.83	6.4743e-09	2.3957e-05	1.7956e-05	6.0012e-06	4.2665e-16
60.84	6.3267e-09	2.3418e-05	1.7546e-05	5.872e-06	4.2479e-16
60.85	6.2946e-09	2.3307e-05	1.7469e-05	5.8377e-06	4.2444e-16
60.86	6.3303e-09	2.3447e-05	1.7566e-05	5.8813e-06	4.2295e-16
60.87	6.3551e-09	2.3547e-05	1.765e-05	5.8962e-06	4.1749e-16
60.88	6.2651e-09	2.3221e-05	1.74e-05	5.8207e-06	4.2138e-16
60.89	6.2252e-09	2.3081e-05	1.7293e-05	5.7872e-06	4.3107e-16
60.9	6.4504e-09	2.3923e-05	1.7935e-05	5.9881e-06	4.2126e-16
60.91	6.0767e-09	2.2545e-05	1.6887e-05	5.6579e-06	4.2056e-16
60.92	6.3384e-09	2.3524e-05	1.7633e-05	5.8902e-06	4.2243e-16
60.93	6.3175e-09	2.3453e-05	1.7578e-05	5.8758e-06	4.1716e-16
60.94	6.0702e-09	2.2543e-05	1.6885e-05	5.6581e-06	4.265e-16
60.95	6.3749e-09	2.3682e-05	1.7754e-05	5.9282e-06	4.1939e-16
60.96	6.1303e-09	2.2781e-05	1.707e-05	5.7112e-06	4.1959e-16
60.97	6.2117e-09	2.3091e-05	1.7301e-05	5.7897e-06	4.1802e-16
60.98	6.2029e-09	2.3066e-05	1.7289e-05	5.7767e-06	4.0809e-16
60.99	6.1432e-09	2.2851e-05	1.7124e-05	5.7274e-06	4.2663e-16
61	6.2338e-09	2.3196e-05	1.7381e-05	5.8153e-06	4.1965e-16
61.01	6.0644e-09	2.2573e-05	1.6919e-05	5.6544e-06	4.0712e-16
61.02	6.2055e-09	2.3106e-05	1.7315e-05	5.7911e-06	4.202e-16
61.03	6.1647e-09	2.2961e-05	1.7201e-05	5.7604e-06	4.1562e-16
61.04	6.0122e-09	2.2401e-05	1.6795e-05	5.6054e-06	4.1256e-16
61.05	6.2047e-09	2.3125e-05	1.7327e-05	5.7987e-06	4.2301e-16
61.06	6.1342e-09	2.287e-05	1.7135e-05	5.7354e-06	4.1795e-16
61.07	5.9304e-09	2.2118e-05	1.6584e-05	5.5333e-06	4.0758e-16
61.08	6.2472e-09	2.3307e-05	1.7456e-05	5.8509e-06	4.1517e-16
61.09	6.048e-09	2.2571e-05	1.692e-05	5.6507e-06	4.2027e-16
61.1	5.9021e-09	2.2034e-05	1.6515e-05	5.5186e-06	4.1748e-16
61.11	6.263e-09	2.3389e-05	1.7517e-05	5.8717e-06	4.1244e-16
61.12	5.9372e-09	2.2179e-05	1.6632e-05	5.5476e-06	4.0604e-16
61.13	5.9517e-09	2.2241e-05	1.6661e-05	5.5798e-06	4.1342e-16
61.14	6.1599e-09	2.3026e-05	1.7255e-05	5.7709e-06	4.1195e-16
61.15	5.9671e-09	2.2313e-05	1.6728e-05	5.5849e-06	4.0518e-16
61.16	5.8665e-09	2.1944e-05	1.6438e-05	5.5063e-06	4.1599e-16
61.17	6.1663e-09	2.3073e-05	1.7299e-05	5.7733e-06	4.164e-16
61.18	5.9474e-09	2.2261e-05	1.6679e-05	5.5821e-06	4.0928e-16
61.19	5.7396e-09	2.149e-05	1.6104e-05	5.3865e-06	4.1864e-16
61.2	6.3366e-09	2.3733e-05	1.7793e-05	5.9408e-06	4.1818e-16
61.21	5.6615e-09	2.1212e-05	1.5889e-05	5.3231e-06	4.0289e-16
61.22	5.9408e-09	2.2266e-05	1.6694e-05	5.5711e-06	4.1021e-16
61.23	6.2256e-09	2.3341e-05	1.7493e-05	5.8479e-06	4.1702e-16
61.24	5.4887e-09	2.0584e-05	1.5423e-05	5.1618e-06	4.062e-16
61.25	6.2619e-09	2.3492e-05	1.7611e-05	5.8807e-06	4.0957e-16
61.26	5.7416e-09	2.1547e-05	1.6142e-05	5.4049e-06	4.0812e-16
61.27	5.8141e-09	2.1826e-05	1.6358e-05	5.4678e-06	4.071e-16
61.28	6.1155e-09	2.2965e-05	1.7212e-05	5.7527e-06	4.1652e-16
61.29	5.5288e-09	2.0769e-05	1.5562e-05	5.2067e-06	4.05e-16
61.3	6.1861e-09	2.3245e-05	1.7423e-05	5.822e-06	4.029e-16
61.31	5.6196e-09	2.1124e-05	1.5831e-05	5.2928e-06	4.0978e-16
61.32	5.8451e-09	2.1979e-05	1.6471e-05	5.508e-06	4.0307e-16
61.33	6.0376e-09	2.271e-05	1.7019e-05	5.6908e-06	4.0359e-16
61.34	5.4706e-09	2.0584e-05	1.5428e-05	5.1559e-06	4.0252e-16
61.35	6.1021e-09	2.2967e-05	1.7209e-05	5.758e-06	4.0863e-16
61.36	5.6644e-09	2.1327e-05	1.5983e-05	5.3436e-06	4.1005e-16
61.37	5.715e-09	2.1524e-05	1.6135e-05	5.3895e-06	3.9984e-16
61.38	5.9244e-09	2.232e-05	1.6722e-05	5.5978e-06	4.075e-16
61.39	5.6073e-09	2.1132e-05	1.584e-05	5.2918e-06	4.0227e-16
61.4	5.8308e-09	2.1982e-05	1.6474e-05	5.5076e-06	3.9213e-16
61.41	5.6984e-09	2.149e-05	1.61e-05	5.3893e-06	4.0446e-16
61.42	5.7444e-09	2.167e-05	1.6246e-05	5.4244e-06	4.0676e-16
61.43	5.7134e-09	2.156e-05	1.6155e-05	5.4055e-06	3.987e-16
61.44	5.6758e-09	2.1425e-05	1.6056e-05	5.3693e-06	4.0321e-16
61.45	5.7418e-09	2.1681e-05	1.6254e-05	5.4275e-06	4.012e-16
61.46	5.6581e-09	2.1372e-05	1.6011e-05	5.3613e-06	3.9413e-16
61.47	5.6542e-09	2.1365e-05	1.6013e-05	5.3518e-06	4.0406e-16
61.48	5.7081e-09	2.1575e-05	1.6173e-05	5.4027e-06	3.9777e-16
61.49	5.6614e-09	2.1406e-05	1.6037e-05	5.3692e-06	3.8994e-16
61.5	5.5533e-09	2.1004e-05	1.5746e-05	5.2576e-06	3.9558e-16
61.51	5.7621e-09	2.1801e-05	1.6339e-05	5.4618e-06	3.9133e-16
61.52	5.5664e-09	2.1067e-05	1.5783e-05	5.2841e-06	3.9714e-16
61.53	5.5377e-09	2.0966e-05	1.5719e-05	5.2461e-06	3.9643e-16
61.54	5.7684e-09	2.1846e-05	1.6369e-05	5.4771e-06	3.9272e-16
61.55	5.4763e-09	2.0747e-05	1.5546e-05	5.2009e-06	3.9354e-16
61.56	5.571e-09	2.1112e-05	1.5829e-05	5.2828e-06	3.9215e-16
61.57	5.6956e-09	2.1591e-05	1.6176e-05	5.4151e-06	3.9416e-16
61.58	5.4673e-09	2.0733e-05	1.5541e-05	5.1913e-06	3.8421e-16
61.59	5.5356e-09	2.0998e-05	1.5741e-05	5.2572e-06	3.8518e-16
61.6	5.6677e-09	2.1506e-05	1.6112e-05	5.3948e-06	3.88e-16
61.61	5.4395e-09	2.0647e-05	1.5478e-05	5.1696e-06	3.8792e-16
61.62	5.5049e-09	2.0902e-05	1.5664e-05	5.2382e-06	3.8639e-16
61.63	5.6402e-09	2.1423e-05	1.6053e-05	5.3701e-06	3.8063e-16
61.64	5.4006e-09	2.052e-05	1.5382e-05	5.1379e-06	3.9206e-16
61.65	5.4908e-09	2.0869e-05	1.564e-05	5.2296e-06	3.8442e-16
61.66	5.5794e-09	2.1213e-05	1.5899e-05	5.314e-06	3.783e-16
61.67	5.4122e-09	2.0584e-05	1.5427e-05	5.1568e-06	3.8602e-16
61.68	5.4069e-09	2.057e-05	1.5417e-05	5.1532e-06	3.8463e-16
61.69	5.6117e-09	2.1356e-05	1.6004e-05	5.3521e-06	3.829e-16
61.7	5.3424e-09	2.0338e-05	1.5243e-05	5.0952e-06	3.7891e-16
61.71	5.3853e-09	2.0508e-05	1.5371e-05	5.1366e-06	3.8349e-16
61.72	5.6388e-09	2.148e-05	1.6094e-05	5.3865e-06	3.6906e-16
61.73	5.1829e-09	1.975e-05	1.4805e-05	4.9444e-06	3.7318e-16
61.74	5.541e-09	2.1121e-05	1.5828e-05	5.2934e-06	3.8824e-16
61.75	5.4375e-09	2.0734e-05	1.5534e-05	5.1991e-06	3.6443e-16
61.76	5.2458e-09	2.0009e-05	1.5004e-05	5.005e-06	3.6967e-16
61.77	5.566e-09	2.1237e-05	1.5912e-05	5.3254e-06	3.7353e-16
61.78	5.2039e-09	1.9862e-05	1.4886e-05	4.976e-06	3.6971e-16
61.79	5.5041e-09	2.1015e-05	1.5754e-05	5.2607e-06	3.8465e-16
61.8	5.2632e-09	2.0101e-05	1.5059e-05	5.042e-06	3.7339e-16
61.81	5.3271e-09	2.0352e-05	1.5258e-05	5.0941e-06	3.6898e-16
61.82	5.5003e-09	2.1021e-05	1.5754e-05	5.2667e-06	3.6952e-16
61.83	5.0543e-09	1.9322e-05	1.4479e-05	4.8435e-06	3.6234e-16
61.84	5.5822e-09	2.1347e-05	1.6002e-05	5.3452e-06	3.6682e-16
61.85	5.1847e-09	1.9834e-05	1.4862e-05	4.9713e-06	3.5808e-16
61.86	5.2381e-09	2.0044e-05	1.5023e-05	5.0216e-06	3.5413e-16
61.87	5.4777e-09	2.0968e-05	1.5715e-05	5.2532e-06	3.6097e-16
61.88	5.0705e-09	1.9415e-05	1.4552e-05	4.8632e-06	3.5689e-16
61.89	5.4225e-09	2.077e-05	1.5565e-05	5.2049e-06	3.6378e-16
61.9	5.1786e-09	1.9843e-05	1.4871e-05	4.9715e-06	3.5898e-16
61.91	5.2784e-09	2.0231e-05	1.5165e-05	5.0658e-06	3.5822e-16
61.92	5.2628e-09	2.0178e-05	1.5119e-05	5.059e-06	3.7041e-16
61.93	5.1376e-09	1.9704e-05	1.4771e-05	4.9338e-06	3.5292e-16
61.94	5.3788e-09	2.0636e-05	1.5467e-05	5.1693e-06	3.5973e-16
61.95	5.0593e-09	1.9417e-05	1.4549e-05	4.8676e-06	3.5472e-16
61.96	5.271e-09	2.0236e-05	1.5169e-05	5.0667e-06	3.3883e-16
61.97	5.2488e-09	2.0157e-05	1.5105e-05	5.052e-06	3.5812e-16
61.98	5.0621e-09	1.9446e-05	1.4574e-05	4.8723e-06	3.4992e-16
61.99	5.2648e-09	2.0231e-05	1.5164e-05	5.0673e-06	3.4819e-16
62	5.1702e-09	1.9874e-05	1.4894e-05	4.98e-06	3.4023e-16
62.01	5.091e-09	1.9576e-05	1.4673e-05	4.903e-06	3.4315e-16
62.02	5.1975e-09	1.9992e-05	1.4985e-05	5.0071e-06	3.5319e-16
62.03	5.1629e-09	1.9865e-05	1.4889e-05	4.9761e-06	3.3402e-16
62.04	5.0556e-09	1.9459e-05	1.4583e-05	4.8758e-06	3.5473e-16
62.05	5.1775e-09	1.9934e-05	1.4942e-05	4.9929e-06	3.4794e-16
62.06	5.1023e-09	1.9651e-05	1.4727e-05	4.9239e-06	3.4264e-16
62.07	5.0932e-09	1.9622e-05	1.4705e-05	4.9171e-06	3.435e-16
62.08	5.0741e-09	1.9555e-05	1.4658e-05	4.8973e-06	3.3171e-16
62.09	5.1272e-09	1.9766e-05	1.4813e-05	4.9531e-06	3.588e-16
62.1	5.0765e-09	1.9577e-05	1.4673e-05	4.9038e-06	3.2937e-16
62.11	4.9568e-09	1.9122e-05	1.4332e-05	4.7898e-06	3.2749e-16
62.12	5.2627e-09	2.0308e-05	1.5219e-05	5.0889e-06	3.3875e-16
62.13	4.8694e-09	1.8797e-05	1.4088e-05	4.7089e-06	3.2116e-16
62.14	5.0797e-09	1.9615e-05	1.47e-05	4.9145e-06	3.4931e-16
62.15	5.1758e-09	1.9992e-05	1.4982e-05	5.0099e-06	3.3291e-16
62.16	4.7716e-09	1.8437e-05	1.3817e-05	4.6199e-06	3.2916e-16
62.17	5.252e-09	2.03e-05	1.5216e-05	5.0841e-06	3.3454e-16
62.18	4.8726e-09	1.8839e-05	1.4118e-05	4.7208e-06	3.2741e-16
62.19	5.0124e-09	1.9386e-05	1.4529e-05	4.8568e-06	3.3889e-16
62.2	5.0692e-09	1.9612e-05	1.47e-05	4.9117e-06	3.1242e-16
62.21	4.8179e-09	1.8646e-05	1.3973e-05	4.673e-06	3.2352e-16
62.22	5.1925e-09	2.0102e-05	1.5068e-05	5.0341e-06	3.4426e-16
62.23	4.724e-09	1.8294e-05	1.371e-05	4.5837e-06	3.2577e-16
62.24	5.1057e-09	1.9778e-05	1.4823e-05	4.9555e-06	3.181e-16
62.25	4.9845e-09	1.9315e-05	1.4478e-05	4.8375e-06	3.311e-16
62.26	4.7095e-09	1.8255e-05	1.368e-05	4.5757e-06	3.3434e-16
62.27	5.2407e-09	2.0321e-05	1.5234e-05	5.0877e-06	3.0644e-16
62.28	4.6971e-09	1.8219e-05	1.3654e-05	4.5655e-06	3.1347e-16
62.29	4.9419e-09	1.9175e-05	1.4371e-05	4.8041e-06	3.2419e-16
62.3	5.0395e-09	1.956e-05	1.4664e-05	4.8962e-06	3.1022e-16
62.31	4.7127e-09	1.8297e-05	1.3709e-05	4.5882e-06	3.196e-16
62.32	4.9994e-09	1.9417e-05	1.4556e-05	4.8603e-06	3.2731e-16
62.33	4.8387e-09	1.8798e-05	1.409e-05	4.708e-06	3.1855e-16
62.34	4.8708e-09	1.8929e-05	1.4183e-05	4.7463e-06	3.1411e-16
62.35	4.8385e-09	1.881e-05	1.4103e-05	4.7063e-06	3.1582e-16
62.36	4.8484e-09	1.8854e-05	1.4128e-05	4.7265e-06	3.0988e-16
62.37	4.9012e-09	1.9066e-05	1.4288e-05	4.7778e-06	3.1203e-16
62.38	4.7015e-09	1.8295e-05	1.3716e-05	4.5784e-06	3.1359e-16
62.39	4.9462e-09	1.9253e-05	1.4424e-05	4.8292e-06	3.1706e-16
62.4	4.801e-09	1.8694e-05	1.4012e-05	4.6815e-06	3.1761e-16
62.41	4.6818e-09	1.8236e-05	1.367e-05	4.5653e-06	3.0617e-16
62.42	4.9911e-09	1.9447e-05	1.4568e-05	4.879e-06	3.1762e-16
62.43	4.6599e-09	1.8162e-05	1.3616e-05	4.5465e-06	3.1114e-16
62.44	4.7771e-09	1.8625e-05	1.3961e-05	4.6641e-06	3.0222e-16
62.45	4.8996e-09	1.9108e-05	1.4314e-05	4.7941e-06	3.0398e-16
62.46	4.5944e-09	1.7924e-05	1.3441e-05	4.4827e-06	3.0044e-16
62.47	4.8935e-09	1.9097e-05	1.4312e-05	4.7847e-06	3.1757e-16
62.48	4.6724e-09	1.824e-05	1.3665e-05	4.5753e-06	3.0988e-16
62.49	4.7441e-09	1.8526e-05	1.3895e-05	4.631e-06	3.0699e-16
62.5	4.8075e-09	1.8779e-05	1.4068e-05	4.7109e-06	3.1246e-16
62.51	4.5558e-09	1.7802e-05	1.334e-05	4.4612e-06	2.9973e-16
62.52	4.932e-09	1.9278e-05	1.4458e-05	4.8195e-06	3.0281e-16
62.53	4.5258e-09	1.7696e-05	1.3254e-05	4.4422e-06	3.0511e-16
62.54	4.7384e-09	1.8533e-05	1.3894e-05	4.6394e-06	3.1027e-16
62.55	4.8266e-09	1.8884e-05	1.4158e-05	4.7257e-06	3.0401e-16
62.56	4.4427e-09	1.7388e-05	1.3024e-05	4.364e-06	2.9509e-16
62.57	4.8906e-09	1.9147e-05	1.4356e-05	4.7905e-06	2.9813e-16
62.58	4.5512e-09	1.7824e-05	1.336e-05	4.4637e-06	2.9991e-16
62.59	4.6594e-09	1.8253e-05	1.3675e-05	4.5783e-06	3.1125e-16
62.6	4.6918e-09	1.8386e-05	1.3786e-05	4.5998e-06	3.0301e-16
62.61	4.5747e-09	1.7933e-05	1.3441e-05	4.4918e-06	3.0237e-16
62.62	4.7296e-09	1.8546e-05	1.3896e-05	4.6501e-06	3.1283e-16
62.63	4.4543e-09	1.7472e-05	1.3102e-05	4.37e-06	2.9331e-16
62.64	4.8239e-09	1.8928e-05	1.4185e-05	4.7427e-06	2.9726e-16
62.65	4.4633e-09	1.7519e-05	1.3127e-05	4.3919e-06	3.0693e-16
62.66	4.5677e-09	1.7934e-05	1.3449e-05	4.4851e-06	2.9031e-16
62.67	4.8164e-09	1.8917e-05	1.4172e-05	4.7447e-06	3.008e-16
62.68	4.2912e-09	1.6859e-05	1.2636e-05	4.2232e-06	3.0085e-16
62.69	4.773e-09	1.8758e-05	1.4066e-05	4.6922e-06	2.8952e-16
62.7	4.5569e-09	1.7914e-05	1.3419e-05	4.4951e-06	3.0291e-16
62.71	4.4234e-09	1.7395e-05	1.3044e-05	4.3511e-06	2.9389e-16
62.72	4.7026e-09	1.8499e-05	1.3866e-05	4.6327e-06	2.9398e-16
62.73	4.4637e-09	1.7565e-05	1.3159e-05	4.4062e-06	3.0069e-16
62.74	4.5321e-09	1.784e-05	1.338e-05	4.4594e-06	2.9682e-16
62.75	4.5395e-09	1.7874e-05	1.3392e-05	4.4826e-06	3.0441e-16
62.76	4.5381e-09	1.7875e-05	1.3397e-05	4.4783e-06	2.9438e-16
62.77	4.4622e-09	1.7582e-05	1.3185e-05	4.3961e-06	2.9509e-16
62.78	4.5281e-09	1.7847e-05	1.3367e-05	4.48e-06	2.9377e-16
62.79	4.5095e-09	1.7779e-05	1.3331e-05	4.4481e-06	2.8907e-16
62.8	4.4477e-09	1.7541e-05	1.315e-05	4.391e-06	2.9598e-16
62.81	4.5043e-09	1.777e-05	1.331e-05	4.4601e-06	2.8831e-16
62.82	4.4479e-09	1.7553e-05	1.3166e-05	4.3868e-06	2.8884e-16
62.83	4.508e-09	1.7796e-05	1.3333e-05	4.4626e-06	2.9027e-16
62.84	4.3707e-09	1.7259e-05	1.2933e-05	4.3263e-06	2.9715e-16
62.85	4.5214e-09	1.786e-05	1.3398e-05	4.4616e-06	2.8995e-16
62.86	4.4407e-09	1.7547e-05	1.3141e-05	4.4056e-06	2.9031e-16
62.87	4.3234e-09	1.7089e-05	1.2813e-05	4.2758e-06	3.0082e-16
62.88	4.5734e-09	1.8083e-05	1.356e-05	4.5233e-06	2.8255e-16
62.89	4.3214e-09	1.7092e-05	1.28e-05	4.2917e-06	3.0158e-16
62.9	4.3835e-09	1.7343e-05	1.3009e-05	4.3334e-06	2.9071e-16
62.91	4.4988e-09	1.7805e-05	1.3342e-05	4.4624e-06	2.7456e-16
62.92	4.3207e-09	1.7105e-05	1.2815e-05	4.2903e-06	3.0786e-16
62.93	4.3615e-09	1.7273e-05	1.2955e-05	4.3172e-06	2.8586e-16
62.94	4.4617e-09	1.7675e-05	1.3241e-05	4.4334e-06	2.8252e-16
62.95	4.3114e-09	1.7085e-05	1.2806e-05	4.279e-06	2.9866e-16
62.96	4.3154e-09	1.7106e-05	1.2825e-05	4.2815e-06	2.7814e-16
62.97	4.4772e-09	1.7753e-05	1.3302e-05	4.4509e-06	2.8228e-16
62.98	4.223e-09	1.6751e-05	1.2558e-05	4.1929e-06	2.935e-16
62.99	4.3888e-09	1.7413e-05	1.3054e-05	4.3596e-06	2.8914e-16
63	4.3616e-09	1.7311e-05	1.2974e-05	4.3371e-06	2.9081e-16
63.01	4.2459e-09	1.6858e-05	1.2634e-05	4.2235e-06	2.8878e-16
63.02	4.3976e-09	1.7465e-05	1.3094e-05	4.3712e-06	2.8036e-16
63.03	4.2194e-09	1.6763e-05	1.2562e-05	4.2005e-06	2.9137e-16
63.04	4.3956e-09	1.7468e-05	1.3091e-05	4.3773e-06	2.8677e-16
63.05	4.2145e-09	1.6754e-05	1.2563e-05	4.191e-06	2.7905e-16
63.06	4.2858e-09	1.7043e-05	1.2769e-05	4.2741e-06	2.9032e-16
63.07	4.3859e-09	1.7446e-05	1.3078e-05	4.3687e-06	2.851e-16
63.08	4.0899e-09	1.6274e-05	1.2202e-05	4.072e-06	2.8839e-16
63.09	4.4177e-09	1.7584e-05	1.3174e-05	4.4104e-06	2.8937e-16
63.1	4.2102e-09	1.6763e-05	1.2569e-05	4.1942e-06	2.8614e-16
63.11	4.1764e-09	1.6634e-05	1.2469e-05	4.1656e-06	2.8542e-16
63.12	4.3547e-09	1.735e-05	1.3e-05	4.3501e-06	2.8415e-16
63.13	4.1525e-09	1.6549e-05	1.2408e-05	4.1411e-06	2.8987e-16
63.14	4.2443e-09	1.6921e-05	1.2682e-05	4.239e-06	2.8584e-16
63.15	4.2169e-09	1.6817e-05	1.2603e-05	4.2136e-06	2.853e-16
63.16	4.2291e-09	1.6871e-05	1.2648e-05	4.2225e-06	2.8324e-16
63.17	4.1702e-09	1.6641e-05	1.247e-05	4.171e-06	2.9301e-16
63.18	4.1976e-09	1.6756e-05	1.2557e-05	4.199e-06	2.889e-16
63.19	4.2346e-09	1.6909e-05	1.2677e-05	4.2311e-06	2.8114e-16
63.2	4.1151e-09	1.6437e-05	1.2317e-05	4.1195e-06	2.9853e-16
63.21	4.198e-09	1.6773e-05	1.2572e-05	4.2017e-06	2.7989e-16
63.22	4.1977e-09	1.6777e-05	1.2578e-05	4.1991e-06	2.8194e-16
63.23	4.1128e-09	1.6443e-05	1.2322e-05	4.1215e-06	2.917e-16
63.24	4.1437e-09	1.6572e-05	1.2424e-05	4.1476e-06	2.7833e-16
63.25	4.2216e-09	1.6889e-05	1.266e-05	4.2287e-06	2.8948e-16
63.26	4.0498e-09	1.6206e-05	1.2147e-05	4.0596e-06	2.9165e-16
63.27	4.144e-09	1.6589e-05	1.2435e-05	4.1537e-06	2.9358e-16
63.28	4.1997e-09	1.6817e-05	1.2603e-05	4.2138e-06	2.8552e-16
63.29	3.9994e-09	1.602e-05	1.2011e-05	4.0094e-06	2.8121e-16
63.3	4.1733e-09	1.6722e-05	1.253e-05	4.192e-06	2.8628e-16
63.31	4.1135e-09	1.6488e-05	1.236e-05	4.1281e-06	2.8275e-16
63.32	4.0435e-09	1.6212e-05	1.2154e-05	4.0575e-06	2.9159e-16
63.33	4.0939e-09	1.6419e-05	1.2301e-05	4.1188e-06	2.8725e-16
63.34	4.1187e-09	1.6524e-05	1.2393e-05	4.1312e-06	2.8721e-16
63.35	4.0363e-09	1.6198e-05	1.2139e-05	4.0594e-06	2.873e-16
63.36	4.024e-09	1.6154e-05	1.2106e-05	4.0486e-06	2.8709e-16
63.37	4.1746e-09	1.6764e-05	1.2574e-05	4.1902e-06	2.8924e-16
63.38	3.9291e-09	1.5783e-05	1.1823e-05	3.96e-06	2.8134e-16
63.39	4.0761e-09	1.6379e-05	1.228e-05	4.0991e-06	2.9246e-16
63.4	4.1006e-09	1.6483e-05	1.2358e-05	4.1251e-06	2.8942e-16
63.41	3.9274e-09	1.5791e-05	1.1831e-05	3.9609e-06	2.9007e-16
63.42	4.0758e-09	1.6393e-05	1.2293e-05	4.1006e-06	2.997e-16
63.43	4.0155e-09	1.6156e-05	1.2108e-05	4.0479e-06	2.872e-16
63.44	4.0037e-09	1.6114e-05	1.2076e-05	4.038e-06	2.8609e-16
63.45	3.9406e-09	1.5864e-05	1.1893e-05	3.9712e-06	2.9315e-16
63.46	4.1004e-09	1.6513e-05	1.2376e-05	4.137e-06	2.9275e-16
63.47	3.9145e-09	1.5769e-05	1.1819e-05	3.9501e-06	2.8138e-16
63.48	3.9309e-09	1.584e-05	1.1873e-05	3.967e-06	2.8283e-16
63.49	4.146e-09	1.6712e-05	1.2527e-05	4.185e-06	2.912e-16
63.5	3.7608e-09	1.5164e-05	1.1365e-05	3.7999e-06	2.857e-16
63.51	4.0902e-09	1.6498e-05	1.2367e-05	4.1308e-06	2.8811e-16
63.52	3.9531e-09	1.595e-05	1.1956e-05	3.9934e-06	2.9011e-16
63.53	3.8421e-09	1.5507e-05	1.1622e-05	3.8856e-06	2.8726e-16
63.54	4.0814e-09	1.6478e-05	1.2353e-05	4.1248e-06	2.9075e-16
63.55	3.8021e-09	1.5355e-05	1.151e-05	3.8454e-06	2.9597e-16
63.56	4.0213e-09	1.6245e-05	1.2176e-05	4.0698e-06	2.9237e-16
63.57	3.8587e-09	1.5594e-05	1.169e-05	3.9036e-06	2.9288e-16
63.58	3.9154e-09	1.5828e-05	1.1864e-05	3.9633e-06	2.9298e-16
63.59	3.9648e-09	1.6033e-05	1.2015e-05	4.0171e-06	2.9146e-16
63.6	3.7875e-09	1.532e-05	1.1484e-05	3.8363e-06	2.9839e-16
63.61	4.0051e-09	1.6206e-05	1.2148e-05	4.058e-06	2.9126e-16
63.62	3.8035e-09	1.5395e-05	1.1537e-05	3.8579e-06	2.8967e-16
63.63	3.9116e-09	1.5837e-05	1.1873e-05	3.9643e-06	2.8616e-16
63.64	3.8575e-09	1.5623e-05	1.171e-05	3.9126e-06	2.8325e-16
63.65	3.8609e-09	1.5642e-05	1.1722e-05	3.9192e-06	2.9424e-16
63.66	3.893e-09	1.5777e-05	1.1828e-05	3.9487e-06	2.914e-16
63.67	3.7414e-09	1.5167e-05	1.1367e-05	3.8003e-06	2.9083e-16
63.68	4.0108e-09	1.6264e-05	1.2191e-05	4.0737e-06	2.8832e-16
63.69	3.6877e-09	1.4959e-05	1.1214e-05	3.7444e-06	2.9864e-16
63.7	3.8541e-09	1.5639e-05	1.1721e-05	3.9182e-06	2.9796e-16
63.71	3.9652e-09	1.6094e-05	1.2065e-05	4.0298e-06	2.8193e-16
63.72	3.5899e-09	1.4576e-05	1.0926e-05	3.6497e-06	2.9727e-16
63.73	3.9849e-09	1.6185e-05	1.213e-05	4.0552e-06	2.8786e-16
63.74	3.7915e-09	1.5404e-05	1.1546e-05	3.8581e-06	2.8572e-16
63.75	3.6653e-09	1.4896e-05	1.1166e-05	3.7301e-06	2.9694e-16
63.76	3.9553e-09	1.608e-05	1.2053e-05	4.0268e-06	2.7735e-16
63.77	3.6934e-09	1.502e-05	1.1258e-05	3.7613e-06	2.8773e-16
63.78	3.7543e-09	1.5272e-05	1.1448e-05	3.8244e-06	2.9776e-16
63.79	3.8479e-09	1.5658e-05	1.1737e-05	3.9214e-06	2.8655e-16
63.8	3.6929e-09	1.5032e-05	1.1266e-05	3.7654e-06	2.9331e-16
63.81	3.7921e-09	1.5441e-05	1.1574e-05	3.8663e-06	2.9174e-16
63.82	3.723e-09	1.5164e-05	1.1367e-05	3.7965e-06	2.8423e-16
63.83	3.7613e-09	1.5325e-05	1.1485e-05	3.8401e-06	2.9154e-16
63.84	3.757e-09	1.5312e-05	1.1478e-05	3.8336e-06	2.9e-16
63.85	3.6362e-09	1.4824e-05	1.1113e-05	3.7115e-06	2.9215e-16
63.86	3.8734e-09	1.5796e-05	1.1838e-05	3.9584e-06	2.9264e-16
63.87	3.6044e-09	1.4704e-05	1.1024e-05	3.6792e-06	2.7774e-16
63.88	3.6965e-09	1.5084e-05	1.1305e-05	3.7793e-06	2.8939e-16
63.89	3.8697e-09	1.5796e-05	1.1838e-05	3.958e-06	2.9048e-16
63.9	3.4841e-09	1.4226e-05	1.0668e-05	3.5588e-06	2.8304e-16
63.91	3.8319e-09	1.5651e-05	1.1728e-05	3.9236e-06	2.9654e-16
63.92	3.6987e-09	1.5112e-05	1.1328e-05	3.7842e-06	2.9057e-16
63.93	3.5568e-09	1.4537e-05	1.0899e-05	3.638e-06	2.8691e-16
63.94	3.8021e-09	1.5544e-05	1.1647e-05	3.897e-06	2.8935e-16
63.95	3.6019e-09	1.473e-05	1.1044e-05	3.6866e-06	2.919e-16
63.96	3.6657e-09	1.4996e-05	1.124e-05	3.7555e-06	2.9307e-16
63.97	3.6485e-09	1.493e-05	1.119e-05	3.7404e-06	2.8606e-16
63.98	3.6772e-09	1.5052e-05	1.1287e-05	3.7658e-06	2.8638e-16
63.99	3.6057e-09	1.4764e-05	1.1066e-05	3.6977e-06	2.8713e-16
64	3.6216e-09	1.4834e-05	1.1119e-05	3.7154e-06	2.8956e-16
64.01	3.6971e-09	1.5148e-05	1.1355e-05	3.7926e-06	2.8432e-16
64.02	3.5313e-09	1.4473e-05	1.0848e-05	3.6253e-06	2.888e-16
64.03	3.6713e-09	1.5052e-05	1.1282e-05	3.7694e-06	2.9108e-16
64.04	3.6018e-09	1.4771e-05	1.1074e-05	3.6978e-06	2.8017e-16
64.05	3.5906e-09	1.473e-05	1.1042e-05	3.6886e-06	2.9618e-16
64.06	3.5872e-09	1.4721e-05	1.1035e-05	3.686e-06	2.9684e-16
64.07	3.6098e-09	1.4818e-05	1.1109e-05	3.7093e-06	2.8353e-16
64.08	3.5928e-09	1.4753e-05	1.1058e-05	3.6952e-06	2.8813e-16
64.09	3.5046e-09	1.4395e-05	1.079e-05	3.6051e-06	2.9201e-16
64.1	3.6906e-09	1.5164e-05	1.1368e-05	3.7964e-06	2.9086e-16
64.11	3.4575e-09	1.4211e-05	1.0653e-05	3.5578e-06	2.8684e-16
64.12	3.6006e-09	1.4803e-05	1.1096e-05	3.7073e-06	2.9369e-16
64.13	3.5909e-09	1.4768e-05	1.1071e-05	3.6972e-06	2.9239e-16
64.14	3.4597e-09	1.4233e-05	1.0671e-05	3.5623e-06	2.8187e-16
64.15	3.6447e-09	1.4999e-05	1.1241e-05	3.7581e-06	2.8076e-16
64.16	3.4208e-09	1.4082e-05	1.0557e-05	3.5242e-06	2.8618e-16
64.17	3.6398e-09	1.4988e-05	1.1235e-05	3.7532e-06	2.9347e-16
64.18	3.4474e-09	1.42e-05	1.0641e-05	3.5594e-06	2.8763e-16
64.19	3.4996e-09	1.442e-05	1.0813e-05	3.6069e-06	2.8902e-16
64.2	3.648e-09	1.5036e-05	1.1268e-05	3.7675e-06	2.9485e-16
64.21	3.2898e-09	1.3564e-05	1.0166e-05	3.3975e-06	2.8389e-16
64.22	3.6897e-09	1.5217e-05	1.1411e-05	3.8065e-06	2.8251e-16
64.23	3.4272e-09	1.4139e-05	1.0595e-05	3.5442e-06	2.91e-16
64.24	3.4083e-09	1.4065e-05	1.0544e-05	3.5218e-06	2.9251e-16
64.25	3.6338e-09	1.5001e-05	1.1245e-05	3.7559e-06	2.8795e-16
64.26	3.3326e-09	1.3761e-05	1.0313e-05	3.4479e-06	2.8119e-16
64.27	3.547e-09	1.4651e-05	1.0983e-05	3.6682e-06	2.9292e-16
64.28	3.4309e-09	1.4176e-05	1.0626e-05	3.5502e-06	2.9682e-16
64.29	3.4662e-09	1.4327e-05	1.0739e-05	3.5877e-06	2.7806e-16
64.3	3.4534e-09	1.4278e-05	1.0701e-05	3.577e-06	2.9213e-16
64.31	3.3879e-09	1.4012e-05	1.0505e-05	3.5066e-06	2.9607e-16
64.32	3.5548e-09	1.4706e-05	1.1022e-05	3.6838e-06	2.7706e-16
64.33	3.3042e-09	1.3674e-05	1.0248e-05	3.4265e-06	2.8793e-16
64.34	3.4829e-09	1.4418e-05	1.0813e-05	3.6052e-06	2.9023e-16
64.35	3.482e-09	1.4419e-05	1.0803e-05	3.6157e-06	2.881e-16
64.36	3.2734e-09	1.3559e-05	1.0164e-05	3.3956e-06	2.8391e-16
64.37	3.5267e-09	1.4613e-05	1.0959e-05	3.6541e-06	2.7926e-16
64.38	3.3895e-09	1.4049e-05	1.0523e-05	3.5256e-06	2.9179e-16
64.39	3.3047e-09	1.3701e-05	1.0274e-05	3.4272e-06	2.865e-16
64.4	3.5066e-09	1.4543e-05	1.0903e-05	3.6399e-06	2.8367e-16
64.41	3.3256e-09	1.3797e-05	1.0336e-05	3.461e-06	2.9205e-16
64.42	3.3546e-09	1.3921e-05	1.0441e-05	3.4805e-06	2.8793e-16
64.43	3.4415e-09	1.4287e-05	1.0707e-05	3.58e-06	2.8272e-16
64.44	3.297e-09	1.3691e-05	1.026e-05	3.4305e-06	2.9033e-16
64.45	3.4156e-09	1.4188e-05	1.0639e-05	3.5489e-06	2.9085e-16
64.46	3.3082e-09	1.3746e-05	1.03e-05	3.4456e-06	2.8014e-16
64.47	3.379e-09	1.4044e-05	1.0528e-05	3.5162e-06	2.8195e-16
64.48	3.3662e-09	1.3996e-05	1.0491e-05	3.5049e-06	2.8071e-16
64.49	3.232e-09	1.3442e-05	1.0075e-05	3.3671e-06	2.8767e-16
64.5	3.4911e-09	1.4524e-05	1.0887e-05	3.6368e-06	2.8645e-16
64.51	3.1993e-09	1.3314e-05	9.9785e-06	3.3355e-06	2.7936e-16
64.52	3.331e-09	1.3866e-05	1.0396e-05	3.4707e-06	2.9373e-16
64.53	3.438e-09	1.4316e-05	1.0728e-05	3.5878e-06	2.8285e-16
64.54	3.135e-09	1.3058e-05	9.7903e-06	3.2681e-06	2.8064e-16
64.55	3.4267e-09	1.4278e-05	1.0704e-05	3.5735e-06	2.9046e-16
64.56	3.2768e-09	1.3658e-05	1.0233e-05	3.4249e-06	2.794e-16
64.57	3.2364e-09	1.3494e-05	1.0119e-05	3.3745e-06	2.8265e-16
64.58	3.3484e-09	1.3965e-05	1.0466e-05	3.4983e-06	2.8756e-16
64.59	3.2449e-09	1.3537e-05	1.0145e-05	3.392e-06	2.8247e-16
64.6	3.2952e-09	1.3751e-05	1.0313e-05	3.4386e-06	2.7737e-16
64.61	3.228e-09	1.3475e-05	1.0096e-05	3.3786e-06	2.8611e-16
64.62	3.3151e-09	1.3843e-05	1.0377e-05	3.4655e-06	2.9219e-16
64.63	3.2323e-09	1.3501e-05	1.0122e-05	3.3791e-06	2.8148e-16
64.64	3.212e-09	1.3421e-05	1.0057e-05	3.3637e-06	2.7936e-16
64.65	3.3309e-09	1.3922e-05	1.0438e-05	3.4837e-06	2.8236e-16
64.66	3.1812e-09	1.33e-05	9.9687e-06	3.3316e-06	2.775e-16
64.67	3.2183e-09	1.346e-05	1.0089e-05	3.3707e-06	2.7104e-16
64.68	3.311e-09	1.3852e-05	1.0384e-05	3.4676e-06	2.8436e-16
64.69	3.15e-09	1.3182e-05	9.88e-06	3.3022e-06	2.8893e-16
64.7	3.2186e-09	1.3473e-05	1.01e-05	3.3729e-06	2.7628e-16
64.71	3.2945e-09	1.3795e-05	1.034e-05	3.4551e-06	2.8272e-16
64.72	3.0992e-09	1.2981e-05	9.7309e-06	3.2506e-06	2.9005e-16
64.73	3.2735e-09	1.3716e-05	1.0281e-05	3.4344e-06	2.8247e-16
64.74	3.1892e-09	1.3367e-05	1.002e-05	3.3472e-06	2.7607e-16
64.75	3.1485e-09	1.32e-05	9.8955e-06	3.3049e-06	2.8894e-16
64.76	3.2592e-09	1.3669e-05	1.0245e-05	3.4232e-06	2.8225e-16
64.77	3.0827e-09	1.2932e-05	9.695e-06	3.2374e-06	2.6495e-16
64.78	3.2913e-09	1.3812e-05	1.0352e-05	3.4603e-06	2.7789e-16
64.79	3.0716e-09	1.2894e-05	9.666e-06	3.2275e-06	2.773e-16
64.8	3.1878e-09	1.3386e-05	1.0036e-05	3.3499e-06	2.7221e-16
64.81	3.2568e-09	1.368e-05	1.0252e-05	3.4278e-06	2.7601e-16
64.82	2.9631e-09	1.245e-05	9.3358e-06	3.1142e-06	2.8473e-16
64.83	3.3513e-09	1.4085e-05	1.0558e-05	3.5273e-06	2.85e-16
64.84	3.0317e-09	1.2746e-05	9.5525e-06	3.1934e-06	2.7291e-16
64.85	3.1264e-09	1.3148e-05	9.8593e-06	3.2889e-06	2.8529e-16
64.86	3.2402e-09	1.3631e-05	1.0215e-05	3.4161e-06	2.8187e-16
64.87	2.992e-09	1.2591e-05	9.4383e-06	3.1524e-06	2.6948e-16
64.88	3.2472e-09	1.3669e-05	1.0249e-05	3.4203e-06	2.7392e-16
64.89	3.0015e-09	1.2639e-05	9.4724e-06	3.1662e-06	2.8158e-16
64.9	3.2116e-09	1.3527e-05	1.0142e-05	3.3851e-06	2.8224e-16
64.91	3.054e-09	1.2867e-05	9.6456e-06	3.2218e-06	2.5989e-16
64.92	3.0438e-09	1.2828e-05	9.6155e-06	3.2129e-06	2.7745e-16
64.93	3.2805e-09	1.383e-05	1.0367e-05	3.4633e-06	2.9158e-16
64.94	2.8465e-09	1.2004e-05	8.999e-06	3.0054e-06	2.6164e-16
64.95	3.273e-09	1.3807e-05	1.035e-05	3.4573e-06	2.7666e-16
64.96	3.0563e-09	1.2897e-05	9.6652e-06	3.2316e-06	2.8909e-16
64.97	2.9448e-09	1.243e-05	9.3216e-06	3.1087e-06	2.682e-16
64.98	3.2712e-09	1.3812e-05	1.0352e-05	3.4604e-06	2.694e-16
64.99	2.9001e-09	1.2249e-05	9.1802e-06	3.069e-06	2.739e-16
65	3.1298e-09	1.3224e-05	9.9182e-06	3.3053e-06	2.7249e-16
65.01	3.0535e-09	1.2905e-05	9.6678e-06	3.2371e-06	2.751e-16
65.02	3.0112e-09	1.273e-05	9.5446e-06	3.1858e-06	2.729e-16
65.03	3.0977e-09	1.31e-05	9.8237e-06	3.276e-06	2.7701e-16
65.04	2.9529e-09	1.2491e-05	9.3565e-06	3.1349e-06	2.8001e-16
65.05	3.1376e-09	1.3277e-05	9.959e-06	3.3178e-06	2.6808e-16
65.06	2.9402e-09	1.2445e-05	9.3277e-06	3.1175e-06	2.698e-16
65.07	3.0334e-09	1.2844e-05	9.6227e-06	3.221e-06	2.7957e-16
65.08	3.1013e-09	1.3135e-05	9.8538e-06	3.2816e-06	2.6971e-16
65.09	2.8806e-09	1.2204e-05	9.1439e-06	3.0603e-06	2.648e-16
65.1	3.1061e-09	1.3164e-05	9.8682e-06	3.2956e-06	2.7769e-16
65.11	2.9854e-09	1.2656e-05	9.491e-06	3.165e-06	2.7738e-16
65.12	2.9308e-09	1.2428e-05	9.3114e-06	3.1168e-06	2.7001e-16
65.13	3.0836e-09	1.308e-05	9.8075e-06	3.2729e-06	2.6856e-16
65.14	2.9113e-09	1.2353e-05	9.2612e-06	3.0922e-06	2.6356e-16
65.15	3.0217e-09	1.2826e-05	9.6117e-06	3.2141e-06	2.7e-16
65.16	2.9711e-09	1.2615e-05	9.4569e-06	3.1578e-06	2.7189e-16
65.17	2.9317e-09	1.2451e-05	9.3352e-06	3.1163e-06	2.7483e-16
65.18	3.0582e-09	1.2992e-05	9.7362e-06	3.2562e-06	2.8274e-16
65.19	2.8332e-09	1.204e-05	9.0265e-06	3.0138e-06	2.6336e-16
65.2	3.061e-09	1.3012e-05	9.756e-06	3.2563e-06	2.6431e-16
65.21	2.9484e-09	1.2538e-05	9.3917e-06	3.146e-06	2.8024e-16
65.22	2.8258e-09	1.202e-05	9.0156e-06	3.0042e-06	2.6803e-16
65.23	3.1349e-09	1.3339e-05	9.9972e-06	3.3416e-06	2.6371e-16
65.24	2.7844e-09	1.1851e-05	8.8786e-06	2.9726e-06	2.6674e-16
65.25	2.9645e-09	1.2621e-05	9.4719e-06	3.1495e-06	2.6342e-16
65.26	3.0099e-09	1.2819e-05	9.5999e-06	3.2187e-06	2.7291e-16
65.27	2.7973e-09	1.1917e-05	8.9349e-06	2.982e-06	2.7785e-16
65.28	3.0049e-09	1.2805e-05	9.606e-06	3.1995e-06	2.6551e-16
65.29	2.8679e-09	1.2225e-05	9.1507e-06	3.0747e-06	2.6896e-16
65.3	2.9325e-09	1.2505e-05	9.3846e-06	3.12e-06	2.6875e-16
65.31	2.8563e-09	1.2183e-05	9.1315e-06	3.0519e-06	2.6071e-16
65.32	2.934e-09	1.2518e-05	9.3753e-06	3.1431e-06	2.7242e-16
65.33	2.9119e-09	1.2428e-05	9.3287e-06	3.0995e-06	2.6753e-16
65.34	2.7815e-09	1.1875e-05	8.8924e-06	2.9826e-06	2.6415e-16
65.35	3.0331e-09	1.2953e-05	9.7096e-06	3.2434e-06	2.7548e-16
65.36	2.7636e-09	1.1806e-05	8.8577e-06	2.948e-06	2.6678e-16
65.37	2.8937e-09	1.2365e-05	9.2592e-06	3.1061e-06	2.6298e-16
65.38	2.9292e-09	1.2521e-05	9.3905e-06	3.1306e-06	2.7288e-16
65.39	2.7713e-09	1.185e-05	8.8862e-06	2.9634e-06	2.6896e-16
65.4	2.9315e-09	1.2538e-05	9.3926e-06	3.1458e-06	2.5854e-16
65.41	2.7926e-09	1.1948e-05	8.9601e-06	2.988e-06	2.6545e-16
65.42	2.9056e-09	1.2435e-05	9.3229e-06	3.1126e-06	2.6884e-16
65.43	2.7841e-09	1.1919e-05	8.9308e-06	2.9883e-06	2.637e-16
65.44	2.8534e-09	1.2219e-05	9.1626e-06	3.0568e-06	2.7026e-16
65.45	2.9006e-09	1.2425e-05	9.3145e-06	3.111e-06	2.7054e-16
65.46	2.6922e-09	1.1536e-05	8.6434e-06	2.8926e-06	2.6567e-16
65.47	2.9576e-09	1.2677e-05	9.5061e-06	3.1713e-06	2.6745e-16
65.48	2.7711e-09	1.1881e-05	8.9072e-06	2.9742e-06	2.6402e-16
65.49	2.7574e-09	1.1826e-05	8.8626e-06	2.9639e-06	2.634e-16
65.5	2.9178e-09	1.2518e-05	9.3855e-06	3.1324e-06	2.7113e-16
65.51	2.7273e-09	1.1704e-05	8.7743e-06	2.9301e-06	2.6242e-16
65.52	2.8037e-09	1.2036e-05	9.0208e-06	3.0152e-06	2.6107e-16
65.53	2.8349e-09	1.2173e-05	9.1262e-06	3.0471e-06	2.6989e-16
65.54	2.7556e-09	1.1837e-05	8.8739e-06	2.9629e-06	2.6079e-16
65.55	2.7827e-09	1.1957e-05	8.9586e-06	2.9982e-06	2.6744e-16
65.56	2.8077e-09	1.2068e-05	9.0471e-06	3.0207e-06	2.6367e-16
65.57	2.7548e-09	1.1844e-05	8.8814e-06	2.9627e-06	2.572e-16
65.58	2.7776e-09	1.1946e-05	8.9497e-06	2.9962e-06	2.7024e-16
65.59	2.7576e-09	1.1863e-05	8.8961e-06	2.967e-06	2.6063e-16
65.6	2.7828e-09	1.1975e-05	8.9771e-06	2.9982e-06	2.636e-16
65.61	2.7425e-09	1.1805e-05	8.8448e-06	2.9607e-06	2.6818e-16
65.62	2.7222e-09	1.1722e-05	8.7925e-06	2.9291e-06	2.6604e-16
65.63	2.8362e-09	1.2216e-05	9.1553e-06	3.0609e-06	2.6959e-16
65.64	2.6407e-09	1.1378e-05	8.5271e-06	2.8507e-06	2.5685e-16
65.65	2.7945e-09	1.2044e-05	9.0338e-06	3.0102e-06	2.5998e-16
65.66	2.7699e-09	1.1942e-05	8.9495e-06	2.9924e-06	2.6289e-16
65.67	2.6261e-09	1.1325e-05	8.4892e-06	2.8361e-06	2.5961e-16
65.68	2.8406e-09	1.2254e-05	9.1892e-06	3.065e-06	2.6052e-16
65.69	2.6495e-09	1.1433e-05	8.5685e-06	2.8646e-06	2.5627e-16
65.7	2.736e-09	1.181e-05	8.8509e-06	2.9591e-06	2.628e-16
65.71	2.7208e-09	1.1748e-05	8.8102e-06	2.9379e-06	2.6716e-16
65.72	2.682e-09	1.1584e-05	8.6823e-06	2.9016e-06	2.6219e-16
65.73	2.7512e-09	1.1886e-05	8.908e-06	2.9784e-06	2.5572e-16
65.74	2.6133e-09	1.1294e-05	8.4713e-06	2.8228e-06	2.661e-16
65.75	2.7962e-09	1.2088e-05	9.0583e-06	3.0299e-06	2.6656e-16
65.76	2.6216e-09	1.1337e-05	8.4984e-06	2.8385e-06	2.488e-16
65.77	2.6786e-09	1.1587e-05	8.6894e-06	2.8974e-06	2.6153e-16
65.78	2.7619e-09	1.1951e-05	8.9519e-06	2.9987e-06	2.6506e-16
65.79	2.571e-09	1.1128e-05	8.3438e-06	2.7843e-06	2.5285e-16
65.8	2.7426e-09	1.1874e-05	8.9022e-06	2.9721e-06	2.6305e-16
65.81	2.6459e-09	1.1459e-05	8.5858e-06	2.8733e-06	2.6776e-16
65.82	2.6553e-09	1.1504e-05	8.627e-06	2.8766e-06	2.581e-16
65.83	2.6659e-09	1.1553e-05	8.6585e-06	2.8945e-06	2.5848e-16
65.84	2.6485e-09	1.1481e-05	8.6054e-06	2.8757e-06	2.6684e-16
65.85	2.6742e-09	1.1596e-05	8.6951e-06	2.901e-06	2.5966e-16
65.86	2.5862e-09	1.1218e-05	8.4064e-06	2.8113e-06	2.5517e-16
65.87	2.7068e-09	1.1744e-05	8.8057e-06	2.9387e-06	2.6233e-16
65.88	2.6079e-09	1.1319e-05	8.4848e-06	2.834e-06	2.5463e-16
65.89	2.6036e-09	1.1303e-05	8.4704e-06	2.8329e-06	2.5173e-16
65.9	2.6809e-09	1.1643e-05	8.7305e-06	2.9123e-06	2.6372e-16
65.91	2.596e-09	1.1277e-05	8.4513e-06	2.826e-06	2.5977e-16
65.92	2.6016e-09	1.1305e-05	8.4739e-06	2.8312e-06	2.5607e-16
65.93	2.6434e-09	1.149e-05	8.6163e-06	2.874e-06	2.6272e-16
65.94	2.6173e-09	1.138e-05	8.5266e-06	2.8535e-06	2.5476e-16
65.95	2.5445e-09	1.1067e-05	8.2985e-06	2.7687e-06	2.5055e-16
65.96	2.6695e-09	1.1614e-05	8.7054e-06	2.9088e-06	2.5393e-16
65.97	2.5868e-09	1.1258e-05	8.4338e-06	2.8242e-06	2.5494e-16
65.98	2.5281e-09	1.1006e-05	8.2549e-06	2.7507e-06	2.5583e-16
65.99	2.6724e-09	1.1637e-05	8.72e-06	2.9175e-06	2.5408e-16
66	2.5522e-09	1.1117e-05	8.3324e-06	2.7847e-06	2.6e-16
66.01	2.5345e-09	1.1044e-05	8.2832e-06	2.7606e-06	2.6216e-16
66.02	2.648e-09	1.1542e-05	8.6462e-06	2.8956e-06	2.5715e-16
66.03	2.5491e-09	1.1114e-05	8.3337e-06	2.7803e-06	2.5247e-16
66.04	2.5039e-09	1.092e-05	8.1867e-06	2.7337e-06	2.5265e-16
66.05	2.6652e-09	1.1627e-05	8.7107e-06	2.9163e-06	2.5118e-16
66.06	2.5067e-09	1.0939e-05	8.2028e-06	2.7364e-06	2.4339e-16
66.07	2.5143e-09	1.0975e-05	8.2254e-06	2.7499e-06	2.5228e-16
66.08	2.6581e-09	1.1607e-05	8.6997e-06	2.9072e-06	2.5807e-16
66.09	2.4479e-09	1.0692e-05	8.0172e-06	2.675e-06	2.5249e-16
66.1	2.5721e-09	1.1238e-05	8.4225e-06	2.8155e-06	2.5201e-16
66.11	2.5727e-09	1.1244e-05	8.4279e-06	2.8161e-06	2.539e-16
66.12	2.4821e-09	1.0851e-05	8.1353e-06	2.7162e-06	2.5262e-16
66.13	2.5562e-09	1.1179e-05	8.3788e-06	2.7998e-06	2.4942e-16
66.14	2.5236e-09	1.1039e-05	8.2744e-06	2.7651e-06	2.5726e-16
66.15	2.5198e-09	1.1026e-05	8.2663e-06	2.7597e-06	2.5067e-16
66.16	2.4968e-09	1.0929e-05	8.1897e-06	2.7391e-06	2.4378e-16
66.17	2.5524e-09	1.1176e-05	8.3778e-06	2.7978e-06	2.5664e-16
66.18	2.4648e-09	1.0795e-05	8.0937e-06	2.7015e-06	2.5477e-16
66.19	2.5342e-09	1.1103e-05	8.3189e-06	2.7836e-06	2.4711e-16
66.2	2.4917e-09	1.092e-05	8.1892e-06	2.7304e-06	2.548e-16
66.21	2.4686e-09	1.0822e-05	8.1105e-06	2.7111e-06	2.5874e-16
66.22	2.5712e-09	1.1275e-05	8.4502e-06	2.8249e-06	2.4156e-16
66.23	2.3615e-09	1.0359e-05	7.7698e-06	2.5888e-06	2.4427e-16
66.24	2.6164e-09	1.148e-05	8.6001e-06	2.8799e-06	2.4814e-16
66.25	2.4265e-09	1.065e-05	7.9863e-06	2.6637e-06	2.3912e-16
66.26	2.4073e-09	1.0569e-05	7.9245e-06	2.6445e-06	2.5581e-16
66.27	2.6614e-09	1.1688e-05	8.7555e-06	2.9324e-06	2.5302e-16
66.28	2.26e-09	9.9285e-06	7.4477e-06	2.4807e-06	2.4952e-16
66.29	2.593e-09	1.1395e-05	8.5376e-06	2.8571e-06	2.4962e-16
66.3	2.4772e-09	1.0889e-05	8.1612e-06	2.7276e-06	2.415e-16
66.31	2.337e-09	1.0276e-05	7.7068e-06	2.5691e-06	2.5444e-16
66.32	2.6031e-09	1.1449e-05	8.576e-06	2.8733e-06	2.4539e-16
66.33	2.3352e-09	1.0274e-05	7.7054e-06	2.5688e-06	2.3778e-16
66.34	2.5054e-09	1.1026e-05	8.2644e-06	2.7618e-06	2.4457e-16
66.35	2.4156e-09	1.0634e-05	7.9684e-06	2.6658e-06	2.4824e-16
66.36	2.4265e-09	1.0685e-05	8.0154e-06	2.67e-06	2.5033e-16
66.37	2.486e-09	1.0951e-05	8.2037e-06	2.7472e-06	2.4376e-16
66.38	2.3265e-09	1.0251e-05	7.6862e-06	2.5652e-06	2.456e-16
66.39	2.5407e-09	1.1199e-05	8.3963e-06	2.8024e-06	2.3909e-16
66.4	2.3542e-09	1.038e-05	7.7745e-06	2.6051e-06	2.4199e-16
66.41	2.3919e-09	1.0549e-05	7.912e-06	2.6371e-06	2.4833e-16
66.42	2.5048e-09	1.105e-05	8.2805e-06	2.7696e-06	2.3875e-16
66.43	2.3214e-09	1.0244e-05	7.6777e-06	2.5665e-06	2.4136e-16
66.44	2.4232e-09	1.0697e-05	8.0226e-06	2.674e-06	2.4276e-16
66.45	2.4475e-09	1.0807e-05	8.0958e-06	2.7113e-06	2.3624e-16
66.46	2.3437e-09	1.0352e-05	7.7629e-06	2.5891e-06	2.3911e-16
66.47	2.3904e-09	1.0561e-05	7.9177e-06	2.6437e-06	2.4626e-16
66.48	2.4482e-09	1.082e-05	8.1061e-06	2.714e-06	2.3308e-16
66.49	2.3222e-09	1.0266e-05	7.6997e-06	2.5666e-06	2.3902e-16
66.5	2.3917e-09	1.0577e-05	7.9248e-06	2.652e-06	2.4977e-16
66.51	2.4206e-09	1.0708e-05	8.0262e-06	2.6818e-06	2.3355e-16
66.52	2.3211e-09	1.0271e-05	7.7024e-06	2.5682e-06	2.3871e-16
66.53	2.3877e-09	1.0568e-05	7.9172e-06	2.6512e-06	2.3659e-16
66.54	2.3787e-09	1.0532e-05	7.8978e-06	2.6339e-06	2.4185e-16
66.55	2.3542e-09	1.0427e-05	7.8164e-06	2.6103e-06	2.4063e-16
66.56	2.328e-09	1.0314e-05	7.7288e-06	2.585e-06	2.2562e-16
66.57	2.4047e-09	1.0657e-05	7.9926e-06	2.664e-06	2.3955e-16
66.58	2.3289e-09	1.0324e-05	7.7351e-06	2.5885e-06	2.3607e-16
66.59	2.3058e-09	1.0224e-05	7.6642e-06	2.5601e-06	2.4694e-16
66.6	2.428e-09	1.0769e-05	8.0751e-06	2.6942e-06	2.3965e-16
66.61	2.2667e-09	1.0057e-05	7.5353e-06	2.5219e-06	2.2242e-16
66.62	2.3491e-09	1.0426e-05	7.8183e-06	2.6077e-06	2.4477e-16
66.63	2.3731e-09	1.0535e-05	7.8969e-06	2.6386e-06	2.348e-16
66.64	2.2723e-09	1.0091e-05	7.5617e-06	2.5294e-06	2.3636e-16
66.65	2.3589e-09	1.0479e-05	7.8578e-06	2.6209e-06	2.3855e-16
66.66	2.315e-09	1.0287e-05	7.7082e-06	2.5786e-06	2.3064e-16
66.67	2.3071e-09	1.0255e-05	7.6856e-06	2.5692e-06	2.3885e-16
66.68	2.3182e-09	1.0307e-05	7.7297e-06	2.5774e-06	2.2703e-16
66.69	2.3015e-09	1.0236e-05	7.6709e-06	2.5652e-06	2.2989e-16
66.7	2.317e-09	1.0308e-05	7.7267e-06	2.5812e-06	2.3557e-16
66.71	2.2937e-09	1.0208e-05	7.6543e-06	2.5534e-06	2.39e-16
66.72	2.2818e-09	1.0158e-05	7.6109e-06	2.5468e-06	2.3309e-16
66.73	2.3396e-09	1.0418e-05	7.8106e-06	2.6076e-06	2.216e-16
66.74	2.2462e-09	1.0005e-05	7.5014e-06	2.5039e-06	2.3884e-16
66.75	2.2837e-09	1.0175e-05	7.6228e-06	2.5526e-06	2.3899e-16
66.76	2.3532e-09	1.0488e-05	7.8637e-06	2.6244e-06	2.3395e-16
66.77	2.1777e-09	9.7086e-06	7.2768e-06	2.4319e-06	2.3439e-16
66.78	2.349e-09	1.0475e-05	7.8489e-06	2.6266e-06	2.2711e-16
66.79	2.2745e-09	1.0147e-05	7.6091e-06	2.5374e-06	2.3136e-16
66.8	2.2041e-09	9.8351e-06	7.3706e-06	2.4645e-06	2.3006e-16
66.81	2.3463e-09	1.0473e-05	7.849e-06	2.624e-06	2.2386e-16
66.82	2.2064e-09	9.8512e-06	7.3866e-06	2.4646e-06	2.2898e-16
66.83	2.2913e-09	1.0233e-05	7.6689e-06	2.5644e-06	2.3504e-16
66.84	2.2162e-09	9.9012e-06	7.4211e-06	2.48e-06	2.316e-16
66.85	2.2967e-09	1.0264e-05	7.6946e-06	2.5692e-06	2.2714e-16
66.86	2.2369e-09	9.9994e-06	7.494e-06	2.5054e-06	2.2755e-16
66.87	2.1743e-09	9.7224e-06	7.2873e-06	2.4351e-06	2.3767e-16
66.88	2.3977e-09	1.0725e-05	8.0409e-06	2.684e-06	2.339e-16
66.89	2.0721e-09	9.2712e-06	6.9474e-06	2.3238e-06	2.2065e-16
66.9	2.3178e-09	1.0373e-05	7.7758e-06	2.5976e-06	2.3172e-16
66.91	2.2914e-09	1.0258e-05	7.6921e-06	2.5664e-06	2.2912e-16
66.92	2.0658e-09	9.251e-06	6.9313e-06	2.3197e-06	2.23e-16
66.93	2.4005e-09	1.0753e-05	8.0629e-06	2.6905e-06	2.3258e-16
66.94	2.118e-09	9.4907e-06	7.1147e-06	2.376e-06	2.2652e-16
66.95	2.2224e-09	9.9617e-06	7.4647e-06	2.497e-06	2.2181e-16
66.96	2.2722e-09	1.0188e-05	7.64e-06	2.5477e-06	2.285e-16
66.97	2.1295e-09	9.5506e-06	7.156e-06	2.3946e-06	2.2677e-16
66.98	2.2797e-09	1.0227e-05	7.668e-06	2.5595e-06	2.222e-16
66.99	2.1373e-09	9.5914e-06	7.1911e-06	2.4003e-06	2.3033e-16
67	2.2434e-09	1.007e-05	7.5443e-06	2.5261e-06	2.2511e-16
67.01	2.1899e-09	9.8332e-06	7.3759e-06	2.4573e-06	2.2575e-16
67.02	2.1454e-09	9.6365e-06	7.22e-06	2.4165e-06	2.3201e-16
67.03	2.2614e-09	1.0161e-05	7.615e-06	2.5457e-06	2.1562e-16
67.04	2.1296e-09	9.5712e-06	7.1791e-06	2.392e-06	2.2919e-16
67.05	2.1795e-09	9.7982e-06	7.3377e-06	2.4605e-06	2.3031e-16
67.06	2.2251e-09	1.0007e-05	7.5047e-06	2.5019e-06	2.1189e-16
67.07	2.1263e-09	9.5647e-06	7.1708e-06	2.394e-06	2.2457e-16
67.08	2.1727e-09	9.7764e-06	7.3218e-06	2.4546e-06	2.2487e-16
67.09	2.2129e-09	9.9604e-06	7.4724e-06	2.488e-06	2.2476e-16
67.1	2.1039e-09	9.4728e-06	7.0978e-06	2.375e-06	2.251e-16
67.11	2.1898e-09	9.8625e-06	7.3894e-06	2.473e-06	2.1792e-16
67.12	2.1657e-09	9.7569e-06	7.3197e-06	2.4372e-06	2.2198e-16
67.13	2.1251e-09	9.5765e-06	7.1737e-06	2.4028e-06	2.2537e-16
67.14	2.1813e-09	9.8329e-06	7.369e-06	2.4639e-06	2.1841e-16
67.15	2.1078e-09	9.5042e-06	7.1277e-06	2.3765e-06	2.1259e-16
67.16	2.1992e-09	9.9192e-06	7.4312e-06	2.488e-06	2.2559e-16
67.17	2.0757e-09	9.3654e-06	7.0212e-06	2.3442e-06	2.2268e-16
67.18	2.1696e-09	9.7916e-06	7.341e-06	2.4506e-06	2.2143e-16
67.19	2.1768e-09	9.8271e-06	7.3619e-06	2.4652e-06	2.289e-16
67.2	2.0157e-09	9.1027e-06	6.8244e-06	2.2783e-06	2.117e-16
67.21	2.2646e-09	1.023e-05	7.6679e-06	2.5618e-06	2.1818e-16
67.22	2.0415e-09	9.2247e-06	6.913e-06	2.3116e-06	2.2431e-16
67.23	2.1116e-09	9.5439e-06	7.1549e-06	2.389e-06	2.099e-16
67.24	2.2028e-09	9.9593e-06	7.4642e-06	2.4951e-06	2.1757e-16
67.25	2.0093e-09	9.0871e-06	6.8113e-06	2.2758e-06	2.2467e-16
67.26	2.1918e-09	9.9156e-06	7.4316e-06	2.484e-06	2.1954e-16
67.27	2.0575e-09	9.3105e-06	6.9811e-06	2.3294e-06	2.1902e-16
67.28	2.1273e-09	9.6293e-06	7.2177e-06	2.4116e-06	2.1988e-16
67.29	2.1058e-09	9.5351e-06	7.1444e-06	2.3908e-06	2.1501e-16
67.3	2.0485e-09	9.2783e-06	6.9597e-06	2.3187e-06	2.1945e-16
67.31	2.1907e-09	9.9253e-06	7.4359e-06	2.4894e-06	2.2188e-16
67.32	1.9821e-09	8.9829e-06	6.7326e-06	2.2503e-06	2.1555e-16
67.33	2.1481e-09	9.7379e-06	7.3051e-06	2.4328e-06	2.1968e-16
67.34	2.1143e-09	9.5878e-06	7.1801e-06	2.4077e-06	2.1556e-16
67.35	1.9812e-09	8.9868e-06	6.7404e-06	2.2464e-06	2.1209e-16
67.36	2.1869e-09	9.9227e-06	7.4406e-06	2.4821e-06	2.1971e-16
67.37	2.0237e-09	9.1848e-06	6.8771e-06	2.3077e-06	2.2731e-16
67.38	2.0486e-09	9.3007e-06	6.9768e-06	2.3238e-06	2.2102e-16
67.39	2.1283e-09	9.6653e-06	7.244e-06	2.4213e-06	2.0143e-16
67.4	2.0085e-09	9.1242e-06	6.8346e-06	2.2896e-06	2.1535e-16
67.41	2.0924e-09	9.5082e-06	7.1308e-06	2.3774e-06	2.2937e-16
67.42	2.0439e-09	9.2905e-06	6.9619e-06	2.3285e-06	2.1646e-16
67.43	2.0611e-09	9.3712e-06	7.0221e-06	2.3491e-06	2.1652e-16
67.44	2.0698e-09	9.4136e-06	7.0587e-06	2.3549e-06	2.1741e-16
67.45	1.9849e-09	9.0302e-06	6.7679e-06	2.2622e-06	2.1413e-16
67.46	2.1414e-09	9.7453e-06	7.3015e-06	2.4438e-06	2.0991e-16
67.47	1.9694e-09	8.965e-06	6.7224e-06	2.2426e-06	2.1929e-16
67.48	2.0306e-09	9.2465e-06	6.9311e-06	2.3154e-06	2.2494e-16
67.49	2.1466e-09	9.7775e-06	7.325e-06	2.4525e-06	2.1089e-16
67.5	1.8818e-09	8.5737e-06	6.4301e-06	2.1436e-06	2.1824e-16
67.51	2.1465e-09	9.783e-06	7.3321e-06	2.4509e-06	2.1491e-16
67.52	2.0117e-09	9.1711e-06	6.8704e-06	2.3006e-06	2.1439e-16
67.53	1.9521e-09	8.902e-06	6.6777e-06	2.2243e-06	2.231e-16
67.54	2.1318e-09	9.7243e-06	7.2873e-06	2.437e-06	2.0946e-16
67.55	1.9165e-09	8.745e-06	6.5511e-06	2.1939e-06	2.1987e-16
67.56	2.0928e-09	9.5523e-06	7.1654e-06	2.3869e-06	2.1351e-16
67.57	1.9525e-09	8.9147e-06	6.6786e-06	2.2361e-06	2.0701e-16
67.58	2.0373e-09	9.3043e-06	6.9715e-06	2.3328e-06	2.267e-16
67.59	2.0429e-09	9.3326e-06	7.0025e-06	2.3301e-06	2.1521e-16
67.6	1.8827e-09	8.6035e-06	6.4431e-06	2.1603e-06	2.1289e-16
67.61	2.1837e-09	9.9821e-06	7.4807e-06	2.5014e-06	2.172e-16
67.62	1.8445e-09	8.4337e-06	6.3272e-06	2.1065e-06	2.2023e-16
67.63	2.0416e-09	9.3378e-06	6.991e-06	2.3467e-06	2.1549e-16
67.64	2.0861e-09	9.5443e-06	7.1558e-06	2.3885e-06	2.0499e-16
67.65	1.8143e-09	8.3031e-06	6.2275e-06	2.0756e-06	2.2204e-16
67.66	2.1557e-09	9.8683e-06	7.3896e-06	2.4788e-06	2.1203e-16
67.67	1.8888e-09	8.6494e-06	6.487e-06	2.1623e-06	2.0946e-16
67.68	1.9826e-09	9.0816e-06	6.8076e-06	2.274e-06	2.2279e-16
67.69	2.0346e-09	9.3226e-06	6.9824e-06	2.3401e-06	2.1123e-16
67.7	1.8853e-09	8.6411e-06	6.4816e-06	2.1596e-06	2.1916e-16
67.71	2.0622e-09	9.4546e-06	7.0865e-06	2.3681e-06	2.1885e-16
67.72	1.8845e-09	8.6425e-06	6.4749e-06	2.1676e-06	2.0842e-16
67.73	2.0089e-09	9.2154e-06	6.9113e-06	2.3041e-06	2.143e-16
67.74	1.97e-09	9.0399e-06	6.7738e-06	2.2661e-06	2.2025e-16
67.75	1.8949e-09	8.6978e-06	6.5166e-06	2.1812e-06	2.1806e-16
67.76	2.0348e-09	9.3427e-06	7.0065e-06	2.3361e-06	2.1212e-16
67.77	1.9018e-09	8.7344e-06	6.5446e-06	2.1898e-06	2.1546e-16
67.78	1.945e-09	8.9354e-06	6.6972e-06	2.2382e-06	2.1417e-16
67.79	1.9757e-09	9.0793e-06	6.8071e-06	2.2722e-06	2.1086e-16
67.8	1.9205e-09	8.8283e-06	6.6149e-06	2.2134e-06	2.0983e-16
67.81	1.9288e-09	8.8688e-06	6.6501e-06	2.2187e-06	2.1128e-16
67.82	1.9624e-09	9.0263e-06	6.7643e-06	2.2621e-06	2.1699e-16
67.83	1.9249e-09	8.8565e-06	6.638e-06	2.2185e-06	2.1651e-16
67.84	1.9051e-09	8.7677e-06	6.5727e-06	2.195e-06	2.1278e-16
67.85	1.9634e-09	9.0386e-06	6.7717e-06	2.2669e-06	2.137e-16
67.86	1.9085e-09	8.7885e-06	6.5909e-06	2.1976e-06	2.2398e-16
67.87	1.9044e-09	8.7722e-06	6.5724e-06	2.1998e-06	2.1869e-16
67.88	1.9427e-09	8.9512e-06	6.7087e-06	2.2425e-06	2.0809e-16
67.89	1.9152e-09	8.8272e-06	6.6198e-06	2.2075e-06	2.103e-16
67.9	1.8865e-09	8.6976e-06	6.5143e-06	2.1834e-06	2.1245e-16
67.91	1.9424e-09	8.9579e-06	6.7178e-06	2.2402e-06	2.1251e-16
67.92	1.9003e-09	8.7664e-06	6.5698e-06	2.1966e-06	2.0492e-16
67.93	1.8804e-09	8.6769e-06	6.5007e-06	2.1762e-06	2.14e-16
67.94	1.9349e-09	8.9311e-06	6.6983e-06	2.2328e-06	2.1799e-16
67.95	1.8773e-09	8.668e-06	6.4942e-06	2.1738e-06	2.0735e-16
67.96	1.905e-09	8.7983e-06	6.5956e-06	2.2026e-06	2.1057e-16
67.97	1.8746e-09	8.6606e-06	6.4915e-06	2.169e-06	2.0877e-16
67.98	1.9215e-09	8.8796e-06	6.6549e-06	2.2246e-06	2.1592e-16
67.99	1.8683e-09	8.6363e-06	6.4743e-06	2.1619e-06	2.201e-16
68	1.8514e-09	8.5607e-06	6.4143e-06	2.1464e-06	2.0955e-16
68.01	1.9746e-09	9.1332e-06	6.8486e-06	2.2847e-06	2.0985e-16
68.02	1.7769e-09	8.2212e-06	6.1593e-06	2.0619e-06	2.1652e-16
68.03	1.9255e-09	8.9112e-06	6.6796e-06	2.2316e-06	2.1249e-16
68.04	1.9183e-09	8.8807e-06	6.66e-06	2.2208e-06	2.0596e-16
68.05	1.7662e-09	8.179e-06	6.1248e-06	2.0542e-06	2.1951e-16
68.06	1.9678e-09	9.1151e-06	6.8359e-06	2.2792e-06	2.1832e-16
68.07	1.831e-09	8.4839e-06	6.359e-06	2.1248e-06	2.034e-16
68.08	1.8374e-09	8.516e-06	6.3787e-06	2.1373e-06	2.0443e-16
68.09	1.9006e-09	8.8117e-06	6.6103e-06	2.2014e-06	2.1283e-16
68.1	1.8396e-09	8.5312e-06	6.3911e-06	2.1401e-06	2.1047e-16
68.11	1.849e-09	8.5773e-06	6.427e-06	2.1503e-06	1.9974e-16
68.12	1.8469e-09	8.5702e-06	6.4285e-06	2.1417e-06	2.1331e-16
68.13	1.8812e-09	8.7321e-06	6.5407e-06	2.1914e-06	2.1194e-16
68.14	1.804e-09	8.3762e-06	6.2776e-06	2.0986e-06	2.0982e-16
68.15	1.8604e-09	8.6404e-06	6.479e-06	2.1615e-06	2.2489e-16
68.16	1.8624e-09	8.6524e-06	6.4805e-06	2.1718e-06	2.0793e-16
68.17	1.8037e-09	8.3822e-06	6.2839e-06	2.0984e-06	2.0182e-16
68.18	1.8463e-09	8.5827e-06	6.4345e-06	2.1482e-06	2.0728e-16
68.19	1.8548e-09	8.6244e-06	6.4607e-06	2.1637e-06	2.0784e-16
68.2	1.8075e-09	8.407e-06	6.3043e-06	2.1027e-06	2.0902e-16
68.21	1.8099e-09	8.421e-06	6.3115e-06	2.1095e-06	2.0548e-16
68.22	1.8894e-09	8.7932e-06	6.5884e-06	2.2048e-06	2.0497e-16
68.23	1.7522e-09	8.1571e-06	6.1164e-06	2.0407e-06	2.0361e-16
68.24	1.8416e-09	8.5759e-06	6.4268e-06	2.1491e-06	2.142e-16
68.25	1.8623e-09	8.6747e-06	6.5006e-06	2.1741e-06	2.0862e-16
68.26	1.7349e-09	8.0835e-06	6.0586e-06	2.025e-06	2.0471e-16
68.27	1.8757e-09	8.7424e-06	6.552e-06	2.1903e-06	2.1034e-16
68.28	1.7847e-09	8.3204e-06	6.2346e-06	2.0858e-06	2.0281e-16
68.29	1.8001e-09	8.3946e-06	6.2924e-06	2.1023e-06	2.1124e-16
68.3	1.8129e-09	8.4568e-06	6.3387e-06	2.1181e-06	2.0419e-16
68.31	1.7956e-09	8.3788e-06	6.2757e-06	2.1031e-06	2.0216e-16
68.32	1.8156e-09	8.4746e-06	6.3545e-06	2.1201e-06	2.0908e-16
68.33	1.7502e-09	8.1715e-06	6.1233e-06	2.0482e-06	1.972e-16
68.34	1.8577e-09	8.6762e-06	6.5008e-06	2.1754e-06	2.0322e-16
68.35	1.7425e-09	8.1405e-06	6.1059e-06	2.0346e-06	2.0774e-16
68.36	1.7885e-09	8.3577e-06	6.2587e-06	2.099e-06	2.0344e-16
68.37	1.8308e-09	8.5582e-06	6.4161e-06	2.1421e-06	2.034e-16
68.38	1.7235e-09	8.0589e-06	6.0415e-06	2.0174e-06	2.0748e-16
68.39	1.8197e-09	8.5111e-06	6.3735e-06	2.1376e-06	2.0177e-16
68.4	1.7645e-09	8.2554e-06	6.1926e-06	2.0629e-06	1.9873e-16
68.41	1.7767e-09	8.3148e-06	6.228e-06	2.0868e-06	2.1161e-16
68.42	1.7658e-09	8.2664e-06	6.1931e-06	2.0733e-06	2.0217e-16
68.43	1.7768e-09	8.3201e-06	6.2392e-06	2.0809e-06	1.9815e-16
68.44	1.7716e-09	8.2984e-06	6.2146e-06	2.0837e-06	2.0449e-16
68.45	1.7388e-09	8.1469e-06	6.1083e-06	2.0386e-06	2.0252e-16
68.46	1.7986e-09	8.4295e-06	6.3177e-06	2.1119e-06	2.0094e-16
68.47	1.729e-09	8.1058e-06	6.0722e-06	2.0336e-06	1.9803e-16
68.48	1.7749e-09	8.3234e-06	6.2406e-06	2.0828e-06	2.0371e-16
68.49	1.7409e-09	8.1665e-06	6.1188e-06	2.0477e-06	1.9799e-16
68.5	1.7617e-09	8.2666e-06	6.1951e-06	2.0715e-06	1.9543e-16
68.51	1.7534e-09	8.23e-06	6.1697e-06	2.0603e-06	2.0439e-16
68.52	1.7081e-09	8.0196e-06	6.0102e-06	2.0095e-06	2.0707e-16
68.53	1.8181e-09	8.5386e-06	6.3986e-06	2.14e-06	2.0048e-16
68.54	1.6716e-09	7.8528e-06	5.8868e-06	1.966e-06	1.9301e-16
68.55	1.7593e-09	8.2673e-06	6.1956e-06	2.0717e-06	2.0269e-16
68.56	1.7856e-09	8.393e-06	6.2883e-06	2.1047e-06	1.9624e-16
68.57	1.6506e-09	7.7609e-06	5.8185e-06	1.9424e-06	1.9958e-16
68.58	1.7891e-09	8.4144e-06	6.3042e-06	2.1102e-06	2.0648e-16
68.59	1.7379e-09	8.176e-06	6.1282e-06	2.0478e-06	1.8896e-16
68.6	1.6753e-09	7.8837e-06	5.9104e-06	1.9732e-06	2.0433e-16
68.61	1.7595e-09	8.2824e-06	6.2039e-06	2.0785e-06	2.0205e-16
68.62	1.7469e-09	8.2255e-06	6.1671e-06	2.0584e-06	1.8715e-16
68.63	1.6504e-09	7.7736e-06	5.8251e-06	1.9485e-06	2.0162e-16
68.64	1.7698e-09	8.3385e-06	6.2484e-06	2.0901e-06	1.9953e-16
68.65	1.7335e-09	8.1697e-06	6.1254e-06	2.0443e-06	2.0108e-16
68.66	1.6308e-09	7.6879e-06	5.7582e-06	1.9297e-06	1.9538e-16
68.67	1.8049e-09	8.5111e-06	6.38e-06	2.1312e-06	1.928e-16
68.68	1.6635e-09	7.8466e-06	5.8804e-06	1.9662e-06	2.0845e-16
68.69	1.6837e-09	7.9443e-06	5.9515e-06	1.9928e-06	1.9426e-16
68.7	1.762e-09	8.3161e-06	6.2354e-06	2.0806e-06	1.9197e-16
68.71	1.646e-09	7.771e-06	5.8211e-06	1.9498e-06	2.0514e-16
68.72	1.7274e-09	8.1576e-06	6.1129e-06	2.0447e-06	1.961e-16
68.73	1.6848e-09	7.9588e-06	5.9667e-06	1.9921e-06	1.9263e-16
68.74	1.6962e-09	8.015e-06	6.0044e-06	2.0106e-06	1.9228e-16
68.75	1.6977e-09	8.0241e-06	6.0147e-06	2.0094e-06	1.925e-16
68.76	1.6645e-09	7.8695e-06	5.8982e-06	1.9713e-06	1.9857e-16
68.77	1.7179e-09	8.1244e-06	6.0865e-06	2.0379e-06	1.9895e-16
68.78	1.6688e-09	7.8946e-06	5.9182e-06	1.9764e-06	1.9493e-16
68.79	1.6622e-09	7.8658e-06	5.8942e-06	1.9716e-06	1.9626e-16
68.8	1.7186e-09	8.1349e-06	6.0948e-06	2.0401e-06	1.9985e-16
68.81	1.6569e-09	7.8453e-06	5.8829e-06	1.9624e-06	1.9804e-16
68.82	1.643e-09	7.7814e-06	5.8297e-06	1.9517e-06	2.0233e-16
68.83	1.7479e-09	8.2808e-06	6.2041e-06	2.0767e-06	1.9319e-16
68.84	1.6033e-09	7.5981e-06	5.6976e-06	1.9005e-06	1.8964e-16
68.85	1.6768e-09	7.9484e-06	5.953e-06	1.9954e-06	2.0103e-16
68.86	1.7296e-09	8.2013e-06	6.147e-06	2.0544e-06	1.8559e-16
68.87	1.5671e-09	7.4326e-06	5.5725e-06	1.8601e-06	1.9318e-16
68.88	1.7385e-09	8.2484e-06	6.1763e-06	2.0721e-06	1.9906e-16
68.89	1.6315e-09	7.7428e-06	5.806e-06	1.9368e-06	1.8984e-16
68.9	1.637e-09	7.7713e-06	5.8246e-06	1.9467e-06	2.0486e-16
68.91	1.6982e-09	8.0641e-06	6.0398e-06	2.0242e-06	1.9026e-16
68.92	1.5953e-09	7.5778e-06	5.6832e-06	1.8946e-06	1.9657e-16
68.93	1.7123e-09	8.1359e-06	6.0948e-06	2.0412e-06	2.0455e-16
68.94	1.5872e-09	7.5438e-06	5.6526e-06	1.8911e-06	1.864e-16
68.95	1.6759e-09	7.9672e-06	5.9743e-06	1.9929e-06	2.0559e-16
68.96	1.6677e-09	7.9306e-06	5.9402e-06	1.9904e-06	1.9787e-16
68.97	1.5632e-09	7.4359e-06	5.5734e-06	1.8625e-06	1.9108e-16
68.98	1.7248e-09	8.207e-06	6.1512e-06	2.0557e-06	1.9957e-16
68.99	1.5903e-09	7.569e-06	5.6716e-06	1.8974e-06	1.8914e-16
69	1.6188e-09	7.7069e-06	5.7772e-06	1.9297e-06	1.9897e-16
69.01	1.6802e-09	8.0019e-06	5.9952e-06	2.0066e-06	1.9283e-16
69.02	1.5938e-09	7.5926e-06	5.6913e-06	1.9013e-06	1.8847e-16
69.03	1.6254e-09	7.745e-06	5.8032e-06	1.9419e-06	1.9899e-16
69.04	1.6427e-09	7.8299e-06	5.8659e-06	1.964e-06	2.004e-16
69.05	1.618e-09	7.7145e-06	5.7836e-06	1.9308e-06	2.0306e-16
69.06	1.5952e-09	7.6081e-06	5.698e-06	1.9101e-06	1.9406e-16
69.07	1.6471e-09	7.8575e-06	5.8892e-06	1.9684e-06	1.9647e-16
69.08	1.6113e-09	7.6892e-06	5.764e-06	1.9252e-06	1.951e-16
69.09	1.5867e-09	7.5742e-06	5.6711e-06	1.9031e-06	1.8775e-16
69.1	1.6316e-09	7.7908e-06	5.8419e-06	1.9489e-06	1.9926e-16
69.11	1.6236e-09	7.7548e-06	5.8111e-06	1.9437e-06	1.9399e-16
69.12	1.5592e-09	7.4491e-06	5.578e-06	1.8711e-06	1.9609e-16
69.13	1.6365e-09	7.8206e-06	5.8653e-06	1.9553e-06	2.0151e-16
69.14	1.632e-09	7.8014e-06	5.8432e-06	1.9582e-06	1.883e-16
69.15	1.5126e-09	7.2328e-06	5.4186e-06	1.8142e-06	2.0226e-16
69.16	1.6925e-09	8.0956e-06	6.0721e-06	2.0235e-06	2.0015e-16
69.17	1.5636e-09	7.4808e-06	5.6016e-06	1.8792e-06	1.8556e-16
69.18	1.5455e-09	7.3964e-06	5.5442e-06	1.8522e-06	2.0544e-16
69.19	1.6902e-09	8.0912e-06	6.0668e-06	2.0243e-06	2.0261e-16
69.2	1.5037e-09	7.2009e-06	5.3914e-06	1.8095e-06	1.9693e-16
69.21	1.6242e-09	7.7798e-06	5.8332e-06	1.9466e-06	1.9887e-16
69.22	1.5914e-09	7.6249e-06	5.715e-06	1.9099e-06	1.9013e-16
69.23	1.5599e-09	7.4764e-06	5.6e-06	1.8764e-06	2.0261e-16
69.24	1.6033e-09	7.6864e-06	5.7625e-06	1.9239e-06	1.9759e-16
69.25	1.5475e-09	7.4212e-06	5.5599e-06	1.8613e-06	1.8856e-16
69.26	1.6245e-09	7.7927e-06	5.8385e-06	1.9542e-06	2.0017e-16
69.27	1.5182e-09	7.2847e-06	5.459e-06	1.8257e-06	2.0001e-16
69.28	1.6096e-09	7.7254e-06	5.7895e-06	1.936e-06	1.9715e-16
69.29	1.5757e-09	7.5649e-06	5.6688e-06	1.8961e-06	1.9562e-16
69.3	1.5236e-09	7.3173e-06	5.4828e-06	1.8344e-06	1.9708e-16
69.31	1.6229e-09	7.7964e-06	5.8453e-06	1.9512e-06	1.9924e-16
69.32	1.5176e-09	7.2923e-06	5.4618e-06	1.8305e-06	1.9855e-16
69.33	1.588e-09	7.6332e-06	5.7214e-06	1.9118e-06	1.9274e-16
69.34	1.5456e-09	7.4312e-06	5.5715e-06	1.8597e-06	1.9387e-16
69.35	1.56e-09	7.5027e-06	5.6164e-06	1.8863e-06	2.0128e-16
69.36	1.5735e-09	7.5696e-06	5.6773e-06	1.8923e-06	1.9684e-16
69.37	1.5086e-09	7.2596e-06	5.4398e-06	1.8198e-06	2.0625e-16
69.38	1.6078e-09	7.7394e-06	5.7945e-06	1.9449e-06	2.0469e-16
69.39	1.5141e-09	7.2905e-06	5.4694e-06	1.821e-06	1.9203e-16
69.4	1.5366e-09	7.4008e-06	5.5406e-06	1.8603e-06	1.9843e-16
69.41	1.5878e-09	7.6494e-06	5.7311e-06	1.9183e-06	1.9582e-16
69.42	1.5067e-09	7.261e-06	5.4462e-06	1.8148e-06	1.9752e-16
69.43	1.5381e-09	7.4142e-06	5.5492e-06	1.865e-06	1.989e-16
69.44	1.5796e-09	7.6168e-06	5.7109e-06	1.906e-06	1.9334e-16
69.45	1.5012e-09	7.2406e-06	5.4272e-06	1.8134e-06	1.9701e-16
69.46	1.5233e-09	7.3492e-06	5.5024e-06	1.8468e-06	1.9785e-16
69.47	1.5943e-09	7.6943e-06	5.7705e-06	1.9238e-06	1.9688e-16
69.48	1.4621e-09	7.0581e-06	5.287e-06	1.7711e-06	2.0049e-16
69.49	1.5574e-09	7.5204e-06	5.6329e-06	1.8876e-06	2.0289e-16
69.5	1.554e-09	7.506e-06	5.6273e-06	1.8787e-06	1.9668e-16
69.51	1.4704e-09	7.1042e-06	5.3204e-06	1.7839e-06	2.0306e-16
69.52	1.5679e-09	7.5775e-06	5.6787e-06	1.8988e-06	2.024e-16
69.53	1.5004e-09	7.2535e-06	5.4364e-06	1.8171e-06	1.8874e-16
69.54	1.5279e-09	7.3887e-06	5.5345e-06	1.8542e-06	2.0091e-16
69.55	1.5021e-09	7.2659e-06	5.4465e-06	1.8194e-06	2.0313e-16
69.56	1.5308e-09	7.4068e-06	5.5498e-06	1.857e-06	1.9927e-16
69.57	1.52e-09	7.3568e-06	5.5123e-06	1.8445e-06	2.0084e-16
69.58	1.4651e-09	7.093e-06	5.3154e-06	1.7775e-06	1.9135e-16
69.59	1.5783e-09	7.6432e-06	5.7258e-06	1.9175e-06	2.0161e-16
69.6	1.4531e-09	7.0393e-06	5.2758e-06	1.7635e-06	2.0584e-16
69.61	1.515e-09	7.341e-06	5.4986e-06	1.8424e-06	1.9304e-16
69.62	1.5409e-09	7.4688e-06	5.5967e-06	1.8721e-06	1.9562e-16
69.63	1.447e-09	7.0154e-06	5.2585e-06	1.7568e-06	1.9718e-16
69.64	1.5434e-09	7.4851e-06	5.6046e-06	1.8805e-06	1.9725e-16
69.65	1.4742e-09	7.1514e-06	5.3625e-06	1.7889e-06	2.0164e-16
69.66	1.501e-09	7.2836e-06	5.4575e-06	1.8261e-06	1.9804e-16
69.67	1.5013e-09	7.287e-06	5.4565e-06	1.8305e-06	2.0379e-16
69.68	1.4685e-09	7.1302e-06	5.3482e-06	1.7819e-06	2.0737e-16
69.69	1.5262e-09	7.4121e-06	5.5494e-06	1.8626e-06	1.9407e-16
69.7	1.4542e-09	7.0644e-06	5.2932e-06	1.7712e-06	1.9567e-16
69.71	1.4906e-09	7.2438e-06	5.4322e-06	1.8115e-06	2.0247e-16
69.72	1.5195e-09	7.3862e-06	5.5284e-06	1.8578e-06	2.0039e-16
69.73	1.4279e-09	6.9431e-06	5.2068e-06	1.7363e-06	1.9657e-16
69.74	1.5096e-09	7.3423e-06	5.5015e-06	1.8408e-06	1.9469e-16
69.75	1.5037e-09	7.3158e-06	5.4765e-06	1.8393e-06	2.0306e-16
69.76	1.4113e-09	6.8681e-06	5.152e-06	1.7161e-06	2.056e-16
69.77	1.5366e-09	7.4802e-06	5.6013e-06	1.8789e-06	1.968e-16
69.78	1.4572e-09	7.0955e-06	5.3149e-06	1.7806e-06	1.9224e-16
69.79	1.4382e-09	7.0047e-06	5.2526e-06	1.7521e-06	1.9904e-16
69.8	1.5189e-09	7.4e-06	5.5403e-06	1.8597e-06	1.9552e-16
69.81	1.4322e-09	6.9795e-06	5.2317e-06	1.7478e-06	1.9221e-16
69.82	1.4825e-09	7.2269e-06	5.4168e-06	1.8101e-06	2.058e-16
69.83	1.4424e-09	7.0334e-06	5.266e-06	1.7674e-06	1.9936e-16
69.84	1.4965e-09	7.2991e-06	5.4727e-06	1.8265e-06	1.9756e-16
69.85	1.4325e-09	6.989e-06	5.2374e-06	1.7516e-06	2.0332e-16
69.86	1.4379e-09	7.0174e-06	5.255e-06	1.7624e-06	1.9631e-16
69.87	1.5457e-09	7.5456e-06	5.6565e-06	1.8892e-06	2.0123e-16
69.88	1.3341e-09	6.5147e-06	4.8802e-06	1.6345e-06	1.9639e-16
69.89	1.5436e-09	7.5399e-06	5.6475e-06	1.8923e-06	1.9685e-16
69.9	1.4509e-09	7.0889e-06	5.314e-06	1.7749e-06	2.0493e-16
69.91	1.3667e-09	6.6795e-06	5.003e-06	1.6766e-06	1.9221e-16
69.92	1.5713e-09	7.6819e-06	5.7545e-06	1.9274e-06	1.9428e-16
69.93	1.3444e-09	6.5745e-06	4.9285e-06	1.6461e-06	2.0215e-16
69.94	1.4952e-09	7.3142e-06	5.478e-06	1.8362e-06	1.889e-16
69.95	1.4391e-09	7.0415e-06	5.2742e-06	1.7673e-06	1.9129e-16
69.96	1.4096e-09	6.8989e-06	5.171e-06	1.728e-06	2.0737e-16
69.97	1.4965e-09	7.3265e-06	5.4871e-06	1.8394e-06	1.9714e-16
69.98	1.3541e-09	6.6311e-06	4.9683e-06	1.6627e-06	1.9011e-16
69.99	1.527e-09	7.4802e-06	5.6078e-06	1.8724e-06	2.008e-16
70	1.3662e-09	6.6943e-06	5.0133e-06	1.681e-06	2.0217e-16
70.01	1.4389e-09	7.0528e-06	5.2856e-06	1.7672e-06	1.9958e-16
70.02	1.4895e-09	7.3025e-06	5.4732e-06	1.8293e-06	1.9297e-16
70.03	1.3303e-09	6.5241e-06	4.8843e-06	1.6398e-06	1.9343e-16
70.04	1.5178e-09	7.4457e-06	5.5813e-06	1.8644e-06	1.9611e-16
70.05	1.3702e-09	6.7234e-06	5.0385e-06	1.6849e-06	1.8834e-16
70.06	1.4303e-09	7.0203e-06	5.2574e-06	1.7629e-06	1.9282e-16
70.07	1.4471e-09	7.1051e-06	5.3264e-06	1.7787e-06	1.9524e-16
70.08	1.364e-09	6.6991e-06	5.018e-06	1.6811e-06	1.9074e-16
70.09	1.4921e-09	7.3303e-06	5.4905e-06	1.8398e-06	2.0422e-16
70.1	1.339e-09	6.5797e-06	4.9316e-06	1.6482e-06	2.0411e-16
70.11	1.4547e-09	7.1507e-06	5.3553e-06	1.7953e-06	1.9077e-16
70.12	1.44e-09	7.08e-06	5.3049e-06	1.7751e-06	1.9995e-16
70.13	1.32e-09	6.4918e-06	4.865e-06	1.6269e-06	1.8932e-16
70.14	1.5137e-09	7.4468e-06	5.5785e-06	1.8683e-06	1.7707e-16
70.15	1.3568e-09	6.6769e-06	5.0044e-06	1.6724e-06	1.9226e-16
70.16	1.3681e-09	6.7346e-06	5.0451e-06	1.6894e-06	1.9377e-16
70.17	1.504e-09	7.4054e-06	5.5482e-06	1.8572e-06	2.0604e-16
70.18	1.3095e-09	6.4497e-06	4.8319e-06	1.6179e-06	2.0074e-16
70.19	1.4284e-09	7.0371e-06	5.2707e-06	1.7664e-06	1.8289e-16
70.2	1.4412e-09	7.1022e-06	5.3242e-06	1.778e-06	1.9902e-16
70.21	1.3215e-09	6.5141e-06	4.8783e-06	1.6358e-06	1.8696e-16
70.22	1.4526e-09	7.1626e-06	5.3665e-06	1.7961e-06	1.7904e-16
70.23	1.3662e-09	6.7386e-06	5.051e-06	1.6875e-06	1.9866e-16
70.24	1.3941e-09	6.8781e-06	5.1486e-06	1.7294e-06	1.9621e-16
70.25	1.3959e-09	6.8888e-06	5.1661e-06	1.7226e-06	1.9357e-16
70.26	1.3686e-09	6.7558e-06	5.06e-06	1.6958e-06	1.9598e-16
70.27	1.4302e-09	7.0622e-06	5.2866e-06	1.7756e-06	1.9266e-16
70.28	1.3156e-09	6.4982e-06	4.8754e-06	1.6228e-06	1.8376e-16
70.29	1.4467e-09	7.1478e-06	5.3488e-06	1.799e-06	1.8464e-16
70.3	1.3607e-09	6.7245e-06	5.0388e-06	1.6857e-06	1.9279e-16
70.31	1.343e-09	6.6392e-06	4.9785e-06	1.6607e-06	1.8705e-16
70.32	1.4539e-09	7.1892e-06	5.3779e-06	1.8112e-06	1.8725e-16
70.33	1.3013e-09	6.4364e-06	4.8282e-06	1.6082e-06	1.9409e-16
70.34	1.4242e-09	7.0465e-06	5.2782e-06	1.7684e-06	1.9781e-16
70.35	1.3505e-09	6.6838e-06	5.0028e-06	1.681e-06	1.9711e-16
70.36	1.3733e-09	6.7988e-06	5.1004e-06	1.6984e-06	1.8684e-16
70.37	1.3892e-09	6.8791e-06	5.1479e-06	1.7312e-06	1.8845e-16
70.38	1.3135e-09	6.506e-06	4.8744e-06	1.6316e-06	1.9024e-16
70.39	1.4564e-09	7.2162e-06	5.4106e-06	1.8056e-06	1.7718e-16
70.4	1.2708e-09	6.2985e-06	4.714e-06	1.5845e-06	1.8465e-16
70.41	1.4121e-09	7.0007e-06	5.2483e-06	1.7524e-06	1.8913e-16
70.42	1.3966e-09	6.9259e-06	5.1893e-06	1.7366e-06	1.822e-16
70.43	1.2593e-09	6.2464e-06	4.6763e-06	1.5701e-06	1.963e-16
70.44	1.4746e-09	7.3165e-06	5.4851e-06	1.8314e-06	1.8981e-16
70.45	1.2898e-09	6.4015e-06	4.7955e-06	1.606e-06	1.8225e-16
70.46	1.3551e-09	6.7275e-06	5.0375e-06	1.69e-06	1.9642e-16
70.47	1.4028e-09	6.9662e-06	5.2221e-06	1.7441e-06	1.9072e-16
70.48	1.292e-09	6.4181e-06	4.8072e-06	1.6109e-06	1.8624e-16
70.49	1.3958e-09	6.9356e-06	5.1939e-06	1.7417e-06	1.8506e-16
70.5	1.3186e-09	6.5539e-06	4.9139e-06	1.6399e-06	1.8437e-16
70.51	1.3612e-09	6.7672e-06	5.0665e-06	1.7007e-06	1.8969e-16
70.52	1.351e-09	6.7186e-06	5.0326e-06	1.686e-06	1.816e-16
70.53	1.3101e-09	6.517e-06	4.8862e-06	1.6308e-06	1.7925e-16
70.54	1.3938e-09	6.9354e-06	5.1909e-06	1.7445e-06	1.8618e-16
70.55	1.3022e-09	6.4813e-06	4.8568e-06	1.6245e-06	1.8406e-16
70.56	1.3315e-09	6.6293e-06	4.9673e-06	1.662e-06	1.8239e-16
70.57	1.3936e-09	6.9403e-06	5.1953e-06	1.7449e-06	1.8819e-16
70.58	1.2674e-09	6.3138e-06	4.7332e-06	1.5807e-06	1.9044e-16
70.59	1.3654e-09	6.8038e-06	5.0961e-06	1.7077e-06	1.9078e-16
70.6	1.3665e-09	6.8109e-06	5.1003e-06	1.7106e-06	1.8654e-16
70.61	1.2533e-09	6.2488e-06	4.6834e-06	1.5655e-06	1.8106e-16
70.62	1.4055e-09	7.0095e-06	5.2503e-06	1.7592e-06	1.8652e-16
70.63	1.2944e-09	6.4574e-06	4.8368e-06	1.6206e-06	1.8071e-16
70.64	1.3091e-09	6.5324e-06	4.8948e-06	1.6376e-06	1.7457e-16
70.65	1.3777e-09	6.8765e-06	5.1512e-06	1.7254e-06	1.8464e-16
70.66	1.259e-09	6.2859e-06	4.7085e-06	1.5775e-06	1.9034e-16
70.67	1.3834e-09	6.9089e-06	5.1775e-06	1.7314e-06	1.8558e-16
70.68	1.2763e-09	6.3761e-06	4.7759e-06	1.6002e-06	1.8134e-16
70.69	1.3283e-09	6.6375e-06	4.9718e-06	1.6657e-06	1.8575e-16
70.7	1.3557e-09	6.7763e-06	5.0771e-06	1.6992e-06	1.8204e-16
70.71	1.2376e-09	6.1876e-06	4.6332e-06	1.5544e-06	1.8169e-16
70.72	1.4022e-09	7.013e-06	5.2543e-06	1.7587e-06	1.8327e-16
70.73	1.2667e-09	6.3371e-06	4.7478e-06	1.5893e-06	1.7456e-16
70.74	1.2971e-09	6.491e-06	4.8618e-06	1.6292e-06	1.8312e-16
70.75	1.3671e-09	6.8433e-06	5.1275e-06	1.7158e-06	1.8596e-16
70.76	1.2503e-09	6.2604e-06	4.6895e-06	1.5709e-06	1.7979e-16
70.77	1.3313e-09	6.6679e-06	4.9955e-06	1.6723e-06	1.8697e-16
70.78	1.3103e-09	6.5644e-06	4.9182e-06	1.6462e-06	1.8319e-16
70.79	1.2942e-09	6.4854e-06	4.8584e-06	1.627e-06	1.7641e-16
70.8	1.2938e-09	6.4855e-06	4.8577e-06	1.6278e-06	1.8257e-16
70.81	1.3171e-09	6.6038e-06	4.9472e-06	1.6566e-06	1.7763e-16
70.82	1.2955e-09	6.4977e-06	4.8683e-06	1.6294e-06	1.7508e-16
70.83	1.2747e-09	6.3949e-06	4.7902e-06	1.6047e-06	1.8749e-16
70.84	1.3291e-09	6.6697e-06	4.9976e-06	1.6722e-06	1.7707e-16
70.85	1.2785e-09	6.4179e-06	4.8066e-06	1.6114e-06	1.756e-16
70.86	1.2806e-09	6.4303e-06	4.8175e-06	1.6128e-06	1.8836e-16
70.87	1.3101e-09	6.5802e-06	4.9304e-06	1.6498e-06	1.7733e-16
70.88	1.2949e-09	6.5057e-06	4.8714e-06	1.6343e-06	1.7848e-16
70.89	1.2527e-09	6.2952e-06	4.7179e-06	1.5773e-06	1.8273e-16
70.9	1.3268e-09	6.6696e-06	4.9955e-06	1.6741e-06	1.7933e-16
70.91	1.2838e-09	6.4554e-06	4.8353e-06	1.6201e-06	1.763e-16
70.92	1.235e-09	6.2118e-06	4.6553e-06	1.5566e-06	1.733e-16
70.93	1.3602e-09	6.8434e-06	5.1248e-06	1.7185e-06	1.8152e-16
70.94	1.2267e-09	6.1733e-06	4.6264e-06	1.547e-06	1.7994e-16
70.95	1.2862e-09	6.4746e-06	4.8498e-06	1.6247e-06	1.8111e-16
70.96	1.3201e-09	6.6471e-06	4.9786e-06	1.6685e-06	1.8118e-16
70.97	1.2216e-09	6.1528e-06	4.6105e-06	1.5423e-06	1.7633e-16
70.98	1.3214e-09	6.6577e-06	4.9861e-06	1.6716e-06	1.8215e-16
70.99	1.2484e-09	6.2915e-06	4.7135e-06	1.5779e-06	1.7746e-16
71	1.2835e-09	6.4703e-06	4.8455e-06	1.6249e-06	1.7713e-16
71.01	1.2745e-09	6.4266e-06	4.8143e-06	1.6122e-06	1.8009e-16
71.02	1.2509e-09	6.3092e-06	4.7264e-06	1.5828e-06	1.7544e-16
71.03	1.3044e-09	6.581e-06	4.9278e-06	1.6532e-06	1.7632e-16
71.04	1.2292e-09	6.2031e-06	4.6489e-06	1.5542e-06	1.7934e-16
71.05	1.2867e-09	6.4955e-06	4.8634e-06	1.6321e-06	1.7767e-16
71.06	1.2694e-09	6.4099e-06	4.8016e-06	1.6083e-06	1.7189e-16
71.07	1.2456e-09	6.2915e-06	4.7137e-06	1.5778e-06	1.7824e-16
71.08	1.272e-09	6.4264e-06	4.8097e-06	1.6167e-06	1.865e-16
71.09	1.2638e-09	6.387e-06	4.7884e-06	1.5986e-06	1.8123e-16
71.1	1.2558e-09	6.3483e-06	4.7545e-06	1.5938e-06	1.732e-16
71.11	1.2424e-09	6.2825e-06	4.7041e-06	1.5784e-06	1.7587e-16
71.12	1.2877e-09	6.5133e-06	4.8834e-06	1.6298e-06	1.8266e-16
71.13	1.2321e-09	6.2337e-06	4.6645e-06	1.5692e-06	1.7694e-16
71.14	1.2432e-09	6.2918e-06	4.7137e-06	1.5781e-06	1.7074e-16
71.15	1.2911e-09	6.5362e-06	4.8991e-06	1.6371e-06	1.7222e-16
71.16	1.2198e-09	6.1765e-06	4.621e-06	1.5555e-06	1.8e-16
71.17	1.2389e-09	6.2752e-06	4.7038e-06	1.5713e-06	1.805e-16
71.18	1.2994e-09	6.5836e-06	4.9313e-06	1.6524e-06	1.7547e-16
71.19	1.2007e-09	6.0849e-06	4.5535e-06	1.5314e-06	1.8211e-16
71.2	1.2398e-09	6.2849e-06	4.7122e-06	1.5727e-06	1.8389e-16
71.21	1.3157e-09	6.6718e-06	4.9945e-06	1.6773e-06	1.7586e-16
71.22	1.1539e-09	5.8527e-06	4.3828e-06	1.4699e-06	1.7245e-16
71.23	1.293e-09	6.5601e-06	4.9182e-06	1.6419e-06	1.8095e-16
71.24	1.266e-09	6.425e-06	4.8084e-06	1.6166e-06	1.7269e-16
71.25	1.1613e-09	5.8954e-06	4.4176e-06	1.4778e-06	1.6331e-16
71.26	1.3258e-09	6.7322e-06	5.0445e-06	1.6877e-06	1.7952e-16
71.27	1.1819e-09	6.0034e-06	4.4925e-06	1.5109e-06	1.7567e-16
71.28	1.2514e-09	6.3579e-06	4.7645e-06	1.5934e-06	1.7764e-16
71.29	1.2475e-09	6.3401e-06	4.7477e-06	1.5924e-06	1.8181e-16
71.3	1.198e-09	6.0903e-06	4.5607e-06	1.5296e-06	1.7141e-16
71.31	1.2908e-09	6.5638e-06	4.9193e-06	1.6446e-06	1.8537e-16
71.32	1.1539e-09	5.8696e-06	4.3945e-06	1.475e-06	1.8316e-16
71.33	1.2971e-09	6.5996e-06	4.9428e-06	1.6568e-06	1.7431e-16
71.34	1.2112e-09	6.1641e-06	4.6177e-06	1.5464e-06	1.7634e-16
71.35	1.1749e-09	5.9813e-06	4.4801e-06	1.5012e-06	1.729e-16
71.36	1.3255e-09	6.7497e-06	5.0552e-06	1.6945e-06	1.7306e-16
71.37	1.1393e-09	5.8034e-06	4.348e-06	1.4554e-06	1.6782e-16
71.38	1.2489e-09	6.3635e-06	4.767e-06	1.5965e-06	1.7817e-16
71.39	1.2617e-09	6.4302e-06	4.8143e-06	1.6159e-06	1.7829e-16
71.4	1.1545e-09	5.8854e-06	4.4108e-06	1.4745e-06	1.6933e-16
71.41	1.2617e-09	6.4339e-06	4.8165e-06	1.6174e-06	1.8121e-16
71.42	1.2169e-09	6.2074e-06	4.6475e-06	1.5599e-06	1.7362e-16
71.43	1.1887e-09	6.0649e-06	4.5464e-06	1.5185e-06	1.7366e-16
71.44	1.2377e-09	6.3168e-06	4.726e-06	1.5907e-06	1.8329e-16
71.45	1.2071e-09	6.1623e-06	4.6181e-06	1.5442e-06	1.7422e-16
71.46	1.2041e-09	6.1489e-06	4.6079e-06	1.541e-06	1.7418e-16
71.47	1.2204e-09	6.234e-06	4.6626e-06	1.5714e-06	1.7584e-16
71.48	1.1958e-09	6.1099e-06	4.581e-06	1.5289e-06	1.7842e-16
71.49	1.2298e-09	6.2855e-06	4.7062e-06	1.5793e-06	1.7615e-16
71.5	1.1789e-09	6.0268e-06	4.5108e-06	1.516e-06	1.6568e-16
71.51	1.2188e-09	6.2325e-06	4.6739e-06	1.5586e-06	1.707e-16
71.52	1.2264e-09	6.2731e-06	4.6938e-06	1.5793e-06	1.7291e-16
71.53	1.1452e-09	5.8595e-06	4.3891e-06	1.4703e-06	1.6955e-16
71.54	1.269e-09	6.4948e-06	4.8682e-06	1.6267e-06	1.7557e-16
71.55	1.1614e-09	5.9455e-06	4.4484e-06	1.4971e-06	1.7383e-16
71.56	1.1922e-09	6.1052e-06	4.5762e-06	1.529e-06	1.702e-16
71.57	1.2447e-09	6.3756e-06	4.7754e-06	1.6002e-06	1.7911e-16
71.58	1.1368e-09	5.8247e-06	4.3594e-06	1.4653e-06	1.7549e-16
71.59	1.2504e-09	6.4083e-06	4.8035e-06	1.6048e-06	1.6637e-16
71.6	1.154e-09	5.9162e-06	4.429e-06	1.4872e-06	1.7856e-16
71.61	1.2147e-09	6.2289e-06	4.6644e-06	1.5645e-06	1.7677e-16
71.62	1.2029e-09	6.1704e-06	4.6232e-06	1.5472e-06	1.6735e-16
71.63	1.1407e-09	5.8529e-06	4.3816e-06	1.4713e-06	1.7682e-16
71.64	1.2731e-09	6.5339e-06	4.8944e-06	1.6395e-06	1.7335e-16
71.65	1.1121e-09	5.7094e-06	4.2755e-06	1.4339e-06	1.6925e-16
71.66	1.2186e-09	6.2575e-06	4.6864e-06	1.5711e-06	1.7413e-16
71.67	1.2224e-09	6.2789e-06	4.7034e-06	1.5754e-06	1.7093e-16
71.68	1.1103e-09	5.7048e-06	4.2715e-06	1.4333e-06	1.6617e-16
71.69	1.2518e-09	6.4334e-06	4.8197e-06	1.6137e-06	1.642e-16
71.7	1.1591e-09	5.9587e-06	4.4627e-06	1.4961e-06	1.7241e-16
71.71	1.1644e-09	5.9875e-06	4.4842e-06	1.5033e-06	1.7422e-16
71.72	1.2068e-09	6.2075e-06	4.6498e-06	1.5577e-06	1.7108e-16
71.73	1.1677e-09	6.0078e-06	4.4979e-06	1.5099e-06	1.7617e-16
71.74	1.1727e-09	6.0356e-06	4.5207e-06	1.5149e-06	1.7079e-16
71.75	1.1737e-09	6.0422e-06	4.5257e-06	1.5164e-06	1.6982e-16
71.76	1.197e-09	6.1641e-06	4.6164e-06	1.5477e-06	1.7403e-16
71.77	1.1476e-09	5.9113e-06	4.4279e-06	1.4834e-06	1.6491e-16
71.78	1.1771e-09	6.0647e-06	4.5422e-06	1.5225e-06	1.6454e-16
71.79	1.2011e-09	6.1903e-06	4.6351e-06	1.5552e-06	1.7269e-16
71.8	1.1299e-09	5.825e-06	4.3618e-06	1.4632e-06	1.6752e-16
71.81	1.1859e-09	6.1155e-06	4.5801e-06	1.5354e-06	1.6458e-16
71.82	1.1962e-09	6.1701e-06	4.6193e-06	1.5509e-06	1.7069e-16
71.83	1.1128e-09	5.7414e-06	4.3007e-06	1.4408e-06	1.7386e-16
71.84	1.2084e-09	6.2366e-06	4.6715e-06	1.5651e-06	1.7302e-16
71.85	1.166e-09	6.0192e-06	4.5055e-06	1.5137e-06	1.6151e-16
71.86	1.1207e-09	5.7872e-06	4.3363e-06	1.4509e-06	1.6436e-16
71.87	1.2225e-09	6.3146e-06	4.7285e-06	1.5861e-06	1.758e-16
71.88	1.1147e-09	5.7593e-06	4.3108e-06	1.4485e-06	1.6522e-16
71.89	1.1808e-09	6.1028e-06	4.5738e-06	1.529e-06	1.6662e-16
71.9	1.1682e-09	6.0391e-06	4.5198e-06	1.5193e-06	1.7373e-16
71.91	1.124e-09	5.8121e-06	4.3512e-06	1.4609e-06	1.6653e-16
71.92	1.2137e-09	6.2778e-06	4.705e-06	1.5727e-06	1.615e-16
71.93	1.0913e-09	5.6464e-06	4.2241e-06	1.4222e-06	1.6382e-16
71.94	1.2006e-09	6.2137e-06	4.6547e-06	1.5589e-06	1.6786e-16
71.95	1.1557e-09	5.9831e-06	4.4835e-06	1.4995e-06	1.6193e-16
71.96	1.1018e-09	5.7054e-06	4.2681e-06	1.4373e-06	1.6433e-16
71.97	1.2276e-09	6.3585e-06	4.7654e-06	1.5931e-06	1.6684e-16
71.98	1.0943e-09	5.6698e-06	4.2457e-06	1.4241e-06	1.6417e-16
71.99	1.1611e-09	6.0173e-06	4.5029e-06	1.5144e-06	1.7058e-16
72	1.1737e-09	6.0846e-06	4.5609e-06	1.5237e-06	1.673e-16
72.01	1.1161e-09	5.7876e-06	4.331e-06	1.4566e-06	1.6834e-16
72.02	1.1595e-09	6.0142e-06	4.5037e-06	1.5106e-06	1.6588e-16
72.03	1.1445e-09	5.9379e-06	4.4485e-06	1.4894e-06	1.57e-16
72.04	1.1499e-09	5.9679e-06	4.4657e-06	1.5021e-06	1.6255e-16
72.05	1.1186e-09	5.8068e-06	4.3517e-06	1.4551e-06	1.6167e-16
72.06	1.1683e-09	6.0668e-06	4.5416e-06	1.5252e-06	1.6307e-16
72.07	1.1352e-09	5.8962e-06	4.4143e-06	1.482e-06	1.6444e-16
72.08	1.1143e-09	5.7894e-06	4.3372e-06	1.4522e-06	1.5852e-16
72.09	1.1717e-09	6.0893e-06	4.5568e-06	1.5325e-06	1.6253e-16
72.1	1.1253e-09	5.8497e-06	4.384e-06	1.4657e-06	1.6331e-16
72.11	1.1166e-09	5.8061e-06	4.3462e-06	1.4599e-06	1.632e-16
72.12	1.1626e-09	6.047e-06	4.5268e-06	1.5202e-06	1.6549e-16
72.13	1.1306e-09	5.8824e-06	4.4091e-06	1.4733e-06	1.5963e-16
72.14	1.0962e-09	5.7049e-06	4.2673e-06	1.4377e-06	1.5747e-16
72.15	1.1864e-09	6.1758e-06	4.6274e-06	1.5484e-06	1.6039e-16
72.16	1.098e-09	5.7173e-06	4.2823e-06	1.435e-06	1.5928e-16
72.17	1.1179e-09	5.8227e-06	4.3559e-06	1.4668e-06	1.6416e-16
72.18	1.1795e-09	6.1452e-06	4.6075e-06	1.5377e-06	1.7125e-16
72.19	1.0688e-09	5.5702e-06	4.1689e-06	1.4012e-06	1.6055e-16
72.2	1.1699e-09	6.0987e-06	4.5656e-06	1.5332e-06	1.5063e-16
72.21	1.1058e-09	5.7659e-06	4.322e-06	1.4439e-06	1.5958e-16
72.22	1.1249e-09	5.8671e-06	4.3888e-06	1.4782e-06	1.6312e-16
72.23	1.1435e-09	5.9658e-06	4.4683e-06	1.4975e-06	1.5806e-16
72.24	1.0774e-09	5.6226e-06	4.2123e-06	1.4103e-06	1.5895e-16
72.25	1.1876e-09	6.1994e-06	4.6372e-06	1.5622e-06	1.573e-16
72.26	1.0577e-09	5.5228e-06	4.1374e-06	1.3854e-06	1.5454e-16
72.27	1.1478e-09	5.9951e-06	4.49e-06	1.5051e-06	1.5756e-16
72.28	1.1452e-09	5.9832e-06	4.4762e-06	1.507e-06	1.6279e-16
72.29	1.0516e-09	5.4957e-06	4.1183e-06	1.3774e-06	1.655e-16
72.3	1.1871e-09	6.2053e-06	4.6469e-06	1.5584e-06	1.5925e-16
72.31	1.0737e-09	5.6139e-06	4.2009e-06	1.413e-06	1.5467e-16
72.32	1.1214e-09	5.8654e-06	4.395e-06	1.4704e-06	1.5888e-16
72.33	1.1263e-09	5.8923e-06	4.4108e-06	1.4816e-06	1.5726e-16
72.34	1.0939e-09	5.7243e-06	4.2849e-06	1.4394e-06	1.5209e-16
72.35	1.1335e-09	5.9335e-06	4.4462e-06	1.4873e-06	1.587e-16
72.36	1.076e-09	5.6341e-06	4.2176e-06	1.4165e-06	1.5992e-16
72.37	1.1517e-09	6.0321e-06	4.5155e-06	1.5166e-06	1.534e-16
72.38	1.0786e-09	5.6504e-06	4.2328e-06	1.4176e-06	1.5936e-16
72.39	1.1023e-09	5.7762e-06	4.3236e-06	1.4525e-06	1.5621e-16
72.4	1.1478e-09	6.0167e-06	4.5033e-06	1.5134e-06	1.5746e-16
72.41	1.0544e-09	5.5283e-06	4.1427e-06	1.3856e-06	1.6931e-16
72.42	1.1312e-09	5.9327e-06	4.4399e-06	1.4928e-06	1.5775e-16
72.43	1.1133e-09	5.8403e-06	4.3716e-06	1.4687e-06	1.5412e-16
72.44	1.072e-09	5.6256e-06	4.2166e-06	1.4089e-06	1.6207e-16
72.45	1.122e-09	5.8894e-06	4.4053e-06	1.4842e-06	1.5599e-16
72.46	1.1022e-09	5.7868e-06	4.3348e-06	1.452e-06	1.4839e-16
72.47	1.083e-09	5.6876e-06	4.262e-06	1.4257e-06	1.5502e-16
72.48	1.1074e-09	5.8175e-06	4.3507e-06	1.4668e-06	1.6612e-16
72.49	1.1004e-09	5.7824e-06	4.3341e-06	1.4484e-06	1.5504e-16
72.5	1.0917e-09	5.7382e-06	4.2957e-06	1.4425e-06	1.4931e-16
72.51	1.087e-09	5.7149e-06	4.2756e-06	1.4393e-06	1.5698e-16
72.52	1.1085e-09	5.8298e-06	4.3695e-06	1.4603e-06	1.5553e-16
72.53	1.0936e-09	5.7528e-06	4.3054e-06	1.4474e-06	1.5411e-16
72.54	1.0628e-09	5.5925e-06	4.1869e-06	1.4056e-06	1.5956e-16
72.55	1.1393e-09	5.9965e-06	4.4922e-06	1.5043e-06	1.6802e-16
72.56	1.0577e-09	5.5688e-06	4.1686e-06	1.4002e-06	1.565e-16
72.57	1.0819e-09	5.6977e-06	4.265e-06	1.4327e-06	1.4921e-16
72.58	1.1372e-09	5.9904e-06	4.4865e-06	1.5039e-06	1.6011e-16
72.59	1.0298e-09	5.4264e-06	4.0632e-06	1.3632e-06	1.5573e-16
72.6	1.1246e-09	5.9276e-06	4.4362e-06	1.4914e-06	1.5161e-16
72.61	1.0798e-09	5.6928e-06	4.2657e-06	1.4271e-06	1.5514e-16
72.62	1.0713e-09	5.6499e-06	4.2289e-06	1.421e-06	1.5522e-16
72.63	1.1031e-09	5.8189e-06	4.3542e-06	1.4647e-06	1.5299e-16
72.64	1.0583e-09	5.584e-06	4.1845e-06	1.3995e-06	1.5855e-16
72.65	1.1162e-09	5.8915e-06	4.408e-06	1.4835e-06	1.6172e-16
72.66	1.0388e-09	5.4845e-06	4.1071e-06	1.3774e-06	1.5423e-16
72.67	1.1098e-09	5.8608e-06	4.3912e-06	1.4695e-06	1.5774e-16
72.68	1.0842e-09	5.727e-06	4.2846e-06	1.4425e-06	1.5345e-16
72.69	1.0369e-09	5.4786e-06	4.1039e-06	1.3748e-06	1.4987e-16
72.7	1.1317e-09	5.9814e-06	4.4793e-06	1.5021e-06	1.5848e-16
72.71	1.0411e-09	5.504e-06	4.1178e-06	1.3862e-06	1.5595e-16
72.72	1.0791e-09	5.7062e-06	4.2737e-06	1.4325e-06	1.5524e-16
72.73	1.0883e-09	5.7566e-06	4.3102e-06	1.4464e-06	1.5288e-16
72.74	1.0652e-09	5.6361e-06	4.217e-06	1.4191e-06	1.5317e-16
72.75	1.0679e-09	5.6519e-06	4.2336e-06	1.4183e-06	1.605e-16
72.76	1.0731e-09	5.6812e-06	4.2536e-06	1.4276e-06	1.5822e-16
72.77	1.0918e-09	5.7816e-06	4.3258e-06	1.4559e-06	1.5228e-16
72.78	1.0276e-09	5.4431e-06	4.0787e-06	1.3644e-06	1.5168e-16
72.79	1.1066e-09	5.8634e-06	4.3876e-06	1.4758e-06	1.6103e-16
72.8	1.0625e-09	5.6312e-06	4.2144e-06	1.4168e-06	1.5862e-16
72.81	1.037e-09	5.4972e-06	4.1204e-06	1.3768e-06	1.4501e-16
72.82	1.1079e-09	5.8749e-06	4.394e-06	1.481e-06	1.5271e-16
72.83	1.0413e-09	5.5233e-06	4.1366e-06	1.3867e-06	1.5947e-16
72.84	1.0615e-09	5.6319e-06	4.2192e-06	1.4127e-06	1.4797e-16
72.85	1.0763e-09	5.7122e-06	4.2712e-06	1.441e-06	1.5379e-16
72.86	1.0602e-09	5.6281e-06	4.2169e-06	1.4112e-06	1.6594e-16
72.87	1.0495e-09	5.5727e-06	4.1713e-06	1.4014e-06	1.5337e-16
72.88	1.073e-09	5.699e-06	4.2631e-06	1.4359e-06	1.5018e-16
72.89	1.0621e-09	5.643e-06	4.2288e-06	1.4142e-06	1.5742e-16
72.9	1.043e-09	5.543e-06	4.1475e-06	1.3955e-06	1.5158e-16
72.91	1.0721e-09	5.699e-06	4.2655e-06	1.4335e-06	1.5365e-16
72.92	1.0538e-09	5.6036e-06	4.1992e-06	1.4045e-06	1.5336e-16
72.93	1.0566e-09	5.6198e-06	4.2045e-06	1.4153e-06	1.4978e-16
72.94	1.0405e-09	5.5357e-06	4.1448e-06	1.3909e-06	1.5989e-16
72.95	1.0848e-09	5.7732e-06	4.3255e-06	1.4477e-06	1.6183e-16
72.96	1.028e-09	5.4723e-06	4.0929e-06	1.3793e-06	1.5872e-16
72.97	1.0446e-09	5.5622e-06	4.1666e-06	1.3956e-06	1.538e-16
72.98	1.1043e-09	5.8819e-06	4.4046e-06	1.4773e-06	1.4831e-16
72.99	9.8081e-10	5.2253e-06	3.9077e-06	1.3176e-06	1.5699e-16
73	1.0996e-09	5.8599e-06	4.3919e-06	1.468e-06	1.5193e-16
73.01	1.0499e-09	5.5964e-06	4.1877e-06	1.4087e-06	1.4905e-16
73.02	1.0085e-09	5.3772e-06	4.0246e-06	1.3526e-06	1.5866e-16
73.03	1.1022e-09	5.8783e-06	4.4052e-06	1.4731e-06	1.5189e-16
73.04	1.0049e-09	5.3608e-06	4.0086e-06	1.3522e-06	1.5517e-16
73.05	1.0723e-09	5.7224e-06	4.2866e-06	1.4358e-06	1.5543e-16
73.06	1.029e-09	5.4923e-06	4.1125e-06	1.3798e-06	1.5526e-16
73.07	1.0521e-09	5.6174e-06	4.2024e-06	1.415e-06	1.5907e-16
73.08	1.0582e-09	5.6514e-06	4.2341e-06	1.4173e-06	1.4537e-16
73.09	9.9669e-10	5.3245e-06	3.9835e-06	1.3409e-06	1.5903e-16
73.1	1.1075e-09	5.9178e-06	4.4316e-06	1.4862e-06	1.6163e-16
73.11	9.9192e-10	5.3019e-06	3.9698e-06	1.3321e-06	1.455e-16
73.12	1.0448e-09	5.5861e-06	4.1798e-06	1.4063e-06	1.5854e-16
73.13	1.0834e-09	5.7941e-06	4.3403e-06	1.4538e-06	1.5651e-16
73.14	9.7789e-10	5.2312e-06	3.9146e-06	1.3166e-06	1.5228e-16
73.15	1.0775e-09	5.7654e-06	4.3175e-06	1.4479e-06	1.5771e-16
73.16	1.0359e-09	5.5444e-06	4.1506e-06	1.3938e-06	1.533e-16
73.17	1.0121e-09	5.4185e-06	4.0546e-06	1.364e-06	1.5356e-16
73.18	1.0586e-09	5.6692e-06	4.2471e-06	1.4222e-06	1.5397e-16
73.19	1.0255e-09	5.4934e-06	4.1098e-06	1.3836e-06	1.5152e-16
73.2	1.0304e-09	5.5212e-06	4.134e-06	1.3871e-06	1.5333e-16
73.21	1.0361e-09	5.5532e-06	4.1591e-06	1.3942e-06	1.5655e-16
73.22	1.0294e-09	5.5187e-06	4.1282e-06	1.3904e-06	1.5212e-16
73.23	1.0381e-09	5.5672e-06	4.1704e-06	1.3968e-06	1.5613e-16
73.24	1.0166e-09	5.4531e-06	4.0813e-06	1.3717e-06	1.585e-16
73.25	1.0382e-09	5.5707e-06	4.1682e-06	1.4025e-06	1.5386e-16
73.26	1.0403e-09	5.5832e-06	4.1822e-06	1.401e-06	1.5886e-16
73.27	9.9378e-10	5.3351e-06	3.9913e-06	1.3438e-06	1.4918e-16
73.28	1.0657e-09	5.723e-06	4.2847e-06	1.4384e-06	1.4832e-16
73.29	1.0108e-09	5.4294e-06	4.0669e-06	1.3625e-06	1.5933e-16
73.3	1.0074e-09	5.4129e-06	4.0498e-06	1.3631e-06	1.53e-16
73.31	1.0665e-09	5.7316e-06	4.2916e-06	1.4399e-06	1.4965e-16
73.32	9.8545e-10	5.2976e-06	3.966e-06	1.3316e-06	1.5514e-16
73.33	1.0423e-09	5.6047e-06	4.1937e-06	1.411e-06	1.5977e-16
73.34	1.02e-09	5.4864e-06	4.1077e-06	1.3786e-06	1.4952e-16
73.35	1.0191e-09	5.4829e-06	4.1043e-06	1.3786e-06	1.5008e-16
73.36	1.0244e-09	5.5129e-06	4.1266e-06	1.3863e-06	1.613e-16
73.37	1.0063e-09	5.4173e-06	4.0555e-06	1.3619e-06	1.5059e-16
73.38	1.0527e-09	5.6684e-06	4.244e-06	1.4244e-06	1.4859e-16
73.39	9.7318e-10	5.2416e-06	3.9234e-06	1.3182e-06	1.5255e-16
73.4	1.0507e-09	5.6609e-06	4.2365e-06	1.4244e-06	1.5303e-16
73.41	1.0179e-09	5.4857e-06	4.1079e-06	1.3778e-06	1.6133e-16
73.42	9.8187e-10	5.2928e-06	3.9607e-06	1.3321e-06	1.5629e-16
73.43	1.0603e-09	5.7168e-06	4.2795e-06	1.4374e-06	1.4845e-16
73.44	9.832e-10	5.3028e-06	3.9713e-06	1.3316e-06	1.5791e-16
73.45	1.0248e-09	5.5289e-06	4.1357e-06	1.3932e-06	1.6102e-16
73.46	1.0114e-09	5.4577e-06	4.0866e-06	1.3711e-06	1.4897e-16
73.47	1.0154e-09	5.4809e-06	4.1037e-06	1.3772e-06	1.4958e-16
73.48	1.0082e-09	5.4434e-06	4.0725e-06	1.3709e-06	1.5537e-16
73.49	9.9885e-10	5.3946e-06	4.0403e-06	1.3543e-06	1.5086e-16
73.5	1.0434e-09	5.6366e-06	4.2179e-06	1.4187e-06	1.5168e-16
73.51	9.6698e-10	5.2253e-06	3.9105e-06	1.3148e-06	1.5051e-16
73.52	1.0342e-09	5.5902e-06	4.1862e-06	1.404e-06	1.4687e-16
73.53	1.011e-09	5.4661e-06	4.0895e-06	1.3767e-06	1.6039e-16
73.54	9.8237e-10	5.3128e-06	3.9781e-06	1.3347e-06	1.6458e-16
73.55	1.0292e-09	5.5677e-06	4.1683e-06	1.3994e-06	1.5225e-16
73.56	9.9334e-10	5.3751e-06	4.0216e-06	1.3534e-06	1.5607e-16
73.57	1.0093e-09	5.4631e-06	4.0904e-06	1.3727e-06	1.5364e-16
73.58	9.8907e-10	5.3549e-06	4.0068e-06	1.348e-06	1.5008e-16
73.59	1.0276e-09	5.5651e-06	4.1656e-06	1.3995e-06	1.5796e-16
73.6	9.8438e-10	5.3324e-06	3.9928e-06	1.3396e-06	1.5274e-16
73.61	9.934e-10	5.3827e-06	4.0272e-06	1.3555e-06	1.5309e-16
73.62	1.0382e-09	5.6272e-06	4.2137e-06	1.4135e-06	1.4989e-16
73.63	9.5791e-10	5.1932e-06	3.8878e-06	1.3054e-06	1.5027e-16
73.64	1.0186e-09	5.5238e-06	4.1332e-06	1.3905e-06	1.5869e-16
73.65	1.0095e-09	5.476e-06	4.1014e-06	1.3746e-06	1.4791e-16
73.66	9.7738e-10	5.3031e-06	3.968e-06	1.3351e-06	1.5189e-16
73.67	1.0035e-09	5.4465e-06	4.0752e-06	1.3712e-06	1.5823e-16
73.68	1.0095e-09	5.4805e-06	4.1048e-06	1.3758e-06	1.5191e-16
73.69	9.8349e-10	5.3405e-06	3.9947e-06	1.3458e-06	1.5586e-16
73.7	9.8194e-10	5.3336e-06	3.9924e-06	1.3412e-06	1.5719e-16
73.71	1.0335e-09	5.615e-06	4.2057e-06	1.4092e-06	1.5583e-16
73.72	9.5527e-10	5.1915e-06	3.883e-06	1.3085e-06	1.5766e-16
73.73	9.9999e-10	5.4361e-06	4.0703e-06	1.3657e-06	1.5683e-16
73.74	1.0223e-09	5.5588e-06	4.1617e-06	1.3971e-06	1.4901e-16
73.75	9.4855e-10	5.1592e-06	3.8586e-06	1.3007e-06	1.512e-16
73.76	1.0152e-09	5.5233e-06	4.1369e-06	1.3864e-06	1.5536e-16
73.77	9.9709e-10	5.4262e-06	4.0617e-06	1.3644e-06	1.5127e-16
73.78	9.667e-10	5.2622e-06	3.9368e-06	1.3254e-06	1.5648e-16
73.79	1.0026e-09	5.459e-06	4.0889e-06	1.3701e-06	1.5457e-16
73.8	9.9496e-10	5.419e-06	4.0548e-06	1.3642e-06	1.5268e-16
73.81	9.6805e-10	5.2738e-06	3.9461e-06	1.3278e-06	1.5586e-16
73.82	1.0004e-09	5.4516e-06	4.0831e-06	1.3685e-06	1.5514e-16
73.83	9.8368e-10	5.3619e-06	4.0113e-06	1.3506e-06	1.561e-16
73.84	9.7743e-10	5.3293e-06	3.9883e-06	1.341e-06	1.5254e-16
73.85	9.9753e-10	5.4404e-06	4.0741e-06	1.3662e-06	1.547e-16
73.86	9.6288e-10	5.2528e-06	3.93e-06	1.3228e-06	1.5685e-16
73.87	1.0135e-09	5.5307e-06	4.1395e-06	1.3911e-06	1.5524e-16
73.88	9.5109e-10	5.1913e-06	3.8864e-06	1.3048e-06	1.5449e-16
73.89	9.919e-10	5.4155e-06	4.0517e-06	1.3638e-06	1.5809e-16
73.9	1.0117e-09	5.5253e-06	4.135e-06	1.3903e-06	1.6205e-16
73.91	9.1833e-10	5.0166e-06	3.7565e-06	1.2601e-06	1.5236e-16
73.92	1.0458e-09	5.7146e-06	4.2763e-06	1.4383e-06	1.5524e-16
73.93	9.5117e-10	5.1988e-06	3.8902e-06	1.3086e-06	1.5545e-16
73.94	9.5817e-10	5.2384e-06	3.9233e-06	1.3151e-06	1.4895e-16
73.95	1.0297e-09	5.6308e-06	4.212e-06	1.4189e-06	1.6122e-16
73.96	9.2885e-10	5.0809e-06	3.8037e-06	1.2772e-06	1.5678e-16
73.97	1.0019e-09	5.4818e-06	4.1056e-06	1.3761e-06	1.4878e-16
73.98	9.6888e-10	5.3027e-06	3.964e-06	1.3387e-06	1.5589e-16
73.99	9.7752e-10	5.3514e-06	4.0083e-06	1.3432e-06	1.5628e-16
74	9.7128e-10	5.3187e-06	3.9806e-06	1.3381e-06	1.5283e-16
74.01	9.6597e-10	5.2911e-06	3.9564e-06	1.3347e-06	1.5582e-16
74.02	1.0044e-09	5.5033e-06	4.1237e-06	1.3797e-06	1.6357e-16
74.03	9.2538e-10	5.0715e-06	3.7925e-06	1.279e-06	1.5499e-16
74.04	1.0068e-09	5.519e-06	4.1303e-06	1.3886e-06	1.5316e-16
74.05	9.7196e-10	5.3296e-06	3.992e-06	1.3377e-06	1.6458e-16
74.06	9.3475e-10	5.127e-06	3.8341e-06	1.2929e-06	1.5551e-16
74.07	1.0138e-09	5.562e-06	4.1651e-06	1.3969e-06	1.5344e-16
74.08	9.4792e-10	5.202e-06	3.8932e-06	1.3088e-06	1.5477e-16
74.09	9.5769e-10	5.2571e-06	3.9334e-06	1.3237e-06	1.5064e-16
74.1	9.9299e-10	5.4523e-06	4.0822e-06	1.3702e-06	1.6174e-16
74.11	9.5283e-10	5.2332e-06	3.9161e-06	1.3171e-06	1.5789e-16
74.12	9.5984e-10	5.2731e-06	3.9477e-06	1.3255e-06	1.5575e-16
74.13	9.8328e-10	5.4034e-06	4.0438e-06	1.3596e-06	1.6386e-16
74.14	9.5341e-10	5.2407e-06	3.9227e-06	1.3179e-06	1.5414e-16
74.15	9.6817e-10	5.3232e-06	3.984e-06	1.3393e-06	1.5557e-16
74.16	9.6447e-10	5.3043e-06	3.9687e-06	1.3356e-06	1.573e-16
74.17	9.6293e-10	5.2973e-06	3.9658e-06	1.3315e-06	1.5109e-16
74.18	9.6819e-10	5.3277e-06	3.9858e-06	1.3419e-06	1.5696e-16
74.19	9.4121e-10	5.1805e-06	3.877e-06	1.3036e-06	1.581e-16
74.2	9.9419e-10	5.4737e-06	4.0973e-06	1.3764e-06	1.5424e-16
74.21	9.3404e-10	5.1439e-06	3.8482e-06	1.2957e-06	1.5433e-16
74.22	9.588e-10	5.2817e-06	3.9537e-06	1.3279e-06	1.6104e-16
74.23	9.9061e-10	5.4583e-06	4.0853e-06	1.3731e-06	1.5705e-16
74.24	9.1644e-10	5.051e-06	3.7796e-06	1.2715e-06	1.5542e-16
74.25	9.8517e-10	5.4313e-06	4.0653e-06	1.366e-06	1.6806e-16
74.26	9.5302e-10	5.2555e-06	3.9326e-06	1.3229e-06	1.5817e-16
74.27	9.5229e-10	5.2529e-06	3.9307e-06	1.3221e-06	1.5792e-16
74.28	9.542e-10	5.2648e-06	3.9403e-06	1.3245e-06	1.6318e-16
74.29	9.6235e-10	5.3112e-06	3.9742e-06	1.337e-06	1.4953e-16
74.3	9.6259e-10	5.314e-06	3.977e-06	1.337e-06	1.6139e-16
74.31	9.1537e-10	5.0546e-06	3.7829e-06	1.2718e-06	1.6397e-16
74.32	1.0145e-09	5.6034e-06	4.1926e-06	1.4108e-06	1.4613e-16
74.33	9.0894e-10	5.0218e-06	3.7599e-06	1.2619e-06	1.5555e-16
74.34	9.4937e-10	5.2466e-06	3.9262e-06	1.3204e-06	1.6316e-16
74.35	1.0094e-09	5.5799e-06	4.175e-06	1.405e-06	1.5388e-16
74.36	8.792e-10	4.8614e-06	3.6402e-06	1.2212e-06	1.5945e-16
74.37	9.9812e-10	5.5205e-06	4.1283e-06	1.3922e-06	1.6528e-16
74.38	9.5061e-10	5.2592e-06	3.9358e-06	1.3233e-06	1.5863e-16
74.39	9.1825e-10	5.0815e-06	3.8041e-06	1.2774e-06	1.5941e-16
74.4	9.8091e-10	5.4297e-06	4.0589e-06	1.3709e-06	1.6018e-16
74.41	9.3573e-10	5.181e-06	3.8809e-06	1.3e-06	1.6115e-16
74.42	9.4603e-10	5.2394e-06	3.921e-06	1.3185e-06	1.609e-16
74.43	9.4501e-10	5.2352e-06	3.9145e-06	1.3207e-06	1.561e-16
74.44	9.5906e-10	5.3144e-06	3.9824e-06	1.332e-06	1.5715e-16
74.45	9.2942e-10	5.1516e-06	3.8522e-06	1.2994e-06	1.551e-16
74.46	9.5167e-10	5.2763e-06	3.9482e-06	1.3281e-06	1.5992e-16
74.47	9.5198e-10	5.2795e-06	3.9551e-06	1.3244e-06	1.6519e-16
74.48	9.3086e-10	5.1637e-06	3.8595e-06	1.3042e-06	1.5937e-16
74.49	9.5394e-10	5.2932e-06	3.9637e-06	1.3295e-06	1.5637e-16
74.5	9.348e-10	5.1884e-06	3.8852e-06	1.3032e-06	1.5992e-16
74.51	9.5255e-10	5.2883e-06	3.9529e-06	1.3354e-06	1.6676e-16
74.52	9.2706e-10	5.1482e-06	3.8548e-06	1.2933e-06	1.6018e-16
74.53	9.5271e-10	5.2921e-06	3.9606e-06	1.3314e-06	1.588e-16
74.54	9.4127e-10	5.2299e-06	3.9114e-06	1.3185e-06	1.6133e-16
74.55	9.2446e-10	5.1379e-06	3.8482e-06	1.2897e-06	1.527e-16
74.56	9.5875e-10	5.3299e-06	3.9882e-06	1.3417e-06	1.5736e-16
74.57	9.2505e-10	5.1439e-06	3.8476e-06	1.2964e-06	1.5722e-16
74.58	9.4488e-10	5.2556e-06	3.936e-06	1.3196e-06	1.5758e-16
74.59	9.2796e-10	5.1628e-06	3.8621e-06	1.3008e-06	1.6123e-16
74.6	9.5256e-10	5.3011e-06	3.966e-06	1.3351e-06	1.6053e-16
74.61	9.235e-10	5.1408e-06	3.8496e-06	1.2912e-06	1.7074e-16
74.62	9.2693e-10	5.1613e-06	3.8591e-06	1.3022e-06	1.6121e-16
74.63	9.7434e-10	5.4267e-06	4.0612e-06	1.3656e-06	1.6011e-16
74.64	8.8299e-10	4.9192e-06	3.6826e-06	1.2367e-06	1.6887e-16
74.65	9.6827e-10	5.3958e-06	4.0345e-06	1.3614e-06	1.4959e-16
74.66	9.3935e-10	5.236e-06	3.9203e-06	1.3157e-06	1.5453e-16
74.67	8.938e-10	4.9835e-06	3.7288e-06	1.2547e-06	1.6682e-16
74.68	9.7677e-10	5.4476e-06	4.0746e-06	1.373e-06	1.5872e-16
74.69	9.0924e-10	5.0723e-06	3.798e-06	1.2743e-06	1.605e-16
74.7	9.2969e-10	5.1878e-06	3.8793e-06	1.3084e-06	1.6268e-16
74.71	9.3963e-10	5.2446e-06	3.9248e-06	1.3198e-06	1.6547e-16
74.72	9.2917e-10	5.1877e-06	3.8833e-06	1.3044e-06	1.583e-16
74.73	9.2415e-10	5.161e-06	3.8593e-06	1.3017e-06	1.5098e-16
74.74	9.2373e-10	5.16e-06	3.8636e-06	1.2965e-06	1.6429e-16
74.75	9.5173e-10	5.3179e-06	3.9791e-06	1.3388e-06	1.5847e-16
74.76	9.0042e-10	5.0325e-06	3.7646e-06	1.2679e-06	1.5408e-16
74.77	9.3782e-10	5.2429e-06	3.925e-06	1.3179e-06	1.683e-16
74.78	9.453e-10	5.2861e-06	3.9536e-06	1.3325e-06	1.6107e-16
74.79	8.9624e-10	5.0131e-06	3.7511e-06	1.262e-06	1.5921e-16
74.8	9.4113e-10	5.2656e-06	3.9408e-06	1.3248e-06	1.6095e-16
74.81	9.3936e-10	5.2572e-06	3.933e-06	1.3241e-06	1.5783e-16
74.82	8.9549e-10	5.013e-06	3.7509e-06	1.2621e-06	1.6824e-16
74.83	9.4207e-10	5.2752e-06	3.9471e-06	1.3281e-06	1.5705e-16
74.84	9.3406e-10	5.2317e-06	3.9157e-06	1.316e-06	1.5453e-16
74.85	8.945e-10	5.0115e-06	3.7499e-06	1.2615e-06	1.6524e-16
74.86	9.4616e-10	5.3023e-06	3.9681e-06	1.3342e-06	1.5598e-16
74.87	9.1734e-10	5.1422e-06	3.8473e-06	1.2949e-06	1.6601e-16
74.88	9.1425e-10	5.1262e-06	3.8346e-06	1.2917e-06	1.635e-16
74.89	9.232e-10	5.1778e-06	3.8753e-06	1.3025e-06	1.5271e-16
74.9	9.2578e-10	5.1936e-06	3.8856e-06	1.308e-06	1.6324e-16
74.91	9.1992e-10	5.1621e-06	3.8631e-06	1.2991e-06	1.5655e-16
74.92	8.9755e-10	5.038e-06	3.77e-06	1.268e-06	1.5959e-16
74.93	9.6036e-10	5.392e-06	4.0337e-06	1.3583e-06	1.6003e-16
74.94	8.81e-10	4.9477e-06	3.7031e-06	1.2446e-06	1.5272e-16
74.95	9.2365e-10	5.1886e-06	3.882e-06	1.3066e-06	1.6959e-16
74.96	9.5063e-10	5.3416e-06	3.9968e-06	1.3447e-06	1.6637e-16
74.97	8.6628e-10	4.8689e-06	3.6428e-06	1.2261e-06	1.5408e-16
74.98	9.5611e-10	5.3753e-06	4.0217e-06	1.3535e-06	1.6104e-16
74.99	8.9858e-10	5.0532e-06	3.7816e-06	1.2715e-06	1.6425e-16
75	9.1514e-10	5.1476e-06	3.8509e-06	1.2968e-06	1.579e-16
75.01	9.1909e-10	5.1712e-06	3.8699e-06	1.3013e-06	1.55e-16
75.02	9.0331e-10	5.0838e-06	3.8036e-06	1.2802e-06	1.578e-16
75.03	9.3877e-10	5.2848e-06	3.9531e-06	1.3317e-06	1.5544e-16
75.04	8.6721e-10	4.8833e-06	3.6543e-06	1.229e-06	1.6027e-16
75.05	9.6252e-10	5.4214e-06	4.0551e-06	1.3662e-06	1.621e-16
75.06	8.8855e-10	5.0061e-06	3.7454e-06	1.2606e-06	1.5755e-16
75.07	8.9283e-10	5.0315e-06	3.7657e-06	1.2658e-06	1.6485e-16
75.08	9.6487e-10	5.439e-06	4.0687e-06	1.3703e-06	1.6186e-16
75.09	8.5506e-10	4.8213e-06	3.6083e-06	1.2129e-06	1.5471e-16
75.1	9.4068e-10	5.3055e-06	3.9701e-06	1.3353e-06	1.6047e-16
75.11	9.0939e-10	5.1303e-06	3.8374e-06	1.2929e-06	1.6116e-16
75.12	8.9458e-10	5.0481e-06	3.7789e-06	1.2692e-06	1.5385e-16
75.13	9.2131e-10	5.2004e-06	3.8907e-06	1.3097e-06	1.5554e-16
75.14	8.9768e-10	5.0683e-06	3.791e-06	1.2773e-06	1.6444e-16
75.15	9.2347e-10	5.2153e-06	3.9038e-06	1.3115e-06	1.5867e-16
75.16	8.7945e-10	4.9681e-06	3.7157e-06	1.2523e-06	1.4865e-16
75.17	9.3366e-10	5.2757e-06	3.9484e-06	1.3273e-06	1.5918e-16
75.18	8.9762e-10	5.0734e-06	3.7973e-06	1.276e-06	1.6854e-16
75.19	8.8702e-10	5.0148e-06	3.7499e-06	1.2649e-06	1.6065e-16
75.2	9.3792e-10	5.304e-06	3.9699e-06	1.3341e-06	1.5801e-16
75.21	8.8037e-10	4.9798e-06	3.7251e-06	1.2547e-06	1.5414e-16
75.22	9.0745e-10	5.1344e-06	3.8402e-06	1.2942e-06	1.5702e-16
75.23	9.1326e-10	5.1686e-06	3.8686e-06	1.3001e-06	1.6384e-16
75.24	8.9449e-10	5.0637e-06	3.7872e-06	1.2765e-06	1.4805e-16
75.25	9.0022e-10	5.0976e-06	3.8142e-06	1.2833e-06	1.5527e-16
75.26	9.0895e-10	5.1484e-06	3.853e-06	1.2954e-06	1.7e-16
75.27	8.9956e-10	5.0965e-06	3.8125e-06	1.284e-06	1.5982e-16
75.28	8.9528e-10	5.0736e-06	3.7959e-06	1.2777e-06	1.5729e-16
75.29	9.0513e-10	5.1308e-06	3.8391e-06	1.2917e-06	1.5792e-16
75.3	9.0217e-10	5.1154e-06	3.8265e-06	1.2889e-06	1.5999e-16
75.31	8.9619e-10	5.0828e-06	3.802e-06	1.2808e-06	1.5412e-16
75.32	8.9042e-10	5.0514e-06	3.7807e-06	1.2708e-06	1.5526e-16
75.33	9.2458e-10	5.2466e-06	3.9238e-06	1.3229e-06	1.6076e-16
75.34	8.6874e-10	4.9311e-06	3.6901e-06	1.241e-06	1.5385e-16
75.35	9.0685e-10	5.1488e-06	3.8541e-06	1.2947e-06	1.6184e-16
75.36	9.2202e-10	5.2363e-06	3.9143e-06	1.322e-06	1.5989e-16
75.37	8.4797e-10	4.817e-06	3.6066e-06	1.2104e-06	1.583e-16
75.38	9.4193e-10	5.3522e-06	4.0034e-06	1.3488e-06	1.5878e-16
75.39	8.7801e-10	4.9903e-06	3.7314e-06	1.2589e-06	1.538e-16
75.4	8.8287e-10	5.0193e-06	3.7588e-06	1.2604e-06	1.6637e-16
75.41	9.2387e-10	5.2538e-06	3.9266e-06	1.3271e-06	1.6028e-16
75.42	8.6301e-10	4.909e-06	3.6745e-06	1.2345e-06	1.5487e-16
75.43	9.2043e-10	5.2369e-06	3.9189e-06	1.3181e-06	1.5841e-16
75.44	8.7138e-10	4.9592e-06	3.7075e-06	1.2518e-06	1.5854e-16
75.45	9.0647e-10	5.1603e-06	3.8655e-06	1.2947e-06	1.6044e-16
75.46	8.9768e-10	5.1116e-06	3.8206e-06	1.291e-06	1.5055e-16
75.47	8.6258e-10	4.913e-06	3.6765e-06	1.2365e-06	1.5777e-16
75.48	9.3591e-10	5.3321e-06	3.9908e-06	1.3413e-06	1.6197e-16
75.49	8.5902e-10	4.8953e-06	3.6583e-06	1.2371e-06	1.5444e-16
75.5	8.917e-10	5.0829e-06	3.8076e-06	1.2753e-06	1.5755e-16
75.51	9.1892e-10	5.2395e-06	3.9167e-06	1.3228e-06	1.6028e-16
75.52	8.5612e-10	4.8827e-06	3.6528e-06	1.2299e-06	1.6496e-16
75.53	9.0152e-10	5.143e-06	3.8511e-06	1.2918e-06	1.6412e-16
75.54	9.0297e-10	5.1526e-06	3.8496e-06	1.303e-06	1.6152e-16
75.55	8.6541e-10	4.9396e-06	3.6989e-06	1.2407e-06	1.5993e-16
75.56	8.971e-10	5.1218e-06	3.831e-06	1.2909e-06	1.5881e-16
75.57	8.9748e-10	5.1254e-06	3.8322e-06	1.2932e-06	1.5427e-16
75.58	8.696e-10	4.9674e-06	3.7202e-06	1.2472e-06	1.5386e-16
75.59	8.9539e-10	5.1161e-06	3.8248e-06	1.2913e-06	1.6299e-16
75.6	8.8725e-10	5.0709e-06	3.795e-06	1.2759e-06	1.6021e-16
75.61	8.8804e-10	5.0768e-06	3.8005e-06	1.2763e-06	1.5701e-16
75.62	8.7079e-10	4.9795e-06	3.7237e-06	1.2558e-06	1.5626e-16
75.63	8.9993e-10	5.1475e-06	3.8514e-06	1.2961e-06	1.6514e-16
75.64	8.904e-10	5.0944e-06	3.8119e-06	1.2825e-06	1.7011e-16
75.65	8.4595e-10	4.8413e-06	3.6213e-06	1.22e-06	1.5794e-16
75.66	9.3893e-10	5.3748e-06	4.0198e-06	1.355e-06	1.581e-16
75.67	8.4585e-10	4.8433e-06	3.6255e-06	1.2178e-06	1.5834e-16
75.68	8.7718e-10	5.024e-06	3.757e-06	1.2671e-06	1.6287e-16
75.69	9.3179e-10	5.3382e-06	3.9917e-06	1.3465e-06	1.6322e-16
75.7	8.2047e-10	4.7017e-06	3.5205e-06	1.1812e-06	1.5345e-16
75.71	9.2492e-10	5.3016e-06	3.9624e-06	1.3393e-06	1.5194e-16
75.72	8.6914e-10	4.9832e-06	3.7282e-06	1.255e-06	1.5848e-16
75.73	8.6717e-10	4.9732e-06	3.7236e-06	1.2496e-06	1.717e-16
75.74	9.0419e-10	5.1869e-06	3.8757e-06	1.3112e-06	1.5993e-16
75.75	8.5008e-10	4.8778e-06	3.6517e-06	1.2261e-06	1.536e-16
75.76	9.1214e-10	5.2353e-06	3.9174e-06	1.3179e-06	1.6353e-16
75.77	8.458e-10	4.8558e-06	3.6292e-06	1.2266e-06	1.6265e-16
75.78	8.9574e-10	5.1439e-06	3.8523e-06	1.2916e-06	1.6612e-16
75.79	8.8826e-10	5.1023e-06	3.8157e-06	1.2866e-06	1.609e-16
75.8	8.4232e-10	4.8396e-06	3.619e-06	1.2207e-06	1.5976e-16
75.81	9.174e-10	5.2725e-06	3.9471e-06	1.3253e-06	1.6187e-16
75.82	8.533e-10	4.9053e-06	3.6671e-06	1.2382e-06	1.6127e-16
75.83	8.7299e-10	5.0199e-06	3.7552e-06	1.2647e-06	1.5725e-16
75.84	8.9126e-10	5.1263e-06	3.8354e-06	1.2908e-06	1.5625e-16
75.85	8.6446e-10	4.9734e-06	3.7198e-06	1.2536e-06	1.6625e-16
75.86	8.7254e-10	5.0212e-06	3.7573e-06	1.2639e-06	1.5743e-16
75.87	8.789e-10	5.0592e-06	3.7841e-06	1.275e-06	1.6693e-16
75.88	8.7755e-10	5.0528e-06	3.7809e-06	1.2718e-06	1.7004e-16
75.89	8.5935e-10	4.9493e-06	3.702e-06	1.2473e-06	1.5246e-16
75.9	8.8565e-10	5.1021e-06	3.8165e-06	1.2856e-06	1.6222e-16
75.91	8.7128e-10	5.0206e-06	3.7573e-06	1.2633e-06	1.5876e-16
75.92	8.6557e-10	4.989e-06	3.73e-06	1.259e-06	1.6021e-16
75.93	8.7372e-10	5.0373e-06	3.77e-06	1.2673e-06	1.6485e-16
75.94	8.8173e-10	5.0848e-06	3.8047e-06	1.2801e-06	1.547e-16
75.95	8.5665e-10	4.9415e-06	3.6942e-06	1.2473e-06	1.5965e-16
75.96	8.6852e-10	5.0113e-06	3.7513e-06	1.26e-06	1.6482e-16
75.97	8.968e-10	5.1759e-06	3.8707e-06	1.3052e-06	1.6591e-16
75.98	8.3091e-10	4.7968e-06	3.5872e-06	1.2097e-06	1.6161e-16
75.99	8.9411e-10	5.163e-06	3.8646e-06	1.2985e-06	1.6297e-16
76	8.7516e-10	5.0549e-06	3.7797e-06	1.2752e-06	1.6335e-16
76.01	8.3895e-10	4.847e-06	3.6267e-06	1.2204e-06	1.5827e-16
76.02	8.9893e-10	5.195e-06	3.8871e-06	1.3078e-06	1.6246e-16
76.03	8.5359e-10	4.9342e-06	3.6903e-06	1.244e-06	1.6293e-16
76.04	8.6682e-10	5.012e-06	3.75e-06	1.2621e-06	1.6435e-16
76.05	8.6638e-10	5.0108e-06	3.7481e-06	1.2627e-06	1.6169e-16
76.06	8.75e-10	5.062e-06	3.7868e-06	1.2752e-06	1.5475e-16
76.07	8.5513e-10	4.9484e-06	3.7014e-06	1.2469e-06	1.5586e-16
76.08	8.6097e-10	4.9834e-06	3.7289e-06	1.2545e-06	1.6916e-16
76.09	8.9165e-10	5.1624e-06	3.8615e-06	1.3009e-06	1.7098e-16
76.1	8.2886e-10	4.8001e-06	3.5896e-06	1.2105e-06	1.5716e-16
76.11	8.8797e-10	5.1437e-06	3.8496e-06	1.2942e-06	1.6605e-16
76.12	8.6422e-10	5.0075e-06	3.7435e-06	1.264e-06	1.6669e-16
76.13	8.4527e-10	4.899e-06	3.665e-06	1.234e-06	1.568e-16
76.14	8.8343e-10	5.1215e-06	3.8327e-06	1.2888e-06	1.6167e-16
76.15	8.4879e-10	4.922e-06	3.6797e-06	1.2423e-06	1.6207e-16
76.16	8.7097e-10	5.0519e-06	3.781e-06	1.2709e-06	1.6302e-16
76.17	8.5189e-10	4.9425e-06	3.6951e-06	1.2475e-06	1.62e-16
76.18	8.7141e-10	5.0572e-06	3.7821e-06	1.275e-06	1.6022e-16
76.19	8.5833e-10	4.9825e-06	3.7295e-06	1.253e-06	1.6326e-16
76.2	8.5021e-10	4.9367e-06	3.6898e-06	1.2468e-06	1.6558e-16
76.21	8.7847e-10	5.1021e-06	3.8182e-06	1.2839e-06	1.6189e-16
76.22	8.4731e-10	4.9224e-06	3.6819e-06	1.2405e-06	1.6028e-16
76.23	8.5897e-10	4.9915e-06	3.732e-06	1.2595e-06	1.6323e-16
76.24	8.6297e-10	5.016e-06	3.7547e-06	1.2613e-06	1.6197e-16
76.25	8.651e-10	5.0297e-06	3.7608e-06	1.2689e-06	1.6628e-16
76.26	8.3748e-10	4.8704e-06	3.6438e-06	1.2266e-06	1.6523e-16
76.27	8.7792e-10	5.107e-06	3.8209e-06	1.286e-06	1.6434e-16
76.28	8.6021e-10	5.0053e-06	3.7431e-06	1.2622e-06	1.6016e-16
76.29	8.2412e-10	4.7965e-06	3.5894e-06	1.2071e-06	1.5361e-16
76.3	9.0432e-10	5.2646e-06	3.937e-06	1.3276e-06	1.646e-16
76.31	8.2507e-10	4.8045e-06	3.5943e-06	1.2102e-06	1.6256e-16
76.32	8.5397e-10	4.9742e-06	3.7207e-06	1.2534e-06	1.6411e-16
76.33	8.8491e-10	5.1557e-06	3.8552e-06	1.3005e-06	1.6575e-16
76.34	8.2242e-10	4.7929e-06	3.5862e-06	1.2067e-06	1.557e-16
76.35	8.7325e-10	5.0905e-06	3.8064e-06	1.284e-06	1.6725e-16
76.36	8.4993e-10	4.9558e-06	3.7078e-06	1.248e-06	1.6313e-16
76.37	8.5606e-10	4.9929e-06	3.7353e-06	1.2575e-06	1.5231e-16
76.38	8.49e-10	4.953e-06	3.7031e-06	1.2499e-06	1.619e-16
76.39	8.538e-10	4.9823e-06	3.7284e-06	1.2539e-06	1.6377e-16
76.4	8.6654e-10	5.058e-06	3.7826e-06	1.2753e-06	1.6424e-16
76.41	8.282e-10	4.8354e-06	3.6163e-06	1.2192e-06	1.6106e-16
76.42	8.7122e-10	5.0879e-06	3.8077e-06	1.2803e-06	1.566e-16
76.43	8.5434e-10	4.9907e-06	3.732e-06	1.2587e-06	1.6733e-16
76.44	8.3038e-10	4.852e-06	3.6293e-06	1.2226e-06	1.6869e-16
76.45	8.6995e-10	5.0845e-06	3.8034e-06	1.2811e-06	1.5867e-16
76.46	8.5422e-10	4.9939e-06	3.7336e-06	1.2603e-06	1.5707e-16
76.47	8.2568e-10	4.8283e-06	3.6121e-06	1.2162e-06	1.5889e-16
76.48	8.7363e-10	5.1101e-06	3.8224e-06	1.2877e-06	1.6323e-16
76.49	8.4934e-10	4.9692e-06	3.7152e-06	1.254e-06	1.5612e-16
76.5	8.2557e-10	4.8315e-06	3.6152e-06	1.2162e-06	1.5505e-16
76.51	8.7985e-10	5.1505e-06	3.8523e-06	1.2982e-06	1.651e-16
76.52	8.3275e-10	4.876e-06	3.6463e-06	1.2297e-06	1.5888e-16
76.53	8.4581e-10	4.9538e-06	3.7076e-06	1.2462e-06	1.6479e-16
76.54	8.5388e-10	5.0023e-06	3.7398e-06	1.2626e-06	1.656e-16
76.55	8.4869e-10	4.9732e-06	3.7195e-06	1.2537e-06	1.5709e-16
76.56	8.4238e-10	4.9376e-06	3.6943e-06	1.2433e-06	1.6294e-16
76.57	8.3606e-10	4.9018e-06	3.664e-06	1.2378e-06	1.623e-16
76.58	8.837e-10	5.1825e-06	3.8778e-06	1.3046e-06	1.5505e-16
76.59	7.9822e-10	4.6824e-06	3.5019e-06	1.1805e-06	1.4716e-16
76.6	8.7388e-10	5.1275e-06	3.8346e-06	1.2929e-06	1.6505e-16
76.61	8.6315e-10	5.0659e-06	3.7906e-06	1.2753e-06	1.6532e-16
76.62	7.9053e-10	4.6409e-06	3.4696e-06	1.1714e-06	1.4435e-16
76.63	9.0823e-10	5.3332e-06	3.9903e-06	1.343e-06	1.638e-16
76.64	8.0907e-10	4.7522e-06	3.5544e-06	1.1978e-06	1.656e-16
76.65	8.4287e-10	4.952e-06	3.7029e-06	1.2491e-06	1.5687e-16
76.66	8.6994e-10	5.1124e-06	3.8245e-06	1.2879e-06	1.6087e-16
76.67	8.1352e-10	4.7821e-06	3.5759e-06	1.2062e-06	1.5274e-16
76.68	8.6619e-10	5.093e-06	3.8098e-06	1.2832e-06	1.5353e-16
76.69	8.2311e-10	4.841e-06	3.6207e-06	1.2203e-06	1.5453e-16
76.7	8.6126e-10	5.0667e-06	3.7897e-06	1.2769e-06	1.5081e-16
76.71	8.2779e-10	4.871e-06	3.643e-06	1.228e-06	1.6103e-16
76.72	8.4077e-10	4.9488e-06	3.7012e-06	1.2476e-06	1.733e-16
76.73	8.6209e-10	5.0756e-06	3.7963e-06	1.2792e-06	1.55e-16
76.74	8.0889e-10	4.7636e-06	3.5611e-06	1.2025e-06	1.5286e-16
76.75	8.6831e-10	5.1148e-06	3.8269e-06	1.2879e-06	1.6226e-16
76.76	8.2644e-10	4.8694e-06	3.6411e-06	1.2284e-06	1.4886e-16
76.77	8.3967e-10	4.9487e-06	3.7009e-06	1.2478e-06	1.5679e-16
76.78	8.47e-10	4.9932e-06	3.7367e-06	1.2565e-06	1.528e-16
76.79	8.2723e-10	4.8779e-06	3.6461e-06	1.2319e-06	1.5694e-16
76.8	8.5553e-10	5.0461e-06	3.7756e-06	1.2706e-06	1.5629e-16
76.81	8.1802e-10	4.8261e-06	3.6095e-06	1.2167e-06	1.4057e-16
76.82	8.5282e-10	5.0327e-06	3.7627e-06	1.2701e-06	1.6812e-16
76.83	8.3963e-10	4.9562e-06	3.7091e-06	1.2471e-06	1.6071e-16
76.84	8.1794e-10	4.8294e-06	3.611e-06	1.2184e-06	1.5491e-16
76.85	8.5905e-10	5.0735e-06	3.7955e-06	1.2779e-06	1.6316e-16
76.86	8.316e-10	4.9127e-06	3.6743e-06	1.2384e-06	1.4639e-16
76.87	8.1778e-10	4.8323e-06	3.6136e-06	1.2187e-06	1.5849e-16
76.88	8.6337e-10	5.103e-06	3.8175e-06	1.2855e-06	1.5618e-16
76.89	8.252e-10	4.8787e-06	3.647e-06	1.2316e-06	1.5604e-16
76.9	8.1637e-10	4.8277e-06	3.612e-06	1.2157e-06	1.5574e-16
76.91	8.735e-10	5.1669e-06	3.8629e-06	1.304e-06	1.4798e-16
76.92	8.0281e-10	4.75e-06	3.552e-06	1.198e-06	1.5791e-16
76.93	8.3994e-10	4.971e-06	3.7195e-06	1.2515e-06	1.4932e-16
76.94	8.5393e-10	5.0551e-06	3.7783e-06	1.2768e-06	1.5835e-16
76.95	8.0467e-10	4.7647e-06	3.5657e-06	1.199e-06	1.5872e-16
76.96	8.5491e-10	5.0635e-06	3.7855e-06	1.278e-06	1.4702e-16
76.97	8.1972e-10	4.8563e-06	3.6305e-06	1.2258e-06	1.607e-16
76.98	8.414e-10	4.9861e-06	3.7317e-06	1.2544e-06	1.58e-16
76.99	8.2519e-10	4.8913e-06	3.6556e-06	1.2357e-06	1.5335e-16
77	8.2917e-10	4.9161e-06	3.6789e-06	1.2372e-06	1.5535e-16
77.01	8.5271e-10	5.0571e-06	3.7815e-06	1.2755e-06	1.5047e-16
77.02	7.9673e-10	4.7263e-06	3.5333e-06	1.1929e-06	1.4749e-16
77.03	8.6092e-10	5.1083e-06	3.8238e-06	1.2846e-06	1.5795e-16
77.04	8.2352e-10	4.8877e-06	3.6523e-06	1.2354e-06	1.5876e-16
77.05	8.1284e-10	4.8256e-06	3.6111e-06	1.2146e-06	1.4397e-16
77.06	8.5649e-10	5.0861e-06	3.8043e-06	1.2818e-06	1.5022e-16
77.07	8.1285e-10	4.8281e-06	3.6086e-06	1.2196e-06	1.6109e-16
77.08	8.3177e-10	4.9418e-06	3.6996e-06	1.2422e-06	1.6053e-16
77.09	8.3221e-10	4.9457e-06	3.6955e-06	1.2502e-06	1.4617e-16
77.1	8.3081e-10	4.9387e-06	3.694e-06	1.2447e-06	1.505e-16
77.11	8.2122e-10	4.883e-06	3.654e-06	1.2289e-06	1.6802e-16
77.12	8.2982e-10	4.9354e-06	3.6882e-06	1.2471e-06	1.5232e-16
77.13	8.3779e-10	4.984e-06	3.7299e-06	1.2541e-06	1.4938e-16
77.14	8.1256e-10	4.8352e-06	3.6143e-06	1.2209e-06	1.5509e-16
77.15	8.3137e-10	4.9484e-06	3.6998e-06	1.2486e-06	1.5081e-16
77.16	8.3876e-10	4.9937e-06	3.7368e-06	1.2569e-06	1.4865e-16
77.17	8.1087e-10	4.8289e-06	3.6093e-06	1.2196e-06	1.4594e-16
77.18	8.2572e-10	4.9186e-06	3.6795e-06	1.2391e-06	1.5916e-16
77.19	8.5059e-10	5.0681e-06	3.79e-06	1.2781e-06	1.5855e-16
77.2	7.9211e-10	4.7209e-06	3.53e-06	1.1908e-06	1.5124e-16
77.21	8.408e-10	5.0123e-06	3.7497e-06	1.2626e-06	1.5542e-16
77.22	8.4221e-10	5.0221e-06	3.7545e-06	1.2675e-06	1.5283e-16
77.23	7.8749e-10	4.697e-06	3.5139e-06	1.1831e-06	1.5285e-16
77.24	8.5684e-10	5.1119e-06	3.8221e-06	1.2898e-06	1.5219e-16
77.25	8.1303e-10	4.8518e-06	3.6281e-06	1.2237e-06	1.5245e-16
77.26	8.1814e-10	4.8836e-06	3.6546e-06	1.229e-06	1.5499e-16
77.27	8.2751e-10	4.9408e-06	3.6929e-06	1.2479e-06	1.5319e-16
77.28	8.2581e-10	4.9319e-06	3.6895e-06	1.2424e-06	1.4957e-16
77.29	8.2428e-10	4.924e-06	3.6831e-06	1.2409e-06	1.5562e-16
77.3	7.9825e-10	4.7698e-06	3.5639e-06	1.2059e-06	1.606e-16
77.31	8.6959e-10	5.1974e-06	3.8893e-06	1.3081e-06	1.5052e-16
77.32	7.7682e-10	4.6441e-06	3.4727e-06	1.1715e-06	1.4861e-16
77.33	8.3442e-10	4.9898e-06	3.7297e-06	1.2601e-06	1.4913e-16
77.34	8.5705e-10	5.1264e-06	3.8367e-06	1.2897e-06	1.5123e-16
77.35	7.5832e-10	4.5371e-06	3.3921e-06	1.1449e-06	1.5172e-16
77.36	8.7721e-10	5.2497e-06	3.9256e-06	1.3241e-06	1.4929e-16
77.37	7.9797e-10	4.7767e-06	3.5745e-06	1.2023e-06	1.6069e-16
77.38	8.0932e-10	4.846e-06	3.6218e-06	1.2241e-06	1.54e-16
77.39	8.4743e-10	5.0754e-06	3.7949e-06	1.2806e-06	1.4712e-16
77.4	7.9271e-10	4.749e-06	3.5533e-06	1.1957e-06	1.5647e-16
77.41	8.4073e-10	5.0379e-06	3.7655e-06	1.2724e-06	1.5281e-16
77.42	7.9724e-10	4.7785e-06	3.5734e-06	1.2051e-06	1.4827e-16
77.43	8.3936e-10	5.0323e-06	3.7652e-06	1.2672e-06	1.518e-16
77.44	8.0791e-10	4.845e-06	3.6217e-06	1.2233e-06	1.5832e-16
77.45	8.0809e-10	4.8473e-06	3.6258e-06	1.2215e-06	1.5176e-16
77.46	8.4596e-10	5.0758e-06	3.797e-06	1.2788e-06	1.5045e-16
77.47	7.8444e-10	4.7079e-06	3.5192e-06	1.1887e-06	1.5708e-16
77.48	8.3887e-10	5.0359e-06	3.7669e-06	1.2689e-06	1.4856e-16
77.49	8.1203e-10	4.876e-06	3.6475e-06	1.2285e-06	1.5114e-16
77.5	8.0894e-10	4.8587e-06	3.6326e-06	1.2261e-06	1.5603e-16
77.51	8.2566e-10	4.9604e-06	3.7097e-06	1.2507e-06	1.5489e-16
77.52	8.0563e-10	4.8413e-06	3.6211e-06	1.2202e-06	1.5045e-16
77.53	8.2831e-10	4.9789e-06	3.722e-06	1.2568e-06	1.4494e-16
77.54	8.0067e-10	4.814e-06	3.6006e-06	1.2134e-06	1.5332e-16
77.55	8.2289e-10	4.9489e-06	3.7017e-06	1.2471e-06	1.5402e-16
77.56	8.199e-10	4.9322e-06	3.6862e-06	1.2459e-06	1.5338e-16
77.57	7.9797e-10	4.8015e-06	3.5919e-06	1.2096e-06	1.5371e-16
77.58	8.2666e-10	4.9754e-06	3.7212e-06	1.2542e-06	1.469e-16
77.59	8.1825e-10	4.926e-06	3.6827e-06	1.2434e-06	1.4938e-16
77.6	7.9312e-10	4.776e-06	3.5737e-06	1.2023e-06	1.5452e-16
77.61	8.3032e-10	5.0013e-06	3.7393e-06	1.262e-06	1.4836e-16
77.62	8.1702e-10	4.9224e-06	3.6804e-06	1.242e-06	1.4587e-16
77.63	7.8608e-10	4.7372e-06	3.5446e-06	1.1926e-06	1.5916e-16
77.64	8.4325e-10	5.0831e-06	3.8003e-06	1.2828e-06	1.5366e-16
77.65	7.9783e-10	4.8106e-06	3.5972e-06	1.2134e-06	1.5069e-16
77.66	8.0155e-10	4.8342e-06	3.6166e-06	1.2176e-06	1.5494e-16
77.67	8.3349e-10	5.0282e-06	3.7591e-06	1.2691e-06	1.4375e-16
77.68	7.957e-10	4.8014e-06	3.5906e-06	1.2108e-06	1.5299e-16
77.69	8.1413e-10	4.9139e-06	3.6756e-06	1.2383e-06	1.5117e-16
77.7	8.0917e-10	4.8852e-06	3.6518e-06	1.2335e-06	1.5305e-16
77.71	8.1873e-10	4.9442e-06	3.6983e-06	1.2459e-06	1.5295e-16
77.72	7.9423e-10	4.7974e-06	3.5876e-06	1.2099e-06	1.3669e-16
77.73	8.1808e-10	4.9428e-06	3.6949e-06	1.2479e-06	1.5784e-16
77.74	8.2006e-10	4.9561e-06	3.7077e-06	1.2484e-06	1.4598e-16
77.75	7.8142e-10	4.7237e-06	3.5315e-06	1.1922e-06	1.4031e-16
77.76	8.3647e-10	5.0578e-06	3.7823e-06	1.2755e-06	1.5877e-16
77.77	7.9609e-10	4.8149e-06	3.6011e-06	1.2138e-06	1.4489e-16
77.78	8.0445e-10	4.8667e-06	3.6384e-06	1.2283e-06	1.6212e-16
77.79	8.1631e-10	4.9397e-06	3.6948e-06	1.245e-06	1.5362e-16
77.8	8.0175e-10	4.8529e-06	3.6286e-06	1.2243e-06	1.4204e-16
77.81	8.14e-10	4.9283e-06	3.6859e-06	1.2424e-06	1.561e-16
77.82	7.8936e-10	4.7803e-06	3.5735e-06	1.2068e-06	1.4141e-16
77.83	8.3434e-10	5.054e-06	3.7791e-06	1.2749e-06	1.5164e-16
77.84	7.8423e-10	4.7517e-06	3.5546e-06	1.1971e-06	1.4999e-16
77.85	8.0251e-10	4.8637e-06	3.6346e-06	1.2291e-06	1.4323e-16
77.86	8.3972e-10	5.0906e-06	3.8096e-06	1.2809e-06	1.5252e-16
77.87	7.6318e-10	4.6277e-06	3.4602e-06	1.1675e-06	1.4377e-16
77.88	8.2761e-10	5.0197e-06	3.7517e-06	1.268e-06	1.4994e-16
77.89	8.1886e-10	4.9679e-06	3.7184e-06	1.2496e-06	1.4808e-16
77.9	7.699e-10	4.6721e-06	3.4896e-06	1.1824e-06	1.4551e-16
77.91	8.326e-10	5.0538e-06	3.7803e-06	1.2735e-06	1.5399e-16
77.92	8.0587e-10	4.8929e-06	3.66e-06	1.2329e-06	1.4921e-16
77.93	7.7764e-10	4.7227e-06	3.5278e-06	1.1949e-06	1.4394e-16
77.94	8.3356e-10	5.0636e-06	3.7908e-06	1.2728e-06	1.4398e-16
77.95	7.9097e-10	4.8061e-06	3.5915e-06	1.2146e-06	1.4918e-16
77.96	7.9351e-10	4.8228e-06	3.6058e-06	1.217e-06	1.4872e-16
77.97	8.2547e-10	5.0183e-06	3.7546e-06	1.2636e-06	1.5056e-16
77.98	7.7807e-10	4.7314e-06	3.5343e-06	1.197e-06	1.4852e-16
77.99	8.2394e-10	5.0115e-06	3.7507e-06	1.2609e-06	1.4684e-16
78	7.8569e-10	4.7801e-06	3.5728e-06	1.2073e-06	1.5211e-16
78.01	8.0712e-10	4.9118e-06	3.6721e-06	1.2397e-06	1.4067e-16
78.02	8.1743e-10	4.9758e-06	3.7238e-06	1.252e-06	1.4344e-16
78.03	7.6166e-10	4.6375e-06	3.4641e-06	1.1734e-06	1.5179e-16
78.04	8.5084e-10	5.1818e-06	3.877e-06	1.3047e-06	1.4807e-16
78.05	7.6655e-10	4.6697e-06	3.4917e-06	1.1779e-06	1.5167e-16
78.06	8.0371e-10	4.8973e-06	3.6597e-06	1.2376e-06	1.4722e-16
78.07	8.3046e-10	5.0616e-06	3.7879e-06	1.2737e-06	1.4272e-16
78.08	7.5453e-10	4.6e-06	3.4381e-06	1.1619e-06	1.4378e-16
78.09	8.4124e-10	5.1299e-06	3.8353e-06	1.2947e-06	1.4433e-16
78.1	7.7311e-10	4.7157e-06	3.528e-06	1.1877e-06	1.4383e-16
78.11	8.1061e-10	4.9457e-06	3.697e-06	1.2487e-06	1.4433e-16
78.12	8.0156e-10	4.8917e-06	3.6575e-06	1.2342e-06	1.4566e-16
78.13	7.782e-10	4.7504e-06	3.5542e-06	1.1962e-06	1.4503e-16
78.14	8.3899e-10	5.1228e-06	3.8287e-06	1.2941e-06	1.5308e-16
78.15	7.4934e-10	4.5766e-06	3.4211e-06	1.1555e-06	1.5132e-16
78.16	8.3395e-10	5.0946e-06	3.8127e-06	1.2819e-06	1.4718e-16
78.17	7.9735e-10	4.8723e-06	3.6401e-06	1.2322e-06	1.4857e-16
78.18	7.6386e-10	4.6688e-06	3.491e-06	1.1778e-06	1.4036e-16
78.19	8.438e-10	5.1587e-06	3.86e-06	1.2987e-06	1.4268e-16
78.2	7.6616e-10	4.6853e-06	3.4998e-06	1.1855e-06	1.4426e-16
78.21	7.9858e-10	4.8848e-06	3.6547e-06	1.2301e-06	1.4637e-16
78.22	8.1088e-10	4.9612e-06	3.7107e-06	1.2505e-06	1.4801e-16
78.23	7.8602e-10	4.8104e-06	3.5937e-06	1.2167e-06	1.4061e-16
78.24	7.9092e-10	4.8416e-06	3.6225e-06	1.2191e-06	1.4861e-16
78.25	8.045e-10	4.926e-06	3.6835e-06	1.2424e-06	1.4638e-16
78.26	7.9765e-10	4.8853e-06	3.6506e-06	1.2347e-06	1.4318e-16
78.27	7.7444e-10	4.7444e-06	3.5493e-06	1.1951e-06	1.5018e-16
78.28	8.1893e-10	5.0182e-06	3.753e-06	1.2652e-06	1.426e-16
78.29	7.8427e-10	4.8071e-06	3.5922e-06	1.2149e-06	1.4511e-16
78.3	7.8412e-10	4.8073e-06	3.5968e-06	1.2105e-06	1.4697e-16
78.31	8.1098e-10	4.9733e-06	3.7185e-06	1.2548e-06	1.3747e-16
78.32	7.8448e-10	4.812e-06	3.5952e-06	1.2168e-06	1.3783e-16
78.33	7.8731e-10	4.8306e-06	3.6148e-06	1.2157e-06	1.4694e-16
78.34	8.0152e-10	4.919e-06	3.677e-06	1.242e-06	1.4722e-16
78.35	7.9501e-10	4.8803e-06	3.6476e-06	1.2327e-06	1.4466e-16
78.36	7.7676e-10	4.7695e-06	3.5692e-06	1.2004e-06	1.5208e-16
78.37	8.0941e-10	4.9713e-06	3.7157e-06	1.2556e-06	1.4179e-16
78.38	7.8633e-10	4.8308e-06	3.6117e-06	1.2191e-06	1.424e-16
78.39	7.8328e-10	4.8133e-06	3.6008e-06	1.2125e-06	1.5111e-16
78.4	8.0426e-10	4.9435e-06	3.6955e-06	1.2479e-06	1.3994e-16
78.41	7.8294e-10	4.8136e-06	3.5991e-06	1.2145e-06	1.4392e-16
78.42	7.9352e-10	4.8799e-06	3.6498e-06	1.2301e-06	1.4057e-16
78.43	7.8469e-10	4.8268e-06	3.6082e-06	1.2187e-06	1.4518e-16
78.44	8.0172e-10	4.9328e-06	3.6872e-06	1.2457e-06	1.5012e-16
78.45	7.7907e-10	4.7947e-06	3.5864e-06	1.2083e-06	1.3654e-16
78.46	7.8934e-10	4.8592e-06	3.6321e-06	1.2271e-06	1.468e-16
78.47	8.0579e-10	4.9617e-06	3.7082e-06	1.2535e-06	1.4547e-16
78.48	7.6722e-10	4.7254e-06	3.5357e-06	1.1896e-06	1.4674e-16
78.49	8.0297e-10	4.9468e-06	3.6986e-06	1.2483e-06	1.4575e-16
78.5	7.8821e-10	4.8572e-06	3.6307e-06	1.2265e-06	1.3437e-16
78.51	7.825e-10	4.8232e-06	3.6084e-06	1.2148e-06	1.4811e-16
78.52	7.8904e-10	4.8648e-06	3.6363e-06	1.2285e-06	1.4096e-16
78.53	7.9292e-10	4.8899e-06	3.6558e-06	1.2341e-06	1.4288e-16
78.54	7.8785e-10	4.8599e-06	3.6364e-06	1.2235e-06	1.4931e-16
78.55	7.7125e-10	4.7587e-06	3.5565e-06	1.2022e-06	1.392e-16
78.56	8.1368e-10	5.0218e-06	3.755e-06	1.2668e-06	1.4893e-16
78.57	7.6809e-10	4.7416e-06	3.5472e-06	1.1944e-06	1.4247e-16
78.58	7.8311e-10	4.8356e-06	3.6132e-06	1.2224e-06	1.3643e-16
78.59	8.1083e-10	5.008e-06	3.7454e-06	1.2626e-06	1.4145e-16
78.6	7.6217e-10	4.7087e-06	3.5209e-06	1.1877e-06	1.4397e-16
78.61	7.9143e-10	4.8907e-06	3.6543e-06	1.2364e-06	1.4871e-16
78.62	7.9898e-10	4.9386e-06	3.6953e-06	1.2433e-06	1.4542e-16
78.63	7.7234e-10	4.7751e-06	3.5704e-06	1.2047e-06	1.4273e-16
78.64	7.792e-10	4.8187e-06	3.6015e-06	1.2173e-06	1.3703e-16
78.65	8.0935e-10	5.0065e-06	3.7449e-06	1.2615e-06	1.4094e-16
78.66	7.6326e-10	4.7226e-06	3.5298e-06	1.1927e-06	1.4619e-16
78.67	7.8419e-10	4.8533e-06	3.6289e-06	1.2244e-06	1.4269e-16
78.68	8.1012e-10	5.0151e-06	3.7508e-06	1.2643e-06	1.3989e-16
78.69	7.5059e-10	4.6478e-06	3.4744e-06	1.1733e-06	1.4219e-16
78.7	8.0435e-10	4.9819e-06	3.7252e-06	1.2567e-06	1.5121e-16
78.71	7.842e-10	4.8583e-06	3.6325e-06	1.2258e-06	1.4209e-16
78.72	7.7173e-10	4.7823e-06	3.5757e-06	1.2066e-06	1.4318e-16
78.73	7.9393e-10	4.9211e-06	3.6792e-06	1.242e-06	1.4808e-16
78.74	7.7612e-10	4.8119e-06	3.5983e-06	1.2136e-06	1.3543e-16
78.75	7.9143e-10	4.9081e-06	3.6696e-06	1.2385e-06	1.4196e-16
78.76	7.6719e-10	4.759e-06	3.5579e-06	1.2011e-06	1.4757e-16
78.77	7.9793e-10	4.9509e-06	3.7035e-06	1.2475e-06	1.4236e-16
78.78	7.7719e-10	4.8235e-06	3.6055e-06	1.218e-06	1.3843e-16
78.79	7.7042e-10	4.7827e-06	3.576e-06	1.2067e-06	1.4105e-16
78.8	7.9907e-10	4.9618e-06	3.7111e-06	1.2507e-06	1.4345e-16
78.81	7.7029e-10	4.7843e-06	3.5757e-06	1.2086e-06	1.4187e-16
78.82	7.8016e-10	4.8468e-06	3.6251e-06	1.2218e-06	1.4731e-16
78.83	7.8378e-10	4.8705e-06	3.6414e-06	1.2291e-06	1.4222e-16
78.84	7.8833e-10	4.9e-06	3.6622e-06	1.2378e-06	1.4188e-16
78.85	7.5926e-10	4.7206e-06	3.531e-06	1.1895e-06	1.4738e-16
78.86	8.0018e-10	4.9762e-06	3.719e-06	1.2572e-06	1.4644e-16
78.87	7.8072e-10	4.8564e-06	3.63e-06	1.2265e-06	1.4233e-16
78.88	7.5243e-10	4.6817e-06	3.5017e-06	1.18e-06	1.3717e-16
78.89	8.2041e-10	5.1059e-06	3.8154e-06	1.2905e-06	1.5124e-16
78.9	7.4722e-10	4.6516e-06	3.4783e-06	1.1733e-06	1.4926e-16
78.91	7.8821e-10	4.908e-06	3.67e-06	1.238e-06	1.3262e-16
78.92	7.9053e-10	4.9237e-06	3.6788e-06	1.2449e-06	1.4293e-16
78.93	7.5635e-10	4.712e-06	3.5249e-06	1.1871e-06	1.4868e-16
78.94	8.0148e-10	4.9945e-06	3.7324e-06	1.2621e-06	1.396e-16
78.95	7.5485e-10	4.705e-06	3.5161e-06	1.1889e-06	1.4428e-16
78.96	8.0028e-10	4.9895e-06	3.7333e-06	1.2562e-06	1.4581e-16
78.97	7.6206e-10	4.7524e-06	3.5502e-06	1.2022e-06	1.3759e-16
78.98	7.7534e-10	4.8364e-06	3.617e-06	1.2194e-06	1.464e-16
78.99	8.0011e-10	4.9922e-06	3.7341e-06	1.2581e-06	1.4564e-16
79	7.4167e-10	4.6288e-06	3.4584e-06	1.1703e-06	1.453e-16
79.01	8.0636e-10	5.0338e-06	3.7658e-06	1.268e-06	1.5274e-16
79.02	7.6415e-10	4.7715e-06	3.5663e-06	1.2052e-06	1.3902e-16
79.03	7.7185e-10	4.8208e-06	3.6038e-06	1.217e-06	1.3936e-16
79.04	7.8591e-10	4.9098e-06	3.6719e-06	1.2379e-06	1.4455e-16
79.05	7.6449e-10	4.7772e-06	3.5703e-06	1.2069e-06	1.4906e-16
79.06	7.8838e-10	4.9278e-06	3.686e-06	1.2417e-06	1.4225e-16
79.07	7.5593e-10	4.7261e-06	3.5326e-06	1.1935e-06	1.3212e-16
79.08	7.9633e-10	4.9799e-06	3.7226e-06	1.2574e-06	1.5569e-16
79.09	7.6511e-10	4.7859e-06	3.5789e-06	1.207e-06	1.4587e-16
79.1	7.6249e-10	4.7708e-06	3.5651e-06	1.2057e-06	1.3841e-16
79.11	8.0221e-10	5.0206e-06	3.7546e-06	1.266e-06	1.4948e-16
79.12	7.4976e-10	4.6935e-06	3.5089e-06	1.1845e-06	1.3761e-16
79.13	7.7592e-10	4.8584e-06	3.6316e-06	1.2268e-06	1.5131e-16
79.14	7.9225e-10	4.962e-06	3.7114e-06	1.2506e-06	1.4459e-16
79.15	7.5395e-10	4.7233e-06	3.5304e-06	1.1929e-06	1.3921e-16
79.16	7.7119e-10	4.8325e-06	3.6128e-06	1.2197e-06	1.5566e-16
79.17	7.9582e-10	4.9881e-06	3.7308e-06	1.2572e-06	1.4067e-16
79.18	7.4869e-10	4.6939e-06	3.5083e-06	1.1856e-06	1.4225e-16
79.19	7.7496e-10	4.8598e-06	3.6331e-06	1.2267e-06	1.4296e-16
79.2	7.9413e-10	4.9813e-06	3.7253e-06	1.256e-06	1.3728e-16
79.21	7.4282e-10	4.6606e-06	3.4839e-06	1.1767e-06	1.4923e-16
79.22	7.8497e-10	4.9263e-06	3.6837e-06	1.2426e-06	1.4514e-16
79.23	7.7993e-10	4.8959e-06	3.6607e-06	1.2352e-06	1.4425e-16
79.24	7.5406e-10	4.7347e-06	3.5389e-06	1.1958e-06	1.4559e-16
79.25	7.7562e-10	4.8714e-06	3.6425e-06	1.2289e-06	1.4103e-16
79.26	7.8181e-10	4.9114e-06	3.6725e-06	1.2389e-06	1.4896e-16
79.27	7.5687e-10	4.7559e-06	3.5554e-06	1.2005e-06	1.4984e-16
79.28	7.6864e-10	4.8311e-06	3.6115e-06	1.2196e-06	1.4369e-16
79.29	7.9068e-10	4.971e-06	3.7175e-06	1.2535e-06	1.4425e-16
79.3	7.427e-10	4.6705e-06	3.4912e-06	1.1792e-06	1.4214e-16
79.31	7.8406e-10	4.9318e-06	3.6864e-06	1.2454e-06	1.453e-16
79.32	7.7419e-10	4.8709e-06	3.6438e-06	1.2271e-06	1.4863e-16
79.33	7.5107e-10	4.7267e-06	3.5324e-06	1.1943e-06	1.3711e-16
79.34	7.8746e-10	4.957e-06	3.7067e-06	1.2502e-06	1.3571e-16
79.35	7.5436e-10	4.7498e-06	3.5525e-06	1.1973e-06	1.4974e-16
79.36	7.7814e-10	4.9008e-06	3.6612e-06	1.2395e-06	1.4883e-16
79.37	7.6102e-10	4.7941e-06	3.5875e-06	1.2066e-06	1.3473e-16
79.38	7.665e-10	4.8298e-06	3.6099e-06	1.22e-06	1.4581e-16
79.39	7.8072e-10	4.9207e-06	3.6767e-06	1.244e-06	1.5769e-16
79.4	7.4553e-10	4.7001e-06	3.5175e-06	1.1826e-06	1.3547e-16
79.41	7.8423e-10	4.9453e-06	3.6943e-06	1.2511e-06	1.4256e-16
79.42	7.6669e-10	4.836e-06	3.6173e-06	1.2186e-06	1.5687e-16
79.43	7.5192e-10	4.744e-06	3.5475e-06	1.1964e-06	1.3618e-16
79.44	7.8099e-10	4.9286e-06	3.6813e-06	1.2472e-06	1.4208e-16
79.45	7.6812e-10	4.8486e-06	3.6295e-06	1.2191e-06	1.4805e-16
79.46	7.467e-10	4.7146e-06	3.5221e-06	1.1924e-06	1.4214e-16
79.47	7.8494e-10	4.9572e-06	3.7058e-06	1.2515e-06	1.4388e-16
79.48	7.6699e-10	4.8451e-06	3.6261e-06	1.219e-06	1.3468e-16
79.49	7.401e-10	4.6765e-06	3.4925e-06	1.1839e-06	1.481e-16
79.5	7.9823e-10	5.045e-06	3.7739e-06	1.2711e-06	1.4939e-16
79.51	7.467e-10	4.7205e-06	3.5287e-06	1.1919e-06	1.362e-16
79.52	7.5953e-10	4.8028e-06	3.5886e-06	1.2142e-06	1.5082e-16
79.53	7.8313e-10	4.9533e-06	3.7063e-06	1.247e-06	1.4321e-16
79.54	7.4814e-10	4.7332e-06	3.5365e-06	1.1966e-06	1.376e-16
79.55	7.7071e-10	4.8772e-06	3.6468e-06	1.2305e-06	1.4767e-16
79.56	7.5883e-10	4.8033e-06	3.5929e-06	1.2103e-06	1.4111e-16
79.57	7.7659e-10	4.9169e-06	3.675e-06	1.2418e-06	1.4121e-16
79.58	7.4418e-10	4.7128e-06	3.524e-06	1.1888e-06	1.3955e-16
79.59	7.7423e-10	4.9044e-06	3.6667e-06	1.2377e-06	1.394e-16
79.6	7.7274e-10	4.8962e-06	3.6606e-06	1.2356e-06	1.45e-16
79.61	7.3322e-10	4.647e-06	3.4738e-06	1.1732e-06	1.4289e-16
79.62	7.9742e-10	5.0551e-06	3.7794e-06	1.2757e-06	1.4108e-16
79.63	7.4006e-10	4.6927e-06	3.5082e-06	1.1845e-06	1.4228e-16
79.64	7.6588e-10	4.8576e-06	3.6303e-06	1.2273e-06	1.4727e-16
79.65	7.711e-10	4.892e-06	3.6583e-06	1.2337e-06	1.4388e-16
79.66	7.48e-10	4.7466e-06	3.5487e-06	1.1978e-06	1.4186e-16
79.67	7.7648e-10	4.9286e-06	3.684e-06	1.2446e-06	1.4748e-16
79.68	7.4037e-10	4.7005e-06	3.5155e-06	1.185e-06	1.3885e-16
79.69	7.8643e-10	4.9942e-06	3.7331e-06	1.2611e-06	1.3547e-16
79.7	7.4041e-10	4.7031e-06	3.5157e-06	1.1874e-06	1.4721e-16
79.71	7.6484e-10	4.8596e-06	3.635e-06	1.2245e-06	1.4367e-16
79.72	7.7703e-10	4.9382e-06	3.6907e-06	1.2475e-06	1.3397e-16
79.73	7.2983e-10	4.6394e-06	3.4683e-06	1.1711e-06	1.3677e-16
79.74	7.9015e-10	5.0242e-06	3.7571e-06	1.267e-06	1.3891e-16
79.75	7.3761e-10	4.6912e-06	3.5054e-06	1.1858e-06	1.4703e-16
79.76	7.713e-10	4.9068e-06	3.6691e-06	1.2377e-06	1.4436e-16
79.77	7.5654e-10	4.814e-06	3.5988e-06	1.2152e-06	1.3329e-16
79.78	7.489e-10	4.7666e-06	3.5627e-06	1.204e-06	1.4728e-16
79.79	7.8671e-10	5.0086e-06	3.7448e-06	1.2637e-06	1.4759e-16
79.8	7.1713e-10	4.5667e-06	3.4131e-06	1.1536e-06	1.3546e-16
79.81	7.9643e-10	5.0729e-06	3.7943e-06	1.2786e-06	1.3724e-16
79.82	7.4772e-10	4.7639e-06	3.5612e-06	1.2028e-06	1.4327e-16
79.83	7.3414e-10	4.6785e-06	3.4972e-06	1.1813e-06	1.4535e-16
79.84	8.0381e-10	5.1238e-06	3.8318e-06	1.292e-06	1.3497e-16
79.85	7.1911e-10	4.5851e-06	3.426e-06	1.1591e-06	1.3987e-16
79.86	7.6735e-10	4.8939e-06	3.6605e-06	1.2334e-06	1.4218e-16
79.87	7.7294e-10	4.9307e-06	3.6854e-06	1.2453e-06	1.3623e-16
79.88	7.3411e-10	4.6842e-06	3.5004e-06	1.1839e-06	1.434e-16
79.89	7.6779e-10	4.9004e-06	3.6656e-06	1.2348e-06	1.396e-16
79.9	7.5759e-10	4.8365e-06	3.6126e-06	1.2239e-06	1.3972e-16
79.91	7.5428e-10	4.8166e-06	3.6015e-06	1.2151e-06	1.4373e-16
79.92	7.489e-10	4.7834e-06	3.5772e-06	1.2062e-06	1.4129e-16
79.93	7.6417e-10	4.8821e-06	3.6475e-06	1.2346e-06	1.3165e-16
79.94	7.5815e-10	4.8449e-06	3.624e-06	1.2208e-06	1.3673e-16
79.95	7.3536e-10	4.7004e-06	3.5133e-06	1.1871e-06	1.5536e-16
79.96	7.7847e-10	4.9772e-06	3.7205e-06	1.2567e-06	1.3552e-16
79.97	7.5076e-10	4.8013e-06	3.5903e-06	1.2109e-06	1.3513e-16
79.98	7.3029e-10	4.6715e-06	3.4917e-06	1.1799e-06	1.4771e-16
79.99	7.9459e-10	5.0841e-06	3.8011e-06	1.2831e-06	1.3194e-16
80	7.2888e-10	4.6648e-06	3.4865e-06	1.1784e-06	1.4181e-16
80.01	7.4669e-10	4.78e-06	3.5752e-06	1.2048e-06	1.3913e-16
80.02	7.9072e-10	5.0631e-06	3.7846e-06	1.2785e-06	1.3084e-16
80.03	7.1338e-10	4.5691e-06	3.4145e-06	1.1546e-06	1.438e-16
80.04	7.7563e-10	4.969e-06	3.7169e-06	1.2521e-06	1.391e-16
80.05	7.5619e-10	4.8456e-06	3.6202e-06	1.2255e-06	1.3919e-16
80.06	7.3549e-10	4.7142e-06	3.5255e-06	1.1887e-06	1.4431e-16
80.07	7.7154e-10	4.9465e-06	3.6997e-06	1.2468e-06	1.3998e-16
80.08	7.3646e-10	4.7227e-06	3.5286e-06	1.1941e-06	1.3838e-16
80.09	7.6751e-10	4.9231e-06	3.6827e-06	1.2404e-06	1.3947e-16
80.1	7.3755e-10	4.7321e-06	3.5371e-06	1.195e-06	1.3733e-16
80.11	7.583e-10	4.8665e-06	3.6374e-06	1.229e-06	1.3526e-16
80.12	7.5949e-10	4.8753e-06	3.6465e-06	1.2288e-06	1.4339e-16
80.13	7.3123e-10	4.6951e-06	3.5097e-06	1.1855e-06	1.435e-16
80.14	7.7284e-10	4.9635e-06	3.7109e-06	1.2525e-06	1.3623e-16
80.15	7.3867e-10	4.7452e-06	3.5473e-06	1.1979e-06	1.4084e-16
80.16	7.5283e-10	4.8374e-06	3.6163e-06	1.2211e-06	1.414e-16
80.17	7.5126e-10	4.8285e-06	3.6087e-06	1.2199e-06	1.3738e-16
80.18	7.5318e-10	4.8421e-06	3.6202e-06	1.2219e-06	1.3971e-16
80.19	7.4775e-10	4.8083e-06	3.5957e-06	1.2126e-06	1.4205e-16
80.2	7.4202e-10	4.7727e-06	3.5663e-06	1.2065e-06	1.3867e-16
80.21	7.7145e-10	4.9632e-06	3.7123e-06	1.2509e-06	1.3252e-16
80.22	7.2254e-10	4.6497e-06	3.4759e-06	1.1738e-06	1.4086e-16
80.23	7.6428e-10	4.9195e-06	3.6759e-06	1.2437e-06	1.4328e-16
80.24	7.5599e-10	4.8674e-06	3.641e-06	1.2264e-06	1.3456e-16
80.25	7.2654e-10	4.679e-06	3.4963e-06	1.1827e-06	1.4548e-16
80.26	7.6846e-10	4.9502e-06	3.7003e-06	1.2499e-06	1.453e-16
80.27	7.4263e-10	4.785e-06	3.5788e-06	1.2062e-06	1.3859e-16
80.28	7.4255e-10	4.7856e-06	3.5754e-06	1.2103e-06	1.4288e-16
80.29	7.502e-10	4.8361e-06	3.6164e-06	1.2198e-06	1.3659e-16
80.3	7.5623e-10	4.8762e-06	3.6461e-06	1.2301e-06	1.3666e-16
80.31	7.328e-10	4.7264e-06	3.5323e-06	1.194e-06	1.3909e-16
80.32	7.5407e-10	4.8647e-06	3.6378e-06	1.2269e-06	1.4307e-16
80.33	7.552e-10	4.8732e-06	3.6422e-06	1.231e-06	1.496e-16
80.34	7.2901e-10	4.7054e-06	3.5183e-06	1.1871e-06	1.471e-16
80.35	7.6329e-10	4.9279e-06	3.6844e-06	1.2435e-06	1.3748e-16
80.36	7.3616e-10	4.7539e-06	3.5526e-06	1.2013e-06	1.3078e-16
80.37	7.5392e-10	4.8699e-06	3.6419e-06	1.2279e-06	1.4319e-16
80.38	7.3534e-10	4.751e-06	3.5502e-06	1.2008e-06	1.3738e-16
80.39	7.5474e-10	4.8775e-06	3.6464e-06	1.2312e-06	1.3885e-16
80.4	7.5355e-10	4.8711e-06	3.643e-06	1.228e-06	1.5867e-16
80.41	7.1247e-10	4.6067e-06	3.4416e-06	1.1651e-06	1.3898e-16
80.42	7.9498e-10	5.1414e-06	3.8452e-06	1.2962e-06	1.4272e-16
80.43	7.0731e-10	4.5756e-06	3.4209e-06	1.1547e-06	1.5455e-16
80.44	7.484e-10	4.8426e-06	3.6183e-06	1.2243e-06	1.3176e-16
80.45	7.8201e-10	5.0613e-06	3.7851e-06	1.2763e-06	1.3991e-16
80.46	6.8917e-10	4.4616e-06	3.3349e-06	1.1266e-06	1.4632e-16
80.47	7.8955e-10	5.1127e-06	3.8208e-06	1.2918e-06	1.3488e-16
80.48	7.2877e-10	4.7203e-06	3.5294e-06	1.1908e-06	1.4411e-16
80.49	7.3229e-10	4.7442e-06	3.5477e-06	1.1965e-06	1.4893e-16
80.5	7.6896e-10	4.9831e-06	3.7236e-06	1.2595e-06	1.4581e-16
80.51	7.1664e-10	4.6452e-06	3.4736e-06	1.1716e-06	1.4624e-16
80.52	7.6605e-10	4.9667e-06	3.7141e-06	1.2525e-06	1.4258e-16
80.53	7.2516e-10	4.7027e-06	3.5121e-06	1.1906e-06	1.459e-16
80.54	7.5142e-10	4.8742e-06	3.6465e-06	1.2277e-06	1.5051e-16
80.55	7.5065e-10	4.8705e-06	3.6406e-06	1.2298e-06	1.4244e-16
80.56	7.1913e-10	4.6671e-06	3.4862e-06	1.1809e-06	1.4063e-16
80.57	7.6924e-10	4.9936e-06	3.737e-06	1.2566e-06	1.5149e-16
80.58	7.258e-10	4.7127e-06	3.52e-06	1.1927e-06	1.4897e-16
80.59	7.3784e-10	4.7921e-06	3.582e-06	1.2101e-06	1.3654e-16
80.6	7.5981e-10	4.936e-06	3.6928e-06	1.2432e-06	1.4796e-16
80.61	7.2228e-10	4.6934e-06	3.5053e-06	1.1881e-06	1.5293e-16
80.62	7.488e-10	4.8669e-06	3.6402e-06	1.2267e-06	1.4245e-16
80.63	7.4526e-10	4.8451e-06	3.6227e-06	1.2224e-06	1.4932e-16
80.64	7.2932e-10	4.7426e-06	3.5444e-06	1.1982e-06	1.4605e-16
80.65	7.5178e-10	4.8899e-06	3.657e-06	1.2329e-06	1.4562e-16
80.66	7.2893e-10	4.7425e-06	3.5446e-06	1.1978e-06	1.5183e-16
80.67	7.4872e-10	4.8724e-06	3.643e-06	1.2294e-06	1.495e-16
80.68	7.4019e-10	4.8181e-06	3.6011e-06	1.217e-06	1.5102e-16
80.69	7.2293e-10	4.7069e-06	3.5191e-06	1.1878e-06	1.4111e-16
80.7	7.7098e-10	5.021e-06	3.7543e-06	1.2668e-06	1.4966e-16
80.71	7.0935e-10	4.6208e-06	3.453e-06	1.1678e-06	1.5755e-16
80.72	7.4735e-10	4.8695e-06	3.6414e-06	1.2281e-06	1.4314e-16
80.73	7.619e-10	4.9656e-06	3.7111e-06	1.2544e-06	1.5122e-16
80.74	6.9757e-10	4.5474e-06	3.3994e-06	1.148e-06	1.5176e-16
80.75	7.7309e-10	5.041e-06	3.7693e-06	1.2717e-06	1.4151e-16
80.76	7.3032e-10	4.7633e-06	3.5598e-06	1.2035e-06	1.4881e-16
80.77	7.2138e-10	4.7061e-06	3.5193e-06	1.1868e-06	1.5216e-16
80.78	7.5995e-10	4.959e-06	3.7071e-06	1.2519e-06	1.484e-16
80.79	7.2778e-10	4.7503e-06	3.5519e-06	1.1984e-06	1.5251e-16
80.8	7.3419e-10	4.7933e-06	3.5827e-06	1.2106e-06	1.5064e-16
80.81	7.374e-10	4.8154e-06	3.5992e-06	1.2162e-06	1.4894e-16
80.82	7.4953e-10	4.8958e-06	3.663e-06	1.2328e-06	1.5777e-16
80.83	7.1617e-10	4.6791e-06	3.4953e-06	1.1838e-06	1.4868e-16
80.84	7.4724e-10	4.8833e-06	3.6515e-06	1.2317e-06	1.4982e-16
80.85	7.4734e-10	4.8852e-06	3.6542e-06	1.231e-06	1.5592e-16
80.86	7.0972e-10	4.6404e-06	3.4646e-06	1.1757e-06	1.4596e-16
80.87	7.5876e-10	4.9623e-06	3.7131e-06	1.2491e-06	1.5373e-16
80.88	7.3105e-10	4.7822e-06	3.5749e-06	1.2073e-06	1.5814e-16
80.89	7.2544e-10	4.7467e-06	3.5449e-06	1.2018e-06	1.5714e-16
80.9	7.4351e-10	4.8661e-06	3.6431e-06	1.2231e-06	1.4729e-16
80.91	7.3847e-10	4.8343e-06	3.6109e-06	1.2234e-06	1.4622e-16
80.92	7.2348e-10	4.7374e-06	3.54e-06	1.1974e-06	1.6406e-16
80.93	7.3771e-10	4.8318e-06	3.6165e-06	1.2152e-06	1.4675e-16
80.94	7.4883e-10	4.9058e-06	3.6622e-06	1.2436e-06	1.4853e-16
80.95	7.0958e-10	4.6498e-06	3.4773e-06	1.1724e-06	1.6309e-16
80.96	7.5226e-10	4.9307e-06	3.6883e-06	1.2424e-06	1.3861e-16
80.97	7.3319e-10	4.8069e-06	3.5891e-06	1.2178e-06	1.4524e-16
80.98	7.206e-10	4.7255e-06	3.5362e-06	1.1894e-06	1.6541e-16
80.99	7.462e-10	4.8946e-06	3.6587e-06	1.2359e-06	1.537e-16
81	7.2714e-10	4.7708e-06	3.5642e-06	1.2065e-06	1.5559e-16
81.01	7.3415e-10	4.8179e-06	3.604e-06	1.2139e-06	1.7138e-16
81.02	7.2564e-10	4.7633e-06	3.5595e-06	1.2038e-06	1.5644e-16
81.03	7.4799e-10	4.9112e-06	3.6722e-06	1.239e-06	1.4067e-16
81.04	7.1618e-10	4.7035e-06	3.5166e-06	1.187e-06	1.5915e-16
81.05	7.3563e-10	4.8324e-06	3.6119e-06	1.2205e-06	1.6107e-16
81.06	7.459e-10	4.9011e-06	3.6646e-06	1.2365e-06	1.4527e-16
81.07	7.071e-10	4.6473e-06	3.4732e-06	1.1741e-06	1.5284e-16
81.08	7.5553e-10	4.9668e-06	3.713e-06	1.2538e-06	1.5949e-16
81.09	7.161e-10	4.7088e-06	3.5196e-06	1.1892e-06	1.5495e-16
81.1	7.3796e-10	4.8537e-06	3.6289e-06	1.2248e-06	1.5134e-16
81.11	7.3165e-10	4.8134e-06	3.5991e-06	1.2143e-06	1.5411e-16
81.12	7.2008e-10	4.7385e-06	3.5421e-06	1.1964e-06	1.6231e-16
81.13	7.5499e-10	4.9694e-06	3.7148e-06	1.2546e-06	1.5125e-16
81.14	6.9688e-10	4.5881e-06	3.4301e-06	1.1579e-06	1.5652e-16
81.15	7.5836e-10	4.994e-06	3.7342e-06	1.2598e-06	1.7309e-16
81.16	7.2414e-10	4.7699e-06	3.5643e-06	1.2056e-06	1.4868e-16
81.17	7.0865e-10	4.669e-06	3.4923e-06	1.1767e-06	1.4592e-16
81.18	7.6452e-10	5.0384e-06	3.7667e-06	1.2716e-06	1.6317e-16
81.19	7.023e-10	4.6294e-06	3.4585e-06	1.1709e-06	1.5993e-16
81.2	7.3606e-10	4.8532e-06	3.6313e-06	1.2218e-06	1.56e-16
81.21	7.3757e-10	4.8643e-06	3.6339e-06	1.2304e-06	1.5103e-16
81.22	7.1931e-10	4.7451e-06	3.547e-06	1.1981e-06	1.621e-16
81.23	7.2804e-10	4.8038e-06	3.5936e-06	1.2102e-06	1.6082e-16
81.24	7.3384e-10	4.8433e-06	3.6169e-06	1.2264e-06	1.4837e-16
81.25	7.2862e-10	4.81e-06	3.598e-06	1.212e-06	1.5609e-16
81.26	7.1431e-10	4.7167e-06	3.5255e-06	1.1912e-06	1.5711e-16
81.27	7.4606e-10	4.9276e-06	3.6808e-06	1.2468e-06	1.5682e-16
81.28	7.1463e-10	4.7212e-06	3.5319e-06	1.1893e-06	1.6418e-16
81.29	7.2805e-10	4.811e-06	3.5949e-06	1.2161e-06	1.6626e-16
81.3	7.3301e-10	4.845e-06	3.6213e-06	1.2236e-06	1.5201e-16
81.31	7.206e-10	4.7641e-06	3.5626e-06	1.2015e-06	1.5518e-16
81.32	7.3169e-10	4.8386e-06	3.6159e-06	1.2227e-06	1.6271e-16
81.33	7.1428e-10	4.7247e-06	3.5319e-06	1.1928e-06	1.5024e-16
81.34	7.4638e-10	4.9382e-06	3.6914e-06	1.2468e-06	1.6239e-16
81.35	7.0542e-10	4.6684e-06	3.489e-06	1.1793e-06	1.5381e-16
81.36	7.3018e-10	4.8334e-06	3.6138e-06	1.2196e-06	1.5464e-16
81.37	7.4743e-10	4.9488e-06	3.6992e-06	1.2496e-06	1.7642e-16
81.38	6.8822e-10	4.5579e-06	3.4066e-06	1.1512e-06	1.5011e-16
81.39	7.5482e-10	5.0002e-06	3.7392e-06	1.2609e-06	1.5588e-16
81.4	7.2231e-10	4.786e-06	3.5758e-06	1.2102e-06	1.6838e-16
81.41	7.011e-10	4.6466e-06	3.4736e-06	1.173e-06	1.5483e-16
81.42	7.5438e-10	5.0009e-06	3.7394e-06	1.2615e-06	1.6267e-16
81.43	7.0888e-10	4.7005e-06	3.5108e-06	1.1897e-06	1.5744e-16
81.44	7.2022e-10	4.7768e-06	3.5739e-06	1.2029e-06	1.5563e-16
81.45	7.375e-10	4.8927e-06	3.6557e-06	1.237e-06	1.5901e-16
81.46	7.1335e-10	4.7336e-06	3.5363e-06	1.1973e-06	1.5923e-16
81.47	7.2751e-10	4.8287e-06	3.614e-06	1.2148e-06	1.5658e-16
81.48	7.2006e-10	4.7805e-06	3.5692e-06	1.2112e-06	1.5076e-16
81.49	7.2937e-10	4.8434e-06	3.6228e-06	1.2206e-06	1.6901e-16
81.5	7.1983e-10	4.7813e-06	3.5769e-06	1.2044e-06	1.7172e-16
81.51	7.1206e-10	4.7309e-06	3.5321e-06	1.1988e-06	1.5589e-16
81.52	7.4931e-10	4.9795e-06	3.7271e-06	1.2524e-06	1.5557e-16
81.53	6.9338e-10	4.609e-06	3.4444e-06	1.1646e-06	1.6571e-16
81.54	7.3272e-10	4.8717e-06	3.6394e-06	1.2323e-06	1.6654e-16
81.55	7.4211e-10	4.9353e-06	3.6929e-06	1.2425e-06	1.5391e-16
81.56	6.7945e-10	4.5197e-06	3.3769e-06	1.1428e-06	1.582e-16
81.57	7.6495e-10	5.0897e-06	3.8045e-06	1.2853e-06	1.5654e-16
81.58	6.9959e-10	4.656e-06	3.4816e-06	1.1744e-06	1.5867e-16
81.59	7.1492e-10	4.7592e-06	3.5575e-06	1.2017e-06	1.6943e-16
81.6	7.5001e-10	4.994e-06	3.7329e-06	1.2611e-06	1.504e-16
81.61	6.8342e-10	4.5517e-06	3.4037e-06	1.148e-06	1.5955e-16
81.62	7.5722e-10	5.0445e-06	3.7708e-06	1.2737e-06	1.7214e-16
81.63	6.9449e-10	4.6277e-06	3.4575e-06	1.1703e-06	1.5511e-16
81.64	7.2791e-10	4.8516e-06	3.6293e-06	1.2223e-06	1.6303e-16
81.65	7.3745e-10	4.9164e-06	3.6739e-06	1.2425e-06	1.6629e-16
81.66	6.8166e-10	4.5455e-06	3.3968e-06	1.1487e-06	1.6337e-16
81.67	7.6354e-10	5.0928e-06	3.8093e-06	1.2835e-06	1.6085e-16
81.68	6.903e-10	4.6054e-06	3.4404e-06	1.165e-06	1.5885e-16
81.69	7.2181e-10	4.8168e-06	3.6014e-06	1.2154e-06	1.6717e-16
81.7	7.3669e-10	4.9173e-06	3.6773e-06	1.2401e-06	1.5422e-16
81.71	6.9611e-10	4.6476e-06	3.474e-06	1.1737e-06	1.6223e-16
81.72	7.3375e-10	4.9001e-06	3.6636e-06	1.2366e-06	1.7541e-16
81.73	7.0924e-10	4.7376e-06	3.541e-06	1.1966e-06	1.5269e-16
81.74	7.2906e-10	4.8711e-06	3.6417e-06	1.2294e-06	1.5354e-16
81.75	6.9907e-10	4.6719e-06	3.492e-06	1.1799e-06	1.6206e-16
81.76	7.3402e-10	4.9067e-06	3.6678e-06	1.2389e-06	1.5667e-16
81.77	7.2009e-10	4.8147e-06	3.5991e-06	1.2156e-06	1.6529e-16
81.78	6.9072e-10	4.6195e-06	3.4528e-06	1.1668e-06	1.7026e-16
81.79	7.5608e-10	5.0578e-06	3.7813e-06	1.2766e-06	1.6324e-16
81.8	6.8901e-10	4.6103e-06	3.4467e-06	1.1636e-06	1.6603e-16
81.81	7.1946e-10	4.8153e-06	3.5995e-06	1.2158e-06	1.6568e-16
81.82	7.3542e-10	4.9233e-06	3.6803e-06	1.243e-06	1.5766e-16
81.83	6.9421e-10	4.6486e-06	3.4762e-06	1.1724e-06	1.6329e-16
81.84	7.2695e-10	4.869e-06	3.6381e-06	1.2309e-06	1.6235e-16
81.85	7.1739e-10	4.8061e-06	3.5934e-06	1.2126e-06	1.6167e-16
81.86	7.1139e-10	4.7671e-06	3.5647e-06	1.2024e-06	1.631e-16
81.87	7.1165e-10	4.7699e-06	3.5631e-06	1.2068e-06	1.5729e-16
81.88	7.2621e-10	4.8687e-06	3.6429e-06	1.2259e-06	1.6609e-16
81.89	7.0462e-10	4.7252e-06	3.5311e-06	1.1941e-06	1.6411e-16
81.9	7.1667e-10	4.8072e-06	3.592e-06	1.2151e-06	1.5839e-16
81.91	7.2027e-10	4.8324e-06	3.6159e-06	1.2166e-06	1.6252e-16
81.92	7.0411e-10	4.7252e-06	3.5286e-06	1.1965e-06	1.6075e-16
81.93	7.2693e-10	4.8796e-06	3.6482e-06	1.2313e-06	1.6248e-16
81.94	6.9858e-10	4.6904e-06	3.5079e-06	1.1825e-06	1.646e-16
81.95	7.29e-10	4.8958e-06	3.6583e-06	1.2376e-06	1.687e-16
81.96	7.0593e-10	4.742e-06	3.5462e-06	1.1958e-06	1.6369e-16
81.97	7.0365e-10	4.7279e-06	3.5335e-06	1.1944e-06	1.601e-16
81.98	7.3889e-10	4.9659e-06	3.7123e-06	1.2536e-06	1.6702e-16
81.99	6.8334e-10	4.5937e-06	3.4338e-06	1.1598e-06	1.6338e-16
82	7.279e-10	4.8944e-06	3.6596e-06	1.2348e-06	1.6139e-16
82.01	7.1976e-10	4.8408e-06	3.6189e-06	1.222e-06	1.5955e-16
82.02	6.9091e-10	4.6479e-06	3.4731e-06	1.1748e-06	1.5971e-16
82.03	7.2882e-10	4.9042e-06	3.6679e-06	1.2362e-06	1.6408e-16
82.04	7.1046e-10	4.7818e-06	3.5728e-06	1.209e-06	1.5977e-16
82.05	7.0275e-10	4.7311e-06	3.5363e-06	1.1948e-06	1.6052e-16
82.06	7.1494e-10	4.8143e-06	3.6001e-06	1.2141e-06	1.7121e-16
82.07	7.1937e-10	4.8453e-06	3.6207e-06	1.2246e-06	1.6861e-16
82.08	6.9757e-10	4.6996e-06	3.5144e-06	1.1852e-06	1.5759e-16
82.09	7.1449e-10	4.8148e-06	3.5987e-06	1.216e-06	1.6399e-16
82.1	7.2141e-10	4.8626e-06	3.6346e-06	1.228e-06	1.6623e-16
82.11	6.9399e-10	4.6789e-06	3.4975e-06	1.1814e-06	1.6185e-16
82.12	7.1611e-10	4.8292e-06	3.6101e-06	1.2191e-06	1.6152e-16
82.13	7.2051e-10	4.8601e-06	3.6332e-06	1.2269e-06	1.6372e-16
82.14	6.9487e-10	4.6882e-06	3.5031e-06	1.1851e-06	1.6653e-16
82.15	7.1072e-10	4.7964e-06	3.5876e-06	1.2088e-06	1.5402e-16
82.16	7.27e-10	4.9074e-06	3.6668e-06	1.2407e-06	1.622e-16
82.17	6.8563e-10	4.6293e-06	3.4602e-06	1.1692e-06	1.7134e-16
82.18	7.1775e-10	4.8473e-06	3.626e-06	1.2214e-06	1.6171e-16
82.19	7.2444e-10	4.8937e-06	3.6544e-06	1.2393e-06	1.6814e-16
82.2	6.8046e-10	4.5978e-06	3.4395e-06	1.1583e-06	1.6125e-16
82.21	7.2726e-10	4.9152e-06	3.6749e-06	1.2403e-06	1.6006e-16
82.22	7.0914e-10	4.7939e-06	3.5802e-06	1.2136e-06	1.6767e-16
82.23	6.9262e-10	4.6833e-06	3.5045e-06	1.1789e-06	1.6458e-16
82.24	7.1929e-10	4.8648e-06	3.6353e-06	1.2295e-06	1.6515e-16
82.25	7.0848e-10	4.7929e-06	3.5822e-06	1.2107e-06	1.5444e-16
82.26	6.9764e-10	4.7207e-06	3.5306e-06	1.1902e-06	1.5437e-16
82.27	7.1111e-10	4.813e-06	3.5955e-06	1.2176e-06	1.6445e-16
82.28	7.1551e-10	4.844e-06	3.6218e-06	1.2221e-06	1.6706e-16
82.29	6.9009e-10	4.673e-06	3.4944e-06	1.1787e-06	1.6556e-16
82.3	7.1898e-10	4.8698e-06	3.6392e-06	1.2307e-06	1.6627e-16
82.31	7.0462e-10	4.7737e-06	3.5684e-06	1.2054e-06	1.7239e-16
82.32	6.9978e-10	4.7421e-06	3.5453e-06	1.1968e-06	1.6213e-16
82.33	7.1433e-10	4.8419e-06	3.619e-06	1.2229e-06	1.5922e-16
82.34	6.9733e-10	4.7278e-06	3.5347e-06	1.1931e-06	1.6491e-16
82.35	7.1562e-10	4.853e-06	3.6286e-06	1.2245e-06	1.5893e-16
82.36	6.9046e-10	4.6835e-06	3.4999e-06	1.1836e-06	1.6437e-16
82.37	7.1761e-10	4.8689e-06	3.6403e-06	1.2285e-06	1.6876e-16
82.38	7.0169e-10	4.762e-06	3.5598e-06	1.2022e-06	1.5912e-16
82.39	6.9256e-10	4.7012e-06	3.5135e-06	1.1877e-06	1.5772e-16
82.4	7.2582e-10	4.9281e-06	3.6851e-06	1.2431e-06	1.6731e-16
82.41	6.8291e-10	4.6379e-06	3.4668e-06	1.1711e-06	1.6797e-16
82.42	7.1791e-10	4.8768e-06	3.6457e-06	1.2312e-06	1.624e-16
82.43	6.9707e-10	4.7364e-06	3.5412e-06	1.1952e-06	1.5657e-16
82.44	7.051e-10	4.7921e-06	3.582e-06	1.2101e-06	1.6043e-16
82.45	7.0801e-10	4.8131e-06	3.5977e-06	1.2153e-06	1.7308e-16
82.46	6.8621e-10	4.666e-06	3.488e-06	1.178e-06	1.6127e-16
82.47	7.347e-10	4.9969e-06	3.735e-06	1.262e-06	1.5598e-16
82.48	6.6872e-10	4.5493e-06	3.3999e-06	1.1493e-06	1.7316e-16
82.49	7.1986e-10	4.8984e-06	3.6623e-06	1.236e-06	1.7199e-16
82.5	7.16e-10	4.8732e-06	3.6429e-06	1.2303e-06	1.6271e-16
82.51	6.6388e-10	4.5196e-06	3.3778e-06	1.1418e-06	1.6012e-16
82.52	7.4127e-10	5.0477e-06	3.7737e-06	1.274e-06	1.5906e-16
82.53	6.8617e-10	4.6736e-06	3.494e-06	1.1796e-06	1.5598e-16
82.54	6.9132e-10	4.7099e-06	3.5202e-06	1.1897e-06	1.6261e-16
82.55	7.2172e-10	4.9182e-06	3.6767e-06	1.2415e-06	1.7216e-16
82.56	6.9154e-10	4.7136e-06	3.5236e-06	1.1901e-06	1.6032e-16
82.57	6.9291e-10	4.7241e-06	3.5293e-06	1.1948e-06	1.6255e-16
82.58	7.1269e-10	4.8602e-06	3.6349e-06	1.2253e-06	1.733e-16
82.59	7.023e-10	4.7905e-06	3.5808e-06	1.2097e-06	1.5635e-16
82.6	6.7943e-10	4.6356e-06	3.4629e-06	1.1726e-06	1.5809e-16
82.61	7.2767e-10	4.9659e-06	3.715e-06	1.2509e-06	1.7357e-16
82.62	6.854e-10	4.6786e-06	3.4949e-06	1.1837e-06	1.6568e-16
82.63	6.9291e-10	4.731e-06	3.5366e-06	1.1945e-06	1.6162e-16
82.64	7.1962e-10	4.9145e-06	3.6763e-06	1.2383e-06	1.6632e-16
82.65	6.7945e-10	4.6413e-06	3.466e-06	1.1753e-06	1.684e-16
82.66	7.1099e-10	4.858e-06	3.6342e-06	1.2238e-06	1.5913e-16
82.67	6.9276e-10	4.7346e-06	3.5395e-06	1.195e-06	1.5699e-16
82.68	7.0261e-10	4.803e-06	3.5885e-06	1.2145e-06	1.6621e-16
82.69	6.9532e-10	4.7543e-06	3.5564e-06	1.1979e-06	1.5645e-16
82.7	6.9331e-10	4.7418e-06	3.5428e-06	1.199e-06	1.6207e-16
82.71	7.1208e-10	4.8713e-06	3.6418e-06	1.2295e-06	1.7033e-16
82.72	6.7908e-10	4.6467e-06	3.4736e-06	1.173e-06	1.6036e-16
82.73	7.1089e-10	4.8655e-06	3.6356e-06	1.2299e-06	1.6112e-16
82.74	6.9689e-10	4.7708e-06	3.5673e-06	1.2035e-06	1.6012e-16
82.75	6.8922e-10	4.7195e-06	3.5272e-06	1.1923e-06	1.6786e-16
82.76	7.0245e-10	4.8112e-06	3.5972e-06	1.214e-06	1.6808e-16
82.77	6.9728e-10	4.777e-06	3.5711e-06	1.2058e-06	1.6536e-16
82.78	6.9433e-10	4.7579e-06	3.5563e-06	1.2016e-06	1.7049e-16
82.79	6.8971e-10	4.7274e-06	3.5342e-06	1.1932e-06	1.5746e-16
82.8	7.1231e-10	4.8834e-06	3.6495e-06	1.2339e-06	1.6136e-16
82.81	6.7736e-10	4.645e-06	3.4729e-06	1.172e-06	1.6688e-16
82.82	7.0398e-10	4.8287e-06	3.6097e-06	1.219e-06	1.6678e-16
82.83	7.0349e-10	4.8265e-06	3.6076e-06	1.2189e-06	1.6515e-16
82.84	6.7557e-10	4.636e-06	3.4658e-06	1.1702e-06	1.5066e-16
82.85	7.1577e-10	4.9131e-06	3.6721e-06	1.2411e-06	1.619e-16
82.86	6.8034e-10	4.6711e-06	3.4917e-06	1.1793e-06	1.6759e-16
82.87	7.0047e-10	4.8104e-06	3.5958e-06	1.2146e-06	1.6304e-16
82.88	6.9727e-10	4.7896e-06	3.5803e-06	1.2093e-06	1.6598e-16
82.89	6.8225e-10	4.6876e-06	3.504e-06	1.1836e-06	1.6467e-16
82.9	7.1473e-10	4.9119e-06	3.6723e-06	1.2396e-06	1.7012e-16
82.91	6.7025e-10	4.6073e-06	3.4449e-06	1.1624e-06	1.6202e-16
82.92	7.0485e-10	4.8463e-06	3.6225e-06	1.2239e-06	1.6047e-16
82.93	7.0558e-10	4.8525e-06	3.628e-06	1.2245e-06	1.6934e-16
82.94	6.6209e-10	4.5545e-06	3.405e-06	1.1495e-06	1.645e-16
82.95	7.2409e-10	4.9823e-06	3.724e-06	1.2583e-06	1.615e-16
82.96	6.8551e-10	4.7179e-06	3.5269e-06	1.1911e-06	1.6001e-16
82.97	6.6899e-10	4.6054e-06	3.443e-06	1.1624e-06	1.5992e-16
82.98	7.3181e-10	5.039e-06	3.7662e-06	1.2728e-06	1.5771e-16
82.99	6.6454e-10	4.5769e-06	3.4207e-06	1.1562e-06	1.6663e-16
83	6.9098e-10	4.7601e-06	3.5589e-06	1.2013e-06	1.7183e-16
83.01	7.1783e-10	4.9463e-06	3.6963e-06	1.2501e-06	1.5359e-16
83.02	6.6074e-10	4.554e-06	3.4049e-06	1.1491e-06	1.6068e-16
83.03	7.1065e-10	4.8992e-06	3.6628e-06	1.2364e-06	1.7147e-16
83.04	6.85e-10	4.7235e-06	3.5291e-06	1.1944e-06	1.6104e-16
83.05	6.9025e-10	4.7609e-06	3.5605e-06	1.2004e-06	1.6547e-16
83.06	6.9213e-10	4.775e-06	3.5682e-06	1.2068e-06	1.6477e-16
83.07	6.8141e-10	4.7022e-06	3.515e-06	1.1872e-06	1.6122e-16
83.08	7.1515e-10	4.9362e-06	3.6917e-06	1.2445e-06	1.657e-16
83.09	6.5226e-10	4.5032e-06	3.3639e-06	1.1393e-06	1.5759e-16
83.1	7.2211e-10	4.9866e-06	3.7295e-06	1.2571e-06	1.6152e-16
83.11	6.8579e-10	4.7369e-06	3.5407e-06	1.1962e-06	1.7232e-16
83.12	6.5882e-10	4.5517e-06	3.4019e-06	1.1498e-06	1.6026e-16
83.13	7.4226e-10	5.1294e-06	3.8368e-06	1.2926e-06	1.5038e-16
83.14	6.4422e-10	4.453e-06	3.3275e-06	1.1255e-06	1.6432e-16
83.15	7.0791e-10	4.8944e-06	3.6603e-06	1.2341e-06	1.7198e-16
83.16	7.0042e-10	4.8438e-06	3.6203e-06	1.2235e-06	1.5579e-16
83.17	6.5921e-10	4.5599e-06	3.4082e-06	1.1518e-06	1.5529e-16
83.18	7.2001e-10	4.9817e-06	3.7256e-06	1.256e-06	1.7118e-16
83.19	6.6258e-10	4.5854e-06	3.4258e-06	1.1596e-06	1.7125e-16
83.2	7.0382e-10	4.872e-06	3.6437e-06	1.2283e-06	1.5667e-16
83.21	6.8319e-10	4.7303e-06	3.5355e-06	1.1949e-06	1.5618e-16
83.22	6.7897e-10	4.7023e-06	3.5138e-06	1.1885e-06	1.7351e-16
83.23	7.0613e-10	4.8915e-06	3.6581e-06	1.2334e-06	1.5901e-16
83.24	6.6488e-10	4.6069e-06	3.4421e-06	1.1647e-06	1.4977e-16
83.25	7.0053e-10	4.8551e-06	3.6301e-06	1.225e-06	1.6932e-16
83.26	6.8378e-10	4.7401e-06	3.5434e-06	1.1968e-06	1.6482e-16
83.27	6.8177e-10	4.7273e-06	3.5335e-06	1.1938e-06	1.6028e-16
83.28	6.8785e-10	4.7706e-06	3.5667e-06	1.2039e-06	1.5801e-16
83.29	6.8835e-10	4.7752e-06	3.5695e-06	1.2057e-06	1.6029e-16
83.3	6.835e-10	4.7427e-06	3.5468e-06	1.1959e-06	1.6895e-16
83.31	6.7728e-10	4.7007e-06	3.5119e-06	1.1888e-06	1.5545e-16
83.32	7.0232e-10	4.8757e-06	3.6463e-06	1.2294e-06	1.5527e-16
83.33	6.6805e-10	4.6388e-06	3.4683e-06	1.1705e-06	1.6808e-16
83.34	6.8906e-10	4.7859e-06	3.5748e-06	1.2111e-06	1.6773e-16
83.35	6.9448e-10	4.8247e-06	3.6105e-06	1.2141e-06	1.6016e-16
83.36	6.7092e-10	4.6621e-06	3.4829e-06	1.1792e-06	1.6156e-16
83.37	6.8886e-10	4.788e-06	3.5784e-06	1.2096e-06	1.6631e-16
83.38	6.8919e-10	4.7914e-06	3.5856e-06	1.2058e-06	1.5371e-16
83.39	6.7928e-10	4.7237e-06	3.5265e-06	1.1972e-06	1.5349e-16
83.4	6.7462e-10	4.6924e-06	3.5095e-06	1.1829e-06	1.6254e-16
83.41	7.0212e-10	4.8848e-06	3.6533e-06	1.2315e-06	1.6255e-16
83.42	6.6725e-10	4.6433e-06	3.4677e-06	1.1757e-06	1.6571e-16
83.43	6.7997e-10	4.733e-06	3.5413e-06	1.1916e-06	1.6328e-16
83.44	7.036e-10	4.8986e-06	3.6606e-06	1.238e-06	1.6015e-16
83.45	6.5769e-10	4.5801e-06	3.4223e-06	1.1578e-06	1.6337e-16
83.46	6.9203e-10	4.8204e-06	3.6062e-06	1.2141e-06	1.6493e-16
83.47	6.8896e-10	4.8002e-06	3.5866e-06	1.2136e-06	1.5945e-16
83.48	6.6985e-10	4.6681e-06	3.4889e-06	1.1792e-06	1.548e-16
83.49	6.8322e-10	4.7624e-06	3.5611e-06	1.2013e-06	1.5796e-16
83.5	6.903e-10	4.8129e-06	3.5973e-06	1.2156e-06	1.609e-16
83.51	6.7377e-10	4.6988e-06	3.5125e-06	1.1863e-06	1.6283e-16
83.52	6.7265e-10	4.6921e-06	3.5085e-06	1.1836e-06	1.6098e-16
83.53	7.0255e-10	4.9019e-06	3.6644e-06	1.2375e-06	1.5448e-16
83.54	6.5968e-10	4.6039e-06	3.4407e-06	1.1632e-06	1.5844e-16
83.55	6.8326e-10	4.7696e-06	3.5665e-06	1.203e-06	1.6897e-16
83.56	6.967e-10	4.8646e-06	3.6361e-06	1.2285e-06	1.6664e-16
83.57	6.5609e-10	4.5821e-06	3.4245e-06	1.1576e-06	1.6011e-16
83.58	6.9182e-10	4.8328e-06	3.6142e-06	1.2186e-06	1.6133e-16
83.59	6.8289e-10	4.7715e-06	3.5662e-06	1.2053e-06	1.6487e-16
83.6	6.6594e-10	4.6542e-06	3.4791e-06	1.1752e-06	1.5711e-16
83.61	6.8658e-10	4.7996e-06	3.5893e-06	1.2104e-06	1.5284e-16
83.62	6.8118e-10	4.763e-06	3.5596e-06	1.2035e-06	1.638e-16
83.63	6.6999e-10	4.6859e-06	3.5032e-06	1.1827e-06	1.5534e-16
83.64	6.8552e-10	4.7957e-06	3.5858e-06	1.2098e-06	1.541e-16
83.65	6.7465e-10	4.7208e-06	3.528e-06	1.1927e-06	1.6498e-16
83.66	6.7607e-10	4.7318e-06	3.5375e-06	1.1943e-06	1.5579e-16
83.67	6.8256e-10	4.7784e-06	3.5724e-06	1.206e-06	1.5936e-16
83.68	6.6616e-10	4.6646e-06	3.4866e-06	1.178e-06	1.6583e-16
83.69	6.941e-10	4.8615e-06	3.6341e-06	1.2274e-06	1.6312e-16
83.7	6.6029e-10	4.6258e-06	3.4579e-06	1.1679e-06	1.5688e-16
83.71	6.8118e-10	4.7733e-06	3.5683e-06	1.205e-06	1.5826e-16
83.72	6.9244e-10	4.8534e-06	3.627e-06	1.2264e-06	1.6439e-16
83.73	6.4543e-10	4.5249e-06	3.3828e-06	1.1421e-06	1.4962e-16
83.74	7.0426e-10	4.9385e-06	3.6921e-06	1.2464e-06	1.5749e-16
83.75	6.6673e-10	4.6765e-06	3.4949e-06	1.1816e-06	1.664e-16
83.76	6.6343e-10	4.6545e-06	3.4807e-06	1.1737e-06	1.5196e-16
83.77	6.9712e-10	4.892e-06	3.6564e-06	1.2356e-06	1.6226e-16
83.78	6.6036e-10	4.6351e-06	3.4643e-06	1.1708e-06	1.705e-16
83.79	6.772e-10	4.7545e-06	3.5556e-06	1.1989e-06	1.5435e-16
83.8	6.7694e-10	4.7538e-06	3.5527e-06	1.201e-06	1.5091e-16
83.81	6.7691e-10	4.7547e-06	3.5545e-06	1.2002e-06	1.6318e-16
83.82	6.6386e-10	4.6641e-06	3.487e-06	1.1771e-06	1.5268e-16
83.83	6.8311e-10	4.8006e-06	3.5888e-06	1.2117e-06	1.5275e-16
83.84	6.7408e-10	4.7382e-06	3.5423e-06	1.1959e-06	1.6402e-16
83.85	6.6141e-10	4.6503e-06	3.4761e-06	1.1742e-06	1.5399e-16
83.86	6.9032e-10	4.8547e-06	3.63e-06	1.2247e-06	1.5869e-16
83.87	6.5974e-10	4.6407e-06	3.4678e-06	1.1729e-06	1.5498e-16
83.88	6.8061e-10	4.7887e-06	3.5804e-06	1.2083e-06	1.5829e-16
83.89	6.6778e-10	4.6995e-06	3.5138e-06	1.1858e-06	1.6401e-16
83.9	6.7651e-10	4.7621e-06	3.5581e-06	1.204e-06	1.4714e-16
83.91	6.7544e-10	4.7557e-06	3.5577e-06	1.198e-06	1.6126e-16
83.92	6.5611e-10	4.6207e-06	3.4534e-06	1.1673e-06	1.6343e-16
83.93	6.9982e-10	4.9297e-06	3.684e-06	1.2457e-06	1.5132e-16
83.94	6.4438e-10	4.5403e-06	3.3972e-06	1.143e-06	1.5838e-16
83.95	6.8269e-10	4.8113e-06	3.5946e-06	1.2168e-06	1.5556e-16
83.96	6.8202e-10	4.8078e-06	3.5937e-06	1.2141e-06	1.5495e-16
83.97	6.466e-10	4.5592e-06	3.4096e-06	1.1496e-06	1.5799e-16
83.98	6.9557e-10	4.9056e-06	3.6644e-06	1.2412e-06	1.5477e-16
83.99	6.5411e-10	4.6143e-06	3.4506e-06	1.1637e-06	1.5595e-16
84	6.7899e-10	4.791e-06	3.5827e-06	1.2083e-06	1.59e-16
84.01	6.637e-10	4.6842e-06	3.4995e-06	1.1846e-06	1.4807e-16
84.02	6.7134e-10	4.7393e-06	3.5439e-06	1.1953e-06	1.5102e-16
84.03	6.806e-10	4.8058e-06	3.5935e-06	1.2123e-06	1.5553e-16
84.04	6.4229e-10	4.5363e-06	3.3896e-06	1.1467e-06	1.4773e-16
84.05	7.0444e-10	4.9765e-06	3.721e-06	1.2555e-06	1.6217e-16
84.06	6.4592e-10	4.5641e-06	3.4129e-06	1.1513e-06	1.5757e-16
84.07	6.6421e-10	4.6945e-06	3.5076e-06	1.1869e-06	1.5325e-16
84.08	6.9908e-10	4.9421e-06	3.6954e-06	1.2467e-06	1.5775e-16
84.09	6.3148e-10	4.4653e-06	3.3387e-06	1.1266e-06	1.4869e-16
84.1	6.8989e-10	4.8794e-06	3.6457e-06	1.2337e-06	1.5803e-16
84.11	6.7066e-10	4.7446e-06	3.5486e-06	1.1959e-06	1.463e-16
84.12	6.4948e-10	4.5958e-06	3.4351e-06	1.1608e-06	1.4123e-16
84.13	6.8566e-10	4.853e-06	3.626e-06	1.227e-06	1.597e-16
84.14	6.568e-10	4.6498e-06	3.478e-06	1.1719e-06	1.5475e-16
84.15	6.6808e-10	4.7308e-06	3.535e-06	1.1959e-06	1.5188e-16
84.16	6.6892e-10	4.7379e-06	3.5411e-06	1.1968e-06	1.5313e-16
84.17	6.6177e-10	4.6884e-06	3.5053e-06	1.1831e-06	1.5032e-16
84.18	6.7576e-10	4.7887e-06	3.5786e-06	1.21e-06	1.4951e-16
84.19	6.529e-10	4.6278e-06	3.4605e-06	1.1673e-06	1.4818e-16
84.2	6.7428e-10	4.7804e-06	3.5728e-06	1.2076e-06	1.4981e-16
84.21	6.7057e-10	4.7553e-06	3.5552e-06	1.2001e-06	1.551e-16
84.22	6.4569e-10	4.5798e-06	3.4233e-06	1.1566e-06	1.46e-16
84.23	6.8944e-10	4.8914e-06	3.6561e-06	1.2353e-06	1.4711e-16
84.24	6.5268e-10	4.6317e-06	3.4648e-06	1.1668e-06	1.6121e-16
84.25	6.5938e-10	4.6803e-06	3.4958e-06	1.1845e-06	1.4025e-16
84.26	6.8153e-10	4.8387e-06	3.6185e-06	1.2202e-06	1.4492e-16
84.27	6.4695e-10	4.5943e-06	3.4357e-06	1.1586e-06	1.6022e-16
84.28	6.7652e-10	4.8054e-06	3.5885e-06	1.2169e-06	1.3767e-16
84.29	6.5421e-10	4.648e-06	3.4789e-06	1.1691e-06	1.4247e-16
84.3	6.7391e-10	4.7891e-06	3.5778e-06	1.2114e-06	1.5767e-16
84.31	6.5641e-10	4.6659e-06	3.4862e-06	1.1796e-06	1.5161e-16
84.32	6.5428e-10	4.6519e-06	3.4826e-06	1.1692e-06	1.409e-16
84.33	6.9438e-10	4.9381e-06	3.6869e-06	1.2511e-06	1.472e-16
84.34	6.2051e-10	4.4138e-06	3.301e-06	1.1128e-06	1.5102e-16
84.35	6.9186e-10	4.9225e-06	3.6819e-06	1.2406e-06	1.4117e-16
84.36	6.6774e-10	4.752e-06	3.5476e-06	1.2044e-06	1.4595e-16
84.37	6.2419e-10	4.4432e-06	3.3249e-06	1.1183e-06	1.4418e-16
84.38	7.1033e-10	5.0575e-06	3.7806e-06	1.2769e-06	1.4565e-16
84.39	6.3483e-10	4.521e-06	3.3771e-06	1.144e-06	1.4463e-16
84.4	6.5679e-10	4.6786e-06	3.5006e-06	1.178e-06	1.4266e-16
84.41	6.8674e-10	4.8931e-06	3.657e-06	1.236e-06	1.4801e-16
84.42	6.3929e-10	4.5561e-06	3.4049e-06	1.1511e-06	1.3638e-16
84.43	6.651e-10	4.7411e-06	3.5473e-06	1.1939e-06	1.4412e-16
84.44	6.7017e-10	4.7784e-06	3.5703e-06	1.2081e-06	1.4884e-16
84.45	6.5202e-10	4.6501e-06	3.4755e-06	1.1746e-06	1.4147e-16
84.46	6.5466e-10	4.67e-06	3.4949e-06	1.1751e-06	1.4385e-16
84.47	6.7528e-10	4.8182e-06	3.5981e-06	1.2201e-06	1.4237e-16
84.48	6.4439e-10	4.599e-06	3.4392e-06	1.1598e-06	1.4492e-16
84.49	6.6331e-10	4.7351e-06	3.5427e-06	1.1923e-06	1.3652e-16
84.5	6.6554e-10	4.7521e-06	3.5474e-06	1.2047e-06	1.4448e-16
84.51	6.4519e-10	4.6079e-06	3.4494e-06	1.1585e-06	1.4917e-16
84.52	6.7218e-10	4.8018e-06	3.5888e-06	1.2129e-06	1.3162e-16
84.53	6.4591e-10	4.6152e-06	3.4469e-06	1.1684e-06	1.4127e-16
84.54	6.6742e-10	4.7701e-06	3.5716e-06	1.1985e-06	1.4475e-16
84.55	6.5519e-10	4.6838e-06	3.4968e-06	1.1869e-06	1.412e-16
84.56	6.5064e-10	4.6523e-06	3.4781e-06	1.1742e-06	1.3837e-16
84.57	6.7184e-10	4.8051e-06	3.5946e-06	1.2105e-06	1.3155e-16
84.58	6.4236e-10	4.5953e-06	3.4312e-06	1.1641e-06	1.4529e-16
84.59	6.6532e-10	4.7607e-06	3.5615e-06	1.1992e-06	1.424e-16
84.6	6.5674e-10	4.7004e-06	3.5134e-06	1.187e-06	1.3271e-16
84.61	6.5334e-10	4.6772e-06	3.4954e-06	1.1818e-06	1.4678e-16
84.62	6.562e-10	4.6988e-06	3.5143e-06	1.1845e-06	1.4644e-16
84.63	6.5901e-10	4.72e-06	3.5278e-06	1.1922e-06	1.305e-16
84.64	6.5692e-10	4.7062e-06	3.5181e-06	1.1881e-06	1.3434e-16
84.65	6.4587e-10	4.6281e-06	3.4604e-06	1.1677e-06	1.4599e-16
84.66	6.7114e-10	4.8102e-06	3.5963e-06	1.2139e-06	1.3743e-16
84.67	6.444e-10	4.6197e-06	3.4525e-06	1.1672e-06	1.3042e-16
84.68	6.544e-10	4.6925e-06	3.5086e-06	1.1839e-06	1.3935e-16
84.69	6.625e-10	4.7517e-06	3.5516e-06	1.2001e-06	1.4006e-16
84.7	6.4838e-10	4.6515e-06	3.4773e-06	1.1742e-06	1.3195e-16
84.71	6.5228e-10	4.6806e-06	3.5e-06	1.1806e-06	1.3478e-16
84.72	6.5811e-10	4.7236e-06	3.5301e-06	1.1935e-06	1.4325e-16
84.73	6.6079e-10	4.7439e-06	3.5486e-06	1.1953e-06	1.3624e-16
84.74	6.3159e-10	4.5354e-06	3.3893e-06	1.1461e-06	1.3321e-16
84.75	6.7979e-10	4.8827e-06	3.651e-06	1.2316e-06	1.4221e-16
84.76	6.4217e-10	4.6135e-06	3.4501e-06	1.1634e-06	1.3202e-16
84.77	6.3706e-10	4.5779e-06	3.4193e-06	1.1586e-06	1.2942e-16
84.78	6.8957e-10	4.9564e-06	3.7087e-06	1.2477e-06	1.3581e-16
84.79	6.1754e-10	4.4397e-06	3.3161e-06	1.1236e-06	1.3316e-16
84.8	6.6842e-10	4.8066e-06	3.5932e-06	1.2134e-06	1.4131e-16
84.81	6.6008e-10	4.7478e-06	3.5526e-06	1.1951e-06	1.3215e-16
84.82	6.3282e-10	4.5528e-06	3.3987e-06	1.1541e-06	1.331e-16
84.83	6.6949e-10	4.8177e-06	3.605e-06	1.2128e-06	1.444e-16
84.84	6.3819e-10	4.5936e-06	3.4338e-06	1.1599e-06	1.305e-16
84.85	6.6237e-10	4.7688e-06	3.5633e-06	1.2055e-06	1.3951e-16
84.86	6.3819e-10	4.5958e-06	3.4389e-06	1.1569e-06	1.3928e-16
84.87	6.5791e-10	4.7389e-06	3.5401e-06	1.1988e-06	1.288e-16
84.88	6.5798e-10	4.7405e-06	3.5455e-06	1.195e-06	1.3474e-16
84.89	6.2694e-10	4.5179e-06	3.3779e-06	1.1401e-06	1.2884e-16
84.9	6.7753e-10	4.8836e-06	3.6502e-06	1.2335e-06	1.3188e-16
84.91	6.3421e-10	4.5725e-06	3.4189e-06	1.1536e-06	1.3061e-16
84.92	6.4407e-10	4.6447e-06	3.4715e-06	1.1731e-06	1.3395e-16
84.93	6.6876e-10	4.8238e-06	3.6075e-06	1.2163e-06	1.3874e-16
84.94	6.3089e-10	4.5518e-06	3.4014e-06	1.1504e-06	1.2865e-16
84.95	6.5522e-10	4.7284e-06	3.5368e-06	1.1916e-06	1.3707e-16
84.96	6.5364e-10	4.7181e-06	3.5262e-06	1.1919e-06	1.3427e-16
84.97	6.3977e-10	4.6191e-06	3.4524e-06	1.1667e-06	1.2556e-16
84.98	6.53e-10	4.7157e-06	3.5286e-06	1.1871e-06	1.3427e-16
84.99	6.4604e-10	4.6665e-06	3.4853e-06	1.1812e-06	1.3651e-16
85	6.4634e-10	4.6698e-06	3.4939e-06	1.176e-06	1.3242e-16
85.01	6.5051e-10	4.701e-06	3.5141e-06	1.1869e-06	1.3132e-16
85.02	6.3994e-10	4.6257e-06	3.456e-06	1.1697e-06	1.352e-16
85.03	6.5726e-10	4.7521e-06	3.5566e-06	1.1954e-06	1.3481e-16
85.04	6.4052e-10	4.6321e-06	3.4597e-06	1.1724e-06	1.3438e-16
85.05	6.4074e-10	4.6348e-06	3.4668e-06	1.168e-06	1.3178e-16
85.06	6.6365e-10	4.8017e-06	3.5898e-06	1.2119e-06	1.2677e-16
85.07	6.2798e-10	4.5446e-06	3.395e-06	1.1496e-06	1.2934e-16
85.08	6.5196e-10	4.7193e-06	3.5317e-06	1.1876e-06	1.3144e-16
85.09	6.5551e-10	4.7461e-06	3.5457e-06	1.2004e-06	1.305e-16
85.1	6.2907e-10	4.5558e-06	3.4066e-06	1.1491e-06	1.342e-16
85.11	6.5075e-10	4.7138e-06	3.5249e-06	1.189e-06	1.3762e-16
85.12	6.5317e-10	4.7325e-06	3.5367e-06	1.1958e-06	1.2703e-16
85.13	6.3278e-10	4.5858e-06	3.4299e-06	1.1559e-06	1.2958e-16
85.14	6.4339e-10	4.6639e-06	3.4855e-06	1.1783e-06	1.342e-16
85.15	6.6356e-10	4.8112e-06	3.5975e-06	1.2137e-06	1.2518e-16
85.16	6.1799e-10	4.4818e-06	3.3501e-06	1.1317e-06	1.3383e-16
85.17	6.5613e-10	4.7595e-06	3.5584e-06	1.2011e-06	1.3143e-16
85.18	6.565e-10	4.7633e-06	3.5616e-06	1.2017e-06	1.2673e-16
85.19	6.1333e-10	4.4511e-06	3.3266e-06	1.1245e-06	1.2952e-16
85.2	6.7104e-10	4.8711e-06	3.6424e-06	1.2288e-06	1.2813e-16
85.21	6.3148e-10	4.585e-06	3.4273e-06	1.1577e-06	1.3652e-16
85.22	6.3858e-10	4.6376e-06	3.4681e-06	1.1695e-06	1.299e-16
85.23	6.5131e-10	4.7312e-06	3.5358e-06	1.1954e-06	1.3253e-16
85.24	6.3351e-10	4.603e-06	3.4413e-06	1.1617e-06	1.3706e-16
85.25	6.5152e-10	4.735e-06	3.5409e-06	1.1941e-06	1.2574e-16
85.26	6.2507e-10	4.5438e-06	3.3957e-06	1.1481e-06	1.2836e-16
85.27	6.6238e-10	4.8161e-06	3.6035e-06	1.2127e-06	1.2353e-16
85.28	6.2693e-10	4.5594e-06	3.4065e-06	1.1529e-06	1.2756e-16
85.29	6.3615e-10	4.6276e-06	3.4598e-06	1.1678e-06	1.3352e-16
85.3	6.6598e-10	4.8458e-06	3.6242e-06	1.2215e-06	1.2311e-16
85.31	6.1151e-10	4.4505e-06	3.3235e-06	1.127e-06	1.3117e-16
85.32	6.5716e-10	4.7838e-06	3.5797e-06	1.2041e-06	1.3457e-16
85.33	6.4251e-10	4.6782e-06	3.4962e-06	1.1821e-06	1.2947e-16
85.34	6.2613e-10	4.56e-06	3.4074e-06	1.1527e-06	1.3458e-16
85.35	6.4873e-10	4.7258e-06	3.5362e-06	1.1896e-06	1.2705e-16
85.36	6.4137e-10	4.6732e-06	3.4914e-06	1.1818e-06	1.2503e-16
85.37	6.318e-10	4.6046e-06	3.4423e-06	1.1623e-06	1.3626e-16
85.38	6.398e-10	4.664e-06	3.4873e-06	1.1766e-06	1.2985e-16
85.39	6.5056e-10	4.7435e-06	3.5453e-06	1.1983e-06	1.2924e-16
85.4	6.174e-10	4.5028e-06	3.366e-06	1.1367e-06	1.3008e-16
85.41	6.5567e-10	4.783e-06	3.5768e-06	1.2063e-06	1.169e-16
85.42	6.3202e-10	4.6116e-06	3.4471e-06	1.1645e-06	1.2597e-16
85.43	6.2882e-10	4.5893e-06	3.43e-06	1.1593e-06	1.3048e-16
85.44	6.5715e-10	4.7972e-06	3.5886e-06	1.2086e-06	1.2729e-16
85.45	6.1225e-10	4.4705e-06	3.3393e-06	1.1312e-06	1.352e-16
85.46	6.5991e-10	4.8196e-06	3.604e-06	1.2157e-06	1.2433e-16
85.47	6.2384e-10	4.5572e-06	3.4087e-06	1.1485e-06	1.2455e-16
85.48	6.3175e-10	4.6161e-06	3.4476e-06	1.1685e-06	1.3509e-16
85.49	6.5775e-10	4.8072e-06	3.5975e-06	1.2098e-06	1.2624e-16
85.5	6.0589e-10	4.4292e-06	3.3096e-06	1.1197e-06	1.2633e-16
85.51	6.5898e-10	4.8184e-06	3.6004e-06	1.218e-06	1.3173e-16
85.52	6.3028e-10	4.6097e-06	3.4489e-06	1.1608e-06	1.2708e-16
85.53	6.2452e-10	4.5686e-06	3.4122e-06	1.1564e-06	1.2178e-16
85.54	6.4881e-10	4.7474e-06	3.5503e-06	1.1971e-06	1.2484e-16
85.55	6.2623e-10	4.5832e-06	3.4265e-06	1.1567e-06	1.3289e-16
85.56	6.3577e-10	4.6541e-06	3.4779e-06	1.1762e-06	1.2803e-16
85.57	6.3027e-10	4.615e-06	3.4517e-06	1.1633e-06	1.2262e-16
85.58	6.4487e-10	4.723e-06	3.5303e-06	1.1926e-06	1.2872e-16
85.59	6.2117e-10	4.5505e-06	3.4018e-06	1.1487e-06	1.261e-16
85.6	6.3498e-10	4.6527e-06	3.4777e-06	1.1751e-06	1.2222e-16
85.61	6.4853e-10	4.7531e-06	3.5539e-06	1.1993e-06	1.312e-16
85.62	6.1004e-10	4.4721e-06	3.3422e-06	1.1299e-06	1.3276e-16
85.63	6.4572e-10	4.7347e-06	3.5401e-06	1.1946e-06	1.2705e-16
85.64	6.4099e-10	4.7012e-06	3.516e-06	1.1851e-06	1.3029e-16
85.65	6.0995e-10	4.4746e-06	3.3421e-06	1.1325e-06	1.2317e-16
85.66	6.4803e-10	4.755e-06	3.5578e-06	1.1971e-06	1.1859e-16
85.67	6.3714e-10	4.6762e-06	3.4951e-06	1.181e-06	1.3096e-16
85.68	6.079e-10	4.4626e-06	3.3342e-06	1.1284e-06	1.2276e-16
85.69	6.5404e-10	4.8025e-06	3.5938e-06	1.2086e-06	1.2192e-16
85.7	6.2665e-10	4.6024e-06	3.4377e-06	1.1648e-06	1.3324e-16
85.71	6.1365e-10	4.508e-06	3.3717e-06	1.1363e-06	1.2315e-16
85.72	6.5475e-10	4.8111e-06	3.5975e-06	1.2135e-06	1.2488e-16
85.73	6.1609e-10	4.528e-06	3.3829e-06	1.1452e-06	1.3001e-16
85.74	6.3056e-10	4.6355e-06	3.4683e-06	1.1672e-06	1.257e-16
85.75	6.3677e-10	4.6822e-06	3.4985e-06	1.1837e-06	1.2109e-16
85.76	6.2524e-10	4.5985e-06	3.4388e-06	1.1597e-06	1.2576e-16
85.77	6.2936e-10	4.6299e-06	3.4616e-06	1.1683e-06	1.3438e-16
85.78	6.2706e-10	4.614e-06	3.4486e-06	1.1655e-06	1.1976e-16
85.79	6.3851e-10	4.6994e-06	3.5157e-06	1.1836e-06	1.252e-16
85.8	6.1321e-10	4.5142e-06	3.3725e-06	1.1417e-06	1.316e-16
85.81	6.4023e-10	4.7143e-06	3.5267e-06	1.1876e-06	1.1953e-16
85.82	6.2576e-10	4.6087e-06	3.4454e-06	1.1633e-06	1.3321e-16
85.83	6.1918e-10	4.5613e-06	3.4084e-06	1.153e-06	1.3041e-16
85.84	6.4129e-10	4.7254e-06	3.5363e-06	1.1891e-06	1.1843e-16
85.85	6.1227e-10	4.5125e-06	3.3703e-06	1.1422e-06	1.2096e-16
85.86	6.4091e-10	4.7247e-06	3.5334e-06	1.1914e-06	1.195e-16
85.87	6.16e-10	4.5422e-06	3.3976e-06	1.1446e-06	1.2481e-16
85.88	6.2965e-10	4.6439e-06	3.4687e-06	1.1751e-06	1.2855e-16
85.89	6.3653e-10	4.6958e-06	3.5135e-06	1.1823e-06	1.2529e-16
85.9	6.0418e-10	4.4582e-06	3.3318e-06	1.1264e-06	1.2596e-16
85.91	6.4905e-10	4.7903e-06	3.5803e-06	1.21e-06	1.2956e-16
85.92	6.143e-10	4.5349e-06	3.3927e-06	1.1422e-06	1.1872e-16
85.93	6.1928e-10	4.5727e-06	3.4173e-06	1.1554e-06	1.2155e-16
85.94	6.4106e-10	4.7347e-06	3.5407e-06	1.194e-06	1.3562e-16
85.95	6.133e-10	4.5307e-06	3.3876e-06	1.143e-06	1.2508e-16
85.96	6.2472e-10	4.6161e-06	3.4506e-06	1.1655e-06	1.2363e-16
85.97	6.3038e-10	4.659e-06	3.4836e-06	1.1754e-06	1.2122e-16
85.98	6.2358e-10	4.6099e-06	3.4464e-06	1.1635e-06	1.238e-16
85.99	6.1347e-10	4.5362e-06	3.3917e-06	1.1444e-06	1.3385e-16
86	6.3714e-10	4.7123e-06	3.5218e-06	1.1904e-06	1.1877e-16
86.01	6.1921e-10	4.5807e-06	3.4258e-06	1.155e-06	1.2034e-16
86.02	6.1251e-10	4.5323e-06	3.3881e-06	1.1442e-06	1.268e-16
86.03	6.3953e-10	4.7333e-06	3.5367e-06	1.1965e-06	1.2279e-16
86.04	6.1519e-10	4.5542e-06	3.4075e-06	1.1466e-06	1.2558e-16
86.05	6.1535e-10	4.5564e-06	3.4046e-06	1.1519e-06	1.242e-16
86.06	6.3327e-10	4.6902e-06	3.5057e-06	1.1845e-06	1.2523e-16
86.07	6.2216e-10	4.609e-06	3.4486e-06	1.1603e-06	1.2141e-16
86.08	6.0476e-10	4.4811e-06	3.3471e-06	1.134e-06	1.2493e-16
86.09	6.4199e-10	4.7581e-06	3.5588e-06	1.1993e-06	1.3083e-16
86.1	6.1621e-10	4.5681e-06	3.417e-06	1.1511e-06	1.2325e-16
86.11	6.0217e-10	4.4651e-06	3.3351e-06	1.13e-06	1.2095e-16
86.12	6.529e-10	4.8423e-06	3.6223e-06	1.22e-06	1.1917e-16
86.13	5.9779e-10	4.4347e-06	3.3156e-06	1.1191e-06	1.2373e-16
86.14	6.2091e-10	4.6072e-06	3.4425e-06	1.1647e-06	1.273e-16
86.15	6.3948e-10	4.7461e-06	3.5503e-06	1.1958e-06	1.2409e-16
86.16	5.9888e-10	4.4458e-06	3.3232e-06	1.1227e-06	1.2635e-16
86.17	6.2902e-10	4.6706e-06	3.4905e-06	1.1801e-06	1.192e-16
86.18	6.216e-10	4.6166e-06	3.4529e-06	1.1638e-06	1.2364e-16
86.19	6.1299e-10	4.5537e-06	3.4041e-06	1.1497e-06	1.3203e-16
86.2	6.1849e-10	4.5956e-06	3.4361e-06	1.1595e-06	1.2157e-16
86.21	6.2486e-10	4.6441e-06	3.4732e-06	1.1708e-06	1.2445e-16
86.22	6.1142e-10	4.5452e-06	3.3972e-06	1.148e-06	1.2196e-16
86.23	6.1974e-10	4.6081e-06	3.4457e-06	1.1624e-06	1.1505e-16
86.24	6.2164e-10	4.6233e-06	3.4569e-06	1.1665e-06	1.2425e-16
86.25	6.1015e-10	4.539e-06	3.3937e-06	1.1453e-06	1.2232e-16
86.26	6.2854e-10	4.6769e-06	3.4965e-06	1.1804e-06	1.2e-16
86.27	6.0146e-10	4.4764e-06	3.3454e-06	1.131e-06	1.234e-16
86.28	6.3363e-10	4.7169e-06	3.5278e-06	1.189e-06	1.2846e-16
86.29	6.0981e-10	4.5406e-06	3.3929e-06	1.1477e-06	1.2665e-16
86.3	6.0397e-10	4.4982e-06	3.3629e-06	1.1353e-06	1.1765e-16
86.31	6.4675e-10	4.8179e-06	3.6047e-06	1.2132e-06	1.2504e-16
86.32	5.8106e-10	4.3296e-06	3.2337e-06	1.0958e-06	1.2611e-16
86.33	6.3594e-10	4.7396e-06	3.5459e-06	1.1937e-06	1.2279e-16
86.34	6.2276e-10	4.6424e-06	3.4723e-06	1.1701e-06	1.2041e-16
86.35	5.8843e-10	4.3875e-06	3.2769e-06	1.1106e-06	1.1379e-16
86.36	6.4397e-10	4.8028e-06	3.5947e-06	1.2081e-06	1.208e-16
86.37	5.9887e-10	4.4675e-06	3.3387e-06	1.1288e-06	1.2239e-16
86.38	6.1557e-10	4.5931e-06	3.4319e-06	1.1612e-06	1.2072e-16
86.39	6.1932e-10	4.6221e-06	3.4603e-06	1.1618e-06	1.214e-16
86.4	6.0851e-10	4.5425e-06	3.3937e-06	1.1488e-06	1.2238e-16
86.41	6.1683e-10	4.6056e-06	3.4429e-06	1.1628e-06	1.2877e-16
86.42	6.0627e-10	4.5279e-06	3.3891e-06	1.1387e-06	1.255e-16
86.43	6.2463e-10	4.6661e-06	3.4853e-06	1.1808e-06	1.1642e-16
86.44	6.0317e-10	4.5068e-06	3.3692e-06	1.1377e-06	1.1875e-16
86.45	6.1242e-10	4.577e-06	3.4246e-06	1.1524e-06	1.2598e-16
86.46	6.2191e-10	4.649e-06	3.4717e-06	1.1772e-06	1.14e-16
86.47	6.0098e-10	4.4935e-06	3.3598e-06	1.1337e-06	1.1677e-16
86.48	6.143e-10	4.5943e-06	3.437e-06	1.1572e-06	1.2854e-16
86.49	6.2064e-10	4.6427e-06	3.4682e-06	1.1745e-06	1.1429e-16
86.5	5.9934e-10	4.4844e-06	3.3551e-06	1.1293e-06	1.1946e-16
86.51	6.1415e-10	4.5963e-06	3.4374e-06	1.1589e-06	1.2505e-16
86.52	6.1946e-10	4.6371e-06	3.4647e-06	1.1723e-06	1.2192e-16
86.53	5.9497e-10	4.4548e-06	3.3333e-06	1.1215e-06	1.2437e-16
86.54	6.227e-10	4.6635e-06	3.4861e-06	1.1775e-06	1.1239e-16
86.55	6.0525e-10	4.5339e-06	3.3886e-06	1.1453e-06	1.1666e-16
86.56	6.0905e-10	4.5634e-06	3.4133e-06	1.1501e-06	1.2393e-16
86.57	6.1387e-10	4.6005e-06	3.4386e-06	1.1619e-06	1.1632e-16
86.58	6.0005e-10	4.4981e-06	3.3626e-06	1.1355e-06	1.1995e-16
86.59	6.2467e-10	4.6837e-06	3.5026e-06	1.1811e-06	1.2487e-16
86.6	5.8698e-10	4.4021e-06	3.2911e-06	1.111e-06	1.1828e-16
86.61	6.2573e-10	4.6938e-06	3.5082e-06	1.1856e-06	1.2215e-16
86.62	6.0841e-10	4.5649e-06	3.4139e-06	1.151e-06	1.2101e-16
86.63	5.8777e-10	4.4111e-06	3.298e-06	1.1131e-06	1.0526e-16
86.64	6.4025e-10	4.8061e-06	3.5921e-06	1.2139e-06	1.1742e-16
86.65	5.8113e-10	4.3632e-06	3.2647e-06	1.0985e-06	1.2089e-16
86.66	6.1666e-10	4.6311e-06	3.4619e-06	1.1692e-06	1.1352e-16
86.67	6.1468e-10	4.6172e-06	3.4513e-06	1.166e-06	1.2327e-16
86.68	5.9269e-10	4.4531e-06	3.3314e-06	1.1217e-06	1.1597e-16
86.69	6.2097e-10	4.6667e-06	3.4877e-06	1.179e-06	1.1327e-16
86.7	5.9315e-10	4.4586e-06	3.3337e-06	1.125e-06	1.2147e-16
86.71	6.2059e-10	4.666e-06	3.4899e-06	1.1761e-06	1.2346e-16
86.72	5.9135e-10	4.4472e-06	3.3241e-06	1.123e-06	1.1521e-16
86.73	6.1156e-10	4.6002e-06	3.4388e-06	1.1614e-06	1.1472e-16
86.74	6.1606e-10	4.6351e-06	3.4665e-06	1.1686e-06	1.2318e-16
86.75	5.7993e-10	4.3643e-06	3.2626e-06	1.1017e-06	1.1218e-16
86.76	6.3347e-10	4.7683e-06	3.564e-06	1.2043e-06	1.1115e-16
86.77	5.9027e-10	4.4441e-06	3.3258e-06	1.1184e-06	1.1554e-16
86.78	5.9949e-10	4.5146e-06	3.3737e-06	1.1409e-06	1.2023e-16
86.79	6.2256e-10	4.6895e-06	3.5053e-06	1.1842e-06	1.1773e-16
86.8	5.8272e-10	4.3904e-06	3.286e-06	1.1044e-06	1.0864e-16
86.81	6.1754e-10	4.6538e-06	3.4759e-06	1.1779e-06	1.2618e-16
86.82	6.0077e-10	4.5284e-06	3.3871e-06	1.1413e-06	1.2032e-16
86.83	5.9611e-10	4.4943e-06	3.3621e-06	1.1322e-06	1.0949e-16
86.84	6.1799e-10	4.6604e-06	3.4803e-06	1.1801e-06	1.1599e-16
86.85	5.8426e-10	4.407e-06	3.2974e-06	1.1097e-06	1.1104e-16
86.86	6.1544e-10	4.6433e-06	3.4716e-06	1.1717e-06	1.2091e-16
86.87	6.07e-10	4.5807e-06	3.4222e-06	1.1584e-06	1.2204e-16
86.88	5.7521e-10	4.3418e-06	3.248e-06	1.0938e-06	1.1189e-16
86.89	6.3775e-10	4.8149e-06	3.6e-06	1.2149e-06	1.1382e-16
86.9	5.8066e-10	4.3849e-06	3.2768e-06	1.1081e-06	1.14e-16
86.91	5.8879e-10	4.4474e-06	3.3268e-06	1.1206e-06	1.112e-16
86.92	6.4463e-10	4.8702e-06	3.6419e-06	1.2283e-06	1.1529e-16
86.93	5.5333e-10	4.1814e-06	3.1238e-06	1.0575e-06	1.1567e-16
86.94	6.2191e-10	4.7008e-06	3.5177e-06	1.183e-06	1.0982e-16
86.95	6.1876e-10	4.678e-06	3.4969e-06	1.1811e-06	1.1967e-16
86.96	5.5822e-10	4.2213e-06	3.1543e-06	1.067e-06	1.2099e-16
86.97	6.3566e-10	4.808e-06	3.5997e-06	1.2083e-06	1.1273e-16
86.98	5.91e-10	4.4712e-06	3.3396e-06	1.1317e-06	1.1162e-16
86.99	5.8347e-10	4.4153e-06	3.3017e-06	1.1136e-06	1.1141e-16
87	6.1659e-10	4.667e-06	3.4924e-06	1.1746e-06	1.1653e-16
87.01	5.9341e-10	4.4926e-06	3.3541e-06	1.1385e-06	1.1417e-16
87.02	5.895e-10	4.464e-06	3.3402e-06	1.1238e-06	1.1481e-16
87.03	6.0468e-10	4.58e-06	3.4231e-06	1.1569e-06	1.169e-16
87.04	6.0313e-10	4.5693e-06	3.4139e-06	1.1554e-06	1.1151e-16
87.05	5.8151e-10	4.4065e-06	3.2977e-06	1.1088e-06	1.1157e-16
87.06	6.1051e-10	4.6273e-06	3.4567e-06	1.1706e-06	1.1553e-16
87.07	5.9522e-10	4.5124e-06	3.3749e-06	1.1375e-06	1.1614e-16
87.08	5.8811e-10	4.4596e-06	3.335e-06	1.1246e-06	1.1152e-16
87.09	6.0334e-10	4.5761e-06	3.4198e-06	1.1563e-06	1.1267e-16
87.1	5.9474e-10	4.5119e-06	3.3763e-06	1.1357e-06	1.1247e-16
87.11	5.9486e-10	4.5139e-06	3.3741e-06	1.1398e-06	1.132e-16
87.12	5.8929e-10	4.4727e-06	3.3446e-06	1.1281e-06	1.1007e-16
87.13	6.1018e-10	4.6323e-06	3.4644e-06	1.1678e-06	1.1025e-16
87.14	5.7868e-10	4.3941e-06	3.2849e-06	1.1092e-06	1.2055e-16
87.15	5.9972e-10	4.5549e-06	3.4067e-06	1.1483e-06	1.1187e-16
87.16	6.0733e-10	4.6138e-06	3.4479e-06	1.1659e-06	1.1533e-16
87.17	5.7106e-10	4.3393e-06	3.2449e-06	1.0944e-06	1.1531e-16
87.18	6.1646e-10	4.6853e-06	3.5044e-06	1.1809e-06	1.0834e-16
87.19	5.8247e-10	4.428e-06	3.3097e-06	1.1183e-06	1.183e-16
87.2	5.9251e-10	4.5053e-06	3.3696e-06	1.1358e-06	1.0598e-16
87.21	6.0313e-10	4.5871e-06	3.4301e-06	1.1571e-06	1.1068e-16
87.22	5.783e-10	4.3993e-06	3.2882e-06	1.1111e-06	1.1775e-16
87.23	6.0774e-10	4.6243e-06	3.458e-06	1.1663e-06	1.0831e-16
87.24	5.7915e-10	4.4078e-06	3.295e-06	1.1128e-06	1.1588e-16
87.25	5.9718e-10	4.546e-06	3.3979e-06	1.1482e-06	1.0802e-16
87.26	5.9755e-10	4.55e-06	3.4042e-06	1.1457e-06	1.1071e-16
87.27	5.7781e-10	4.4006e-06	3.2891e-06	1.1115e-06	1.2263e-16
87.28	6.03e-10	4.5935e-06	3.4343e-06	1.1592e-06	1.1281e-16
87.29	5.8909e-10	4.4886e-06	3.359e-06	1.1297e-06	1.1216e-16
87.3	5.8162e-10	4.4327e-06	3.3105e-06	1.1222e-06	1.192e-16
87.31	5.9998e-10	4.5736e-06	3.4213e-06	1.1523e-06	1.1325e-16
87.32	5.9117e-10	4.5076e-06	3.3714e-06	1.1362e-06	1.0583e-16
87.33	5.7636e-10	4.3957e-06	3.2841e-06	1.1116e-06	1.1151e-16
87.34	6.0691e-10	4.6297e-06	3.4665e-06	1.1631e-06	1.1224e-16
87.35	5.8065e-10	4.4304e-06	3.3099e-06	1.1204e-06	1.0663e-16
87.36	5.8404e-10	4.4572e-06	3.333e-06	1.1243e-06	1.1311e-16
87.37	6.0304e-10	4.6033e-06	3.4462e-06	1.1572e-06	1.1668e-16
87.38	5.7365e-10	4.3799e-06	3.2712e-06	1.1088e-06	1.0902e-16
87.39	5.9954e-10	4.5787e-06	3.4261e-06	1.1526e-06	1.1537e-16
87.4	5.7857e-10	4.4196e-06	3.3039e-06	1.1156e-06	1.1687e-16
87.41	5.9652e-10	4.5577e-06	3.4053e-06	1.1524e-06	1.0546e-16
87.42	5.8442e-10	4.4663e-06	3.3419e-06	1.1244e-06	1.1304e-16
87.43	5.7552e-10	4.3993e-06	3.2875e-06	1.1118e-06	1.1254e-16
87.44	6.1559e-10	4.7066e-06	3.5193e-06	1.1873e-06	1.1153e-16
87.45	5.5356e-10	4.2334e-06	3.1664e-06	1.067e-06	1.141e-16
87.46	6.0737e-10	4.6459e-06	3.4739e-06	1.172e-06	1.1184e-16
87.47	5.9251e-10	4.5333e-06	3.3901e-06	1.1432e-06	1.1798e-16
87.48	5.5801e-10	4.2703e-06	3.1938e-06	1.0765e-06	1.0496e-16
87.49	6.2027e-10	4.7478e-06	3.5508e-06	1.1971e-06	1.1086e-16
87.5	5.6383e-10	4.3168e-06	3.2263e-06	1.0905e-06	1.1632e-16
87.51	5.8868e-10	4.5081e-06	3.3722e-06	1.1359e-06	1.0521e-16
87.52	5.9385e-10	4.5487e-06	3.4007e-06	1.148e-06	1.1858e-16
87.53	5.7328e-10	4.3922e-06	3.2836e-06	1.1086e-06	1.1005e-16
87.54	5.9415e-10	4.5531e-06	3.4064e-06	1.1467e-06	1.0965e-16
87.55	5.76e-10	4.415e-06	3.3003e-06	1.1148e-06	1.1873e-16
87.56	5.9324e-10	4.5482e-06	3.401e-06	1.1472e-06	1.1248e-16
87.57	5.7573e-10	4.415e-06	3.3007e-06	1.1143e-06	1.1527e-16
87.58	5.8519e-10	4.4885e-06	3.3564e-06	1.1322e-06	1.0792e-16
87.59	5.8873e-10	4.5167e-06	3.377e-06	1.1398e-06	1.0759e-16
87.6	5.7425e-10	4.4067e-06	3.2954e-06	1.1113e-06	1.0811e-16
87.61	5.8934e-10	4.5235e-06	3.3848e-06	1.1387e-06	1.132e-16
87.62	5.7991e-10	4.4521e-06	3.3265e-06	1.1256e-06	1.1669e-16
87.63	5.8456e-10	4.4889e-06	3.3589e-06	1.13e-06	1.0692e-16
87.64	5.7581e-10	4.4227e-06	3.3067e-06	1.1159e-06	1.1896e-16
87.65	5.8713e-10	4.5106e-06	3.3701e-06	1.1405e-06	1.166e-16
87.66	5.8238e-10	4.4752e-06	3.3506e-06	1.1246e-06	1.0704e-16
87.67	5.6979e-10	4.3794e-06	3.2709e-06	1.1085e-06	1.1309e-16
87.68	5.9661e-10	4.5866e-06	3.4309e-06	1.1557e-06	1.1283e-16
87.69	5.7246e-10	4.4019e-06	3.294e-06	1.1079e-06	1.1357e-16
87.7	5.7287e-10	4.4061e-06	3.2902e-06	1.1159e-06	1.096e-16
87.71	5.9721e-10	4.5944e-06	3.4394e-06	1.155e-06	1.1034e-16
87.72	5.6719e-10	4.3644e-06	3.2618e-06	1.1027e-06	1.1718e-16
87.73	5.7745e-10	4.4444e-06	3.3224e-06	1.122e-06	1.1644e-16
87.74	5.9423e-10	4.5745e-06	3.4233e-06	1.1513e-06	1.1072e-16
87.75	5.6269e-10	4.3327e-06	3.2373e-06	1.0954e-06	1.1073e-16
87.76	5.8463e-10	4.5027e-06	3.3687e-06	1.134e-06	1.1831e-16
87.77	5.8305e-10	4.4916e-06	3.3572e-06	1.1344e-06	1.143e-16
87.78	5.6989e-10	4.3912e-06	3.2834e-06	1.1078e-06	1.0898e-16
87.79	5.8483e-10	4.5073e-06	3.3706e-06	1.1367e-06	1.1522e-16
87.8	5.6986e-10	4.3929e-06	3.2833e-06	1.1096e-06	1.1153e-16
87.81	5.903e-10	4.5516e-06	3.4065e-06	1.1451e-06	1.0308e-16
87.82	5.6135e-10	4.3293e-06	3.2351e-06	1.0942e-06	1.1113e-16
87.83	5.8271e-10	4.4951e-06	3.3631e-06	1.132e-06	1.1488e-16
87.84	5.9314e-10	4.5766e-06	3.4232e-06	1.1535e-06	1.132e-16
87.85	5.408e-10	4.1737e-06	3.1178e-06	1.0559e-06	1.148e-16
87.86	6.1332e-10	4.7345e-06	3.5441e-06	1.1904e-06	1.1036e-16
87.87	5.6381e-10	4.3532e-06	3.2528e-06	1.1004e-06	1.1406e-16
87.88	5.5574e-10	4.2919e-06	3.2086e-06	1.0833e-06	1.1212e-16
87.89	6.1508e-10	4.7513e-06	3.5555e-06	1.1957e-06	1.1035e-16
87.9	5.4329e-10	4.1977e-06	3.1361e-06	1.0616e-06	1.1375e-16
87.91	5.8221e-10	4.4994e-06	3.366e-06	1.1334e-06	1.0869e-16
87.92	5.8897e-10	4.5527e-06	3.4047e-06	1.148e-06	1.1981e-16
87.93	5.5656e-10	4.3032e-06	3.2164e-06	1.0868e-06	1.196e-16
87.94	5.8105e-10	4.4935e-06	3.3617e-06	1.1319e-06	1.0858e-16
87.95	5.7803e-10	4.4712e-06	3.343e-06	1.1282e-06	1.1708e-16
87.96	5.6843e-10	4.3979e-06	3.2882e-06	1.1097e-06	1.1528e-16
87.97	5.6898e-10	4.4032e-06	3.2929e-06	1.1103e-06	1.0835e-16
87.98	5.8477e-10	4.5264e-06	3.3836e-06	1.1428e-06	1.1136e-16
87.99	5.6301e-10	4.359e-06	3.2596e-06	1.0994e-06	1.0973e-16
88	5.7284e-10	4.436e-06	3.3175e-06	1.1185e-06	1.0871e-16
88.01	5.7807e-10	4.4776e-06	3.3473e-06	1.1303e-06	1.1308e-16
88.02	5.6629e-10	4.3873e-06	3.2817e-06	1.1056e-06	1.0791e-16
88.03	5.7249e-10	4.4364e-06	3.3162e-06	1.1202e-06	1.0945e-16
88.04	5.7013e-10	4.4191e-06	3.3041e-06	1.115e-06	1.1876e-16
88.05	5.772e-10	4.4749e-06	3.3478e-06	1.1271e-06	1.1198e-16
88.06	5.5759e-10	4.3239e-06	3.231e-06	1.0928e-06	1.1386e-16
88.07	5.8271e-10	4.5197e-06	3.381e-06	1.1387e-06	1.218e-16
88.08	5.6747e-10	4.4025e-06	3.292e-06	1.1105e-06	1.1498e-16
88.09	5.6052e-10	4.3495e-06	3.2514e-06	1.0982e-06	1.1035e-16
88.1	5.8644e-10	4.5518e-06	3.4053e-06	1.1464e-06	1.1263e-16
88.11	5.5241e-10	4.2885e-06	3.2048e-06	1.0838e-06	1.0905e-16
88.12	5.8074e-10	4.5095e-06	3.3737e-06	1.1358e-06	1.0736e-16
88.13	5.6205e-10	4.3654e-06	3.2645e-06	1.1009e-06	1.1242e-16
88.14	5.688e-10	4.4189e-06	3.3029e-06	1.116e-06	1.079e-16
88.15	5.7689e-10	4.4827e-06	3.3534e-06	1.1293e-06	1.1044e-16
88.16	5.4927e-10	4.269e-06	3.1904e-06	1.0785e-06	1.1751e-16
88.17	5.9115e-10	4.5955e-06	3.4375e-06	1.1581e-06	1.101e-16
88.18	5.5035e-10	4.2794e-06	3.1992e-06	1.0802e-06	1.0629e-16
88.19	5.6821e-10	4.4193e-06	3.3043e-06	1.115e-06	1.185e-16
88.2	5.8177e-10	4.5257e-06	3.3857e-06	1.14e-06	1.2334e-16
88.21	5.4722e-10	4.2579e-06	3.1816e-06	1.0763e-06	1.0776e-16
88.22	5.7823e-10	4.5002e-06	3.3671e-06	1.1331e-06	1.1212e-16
88.23	5.6511e-10	4.3991e-06	3.2886e-06	1.1105e-06	1.0939e-16
88.24	5.6233e-10	4.3785e-06	3.2738e-06	1.1047e-06	1.0146e-16
88.25	5.6273e-10	4.3826e-06	3.2789e-06	1.1037e-06	1.2198e-16
88.26	5.7534e-10	4.4818e-06	3.3482e-06	1.1336e-06	1.0983e-16
88.27	5.5791e-10	4.347e-06	3.2521e-06	1.0949e-06	1.008e-16
88.28	5.5919e-10	4.3579e-06	3.2576e-06	1.1004e-06	1.1152e-16
88.29	5.8463e-10	4.5573e-06	3.4074e-06	1.1499e-06	1.1182e-16
88.3	5.4186e-10	4.2248e-06	3.161e-06	1.0638e-06	1.1393e-16
88.31	5.7488e-10	4.4833e-06	3.3494e-06	1.1339e-06	1.024e-16
88.32	5.6945e-10	4.4419e-06	3.3236e-06	1.1184e-06	1.1531e-16
88.33	5.4774e-10	4.2735e-06	3.1945e-06	1.079e-06	1.2094e-16
88.34	5.7683e-10	4.5015e-06	3.3649e-06	1.1367e-06	1.0631e-16
88.35	5.5803e-10	4.3558e-06	3.2595e-06	1.0964e-06	1.1335e-16
88.36	5.618e-10	4.3862e-06	3.2774e-06	1.1089e-06	1.0735e-16
88.37	5.6241e-10	4.392e-06	3.2863e-06	1.1056e-06	1.1071e-16
88.38	5.6465e-10	4.4105e-06	3.2986e-06	1.1119e-06	1.1523e-16
88.39	5.5946e-10	4.3709e-06	3.2666e-06	1.1043e-06	1.0916e-16
88.4	5.5883e-10	4.367e-06	3.2672e-06	1.0998e-06	1.1013e-16
88.41	5.6724e-10	4.4337e-06	3.3145e-06	1.1193e-06	1.0053e-16
88.42	5.5555e-10	4.3433e-06	3.2486e-06	1.0948e-06	1.1031e-16
88.43	5.606e-10	4.3838e-06	3.2782e-06	1.1056e-06	1.1786e-16
88.44	5.626e-10	4.4004e-06	3.2904e-06	1.11e-06	1.042e-16
88.45	5.6112e-10	4.3898e-06	3.2838e-06	1.1061e-06	1.0974e-16
88.46	5.527e-10	4.325e-06	3.2331e-06	1.0918e-06	1.1383e-16
88.47	5.6732e-10	4.4404e-06	3.3216e-06	1.1188e-06	1.0515e-16
88.48	5.5743e-10	4.364e-06	3.2624e-06	1.1016e-06	1.0872e-16
88.49	5.5102e-10	4.3148e-06	3.2256e-06	1.0891e-06	1.1292e-16
88.5	5.7175e-10	4.4781e-06	3.3503e-06	1.1277e-06	1.1027e-16
88.51	5.4836e-10	4.2958e-06	3.21e-06	1.0859e-06	1.1119e-16
88.52	5.617e-10	4.4014e-06	3.2913e-06	1.1101e-06	1.0684e-16
88.53	5.5862e-10	4.3782e-06	3.2752e-06	1.103e-06	1.0269e-16
88.54	5.551e-10	4.3516e-06	3.2515e-06	1.1001e-06	1.0235e-16
88.55	5.6026e-10	4.3931e-06	3.2866e-06	1.1065e-06	1.0361e-16
88.56	5.4896e-10	4.3054e-06	3.22e-06	1.0854e-06	1.1344e-16
88.57	5.6921e-10	4.4652e-06	3.3364e-06	1.1288e-06	1.1573e-16
88.58	5.4526e-10	4.2783e-06	3.2017e-06	1.0767e-06	1.0917e-16
88.59	5.5698e-10	4.3713e-06	3.2682e-06	1.1031e-06	1.0555e-16
88.6	5.6814e-10	4.4599e-06	3.3333e-06	1.1266e-06	1.0645e-16
88.61	5.395e-10	4.236e-06	3.1701e-06	1.0659e-06	1.1013e-16
88.62	5.6173e-10	4.4116e-06	3.2975e-06	1.1141e-06	1.0659e-16
88.63	5.6486e-10	4.4371e-06	3.3175e-06	1.1196e-06	1.0411e-16
88.64	5.3872e-10	4.2328e-06	3.1667e-06	1.066e-06	1.1072e-16
88.65	5.5947e-10	4.3968e-06	3.2873e-06	1.1095e-06	1.0743e-16
88.66	5.7048e-10	4.4843e-06	3.3528e-06	1.1315e-06	1.0333e-16
88.67	5.263e-10	4.138e-06	3.0942e-06	1.0438e-06	1.0925e-16
88.68	5.7219e-10	4.4998e-06	3.3649e-06	1.1349e-06	1.0335e-16
88.69	5.6248e-10	4.4244e-06	3.3071e-06	1.1173e-06	1.0527e-16
88.7	5.2176e-10	4.105e-06	3.072e-06	1.0331e-06	1.0773e-16
88.71	5.8792e-10	4.6266e-06	3.4599e-06	1.1667e-06	1.0085e-16
88.72	5.3766e-10	4.232e-06	3.1622e-06	1.0698e-06	1.1433e-16
88.73	5.4276e-10	4.2731e-06	3.1992e-06	1.0739e-06	1.0664e-16
88.74	5.7664e-10	4.5409e-06	3.3931e-06	1.1478e-06	9.5284e-17
88.75	5.311e-10	4.1833e-06	3.1272e-06	1.056e-06	1.1006e-16
88.76	5.6066e-10	4.4171e-06	3.3066e-06	1.1105e-06	1.0687e-16
88.77	5.5277e-10	4.3559e-06	3.2532e-06	1.1027e-06	1.0431e-16
88.78	5.4668e-10	4.3089e-06	3.2246e-06	1.0843e-06	1.0475e-16
88.79	5.5393e-10	4.367e-06	3.2671e-06	1.0999e-06	1.0386e-16
88.8	5.4752e-10	4.3175e-06	3.2248e-06	1.0926e-06	1.1104e-16
88.81	5.54e-10	4.3695e-06	3.2708e-06	1.0987e-06	1.0414e-16
88.82	5.4651e-10	4.3115e-06	3.2235e-06	1.0879e-06	1.0036e-16
88.83	5.4935e-10	4.3348e-06	3.2393e-06	1.0955e-06	1.0641e-16
88.84	5.5261e-10	4.3615e-06	3.2638e-06	1.0977e-06	1.0113e-16
88.85	5.477e-10	4.3237e-06	3.232e-06	1.0917e-06	1.0002e-16
88.86	5.4232e-10	4.2822e-06	3.2015e-06	1.0807e-06	1.0672e-16
88.87	5.6061e-10	4.4276e-06	3.3131e-06	1.1145e-06	1.0458e-16
88.88	5.38e-10	4.2501e-06	3.1769e-06	1.0731e-06	1.1005e-16
88.89	5.4716e-10	4.3234e-06	3.233e-06	1.0904e-06	1.0784e-16
88.9	5.6076e-10	4.4318e-06	3.3156e-06	1.1162e-06	9.8724e-17
88.91	5.2868e-10	4.1792e-06	3.1241e-06	1.0551e-06	1.0909e-16
88.92	5.6255e-10	4.4479e-06	3.3274e-06	1.1205e-06	1.0021e-16
88.93	5.3885e-10	4.2616e-06	3.1868e-06	1.0748e-06	9.588e-17
88.94	5.4719e-10	4.3284e-06	3.2365e-06	1.092e-06	1.0676e-16
88.95	5.5176e-10	4.3656e-06	3.266e-06	1.0996e-06	9.7331e-17
88.96	5.3323e-10	4.2199e-06	3.1545e-06	1.0654e-06	1.0148e-16
88.97	5.6727e-10	4.4903e-06	3.3601e-06	1.1302e-06	1.074e-16
88.98	5.1956e-10	4.1136e-06	3.0762e-06	1.0373e-06	1.0211e-16
88.99	5.6279e-10	4.4569e-06	3.3316e-06	1.1253e-06	1.0353e-16
89	5.4913e-10	4.3497e-06	3.255e-06	1.0947e-06	1.0356e-16
89.01	5.1823e-10	4.1058e-06	3.0681e-06	1.0377e-06	1.0389e-16
89.02	5.806e-10	4.601e-06	3.4419e-06	1.159e-06	1.0682e-16
89.03	5.185e-10	4.1098e-06	3.0747e-06	1.0351e-06	1.0517e-16
89.04	5.4794e-10	4.3441e-06	3.2462e-06	1.0979e-06	1.0121e-16
89.05	5.589e-10	4.432e-06	3.3179e-06	1.1141e-06	1.0537e-16
89.06	5.2328e-10	4.1505e-06	3.1033e-06	1.0472e-06	9.643e-17
89.07	5.5687e-10	4.4179e-06	3.3019e-06	1.116e-06	9.4566e-17
89.08	5.3557e-10	4.2499e-06	3.1808e-06	1.0691e-06	1.0866e-16
89.09	5.4657e-10	4.3381e-06	3.2435e-06	1.0946e-06	9.6781e-17
89.1	5.3773e-10	4.2689e-06	3.1925e-06	1.0764e-06	9.7907e-17
89.11	5.4252e-10	4.3079e-06	3.2235e-06	1.0844e-06	1.0892e-16
89.12	5.5065e-10	4.3735e-06	3.2705e-06	1.1029e-06	1.0282e-16
89.13	5.2432e-10	4.1653e-06	3.1149e-06	1.0504e-06	1.0481e-16
89.14	5.558e-10	4.4163e-06	3.3042e-06	1.1121e-06	1.0507e-16
89.15	5.4004e-10	4.2921e-06	3.2091e-06	1.0829e-06	1.0322e-16
89.16	5.2583e-10	4.1801e-06	3.1252e-06	1.0549e-06	9.926e-17
89.17	5.5866e-10	4.442e-06	3.3245e-06	1.1175e-06	9.9249e-17
89.18	5.3192e-10	4.2304e-06	3.1626e-06	1.0678e-06	1.0294e-16
89.19	5.3168e-10	4.2295e-06	3.1629e-06	1.0665e-06	1.0033e-16
89.2	5.5706e-10	4.4323e-06	3.3168e-06	1.1155e-06	1.0186e-16
89.21	5.2444e-10	4.1737e-06	3.1189e-06	1.0548e-06	9.768e-17
89.22	5.4215e-10	4.3156e-06	3.2287e-06	1.087e-06	1.0243e-16
89.23	5.4405e-10	4.3317e-06	3.2406e-06	1.0912e-06	1.1018e-16
89.24	5.2938e-10	4.2158e-06	3.1509e-06	1.065e-06	9.6458e-17
89.25	5.4756e-10	4.3616e-06	3.2632e-06	1.0984e-06	9.3755e-17
89.26	5.2405e-10	4.1753e-06	3.1221e-06	1.0532e-06	1.0467e-16
89.27	5.54e-10	4.4149e-06	3.3005e-06	1.1144e-06	1.0616e-16
89.28	5.2499e-10	4.1847e-06	3.1303e-06	1.0544e-06	9.9501e-17
89.29	5.3203e-10	4.2418e-06	3.1714e-06	1.0704e-06	9.9689e-17
89.3	5.6409e-10	4.4983e-06	3.3633e-06	1.135e-06	1.1014e-16
89.31	4.9726e-10	3.9663e-06	2.967e-06	9.9928e-07	1.0158e-16
89.32	5.6749e-10	4.5275e-06	3.3855e-06	1.1419e-06	9.3245e-17
89.33	5.3196e-10	4.245e-06	3.1741e-06	1.0708e-06	1.0952e-16
89.34	5.1072e-10	4.0764e-06	3.049e-06	1.0274e-06	1.041e-16
89.35	5.765e-10	4.6024e-06	3.4411e-06	1.1614e-06	9.1806e-17
89.36	4.9943e-10	3.9881e-06	2.983e-06	1.0051e-06	1.0366e-16
89.37	5.5066e-10	4.3982e-06	3.2893e-06	1.1088e-06	1.0555e-16
89.38	5.4185e-10	4.3287e-06	3.2367e-06	1.0921e-06	1.0116e-16
89.39	5.115e-10	4.0872e-06	3.0579e-06	1.0293e-06	1.0017e-16
89.4	5.6141e-10	4.487e-06	3.3546e-06	1.1324e-06	1.0082e-16
89.41	5.1138e-10	4.088e-06	3.057e-06	1.031e-06	1.0344e-16
89.42	5.4213e-10	4.3348e-06	3.2426e-06	1.0923e-06	9.8074e-17
89.43	5.4099e-10	4.3267e-06	3.2345e-06	1.0922e-06	9.8929e-17
89.44	5.1325e-10	4.1057e-06	3.0713e-06	1.0345e-06	1.0147e-16
89.45	5.5232e-10	4.4193e-06	3.3052e-06	1.1141e-06	9.9437e-17
89.46	5.2509e-10	4.2024e-06	3.142e-06	1.0604e-06	1.0439e-16
89.47	5.2131e-10	4.173e-06	3.1224e-06	1.0507e-06	1.056e-16
89.48	5.5099e-10	4.4116e-06	3.2993e-06	1.1123e-06	9.8544e-17
89.49	5.192e-10	4.158e-06	3.1081e-06	1.05e-06	9.8521e-17
89.5	5.2504e-10	4.2057e-06	3.1467e-06	1.059e-06	1.0559e-16
89.51	5.5077e-10	4.4128e-06	3.3002e-06	1.1126e-06	1.0529e-16
89.52	5.1153e-10	4.0993e-06	3.064e-06	1.0353e-06	1.0447e-16
89.53	5.3562e-10	4.2934e-06	3.2131e-06	1.0802e-06	1.0553e-16
89.54	5.4029e-10	4.3317e-06	3.2395e-06	1.0923e-06	1.0359e-16
89.55	5.1343e-10	4.1173e-06	3.0784e-06	1.0389e-06	9.7124e-17
89.56	5.3939e-10	4.3265e-06	3.2377e-06	1.0888e-06	9.6066e-17
89.57	5.2704e-10	4.2283e-06	3.1605e-06	1.0678e-06	1.0738e-16
89.58	5.2832e-10	4.2395e-06	3.1708e-06	1.0687e-06	1.0128e-16
89.59	5.2502e-10	4.214e-06	3.1534e-06	1.0606e-06	9.7878e-17
89.6	5.3258e-10	4.2757e-06	3.1957e-06	1.08e-06	1.0411e-16
89.61	5.3037e-10	4.2589e-06	3.1851e-06	1.0737e-06	9.8458e-17
89.62	5.1507e-10	4.1369e-06	3.0951e-06	1.0418e-06	1.0656e-16
89.63	5.4428e-10	4.3725e-06	3.2689e-06	1.1036e-06	1.0581e-16
89.64	5.1737e-10	4.1572e-06	3.1092e-06	1.048e-06	9.904e-17
89.65	5.2189e-10	4.1945e-06	3.1383e-06	1.0562e-06	1.0175e-16
89.66	5.4027e-10	4.3432e-06	3.2469e-06	1.0962e-06	1.018e-16
89.67	5.1535e-10	4.1438e-06	3.0994e-06	1.0444e-06	1.0832e-16
89.68	5.2485e-10	4.2211e-06	3.1581e-06	1.063e-06	1.007e-16
89.69	5.34e-10	4.2956e-06	3.2107e-06	1.0849e-06	1.0086e-16
89.7	5.1961e-10	4.1808e-06	3.1282e-06	1.0527e-06	1.089e-16
89.71	5.1984e-10	4.1836e-06	3.1299e-06	1.0537e-06	1.0271e-16
89.72	5.3808e-10	4.3314e-06	3.2373e-06	1.0941e-06	1.0488e-16
89.73	5.1257e-10	4.127e-06	3.0888e-06	1.0382e-06	1.009e-16
89.74	5.2651e-10	4.2401e-06	3.1709e-06	1.0693e-06	9.9144e-17
89.75	5.3126e-10	4.2793e-06	3.1978e-06	1.0815e-06	1.0161e-16
89.76	5.1184e-10	4.1238e-06	3.0864e-06	1.0374e-06	1.0451e-16
89.77	5.3465e-10	4.3086e-06	3.2212e-06	1.0874e-06	1.07e-16
89.78	5.1302e-10	4.1352e-06	3.091e-06	1.0442e-06	9.4923e-17
89.79	5.311e-10	4.2818e-06	3.2049e-06	1.0769e-06	1.0355e-16
89.8	5.1744e-10	4.1727e-06	3.1191e-06	1.0536e-06	1.0976e-16
89.81	5.1675e-10	4.168e-06	3.1171e-06	1.0509e-06	1.0167e-16
89.82	5.409e-10	4.3637e-06	3.2658e-06	1.0979e-06	1.081e-16
89.83	4.9666e-10	4.0078e-06	2.9952e-06	1.0125e-06	1.0173e-16
89.84	5.3952e-10	4.3546e-06	3.2576e-06	1.0969e-06	1.0146e-16
89.85	5.2037e-10	4.2009e-06	3.1431e-06	1.0579e-06	1.1083e-16
89.86	5.0492e-10	4.0771e-06	3.048e-06	1.0291e-06	1.0314e-16
89.87	5.4251e-10	4.3816e-06	3.2783e-06	1.1033e-06	9.9951e-17
89.88	5.0442e-10	4.0749e-06	3.0473e-06	1.0277e-06	1.0293e-16
89.89	5.2426e-10	4.2361e-06	3.1683e-06	1.0678e-06	1.0282e-16
89.9	5.2266e-10	4.2242e-06	3.1602e-06	1.064e-06	1.057e-16
89.91	5.1415e-10	4.1563e-06	3.1078e-06	1.0486e-06	1.0255e-16
89.92	5.2413e-10	4.2379e-06	3.1696e-06	1.0683e-06	9.6737e-17
89.93	5.1247e-10	4.1445e-06	3.0984e-06	1.0462e-06	1.0702e-16
89.94	5.2517e-10	4.2482e-06	3.1781e-06	1.0701e-06	1.1382e-16
89.95	5.1433e-10	4.1614e-06	3.1127e-06	1.0487e-06	1.0718e-16
89.96	5.1418e-10	4.1612e-06	3.1104e-06	1.0507e-06	1.0085e-16
89.97	5.2664e-10	4.2629e-06	3.1906e-06	1.0724e-06	1.0285e-16
89.98	5.1073e-10	4.1351e-06	3.0913e-06	1.0438e-06	1.115e-16
89.99	5.124e-10	4.1495e-06	3.1032e-06	1.0463e-06	1.0012e-16
90	5.3068e-10	4.2985e-06	3.2173e-06	1.0811e-06	9.6475e-17
90.01	5.0325e-10	4.0772e-06	3.0469e-06	1.0304e-06	1.087e-16
90.02	5.1645e-10	4.1851e-06	3.1317e-06	1.0534e-06	1.0751e-16
90.03	5.3069e-10	4.3015e-06	3.217e-06	1.0844e-06	1.0719e-16
90.04	4.96e-10	4.0212e-06	3.0058e-06	1.0154e-06	9.3381e-17
90.05	5.2644e-10	4.2689e-06	3.1954e-06	1.0735e-06	9.9463e-17
90.06	5.1677e-10	4.1914e-06	3.1332e-06	1.0582e-06	1.1804e-16
90.07	5.0591e-10	4.1042e-06	3.07e-06	1.0342e-06	1.007e-16
90.08	5.2024e-10	4.2214e-06	3.1585e-06	1.0629e-06	1.0477e-16
90.09	5.1384e-10	4.1704e-06	3.1174e-06	1.053e-06	1.0674e-16
90.1	5.1463e-10	4.1777e-06	3.1253e-06	1.0524e-06	9.6311e-17
90.11	5.0467e-10	4.0978e-06	3.0643e-06	1.0335e-06	1.1292e-16
90.12	5.3001e-10	4.3045e-06	3.2196e-06	1.0849e-06	1.0754e-16
90.13	4.9916e-10	4.0549e-06	3.0334e-06	1.0215e-06	9.9274e-17
90.14	5.1345e-10	4.1719e-06	3.1202e-06	1.0517e-06	1.0639e-16
90.15	5.2861e-10	4.296e-06	3.2135e-06	1.0825e-06	1.0012e-16
90.16	4.8769e-10	3.9643e-06	2.9644e-06	9.9991e-07	1.0472e-16
90.17	5.317e-10	4.323e-06	3.2337e-06	1.0893e-06	1.0826e-16
90.18	5.0325e-10	4.0926e-06	3.0605e-06	1.0322e-06	9.8608e-17
90.19	5.0974e-10	4.1464e-06	3.1006e-06	1.0458e-06	1.0759e-16
90.2	5.181e-10	4.2153e-06	3.1534e-06	1.0618e-06	1.12e-16
90.21	4.9969e-10	4.0664e-06	3.0413e-06	1.0252e-06	1.0109e-16
90.22	5.2646e-10	4.2852e-06	3.2054e-06	1.0798e-06	1.0002e-16
90.23	4.8989e-10	3.9884e-06	2.9832e-06	1.0052e-06	9.966e-17
90.24	5.2789e-10	4.2988e-06	3.2151e-06	1.0837e-06	1.0869e-16
90.25	5.0536e-10	4.1162e-06	3.0789e-06	1.0373e-06	1.057e-16
90.26	4.9625e-10	4.0429e-06	3.0241e-06	1.0188e-06	9.8048e-17
90.27	5.3552e-10	4.3637e-06	3.2634e-06	1.1003e-06	1.1423e-16
90.28	4.8328e-10	3.9389e-06	2.9458e-06	9.931e-07	1.0078e-16
90.29	5.2335e-10	4.2665e-06	3.1919e-06	1.0746e-06	9.9523e-17
90.3	5.0858e-10	4.147e-06	3.1013e-06	1.0458e-06	1.1481e-16
90.31	4.9763e-10	4.0586e-06	3.0362e-06	1.0224e-06	9.5792e-17
90.32	5.224e-10	4.2616e-06	3.188e-06	1.0736e-06	1.0533e-16
90.33	4.9104e-10	4.0067e-06	2.995e-06	1.0117e-06	1.0867e-16
90.34	5.2093e-10	4.2515e-06	3.1806e-06	1.0709e-06	9.3629e-17
90.35	4.9978e-10	4.0798e-06	3.0516e-06	1.0282e-06	1.114e-16
90.36	5.0147e-10	4.0945e-06	3.062e-06	1.0325e-06	1.0576e-16
90.37	5.2154e-10	4.2593e-06	3.1873e-06	1.072e-06	9.4896e-17
90.38	4.8839e-10	3.9895e-06	2.9828e-06	1.0067e-06	1.1287e-16
90.39	5.1244e-10	4.1868e-06	3.1321e-06	1.0547e-06	1.0419e-16
90.4	5.1378e-10	4.1987e-06	3.1423e-06	1.0564e-06	9.7749e-17
90.41	4.8757e-10	3.9854e-06	2.9795e-06	1.0059e-06	1.137e-16
90.42	5.1495e-10	4.2101e-06	3.1497e-06	1.0604e-06	1.0135e-16
90.43	5.1085e-10	4.1775e-06	3.1252e-06	1.0523e-06	1.0034e-16
90.44	4.8593e-10	3.9746e-06	2.9715e-06	1.0031e-06	1.0644e-16
90.45	5.1971e-10	4.2519e-06	3.1809e-06	1.0709e-06	9.8543e-17
90.46	5.027e-10	4.1136e-06	3.0767e-06	1.0369e-06	1.1081e-16
90.47	4.9017e-10	4.0119e-06	2.9998e-06	1.0122e-06	9.901e-17
90.48	5.1834e-10	4.2435e-06	3.1743e-06	1.0692e-06	9.5694e-17
90.49	4.9574e-10	4.0593e-06	3.0361e-06	1.0232e-06	1.0751e-16
90.5	4.9937e-10	4.09e-06	3.0583e-06	1.0316e-06	9.666e-17
90.51	5.0632e-10	4.1478e-06	3.1033e-06	1.0445e-06	1.0916e-16
90.52	5.0285e-10	4.1203e-06	3.0829e-06	1.0374e-06	1.0821e-16
90.53	4.9625e-10	4.0671e-06	3.0406e-06	1.0265e-06	1.051e-16
90.54	5.0142e-10	4.1104e-06	3.0751e-06	1.0353e-06	1.0833e-16
90.55	5.1072e-10	4.1876e-06	3.133e-06	1.0546e-06	9.3374e-17
90.56	4.8585e-10	3.9846e-06	2.9787e-06	1.0059e-06	1.0426e-16
90.57	5.0865e-10	4.1724e-06	3.1224e-06	1.05e-06	1.0505e-16
90.58	5.0569e-10	4.149e-06	3.1033e-06	1.0457e-06	9.8214e-17
90.59	4.847e-10	3.9777e-06	2.9742e-06	1.0035e-06	1.0533e-16
90.6	5.1127e-10	4.1967e-06	3.1412e-06	1.0555e-06	1.0667e-16
90.61	4.9943e-10	4.1004e-06	3.0657e-06	1.0347e-06	1.0379e-16
90.62	4.8828e-10	4.0097e-06	2.999e-06	1.0107e-06	9.3557e-17
90.63	5.0904e-10	4.1812e-06	3.1285e-06	1.0526e-06	9.931e-17
90.64	4.9681e-10	4.0816e-06	3.0507e-06	1.0309e-06	1.0621e-16
90.65	4.8937e-10	4.0213e-06	3.0088e-06	1.0125e-06	1.0379e-16
90.66	5.0945e-10	4.1873e-06	3.1325e-06	1.0548e-06	1.0024e-16
90.67	4.9007e-10	4.0289e-06	3.0125e-06	1.0163e-06	1.0066e-16
90.68	4.9786e-10	4.0939e-06	3.063e-06	1.0309e-06	1.0676e-16
90.69	5.0072e-10	4.1183e-06	3.0797e-06	1.0385e-06	9.8299e-17
90.7	4.8955e-10	4.0273e-06	3.0132e-06	1.0141e-06	1.0337e-16
90.71	5.0644e-10	4.1671e-06	3.1171e-06	1.05e-06	1.037e-16
90.72	4.8378e-10	3.9816e-06	2.978e-06	1.0036e-06	9.6761e-17
90.73	5.0553e-10	4.1615e-06	3.1136e-06	1.0479e-06	1.062e-16
90.74	4.9434e-10	4.0703e-06	3.0422e-06	1.0281e-06	9.9511e-17
90.75	4.8459e-10	3.9908e-06	2.9861e-06	1.0047e-06	1.0139e-16
90.76	5.124e-10	4.2208e-06	3.157e-06	1.0638e-06	1.0256e-16
90.77	4.7932e-10	3.9492e-06	2.9518e-06	9.9736e-07	9.8463e-17
90.78	4.9998e-10	4.1203e-06	3.084e-06	1.0363e-06	1.0632e-16
90.79	4.9554e-10	4.0846e-06	3.0534e-06	1.0313e-06	1.0097e-16
90.8	4.9099e-10	4.048e-06	3.0281e-06	1.0199e-06	1.0069e-16
90.81	4.9386e-10	4.0726e-06	3.0483e-06	1.0243e-06	9.7852e-17
90.82	4.9103e-10	4.0501e-06	3.0261e-06	1.024e-06	9.7992e-17
90.83	5.0456e-10	4.1626e-06	3.1148e-06	1.0478e-06	1.0404e-16
90.84	4.7096e-10	3.8864e-06	2.9083e-06	9.7806e-07	9.4801e-17
90.85	5.1405e-10	4.2429e-06	3.1711e-06	1.0717e-06	1.0223e-16
90.86	4.8563e-10	4.0092e-06	2.9998e-06	1.0093e-06	1.0737e-16
90.87	4.7722e-10	3.9406e-06	2.9477e-06	9.9291e-07	9.8755e-17
90.88	5.2121e-10	4.3047e-06	3.2181e-06	1.0866e-06	1.0169e-16
90.89	4.635e-10	3.8289e-06	2.865e-06	9.6393e-07	9.8091e-17
90.9	5.0409e-10	4.1652e-06	3.1146e-06	1.0505e-06	9.3865e-17
90.91	4.9404e-10	4.083e-06	3.0522e-06	1.0308e-06	1.0146e-16
90.92	4.7816e-10	3.9527e-06	2.958e-06	9.9466e-07	1.03e-16
90.93	5.0212e-10	4.1516e-06	3.1042e-06	1.0474e-06	9.8441e-17
90.94	4.792e-10	3.963e-06	2.9641e-06	9.9892e-07	1.0109e-16
90.95	5.0047e-10	4.1399e-06	3.0988e-06	1.0411e-06	1.0059e-16
90.96	4.7752e-10	3.9508e-06	2.9534e-06	9.974e-07	9.6019e-17
90.97	4.964e-10	4.108e-06	3.0731e-06	1.0349e-06	1.0164e-16
90.98	4.9103e-10	4.0645e-06	3.0409e-06	1.0235e-06	1.0294e-16
90.99	4.7584e-10	3.9396e-06	2.9453e-06	9.9429e-07	9.8043e-17
91	5.049e-10	4.181e-06	3.1282e-06	1.0528e-06	1.0203e-16
91.01	4.7526e-10	3.9365e-06	2.9448e-06	9.9175e-07	1.0012e-16
91.02	4.9047e-10	4.0633e-06	3.0392e-06	1.0241e-06	9.5312e-17
91.03	4.8987e-10	4.0593e-06	3.0361e-06	1.0232e-06	1.0339e-16
91.04	4.8406e-10	4.0121e-06	3.001e-06	1.011e-06	1.0003e-16
91.05	4.8716e-10	4.0386e-06	3.0213e-06	1.0172e-06	9.101e-17
91.06	4.8472e-10	4.0193e-06	3.0057e-06	1.0136e-06	9.951e-17
91.07	4.9148e-10	4.0762e-06	3.05e-06	1.0263e-06	1.0029e-16
91.08	4.7641e-10	3.9521e-06	2.956e-06	9.9604e-07	9.3721e-17
91.09	4.941e-10	4.0997e-06	3.0655e-06	1.0342e-06	9.7782e-17
91.1	4.804e-10	3.9869e-06	2.9836e-06	1.0033e-06	9.9851e-17
91.11	4.8453e-10	4.0221e-06	3.0079e-06	1.0142e-06	9.8781e-17
91.12	4.8765e-10	4.0489e-06	3.0284e-06	1.0204e-06	1.0107e-16
91.13	4.7861e-10	3.9747e-06	2.9747e-06	1e-06	1.0233e-16
91.14	4.9404e-10	4.1037e-06	3.0686e-06	1.0351e-06	1.0154e-16
91.15	4.6914e-10	3.8977e-06	2.9164e-06	9.813e-07	9.8488e-17
91.16	4.9574e-10	4.1197e-06	3.0825e-06	1.0371e-06	9.6319e-17
91.17	4.8203e-10	4.0066e-06	2.9957e-06	1.0109e-06	9.9971e-17
91.18	4.6827e-10	3.8931e-06	2.913e-06	9.8009e-07	9.6954e-17
91.19	5.0604e-10	4.208e-06	3.1476e-06	1.0604e-06	9.227e-17
91.2	4.659e-10	3.8751e-06	2.8982e-06	9.7685e-07	9.772e-17
91.21	4.7986e-10	3.9921e-06	2.9877e-06	1.0043e-06	9.4678e-17
91.22	4.9977e-10	4.1586e-06	3.1107e-06	1.048e-06	9.3517e-17
91.23	4.6213e-10	3.8463e-06	2.8768e-06	9.6944e-07	1.0199e-16
91.24	4.855e-10	4.0416e-06	3.0228e-06	1.0188e-06	9.8127e-17
91.25	4.9415e-10	4.1146e-06	3.0778e-06	1.0368e-06	9.7919e-17
91.26	4.616e-10	3.8444e-06	2.8764e-06	9.6798e-07	1.0476e-16
91.27	4.8856e-10	4.0698e-06	3.0435e-06	1.0263e-06	9.6782e-17
91.28	4.8803e-10	4.0663e-06	3.0424e-06	1.0238e-06	9.4334e-17
91.29	4.6193e-10	3.8496e-06	2.8791e-06	9.7048e-07	1.0126e-16
91.3	4.9171e-10	4.0987e-06	3.0654e-06	1.0334e-06	9.6279e-17
91.31	4.7768e-10	3.9827e-06	2.9808e-06	1.0019e-06	9.4415e-17
91.32	4.7216e-10	3.9375e-06	2.9432e-06	9.9431e-07	9.381e-17
91.33	4.8345e-10	4.0326e-06	3.0169e-06	1.0157e-06	9.7711e-17
91.34	4.7702e-10	3.9797e-06	2.9781e-06	1.0017e-06	1.0637e-16
91.35	4.7862e-10	3.994e-06	2.9855e-06	1.0085e-06	9.1936e-17
91.36	4.7038e-10	3.9261e-06	2.9386e-06	9.875e-07	9.519e-17
91.37	4.8894e-10	4.0819e-06	3.0531e-06	1.0288e-06	1.013e-16
91.38	4.6893e-10	3.9157e-06	2.9289e-06	9.8685e-07	8.7551e-17
91.39	4.7217e-10	3.9436e-06	2.9509e-06	9.9279e-07	1.0536e-16
91.4	4.9187e-10	4.109e-06	3.0724e-06	1.0366e-06	9.998e-17
91.41	4.5965e-10	3.8407e-06	2.8738e-06	9.6694e-07	8.8799e-17
91.42	4.824e-10	4.0317e-06	3.0146e-06	1.0171e-06	1.0306e-16
91.43	4.8102e-10	4.0211e-06	3.0085e-06	1.0126e-06	8.6161e-17
91.44	4.6348e-10	3.8753e-06	2.8983e-06	9.77e-07	9.875e-17
91.45	4.8318e-10	4.0409e-06	3.0211e-06	1.0198e-06	1.112e-16
91.46	4.7331e-10	3.9592e-06	2.9645e-06	9.9463e-07	9.0297e-17
91.47	4.701e-10	3.9333e-06	2.9396e-06	9.9368e-07	9.951e-17
91.48	4.7834e-10	4.003e-06	2.995e-06	1.008e-06	9.7909e-17
91.49	4.7028e-10	3.9364e-06	2.9457e-06	9.9077e-07	9.5019e-17
91.5	4.759e-10	3.9843e-06	2.9769e-06	1.0075e-06	9.9445e-17
91.51	4.7245e-10	3.9564e-06	2.9624e-06	9.9395e-07	8.8331e-17
91.52	4.6852e-10	3.9243e-06	2.9343e-06	9.8994e-07	9.2188e-17
91.53	4.8329e-10	4.0489e-06	3.0284e-06	1.0205e-06	9.7273e-17
91.54	4.5802e-10	3.838e-06	2.873e-06	9.6499e-07	9.902e-17
91.55	4.7995e-10	4.0227e-06	3.0071e-06	1.0156e-06	9.6363e-17
91.56	4.7836e-10	4.0102e-06	3.0014e-06	1.0088e-06	9.6579e-17
91.57	4.5135e-10	3.7846e-06	2.8305e-06	9.5411e-07	1.0398e-16
91.58	4.9475e-10	4.1494e-06	3.104e-06	1.0454e-06	9.4241e-17
91.59	4.5627e-10	3.8275e-06	2.8634e-06	9.6417e-07	9.474e-17
91.6	4.7119e-10	3.9536e-06	2.9562e-06	9.9742e-07	1.0213e-16
91.61	4.8132e-10	4.0394e-06	3.0232e-06	1.0162e-06	9.2994e-17
91.62	4.5412e-10	3.812e-06	2.8503e-06	9.6169e-07	9.0731e-17
91.63	4.864e-10	4.0839e-06	3.0562e-06	1.0277e-06	1.0028e-16
91.64	4.5166e-10	3.793e-06	2.8376e-06	9.5538e-07	9.8111e-17
91.65	4.8539e-10	4.0772e-06	3.0485e-06	1.0287e-06	8.6749e-17
91.66	4.6159e-10	3.8781e-06	2.9025e-06	9.7561e-07	9.5614e-17
91.67	4.5866e-10	3.8543e-06	2.8819e-06	9.7236e-07	9.9529e-17
91.68	4.9848e-10	4.1898e-06	3.1351e-06	1.0547e-06	9.164e-17
91.69	4.3078e-10	3.6216e-06	2.7089e-06	9.1272e-07	9.7495e-17
91.7	4.9522e-10	4.1642e-06	3.1147e-06	1.0495e-06	9.4277e-17
91.71	4.6475e-10	3.9089e-06	2.9251e-06	9.8382e-07	9.4874e-17
91.72	4.4713e-10	3.7615e-06	2.8113e-06	9.5017e-07	9.9664e-17
91.73	4.9977e-10	4.2052e-06	3.1476e-06	1.0577e-06	9.2053e-17
91.74	4.3791e-10	3.6855e-06	2.7567e-06	9.2882e-07	9.8595e-17
91.75	4.8343e-10	4.0696e-06	3.043e-06	1.0266e-06	9.7691e-17
91.76	4.6192e-10	3.8893e-06	2.9119e-06	9.7743e-07	9.0954e-17
91.77	4.5855e-10	3.8618e-06	2.8868e-06	9.7493e-07	1.0082e-16
91.78	4.8242e-10	4.0637e-06	3.0399e-06	1.0238e-06	9.6108e-17
91.79	4.4005e-10	3.7076e-06	2.7743e-06	9.3332e-07	9.0804e-17
91.8	4.9026e-10	4.1316e-06	3.0893e-06	1.0423e-06	9.5692e-17
91.81	4.5286e-10	3.8172e-06	2.8564e-06	9.6082e-07	9.4673e-17
91.82	4.5471e-10	3.8337e-06	2.8681e-06	9.6552e-07	9.4829e-17
91.83	4.9084e-10	4.1391e-06	3.0955e-06	1.0436e-06	9.1325e-17
91.84	4.3604e-10	3.6778e-06	2.7515e-06	9.2632e-07	9.26e-17
91.85	4.7352e-10	3.9948e-06	2.9895e-06	1.0053e-06	9.7256e-17
91.86	4.7674e-10	4.0228e-06	3.0073e-06	1.0156e-06	9.7239e-17
91.87	4.3713e-10	3.6894e-06	2.7604e-06	9.2899e-07	9.6197e-17
91.88	4.8071e-10	4.0581e-06	3.0373e-06	1.0208e-06	9.1511e-17
91.89	4.6409e-10	3.9187e-06	2.9288e-06	9.8983e-07	9.2784e-17
91.9	4.4225e-10	3.735e-06	2.7967e-06	9.3836e-07	9.5957e-17
91.91	4.8461e-10	4.0937e-06	3.0624e-06	1.0314e-06	9.6251e-17
91.92	4.4982e-10	3.8006e-06	2.8415e-06	9.5915e-07	9.1751e-17
91.93	4.571e-10	3.863e-06	2.8928e-06	9.7017e-07	9.46e-17
91.94	4.755e-10	4.0194e-06	3.0046e-06	1.0148e-06	9.8934e-17
91.95	4.4294e-10	3.745e-06	2.8017e-06	9.4327e-07	8.8843e-17
91.96	4.7375e-10	4.0063e-06	2.9989e-06	1.0074e-06	9.3581e-17
91.97	4.5283e-10	3.8303e-06	2.8641e-06	9.6614e-07	9.0962e-17
91.98	4.5776e-10	3.8728e-06	2.8977e-06	9.7502e-07	9.3564e-17
91.99	4.6917e-10	3.9702e-06	2.9706e-06	9.9958e-07	1.0708e-16
92	4.4335e-10	3.7525e-06	2.8071e-06	9.4544e-07	9.3783e-17
92.01	4.7223e-10	3.9978e-06	2.9895e-06	1.0083e-06	9.5926e-17
92.02	4.5185e-10	3.8261e-06	2.8638e-06	9.6232e-07	9.0696e-17
92.03	4.546e-10	3.8503e-06	2.8792e-06	9.7109e-07	8.9785e-17
92.04	4.6592e-10	3.947e-06	2.9511e-06	9.9588e-07	1.01e-16
92.05	4.5089e-10	3.8204e-06	2.8612e-06	9.5926e-07	8.5892e-17
92.06	4.5856e-10	3.8863e-06	2.9044e-06	9.8188e-07	9.3005e-17
92.07	4.566e-10	3.8706e-06	2.8968e-06	9.7382e-07	9.1321e-17
92.08	4.6012e-10	3.9012e-06	2.9204e-06	9.8086e-07	8.9364e-17
92.09	4.4872e-10	3.8054e-06	2.8436e-06	9.6182e-07	9.7831e-17
92.1	4.6123e-10	3.9124e-06	2.93e-06	9.8233e-07	9.055e-17
92.11	4.5739e-10	3.8806e-06	2.9029e-06	9.7779e-07	9.9135e-17
92.12	4.4603e-10	3.785e-06	2.8312e-06	9.5382e-07	9.155e-17
92.13	4.6422e-10	3.9403e-06	2.9491e-06	9.9114e-07	9.3173e-17
92.14	4.5244e-10	3.8411e-06	2.8723e-06	9.688e-07	9.7735e-17
92.15	4.499e-10	3.8204e-06	2.8593e-06	9.6112e-07	8.9278e-17
92.16	4.5767e-10	3.8872e-06	2.9071e-06	9.8016e-07	9.7334e-17
92.17	4.5753e-10	3.8869e-06	2.9083e-06	9.7858e-07	9.054e-17
92.18	4.4402e-10	3.7729e-06	2.8225e-06	9.5042e-07	9.32e-17
92.19	4.5921e-10	3.9028e-06	2.9191e-06	9.8367e-07	9.2865e-17
92.2	4.5894e-10	3.9014e-06	2.9198e-06	9.8156e-07	9.0119e-17
92.21	4.3712e-10	3.7167e-06	2.7784e-06	9.3831e-07	9.4337e-17
92.22	4.6732e-10	3.9744e-06	2.975e-06	9.994e-07	8.9237e-17
92.23	4.4878e-10	3.8175e-06	2.856e-06	9.6152e-07	9.8925e-17
92.24	4.4277e-10	3.7672e-06	2.8175e-06	9.4966e-07	9.354e-17
92.25	4.65e-10	3.9572e-06	2.9626e-06	9.9457e-07	9.2001e-17
92.26	4.4397e-10	3.7791e-06	2.8249e-06	9.5419e-07	8.8406e-17
92.27	4.4904e-10	3.823e-06	2.861e-06	9.6198e-07	8.4872e-17
92.28	4.5602e-10	3.8833e-06	2.9057e-06	9.7757e-07	1.024e-16
92.29	4.4785e-10	3.8145e-06	2.8525e-06	9.6202e-07	8.7937e-17
92.3	4.4744e-10	3.8119e-06	2.8534e-06	9.585e-07	8.9023e-17
92.31	4.527e-10	3.8575e-06	2.8848e-06	9.7272e-07	9.6608e-17
92.32	4.4952e-10	3.8313e-06	2.8669e-06	9.6443e-07	8.5153e-17
92.33	4.4677e-10	3.8087e-06	2.8496e-06	9.5902e-07	9.6992e-17
92.34	4.4787e-10	3.8188e-06	2.8562e-06	9.6262e-07	9.6568e-17
92.35	4.5379e-10	3.8701e-06	2.8967e-06	9.7346e-07	8.7334e-17
92.36	4.4385e-10	3.7862e-06	2.8324e-06	9.5384e-07	9.4929e-17
92.37	4.4418e-10	3.7898e-06	2.8354e-06	9.5447e-07	9.9841e-17
92.38	4.6243e-10	3.9464e-06	2.9521e-06	9.9431e-07	8.6572e-17
92.39	4.2925e-10	3.664e-06	2.7412e-06	9.228e-07	8.6122e-17
92.4	4.5659e-10	3.8982e-06	2.9167e-06	9.8156e-07	9.3268e-17
92.41	4.549e-10	3.8847e-06	2.906e-06	9.7863e-07	8.8984e-17
92.42	4.2522e-10	3.632e-06	2.7178e-06	9.1417e-07	9.557e-17
92.43	4.701e-10	4.0162e-06	3.0042e-06	1.012e-06	8.8529e-17
92.44	4.3152e-10	3.6874e-06	2.7602e-06	9.2725e-07	8.6449e-17
92.45	4.4728e-10	3.8229e-06	2.8599e-06	9.6305e-07	9.154e-17
92.46	4.5481e-10	3.8881e-06	2.9073e-06	9.808e-07	8.9344e-17
92.47	4.3019e-10	3.6785e-06	2.7537e-06	9.2473e-07	9.6051e-17
92.48	4.6219e-10	3.9529e-06	2.9564e-06	9.9657e-07	8.9486e-17
92.49	4.2859e-10	3.6663e-06	2.7431e-06	9.2327e-07	9.1805e-17
92.5	4.5502e-10	3.8933e-06	2.9139e-06	9.7935e-07	9.2583e-17
92.51	4.4386e-10	3.7986e-06	2.8407e-06	9.579e-07	8.7407e-17
92.52	4.3158e-10	3.6943e-06	2.7649e-06	9.2946e-07	9.3426e-17
92.53	4.6219e-10	3.9572e-06	2.9606e-06	9.9661e-07	8.4854e-17
92.54	4.268e-10	3.6549e-06	2.7336e-06	9.2135e-07	8.2654e-17
92.55	4.5056e-10	3.8593e-06	2.8878e-06	9.7144e-07	8.984e-17
92.56	4.4309e-10	3.7961e-06	2.8401e-06	9.56e-07	9.629e-17
92.57	4.3904e-10	3.7622e-06	2.8142e-06	9.4799e-07	9.3815e-17
92.58	4.4336e-10	3.8e-06	2.843e-06	9.5704e-07	8.9104e-17
92.59	4.3814e-10	3.7562e-06	2.8105e-06	9.4564e-07	9.867e-17
92.6	4.5151e-10	3.8716e-06	2.8958e-06	9.7579e-07	9.1566e-17
92.61	4.2403e-10	3.6368e-06	2.7212e-06	9.1554e-07	8.3968e-17
92.62	4.5654e-10	3.9164e-06	2.931e-06	9.8539e-07	9.4496e-17
92.63	4.3709e-10	3.7504e-06	2.8063e-06	9.4406e-07	8.9212e-17
92.64	4.2736e-10	3.6676e-06	2.7443e-06	9.2338e-07	7.8448e-17
92.65	4.6212e-10	3.9668e-06	2.968e-06	9.9887e-07	9.0203e-17
92.66	4.2219e-10	3.6249e-06	2.713e-06	9.1186e-07	9.0253e-17
92.67	4.4297e-10	3.8041e-06	2.8459e-06	9.5824e-07	8.2486e-17
92.68	4.4694e-10	3.839e-06	2.8729e-06	9.6606e-07	9.3213e-17
92.69	4.285e-10	3.6814e-06	2.7539e-06	9.2744e-07	8.9717e-17
92.7	4.4297e-10	3.8066e-06	2.8467e-06	9.5991e-07	9.1523e-17
92.71	4.3798e-10	3.7645e-06	2.8181e-06	9.4639e-07	9.2713e-17
92.72	4.3825e-10	3.7676e-06	2.8172e-06	9.5043e-07	8.3771e-17
92.73	4.3355e-10	3.7281e-06	2.7892e-06	9.3885e-07	9.2014e-17
92.74	4.41e-10	3.7929e-06	2.8389e-06	9.5401e-07	8.8923e-17
92.75	4.3837e-10	3.7711e-06	2.8198e-06	9.5136e-07	9.0849e-17
92.76	4.2873e-10	3.689e-06	2.7616e-06	9.2742e-07	9.3859e-17
92.77	4.4382e-10	3.8197e-06	2.8573e-06	9.6232e-07	8.3888e-17
92.78	4.3715e-10	3.763e-06	2.8147e-06	9.4833e-07	8.4619e-17
92.79	4.2496e-10	3.6589e-06	2.7386e-06	9.2032e-07	8.6172e-17
92.8	4.4725e-10	3.8516e-06	2.8817e-06	9.6986e-07	9.2059e-17
92.81	4.3185e-10	3.7198e-06	2.7836e-06	9.3626e-07	8.898e-17
92.82	4.2533e-10	3.6645e-06	2.7414e-06	9.2307e-07	8.5651e-17
92.83	4.505e-10	3.8821e-06	2.9064e-06	9.7568e-07	9.1795e-17
92.84	4.2196e-10	3.6369e-06	2.72e-06	9.1698e-07	8.607e-17
92.85	4.3669e-10	3.7647e-06	2.8158e-06	9.4891e-07	8.6196e-17
92.86	4.3975e-10	3.792e-06	2.8393e-06	9.5264e-07	9.0217e-17
92.87	4.2418e-10	3.6585e-06	2.7339e-06	9.2461e-07	9.1599e-17
92.88	4.4155e-10	3.8091e-06	2.8515e-06	9.5761e-07	9.0687e-17
92.89	4.249e-10	3.6663e-06	2.7444e-06	9.219e-07	7.9681e-17
92.9	4.4047e-10	3.8015e-06	2.841e-06	9.6042e-07	8.17e-17
92.91	4.2743e-10	3.6897e-06	2.7637e-06	9.2596e-07	9.8887e-17
92.92	4.2877e-10	3.7021e-06	2.7686e-06	9.3352e-07	9.3998e-17
92.93	4.4335e-10	3.8287e-06	2.8632e-06	9.6554e-07	7.7736e-17
92.94	4.163e-10	3.5959e-06	2.6926e-06	9.0335e-07	8.5201e-17
92.95	4.4062e-10	3.8068e-06	2.8459e-06	9.609e-07	9.1885e-17
92.96	4.3062e-10	3.7212e-06	2.7845e-06	9.3674e-07	8.6757e-17
92.97	4.2392e-10	3.6641e-06	2.7422e-06	9.2192e-07	8.6208e-17
92.98	4.3612e-10	3.7703e-06	2.8202e-06	9.5009e-07	8.5947e-17
92.99	4.2883e-10	3.7081e-06	2.774e-06	9.3416e-07	8.8147e-17
93	4.281e-10	3.7026e-06	2.7699e-06	9.3272e-07	8.8145e-17
93.01	4.2707e-10	3.6946e-06	2.7645e-06	9.301e-07	8.418e-17
93.02	4.3703e-10	3.7815e-06	2.8277e-06	9.5381e-07	8.866e-17
93.03	4.1941e-10	3.6299e-06	2.7173e-06	9.1252e-07	9.0708e-17
93.04	4.3216e-10	3.7409e-06	2.7987e-06	9.4225e-07	8.4617e-17
93.05	4.3254e-10	3.7451e-06	2.8004e-06	9.4466e-07	8.6104e-17
93.06	4.1973e-10	3.6349e-06	2.7218e-06	9.1311e-07	8.5463e-17
93.07	4.3305e-10	3.7511e-06	2.804e-06	9.4705e-07	8.4577e-17
93.08	4.2551e-10	3.6866e-06	2.7587e-06	9.2789e-07	8.7576e-17
93.09	4.2946e-10	3.7216e-06	2.7862e-06	9.3543e-07	8.5684e-17
93.1	4.1949e-10	3.636e-06	2.7181e-06	9.1784e-07	8.759e-17
93.11	4.3644e-10	3.7837e-06	2.8328e-06	9.5093e-07	8.2963e-17
93.12	4.213e-10	3.6533e-06	2.7327e-06	9.2061e-07	8.8659e-17
93.13	4.1821e-10	3.6272e-06	2.7132e-06	9.1398e-07	9.272e-17
93.14	4.4557e-10	3.8654e-06	2.8928e-06	9.7253e-07	7.6957e-17
93.15	4.0423e-10	3.5074e-06	2.6233e-06	8.8412e-07	8.3736e-17
93.16	4.3622e-10	3.7859e-06	2.8335e-06	9.5234e-07	8.9419e-17
93.17	4.2889e-10	3.7231e-06	2.7845e-06	9.386e-07	8.9293e-17
93.18	4.0994e-10	3.5593e-06	2.6639e-06	8.9542e-07	8.8302e-17
93.19	4.3983e-10	3.8196e-06	2.8572e-06	9.624e-07	8.1634e-17
93.2	4.1305e-10	3.5879e-06	2.683e-06	9.0485e-07	9.1592e-17
93.21	4.2939e-10	3.7306e-06	2.7939e-06	9.3674e-07	8.2724e-17
93.22	4.2077e-10	3.6565e-06	2.7333e-06	9.2315e-07	7.8329e-17
93.23	4.2249e-10	3.6722e-06	2.7483e-06	9.239e-07	8.7539e-17
93.24	4.2766e-10	3.718e-06	2.7832e-06	9.3474e-07	8.0147e-17
93.25	4.1218e-10	3.5841e-06	2.679e-06	9.0511e-07	8.4275e-17
93.26	4.3413e-10	3.7758e-06	2.828e-06	9.4787e-07	8.9476e-17
93.27	4.1344e-10	3.5966e-06	2.6898e-06	9.0677e-07	8.8282e-17
93.28	4.2295e-10	3.6801e-06	2.7524e-06	9.2775e-07	8.2204e-17
93.29	4.2503e-10	3.6991e-06	2.7698e-06	9.293e-07	8.4148e-17
93.3	4.1569e-10	3.6185e-06	2.7053e-06	9.132e-07	9.3913e-17
93.31	4.254e-10	3.7039e-06	2.7724e-06	9.3147e-07	8.1825e-17
93.32	4.1428e-10	3.6078e-06	2.7e-06	9.0781e-07	8.1735e-17
93.33	4.2822e-10	3.73e-06	2.7901e-06	9.3983e-07	8.9921e-17
93.34	4.124e-10	3.593e-06	2.6894e-06	9.0358e-07	8.1075e-17
93.35	4.1958e-10	3.6563e-06	2.7352e-06	9.2116e-07	8.1273e-17
93.36	4.2919e-10	3.7409e-06	2.7996e-06	9.4126e-07	8.1939e-17
93.37	4.0335e-10	3.5164e-06	2.6306e-06	8.8583e-07	8.0331e-17
93.38	4.2915e-10	3.7421e-06	2.7996e-06	9.4253e-07	8.579e-17
93.39	4.2075e-10	3.6696e-06	2.7457e-06	9.2397e-07	8.4933e-17
93.4	4.0457e-10	3.5293e-06	2.6394e-06	8.8988e-07	9.033e-17
93.41	4.3183e-10	3.7679e-06	2.8204e-06	9.4755e-07	8.8616e-17
93.42	4.1288e-10	3.6033e-06	2.6951e-06	9.082e-07	7.6737e-17
93.43	4.097e-10	3.5763e-06	2.6752e-06	9.0114e-07	8.8298e-17
93.44	4.2857e-10	3.7418e-06	2.8011e-06	9.4077e-07	8.563e-17
93.45	4.0906e-10	3.5723e-06	2.6717e-06	9.0059e-07	7.7757e-17
93.46	4.1676e-10	3.6403e-06	2.7241e-06	9.1615e-07	8.7484e-17
93.47	4.1812e-10	3.653e-06	2.7336e-06	9.1935e-07	8.055e-17
93.48	4.1463e-10	3.6232e-06	2.7099e-06	9.133e-07	7.9229e-17
93.49	4.162e-10	3.6377e-06	2.7221e-06	9.1561e-07	7.8599e-17
93.5	4.0972e-10	3.5819e-06	2.6797e-06	9.022e-07	8.1789e-17
93.51	4.2714e-10	3.735e-06	2.7938e-06	9.412e-07	9.1619e-17
93.52	4.0163e-10	3.5127e-06	2.629e-06	8.8367e-07	8.2615e-17
93.53	4.1784e-10	3.6552e-06	2.735e-06	9.2024e-07	8.3898e-17
93.54	4.2513e-10	3.7198e-06	2.7821e-06	9.377e-07	8.8393e-17
93.55	3.9338e-10	3.4427e-06	2.5767e-06	8.6604e-07	8.2168e-17
93.56	4.3056e-10	3.7689e-06	2.8192e-06	9.4966e-07	7.873e-17
93.57	4.0826e-10	3.5744e-06	2.6746e-06	8.999e-07	8.5554e-17
93.58	4.0536e-10	3.5498e-06	2.6579e-06	8.9189e-07	8.5248e-17
93.59	4.2262e-10	3.7018e-06	2.7681e-06	9.3367e-07	7.5817e-17
93.6	4.063e-10	3.5596e-06	2.6649e-06	8.9466e-07	8.2815e-17
93.61	4.1323e-10	3.6211e-06	2.71e-06	9.1103e-07	7.808e-17
93.62	4.0865e-10	3.5817e-06	2.6789e-06	9.0284e-07	7.9614e-17
93.63	4.1949e-10	3.6775e-06	2.754e-06	9.2347e-07	8.8329e-17
93.64	3.9967e-10	3.5045e-06	2.6203e-06	8.8421e-07	8.1205e-17
93.65	4.1733e-10	3.6601e-06	2.7391e-06	9.2101e-07	8.7523e-17
93.66	4.1473e-10	3.6381e-06	2.723e-06	9.1505e-07	8.1487e-17
93.67	3.9547e-10	3.4699e-06	2.5939e-06	8.7598e-07	7.6797e-17
93.68	4.286e-10	3.7614e-06	2.8166e-06	9.448e-07	8.55e-17
93.69	3.9424e-10	3.4605e-06	2.5885e-06	8.7201e-07	8.2044e-17
93.7	4.1698e-10	3.6609e-06	2.7388e-06	9.2214e-07	8.1276e-17
93.71	4.1049e-10	3.6048e-06	2.6987e-06	9.0607e-07	7.8173e-17
93.72	3.9819e-10	3.4975e-06	2.6158e-06	8.8173e-07	7.6972e-17
93.73	4.2701e-10	3.7514e-06	2.8079e-06	9.4351e-07	8.3493e-17
93.74	3.8689e-10	3.3997e-06	2.5437e-06	8.5597e-07	8.471e-17
93.75	4.2381e-10	3.7249e-06	2.7874e-06	9.3754e-07	7.8013e-17
93.76	4.0559e-10	3.5655e-06	2.6683e-06	8.9714e-07	7.8845e-17
93.77	3.9435e-10	3.4674e-06	2.594e-06	8.7345e-07	8.2063e-17
93.78	4.2827e-10	3.7665e-06	2.819e-06	9.4752e-07	8.3529e-17
93.79	3.8947e-10	3.426e-06	2.5631e-06	8.6287e-07	8.7878e-17
93.8	4.1253e-10	3.6296e-06	2.7172e-06	9.1246e-07	7.8686e-17
93.81	4.0985e-10	3.6068e-06	2.6988e-06	9.0802e-07	8.1776e-17
93.82	3.9993e-10	3.5202e-06	2.6337e-06	8.8652e-07	8.1521e-17
93.83	4.0819e-10	3.5937e-06	2.6908e-06	9.0291e-07	7.534e-17
93.84	4.041e-10	3.5585e-06	2.6605e-06	8.9797e-07	8.7345e-17
93.85	4.0888e-10	3.6013e-06	2.6949e-06	9.0644e-07	7.9957e-17
93.86	3.9575e-10	3.4864e-06	2.6098e-06	8.7658e-07	7.7479e-17
93.87	4.1274e-10	3.6369e-06	2.7194e-06	9.1745e-07	7.8468e-17
93.88	4.0259e-10	3.5482e-06	2.6567e-06	8.9154e-07	7.8068e-17
93.89	3.9651e-10	3.4954e-06	2.6156e-06	8.7971e-07	8.571e-17
93.9	4.1328e-10	3.644e-06	2.7258e-06	9.1825e-07	7.6355e-17
93.91	4.0042e-10	3.5313e-06	2.6443e-06	8.8701e-07	8.2124e-17
93.92	3.9658e-10	3.4982e-06	2.6168e-06	8.8143e-07	8.1669e-17
93.93	4.1069e-10	3.6234e-06	2.7106e-06	9.1287e-07	7.4795e-17
93.94	4.0254e-10	3.5523e-06	2.66e-06	8.9226e-07	8.7235e-17
93.95	3.9054e-10	3.4472e-06	2.5785e-06	8.687e-07	8.2925e-17
93.96	4.1768e-10	3.6875e-06	2.7586e-06	9.2887e-07	7.4827e-17
93.97	3.9282e-10	3.4687e-06	2.5974e-06	8.7129e-07	7.8837e-17
93.98	3.9606e-10	3.4981e-06	2.616e-06	8.8212e-07	8.4981e-17
93.99	4.1656e-10	3.68e-06	2.754e-06	9.2594e-07	8.2941e-17
94	3.8486e-10	3.4006e-06	2.5463e-06	8.5439e-07	7.9303e-17
94.01	4.0933e-10	3.6176e-06	2.7044e-06	9.1319e-07	7.5617e-17
94.02	3.9893e-10	3.5265e-06	2.6399e-06	8.8656e-07	7.6482e-17
94.03	3.9704e-10	3.5105e-06	2.6269e-06	8.8362e-07	8.6319e-17
94.04	4.039e-10	3.5719e-06	2.6712e-06	9.0068e-07	7.907e-17
94.05	3.9167e-10	3.4645e-06	2.5944e-06	8.701e-07	7.8605e-17
94.06	4.1096e-10	3.6359e-06	2.7188e-06	9.1708e-07	8.1716e-17
94.07	3.855e-10	3.4113e-06	2.552e-06	8.5937e-07	7.671e-17
94.08	4.0565e-10	3.5905e-06	2.6875e-06	9.0301e-07	7.8019e-17
94.09	4.0265e-10	3.5646e-06	2.6663e-06	8.9831e-07	7.3457e-17
94.1	3.8307e-10	3.392e-06	2.5388e-06	8.5322e-07	8.2253e-17
94.11	4.1439e-10	3.6702e-06	2.7456e-06	9.2458e-07	8.3885e-17
94.12	3.8677e-10	3.4263e-06	2.5643e-06	8.62e-07	7.7272e-17
94.13	3.972e-10	3.5194e-06	2.6331e-06	8.8624e-07	8.48e-17
94.14	4.0373e-10	3.578e-06	2.6771e-06	9.0097e-07	8.0827e-17
94.15	3.8742e-10	3.4342e-06	2.571e-06	8.632e-07	7.6034e-17
94.16	4.0428e-10	3.5844e-06	2.6804e-06	9.0405e-07	7.909e-17
94.17	3.885e-10	3.4452e-06	2.5796e-06	8.6555e-07	8.2899e-17
94.18	4.0007e-10	3.5486e-06	2.656e-06	8.9265e-07	7.8162e-17
94.19	3.9665e-10	3.519e-06	2.6314e-06	8.8761e-07	7.6945e-17
94.2	3.8512e-10	3.4174e-06	2.5593e-06	8.5809e-07	8.1794e-17
94.21	4.1047e-10	3.6431e-06	2.7253e-06	9.1779e-07	7.6498e-17
94.22	3.8188e-10	3.3901e-06	2.5367e-06	8.5338e-07	8.009e-17
94.23	3.9438e-10	3.5018e-06	2.6221e-06	8.7977e-07	8.032e-17
94.24	4.0772e-10	3.621e-06	2.7083e-06	9.1274e-07	8.079e-17
94.25	3.7257e-10	3.3095e-06	2.4764e-06	8.3315e-07	7.9235e-17
94.26	4.1007e-10	3.6434e-06	2.7265e-06	9.1695e-07	7.4715e-17
94.27	3.8904e-10	3.4573e-06	2.5865e-06	8.7079e-07	9.0195e-17
94.28	3.8326e-10	3.4067e-06	2.5494e-06	8.5728e-07	7.967e-17
94.29	4.1016e-10	3.6466e-06	2.7291e-06	9.1743e-07	6.9738e-17
94.3	3.7241e-10	3.3117e-06	2.4783e-06	8.3342e-07	8.3664e-17
94.31	4.0852e-10	3.6335e-06	2.7191e-06	9.1441e-07	7.9003e-17
94.32	3.835e-10	3.4117e-06	2.5537e-06	8.5801e-07	8.0049e-17
94.33	3.8587e-10	3.4335e-06	2.5693e-06	8.6419e-07	7.7117e-17
94.34	4.1292e-10	3.675e-06	2.7493e-06	9.2567e-07	7.3319e-17
94.35	3.5966e-10	3.2017e-06	2.396e-06	8.0564e-07	8.5296e-17
94.36	4.1735e-10	3.716e-06	2.7808e-06	9.3516e-07	8.0332e-17
94.37	3.8464e-10	3.4254e-06	2.562e-06	8.6342e-07	7.5207e-17
94.38	3.7141e-10	3.3084e-06	2.4763e-06	8.321e-07	8.3087e-17
94.39	4.2335e-10	3.7718e-06	2.823e-06	9.4879e-07	8.3759e-17
94.4	3.6134e-10	3.22e-06	2.4082e-06	8.1176e-07	8.1126e-17
94.41	3.973e-10	3.5412e-06	2.6516e-06	8.8955e-07	7.6725e-17
94.42	4.0115e-10	3.5763e-06	2.6758e-06	9.0045e-07	7.0316e-17
94.43	3.6891e-10	3.2896e-06	2.4605e-06	8.2903e-07	7.935e-17
94.44	3.9999e-10	3.5675e-06	2.6716e-06	8.959e-07	8.6023e-17
94.45	3.8768e-10	3.4584e-06	2.5861e-06	8.723e-07	7.6407e-17
94.46	3.8105e-10	3.4e-06	2.5443e-06	8.5575e-07	8.1074e-17
94.47	3.9004e-10	3.481e-06	2.6061e-06	8.7489e-07	8.4485e-17
94.48	3.9036e-10	3.4846e-06	2.6057e-06	8.7885e-07	7.7567e-17
94.49	3.7947e-10	3.388e-06	2.537e-06	8.5099e-07	8.0755e-17
94.5	3.9155e-10	3.4966e-06	2.6174e-06	8.7923e-07	7.7897e-17
94.51	3.8533e-10	3.4419e-06	2.5748e-06	8.6704e-07	7.3278e-17
94.52	3.8288e-10	3.4207e-06	2.5605e-06	8.6019e-07	7.9633e-17
94.53	3.9007e-10	3.4856e-06	2.608e-06	8.7757e-07	8.5608e-17
94.54	3.7802e-10	3.3787e-06	2.5276e-06	8.5103e-07	8.3539e-17
94.55	3.9476e-10	3.529e-06	2.6411e-06	8.8788e-07	7.357e-17
94.56	3.7458e-10	3.3494e-06	2.5079e-06	8.4147e-07	7.3726e-17
94.57	3.8898e-10	3.4788e-06	2.602e-06	8.7677e-07	8.4982e-17
94.58	3.9011e-10	3.4897e-06	2.6123e-06	8.774e-07	8.0118e-17
94.59	3.6871e-10	3.299e-06	2.4707e-06	8.2824e-07	7.9686e-17
94.6	3.9968e-10	3.5768e-06	2.6736e-06	9.0315e-07	8.6436e-17
94.61	3.7399e-10	3.3476e-06	2.5073e-06	8.4033e-07	6.9768e-17
94.62	3.8245e-10	3.424e-06	2.5625e-06	8.6147e-07	7.7952e-17
94.63	3.8884e-10	3.482e-06	2.6034e-06	8.7858e-07	9.0256e-17
94.64	3.7615e-10	3.3691e-06	2.5253e-06	8.4379e-07	7.1088e-17
94.65	3.8589e-10	3.4571e-06	2.585e-06	8.7205e-07	8.1921e-17
94.66	3.7658e-10	3.3744e-06	2.5244e-06	8.4993e-07	8.76e-17
94.67	3.8933e-10	3.4894e-06	2.6137e-06	8.7565e-07	7.6105e-17
94.68	3.7258e-10	3.3399e-06	2.4964e-06	8.4351e-07	8.1966e-17
94.69	3.8424e-10	3.4451e-06	2.5796e-06	8.6554e-07	8.1691e-17
94.7	3.8585e-10	3.4604e-06	2.5906e-06	8.6977e-07	7.921e-17
94.71	3.6917e-10	3.3115e-06	2.4767e-06	8.3473e-07	7.4423e-17
94.72	3.9005e-10	3.4995e-06	2.6204e-06	8.791e-07	8.0743e-17
94.73	3.762e-10	3.3759e-06	2.5265e-06	8.4945e-07	8.4218e-17
94.74	3.7791e-10	3.392e-06	2.5384e-06	8.5363e-07	7.6673e-17
94.75	3.8025e-10	3.4137e-06	2.5555e-06	8.5826e-07	7.9234e-17
94.76	3.8214e-10	3.4314e-06	2.5677e-06	8.6364e-07	7.6569e-17
94.77	3.7384e-10	3.3576e-06	2.5119e-06	8.4574e-07	8.1222e-17
94.78	3.7761e-10	3.3921e-06	2.5392e-06	8.5297e-07	7.727e-17
94.79	3.8751e-10	3.4818e-06	2.6061e-06	8.7575e-07	7.9089e-17
94.8	3.6338e-10	3.2657e-06	2.4433e-06	8.2247e-07	8.8221e-17
94.81	3.8876e-10	3.4946e-06	2.6162e-06	8.7839e-07	7.839e-17
94.82	3.7461e-10	3.368e-06	2.5201e-06	8.4799e-07	8.7157e-17
94.83	3.7103e-10	3.3366e-06	2.4968e-06	8.3982e-07	7.9322e-17
94.84	3.8648e-10	3.4763e-06	2.6025e-06	8.7374e-07	7.4871e-17
94.85	3.6613e-10	3.2939e-06	2.4644e-06	8.2948e-07	8.0111e-17
94.86	3.854e-10	3.468e-06	2.5955e-06	8.7246e-07	7.0632e-17
94.87	3.6712e-10	3.3042e-06	2.473e-06	8.3116e-07	8.9742e-17
94.88	3.8076e-10	3.4277e-06	2.5655e-06	8.6217e-07	7.572e-17
94.89	3.7907e-10	3.4132e-06	2.5546e-06	8.5854e-07	6.9713e-17
94.9	3.6032e-10	3.245e-06	2.4281e-06	8.1696e-07	9.4859e-17
94.91	3.9565e-10	3.5639e-06	2.6677e-06	8.9626e-07	8.0515e-17
94.92	3.5956e-10	3.2396e-06	2.424e-06	8.1552e-07	7.8836e-17
94.93	3.7407e-10	3.371e-06	2.5229e-06	8.4806e-07	8.048e-17
94.94	3.8914e-10	3.5075e-06	2.6256e-06	8.8198e-07	8.0007e-17
94.95	3.5354e-10	3.1873e-06	2.3842e-06	8.0308e-07	8.5118e-17
94.96	3.8635e-10	3.4839e-06	2.6077e-06	8.762e-07	8.0127e-17
94.97	3.7306e-10	3.3647e-06	2.5181e-06	8.4659e-07	8.1145e-17
94.98	3.6336e-10	3.2779e-06	2.452e-06	8.2589e-07	7.7541e-17
94.99	3.8338e-10	3.4593e-06	2.5892e-06	8.7008e-07	8.0261e-17
95	3.6485e-10	3.2928e-06	2.4638e-06	8.2896e-07	7.7398e-17
95.01	3.7434e-10	3.3792e-06	2.5291e-06	8.5003e-07	7.578e-17
95.02	3.7117e-10	3.3512e-06	2.5084e-06	8.4285e-07	8.0236e-17
95.03	3.6923e-10	3.3344e-06	2.494e-06	8.4044e-07	7.642e-17
95.04	3.7672e-10	3.4028e-06	2.5468e-06	8.5595e-07	8.4017e-17
95.05	3.6088e-10	3.2604e-06	2.4407e-06	8.1972e-07	8.285e-17
95.06	3.8005e-10	3.4343e-06	2.5702e-06	8.6411e-07	7.9719e-17
95.07	3.6676e-10	3.3149e-06	2.4814e-06	8.3348e-07	7.9933e-17
95.08	3.6424e-10	3.2928e-06	2.4651e-06	8.2772e-07	7.6517e-17
95.09	3.821e-10	3.455e-06	2.5863e-06	8.6861e-07	8.0933e-17
95.1	3.5639e-10	3.2232e-06	2.4118e-06	8.1139e-07	8.0931e-17
95.11	3.7711e-10	3.4113e-06	2.5539e-06	8.5738e-07	7.8254e-17
95.12	3.6637e-10	3.3149e-06	2.4811e-06	8.3375e-07	8.0045e-17
95.13	3.6577e-10	3.3101e-06	2.4766e-06	8.3351e-07	8.7267e-17
95.14	3.75e-10	3.3944e-06	2.5415e-06	8.5284e-07	8.046e-17
95.15	3.5572e-10	3.2205e-06	2.4089e-06	8.1157e-07	7.7096e-17
95.16	3.8417e-10	3.4788e-06	2.6037e-06	8.7514e-07	8.3271e-17
95.17	3.5242e-10	3.192e-06	2.3898e-06	8.0217e-07	7.5365e-17
95.18	3.7195e-10	3.3696e-06	2.5201e-06	8.4949e-07	7.6345e-17
95.19	3.7789e-10	3.4241e-06	2.5644e-06	8.5974e-07	7.4153e-17
95.2	3.4412e-10	3.1188e-06	2.3334e-06	7.8534e-07	7.9595e-17
95.21	3.8966e-10	3.5322e-06	2.642e-06	8.902e-07	8.5616e-17
95.22	3.5314e-10	3.2018e-06	2.3984e-06	8.0349e-07	7.7369e-17
95.23	3.6521e-10	3.312e-06	2.4773e-06	8.3468e-07	8.1643e-17
95.24	3.7576e-10	3.4084e-06	2.5506e-06	8.5784e-07	7.5702e-17
95.25	3.521e-10	3.1945e-06	2.3917e-06	8.0276e-07	8.289e-17
95.26	3.7733e-10	3.4241e-06	2.5617e-06	8.6239e-07	8.6721e-17
95.27	3.5235e-10	3.1981e-06	2.3939e-06	8.0419e-07	7.3384e-17
95.28	3.7558e-10	3.4096e-06	2.5527e-06	8.5691e-07	8.0637e-17
95.29	3.5842e-10	3.2545e-06	2.4359e-06	8.1859e-07	7.6587e-17
95.3	3.5779e-10	3.2495e-06	2.4311e-06	8.1834e-07	8.0227e-17
95.31	3.8115e-10	3.4623e-06	2.5926e-06	8.6976e-07	8.1253e-17
95.32	3.4202e-10	3.1075e-06	2.3253e-06	7.8226e-07	7.0019e-17
95.33	3.7629e-10	3.4196e-06	2.558e-06	8.6161e-07	8.5884e-17
95.34	3.6371e-10	3.306e-06	2.4772e-06	8.2877e-07	8.2656e-17
95.35	3.5095e-10	3.1907e-06	2.3861e-06	8.0466e-07	6.7661e-17
95.36	3.7331e-10	3.3947e-06	2.5405e-06	8.542e-07	8.1067e-17
95.37	3.5737e-10	3.2505e-06	2.4352e-06	8.1528e-07	8.4402e-17
95.38	3.5958e-10	3.2713e-06	2.4453e-06	8.2596e-07	7.1428e-17
95.39	3.617e-10	3.2912e-06	2.4647e-06	8.2651e-07	7.7932e-17
95.4	3.6629e-10	3.3337e-06	2.4952e-06	8.3846e-07	8.4849e-17
95.41	3.5199e-10	3.2042e-06	2.3955e-06	8.087e-07	8.1096e-17
95.42	3.6432e-10	3.3171e-06	2.4843e-06	8.3286e-07	8.2232e-17
95.43	3.6474e-10	3.3216e-06	2.486e-06	8.356e-07	7.6125e-17
95.44	3.4926e-10	3.1814e-06	2.3807e-06	8.0071e-07	7.8546e-17
95.45	3.6827e-10	3.3552e-06	2.5122e-06	8.4298e-07	7.7362e-17
95.46	3.5638e-10	3.2475e-06	2.4312e-06	8.1634e-07	7.03e-17
95.47	3.5711e-10	3.2549e-06	2.4347e-06	8.202e-07	8.2462e-17
95.48	3.5955e-10	3.2778e-06	2.4541e-06	8.2371e-07	7.8914e-17
95.49	3.6035e-10	3.2858e-06	2.4601e-06	8.2576e-07	7.1028e-17
95.5	3.5602e-10	3.247e-06	2.4273e-06	8.1976e-07	8.205e-17
95.51	3.5456e-10	3.2343e-06	2.4231e-06	8.1124e-07	8.3523e-17
95.52	3.6636e-10	3.3427e-06	2.5014e-06	8.4127e-07	7.4448e-17
95.53	3.4748e-10	3.1711e-06	2.3721e-06	7.9897e-07	7.7503e-17
95.54	3.6117e-10	3.2968e-06	2.4708e-06	8.2593e-07	7.95e-17
95.55	3.5973e-10	3.2843e-06	2.4556e-06	8.2872e-07	7.1812e-17
95.56	3.4956e-10	3.1921e-06	2.3903e-06	8.0179e-07	8.2192e-17
95.57	3.6114e-10	3.2986e-06	2.4697e-06	8.2884e-07	8.0737e-17
95.58	3.5345e-10	3.229e-06	2.4141e-06	8.1489e-07	7.042e-17
95.59	3.5718e-10	3.2637e-06	2.4452e-06	8.1848e-07	8.0239e-17
95.6	3.5182e-10	3.2155e-06	2.4051e-06	8.1037e-07	7.4587e-17
95.61	3.5872e-10	3.2791e-06	2.4539e-06	8.2524e-07	7.5459e-17
95.62	3.5493e-10	3.2452e-06	2.43e-06	8.152e-07	8.3176e-17
95.63	3.4816e-10	3.1839e-06	2.3811e-06	8.0279e-07	7.495e-17
95.64	3.6291e-10	3.3195e-06	2.4855e-06	8.34e-07	8.1777e-17
95.65	3.4953e-10	3.1978e-06	2.393e-06	8.0484e-07	8.2139e-17
95.66	3.5024e-10	3.205e-06	2.3987e-06	8.0632e-07	7.1394e-17
95.67	3.607e-10	3.3014e-06	2.4715e-06	8.2991e-07	7.6684e-17
95.68	3.491e-10	3.1959e-06	2.3916e-06	8.0426e-07	7.7563e-17
95.69	3.489e-10	3.1948e-06	2.3921e-06	8.0272e-07	7.2798e-17
95.7	3.6113e-10	3.3074e-06	2.4752e-06	8.3221e-07	7.5982e-17
95.71	3.4668e-10	3.1758e-06	2.377e-06	7.9871e-07	7.7634e-17
95.72	3.4904e-10	3.198e-06	2.3931e-06	8.0491e-07	7.5528e-17
95.73	3.6067e-10	3.3053e-06	2.4741e-06	8.312e-07	7.4886e-17
95.74	3.4324e-10	3.1462e-06	2.3554e-06	7.9075e-07	7.9506e-17
95.75	3.5317e-10	3.2379e-06	2.4222e-06	8.1573e-07	7.8858e-17
95.76	3.538e-10	3.2444e-06	2.4293e-06	8.151e-07	7.2604e-17
95.77	3.473e-10	3.1854e-06	2.3837e-06	8.0175e-07	7.8665e-17
95.78	3.5e-10	3.2108e-06	2.4023e-06	8.0847e-07	7.9069e-17
95.79	3.5223e-10	3.232e-06	2.4201e-06	8.1187e-07	7.4899e-17
95.8	3.5074e-10	3.219e-06	2.4075e-06	8.1146e-07	7.8598e-17
95.81	3.432e-10	3.1504e-06	2.3586e-06	7.9187e-07	7.3687e-17
95.82	3.5787e-10	3.2858e-06	2.4605e-06	8.2533e-07	7.7477e-17
95.83	3.4298e-10	3.1497e-06	2.3556e-06	7.941e-07	7.9382e-17
95.84	3.4828e-10	3.199e-06	2.3957e-06	8.0331e-07	6.7597e-17
95.85	3.5424e-10	3.2545e-06	2.4367e-06	8.178e-07	7.4456e-17
95.86	3.4014e-10	3.1256e-06	2.3379e-06	7.8772e-07	8.0575e-17
95.87	3.5516e-10	3.2643e-06	2.4442e-06	8.2009e-07	7.2671e-17
95.88	3.4142e-10	3.1386e-06	2.3491e-06	7.8954e-07	7.3935e-17
95.89	3.516e-10	3.2329e-06	2.4184e-06	8.1454e-07	7.8608e-17
95.9	3.4556e-10	3.1781e-06	2.3796e-06	7.9843e-07	7.6238e-17
95.91	3.4219e-10	3.1477e-06	2.3559e-06	7.9173e-07	7.5162e-17
95.92	3.5646e-10	3.2796e-06	2.4544e-06	8.2528e-07	7.6224e-17
95.93	3.3449e-10	3.0782e-06	2.3047e-06	7.735e-07	7.5613e-17
95.94	3.5363e-10	3.255e-06	2.4358e-06	8.1916e-07	8.2608e-17
95.95	3.4459e-10	3.1724e-06	2.3747e-06	7.9774e-07	8.1116e-17
95.96	3.4101e-10	3.1402e-06	2.3505e-06	7.8966e-07	6.7614e-17
95.97	3.5019e-10	3.2253e-06	2.414e-06	8.1128e-07	7.0143e-17
95.98	3.4025e-10	3.1345e-06	2.3467e-06	7.8776e-07	7.3925e-17
95.99	3.4948e-10	3.2201e-06	2.4097e-06	8.1043e-07	7.2877e-17
96	3.3753e-10	3.1106e-06	2.3291e-06	7.8156e-07	8.0126e-17
96.01	3.5143e-10	3.2394e-06	2.4246e-06	8.1484e-07	7.6805e-17
96.02	3.4059e-10	3.1402e-06	2.3495e-06	7.9072e-07	6.9753e-17
96.03	3.3865e-10	3.1229e-06	2.339e-06	7.8389e-07	7.6957e-17
96.04	3.5407e-10	3.2658e-06	2.4437e-06	8.2216e-07	7.7251e-17
96.05	3.3262e-10	3.0687e-06	2.2972e-06	7.7144e-07	7.1871e-17
96.06	3.4679e-10	3.2e-06	2.397e-06	8.03e-07	7.5555e-17
96.07	3.442e-10	3.1768e-06	2.3756e-06	8.0116e-07	7.3316e-17
96.08	3.3954e-10	3.1344e-06	2.3471e-06	7.8727e-07	7.5607e-17
96.09	3.4027e-10	3.1418e-06	2.353e-06	7.888e-07	7.5844e-17
96.1	3.4459e-10	3.1824e-06	2.3796e-06	8.0273e-07	7.0056e-17
96.11	3.4261e-10	3.1648e-06	2.3711e-06	7.9368e-07	8.4026e-17
96.12	3.3042e-10	3.0528e-06	2.2848e-06	7.6791e-07	7.3715e-17
96.13	3.5628e-10	3.2924e-06	2.4622e-06	8.3019e-07	6.4987e-17
96.14	3.3091e-10	3.0586e-06	2.2928e-06	7.6576e-07	8.8398e-17
96.15	3.3589e-10	3.1052e-06	2.3223e-06	7.8297e-07	7.3548e-17
96.16	3.5664e-10	3.2978e-06	2.4677e-06	8.3008e-07	6.4606e-17
96.17	3.2198e-10	2.9779e-06	2.2324e-06	7.4542e-07	7.6094e-17
96.18	3.4662e-10	3.2064e-06	2.3964e-06	8.1005e-07	6.9143e-17
96.19	3.4581e-10	3.1997e-06	2.3963e-06	8.0336e-07	7.329e-17
96.2	3.2594e-10	3.0164e-06	2.2598e-06	7.5659e-07	7.2609e-17
96.21	3.4782e-10	3.2195e-06	2.4073e-06	8.1222e-07	7.657e-17
96.22	3.3803e-10	3.1296e-06	2.3456e-06	7.8401e-07	8.1915e-17
96.23	3.3155e-10	3.0703e-06	2.2975e-06	7.7275e-07	7.1088e-17
96.24	3.4429e-10	3.1889e-06	2.3858e-06	8.0312e-07	7.4074e-17
96.25	3.3428e-10	3.0968e-06	2.3198e-06	7.7702e-07	7.6319e-17
96.26	3.369e-10	3.1217e-06	2.3355e-06	7.862e-07	6.9648e-17
96.27	3.3915e-10	3.1432e-06	2.3538e-06	7.8939e-07	6.8188e-17
96.28	3.3257e-10	3.0829e-06	2.3077e-06	7.7522e-07	7.5192e-17
96.29	3.4266e-10	3.1771e-06	2.3777e-06	7.994e-07	7.2791e-17
96.3	3.2853e-10	3.0467e-06	2.2811e-06	7.6557e-07	6.6123e-17
96.31	3.4001e-10	3.1538e-06	2.3603e-06	7.935e-07	7.8996e-17
96.32	3.3901e-10	3.1452e-06	2.3555e-06	7.8963e-07	8.0079e-17
96.33	3.2414e-10	3.0078e-06	2.2512e-06	7.5657e-07	7.0453e-17
96.34	3.4814e-10	3.2312e-06	2.4189e-06	8.1229e-07	7.035e-17
96.35	3.2685e-10	3.0342e-06	2.2724e-06	7.6185e-07	7.6569e-17
96.36	3.34e-10	3.1013e-06	2.3207e-06	7.806e-07	7.6587e-17
96.37	3.3981e-10	3.1559e-06	2.3633e-06	7.926e-07	6.5399e-17
96.38	3.2687e-10	3.0363e-06	2.2733e-06	7.63e-07	7.1075e-17
96.39	3.3939e-10	3.1533e-06	2.3596e-06	7.9363e-07	7.6476e-17
96.4	3.2708e-10	3.0396e-06	2.2759e-06	7.637e-07	6.9636e-17
96.41	3.4059e-10	3.1658e-06	2.3695e-06	7.9628e-07	7.0722e-17
96.42	3.2692e-10	3.0393e-06	2.2746e-06	7.6476e-07	7.6245e-17
96.43	3.3124e-10	3.0801e-06	2.3066e-06	7.7345e-07	7.4423e-17
96.44	3.4327e-10	3.1926e-06	2.3902e-06	8.0241e-07	7.1234e-17
96.45	3.163e-10	2.9424e-06	2.2022e-06	7.4018e-07	7.9324e-17
96.46	3.4233e-10	3.1852e-06	2.385e-06	8.0028e-07	7.4923e-17
96.47	3.324e-10	3.0934e-06	2.3152e-06	7.7827e-07	7.0837e-17
96.48	3.2131e-10	2.9909e-06	2.2386e-06	7.523e-07	7.288e-17
96.49	3.4069e-10	3.172e-06	2.3755e-06	7.9642e-07	6.8191e-17
96.5	3.2848e-10	3.0589e-06	2.2895e-06	7.6941e-07	7.0542e-17
96.51	3.2494e-10	3.0266e-06	2.2652e-06	7.6131e-07	6.4663e-17
96.52	3.3485e-10	3.1195e-06	2.336e-06	7.8349e-07	7.18e-17
96.53	3.3196e-10	3.0932e-06	2.3155e-06	7.7768e-07	7.5921e-17
96.54	3.2091e-10	2.9908e-06	2.2384e-06	7.524e-07	6.6651e-17
96.55	3.3705e-10	3.1419e-06	2.3526e-06	7.8937e-07	7.6982e-17
96.56	3.2884e-10	3.0661e-06	2.2956e-06	7.705e-07	7.5304e-17
96.57	3.2196e-10	3.0025e-06	2.2474e-06	7.5511e-07	7.4448e-17
96.58	3.3543e-10	3.1288e-06	2.3427e-06	7.861e-07	7.3832e-17
96.59	3.2659e-10	3.047e-06	2.2807e-06	7.6628e-07	6.7594e-17
96.6	3.2481e-10	3.031e-06	2.2688e-06	7.622e-07	7.4873e-17
96.61	3.2858e-10	3.0668e-06	2.2956e-06	7.7119e-07	7.3789e-17
96.62	3.3297e-10	3.1084e-06	2.3258e-06	7.8263e-07	6.9398e-17
96.63	3.1678e-10	2.9579e-06	2.2149e-06	7.43e-07	6.4907e-17
96.64	3.3389e-10	3.1183e-06	2.3338e-06	7.8451e-07	7.4529e-17
96.65	3.2988e-10	3.0815e-06	2.3063e-06	7.7518e-07	7.8164e-17
96.66	3.1288e-10	2.9233e-06	2.1892e-06	7.3411e-07	6.5933e-17
96.67	3.4327e-10	3.2079e-06	2.3996e-06	8.0825e-07	7.3863e-17
96.68	3.1321e-10	2.9276e-06	2.1923e-06	7.3523e-07	7.066e-17
96.69	3.2972e-10	3.0825e-06	2.3074e-06	7.7514e-07	6.8248e-17
96.7	3.3023e-10	3.088e-06	2.3098e-06	7.7822e-07	7.6063e-17
96.71	3.131e-10	2.9284e-06	2.1943e-06	7.3406e-07	6.681e-17
96.72	3.4147e-10	3.1944e-06	2.3897e-06	8.0472e-07	6.3629e-17
96.73	3.0648e-10	2.8677e-06	2.1459e-06	7.2174e-07	7.5086e-17
96.74	3.3789e-10	3.1622e-06	2.3689e-06	7.9331e-07	8.007e-17
96.75	3.2295e-10	3.023e-06	2.2609e-06	7.621e-07	7.0859e-17
96.76	3.0967e-10	2.8993e-06	2.1717e-06	7.2755e-07	7.6071e-17
96.77	3.4951e-10	3.273e-06	2.4506e-06	8.2236e-07	7.6898e-17
96.78	2.9848e-10	2.7957e-06	2.0915e-06	7.0421e-07	6.5538e-17
96.79	3.3561e-10	3.1441e-06	2.3554e-06	7.8873e-07	6.7714e-17
96.8	3.2907e-10	3.0835e-06	2.3073e-06	7.7614e-07	6.429e-17
96.81	3.0276e-10	2.8375e-06	2.1238e-06	7.1367e-07	7.1717e-17
96.82	3.459e-10	3.2425e-06	2.4281e-06	8.1436e-07	7.3596e-17
96.83	3.0556e-10	2.865e-06	2.1436e-06	7.2136e-07	6.1306e-17
96.84	3.2538e-10	3.0514e-06	2.2843e-06	7.6718e-07	7.2585e-17
96.85	3.3058e-10	3.1008e-06	2.3217e-06	7.7914e-07	8.0774e-17
96.86	3.0382e-10	2.8504e-06	2.1343e-06	7.1615e-07	7.4458e-17
96.87	3.3801e-10	3.1718e-06	2.374e-06	7.9781e-07	7.1054e-17
96.88	3.1115e-10	2.9204e-06	2.1865e-06	7.3384e-07	7.0959e-17
96.89	3.1658e-10	2.9719e-06	2.2253e-06	7.4658e-07	7.0338e-17
96.9	3.3642e-10	3.1588e-06	2.3632e-06	7.956e-07	7.2835e-17
96.91	3.0056e-10	2.8227e-06	2.1142e-06	7.085e-07	6.8938e-17
96.92	3.2971e-10	3.0971e-06	2.3183e-06	7.7884e-07	6.6759e-17
96.93	3.255e-10	3.0582e-06	2.2882e-06	7.6999e-07	7.6e-17
96.94	3.0036e-10	2.8225e-06	2.115e-06	7.075e-07	6.4295e-17
96.95	3.3822e-10	3.179e-06	2.3779e-06	8.0116e-07	6.6699e-17
96.96	3.1113e-10	2.925e-06	2.1898e-06	7.3524e-07	7.6922e-17
96.97	3.1071e-10	2.9217e-06	2.189e-06	7.3274e-07	6.5805e-17
96.98	3.3344e-10	3.1361e-06	2.3452e-06	7.9087e-07	7.4159e-17
96.99	3.0465e-10	2.8658e-06	2.1473e-06	7.1847e-07	7.1288e-17
97	3.2108e-10	3.0211e-06	2.2612e-06	7.5983e-07	7.0445e-17
97.01	3.2025e-10	3.0139e-06	2.2553e-06	7.5854e-07	7.8457e-17
97.02	3.1227e-10	2.9393e-06	2.2033e-06	7.3601e-07	6.4215e-17
97.03	3.1886e-10	3.002e-06	2.2453e-06	7.5674e-07	7.2116e-17
97.04	3.1493e-10	2.9657e-06	2.2217e-06	7.4394e-07	7.5744e-17
97.05	3.1851e-10	3e-06	2.2467e-06	7.5327e-07	6.1466e-17
97.06	3.1126e-10	2.9323e-06	2.1933e-06	7.3896e-07	6.6661e-17
97.07	3.1795e-10	2.9959e-06	2.2452e-06	7.5072e-07	7.6367e-17
97.08	3.1625e-10	2.9805e-06	2.2295e-06	7.51e-07	7.2503e-17
97.09	3.1127e-10	2.9342e-06	2.1974e-06	7.3677e-07	6.3795e-17
97.1	3.1612e-10	2.9805e-06	2.2325e-06	7.48e-07	7.5905e-17
97.11	3.17e-10	2.9895e-06	2.2362e-06	7.533e-07	7.7984e-17
97.12	3.0987e-10	2.9228e-06	2.1901e-06	7.3262e-07	6.2055e-17
97.13	3.1323e-10	2.9551e-06	2.2109e-06	7.442e-07	6.8918e-17
97.14	3.2146e-10	3.0333e-06	2.2714e-06	7.6192e-07	7.2434e-17
97.15	3.0207e-10	2.851e-06	2.135e-06	7.1595e-07	6.8229e-17
97.16	3.2009e-10	3.0216e-06	2.2596e-06	7.62e-07	7.255e-17
97.17	3.1515e-10	2.9756e-06	2.2298e-06	7.4581e-07	6.9187e-17
97.18	3.024e-10	2.8559e-06	2.1367e-06	7.1917e-07	7.1235e-17
97.19	3.2333e-10	3.0542e-06	2.2862e-06	7.6797e-07	7.6533e-17
97.2	3.0502e-10	2.8818e-06	2.1587e-06	7.2305e-07	6.78e-17
97.21	3.1356e-10	2.963e-06	2.216e-06	7.4706e-07	6.5238e-17
97.22	3.1162e-10	2.9453e-06	2.2066e-06	7.3877e-07	7.1466e-17
97.23	3.1048e-10	2.9352e-06	2.1966e-06	7.3856e-07	6.9336e-17
97.24	3.1405e-10	2.9696e-06	2.2223e-06	7.4724e-07	6.6875e-17
97.25	3.0236e-10	2.8596e-06	2.1426e-06	7.1704e-07	7.108e-17
97.26	3.2202e-10	3.0462e-06	2.2788e-06	7.674e-07	7.3023e-17
97.27	3.0176e-10	2.8551e-06	2.1377e-06	7.1731e-07	7.115e-17
97.28	3.0939e-10	2.9279e-06	2.1926e-06	7.3524e-07	6.9485e-17
97.29	3.1918e-10	3.0211e-06	2.2611e-06	7.6009e-07	6.724e-17
97.3	2.9756e-10	2.8171e-06	2.1088e-06	7.0827e-07	7.1728e-17
97.31	3.1557e-10	2.9882e-06	2.237e-06	7.5125e-07	7.5481e-17
97.32	3.1088e-10	2.9444e-06	2.2046e-06	7.398e-07	7.0519e-17
97.33	3.0287e-10	2.8691e-06	2.148e-06	7.2112e-07	6.7982e-17
97.34	3.1102e-10	2.947e-06	2.207e-06	7.3994e-07	6.52e-17
97.35	3.1091e-10	2.9465e-06	2.2047e-06	7.4173e-07	7.3608e-17
97.36	3.0197e-10	2.8624e-06	2.1431e-06	7.1928e-07	7.6697e-17
97.37	3.1053e-10	2.9441e-06	2.2049e-06	7.3926e-07	6.339e-17
97.38	3.0931e-10	2.9331e-06	2.1937e-06	7.3944e-07	7.0387e-17
97.39	3.0153e-10	2.8599e-06	2.1432e-06	7.1668e-07	7.1072e-17
97.4	3.1236e-10	2.9633e-06	2.2181e-06	7.4523e-07	6.3512e-17
97.41	3.0105e-10	2.8565e-06	2.1369e-06	7.1967e-07	7.3408e-17
97.42	3.1178e-10	2.959e-06	2.2177e-06	7.4124e-07	7.5487e-17
97.43	3.0092e-10	2.8565e-06	2.1362e-06	7.2031e-07	6.9197e-17
97.44	3.0632e-10	2.9084e-06	2.1776e-06	7.3079e-07	6.7778e-17
97.45	3.1427e-10	2.9845e-06	2.2361e-06	7.4842e-07	7.5612e-17
97.46	2.8851e-10	2.7404e-06	2.0501e-06	6.9033e-07	7.0397e-17
97.47	3.2282e-10	3.067e-06	2.2977e-06	7.6921e-07	6.3446e-17
97.48	2.9666e-10	2.819e-06	2.1106e-06	7.0836e-07	7.2169e-17
97.49	2.9865e-10	2.8384e-06	2.1244e-06	7.1399e-07	6.7842e-17
97.5	3.2102e-10	3.0517e-06	2.2854e-06	7.6624e-07	7.1827e-17
97.51	2.87e-10	2.7288e-06	2.0434e-06	6.8539e-07	7.2283e-17
97.52	3.1416e-10	2.9877e-06	2.2366e-06	7.5112e-07	6.304e-17
97.53	3.0086e-10	2.8618e-06	2.1417e-06	7.2008e-07	7.4045e-17
97.54	3.0178e-10	2.8711e-06	2.151e-06	7.201e-07	7.6132e-17
97.55	3.0501e-10	2.9025e-06	2.1725e-06	7.2996e-07	7.1062e-17
97.56	2.9763e-10	2.8329e-06	2.1203e-06	7.1252e-07	6.8639e-17
97.57	3.1258e-10	2.9757e-06	2.229e-06	7.4672e-07	6.9495e-17
97.58	2.8713e-10	2.734e-06	2.0454e-06	6.8869e-07	7.1365e-17
97.59	3.1539e-10	3.0037e-06	2.25e-06	7.5375e-07	6.3487e-17
97.6	2.9872e-10	2.8455e-06	2.1312e-06	7.1431e-07	6.6522e-17
97.61	2.9165e-10	2.7788e-06	2.0786e-06	7.0014e-07	7.4435e-17
97.62	3.1932e-10	3.043e-06	2.2798e-06	7.6323e-07	7.4862e-17
97.63	2.8459e-10	2.7126e-06	2.031e-06	6.8167e-07	7.0333e-17
97.64	3.0905e-10	2.9464e-06	2.2049e-06	7.415e-07	6.7031e-17
97.65	3.0192e-10	2.8789e-06	2.1567e-06	7.2226e-07	6.962e-17
97.66	2.9273e-10	2.7919e-06	2.0898e-06	7.0209e-07	7.3922e-17
97.67	3.0947e-10	2.9522e-06	2.2099e-06	7.4234e-07	7.4214e-17
97.68	2.8958e-10	2.763e-06	2.0692e-06	6.9381e-07	6.444e-17
97.69	3.0792e-10	2.9386e-06	2.1996e-06	7.3899e-07	6.9678e-17
97.7	2.9474e-10	2.8133e-06	2.1063e-06	7.0703e-07	7.3191e-17
97.71	2.9552e-10	2.8214e-06	2.112e-06	7.0933e-07	6.4088e-17
97.72	3.0995e-10	2.9597e-06	2.2158e-06	7.4398e-07	7.4663e-17
97.73	2.8451e-10	2.7174e-06	2.0341e-06	6.8323e-07	7.339e-17
97.74	3.0664e-10	2.9293e-06	2.1926e-06	7.3674e-07	6.331e-17
97.75	3.0034e-10	2.8698e-06	2.1497e-06	7.2013e-07	7.1725e-17
97.76	2.8586e-10	2.732e-06	2.0444e-06	6.8757e-07	7.422e-17
97.77	3.1027e-10	2.9658e-06	2.2207e-06	7.4514e-07	6.6021e-17
97.78	2.8965e-10	2.7693e-06	2.0752e-06	6.9413e-07	6.8646e-17
97.79	2.9576e-10	2.8283e-06	2.1159e-06	7.1243e-07	7.8256e-17
97.8	3.036e-10	2.9039e-06	2.1752e-06	7.2868e-07	6.9831e-17
97.81	2.8777e-10	2.7531e-06	2.0613e-06	6.9177e-07	6.6276e-17
97.82	3.035e-10	2.9041e-06	2.1727e-06	7.3139e-07	7.5195e-17
97.83	2.895e-10	2.7708e-06	2.0766e-06	6.9422e-07	6.8603e-17
97.84	2.9838e-10	2.8563e-06	2.1369e-06	7.194e-07	6.5342e-17
97.85	2.9798e-10	2.8531e-06	2.1356e-06	7.1747e-07	7.4574e-17
97.86	2.8514e-10	2.7307e-06	2.0458e-06	6.8486e-07	7.1298e-17
97.87	3.0845e-10	2.9545e-06	2.2101e-06	7.444e-07	6.352e-17
97.88	2.8394e-10	2.7203e-06	2.0377e-06	6.8257e-07	7.1712e-17
97.89	2.9581e-10	2.8346e-06	2.1228e-06	7.1184e-07	7.5935e-17
97.9	3.0152e-10	2.8899e-06	2.1633e-06	7.2663e-07	6.8861e-17
97.91	2.8208e-10	2.7041e-06	2.0251e-06	6.7894e-07	6.6603e-17
97.92	3.0198e-10	2.8955e-06	2.167e-06	7.2843e-07	7.5214e-17
97.93	2.8997e-10	2.7809e-06	2.083e-06	6.9795e-07	7.5461e-17
97.94	2.9288e-10	2.8094e-06	2.1031e-06	7.0622e-07	6.2078e-17
97.95	2.9197e-10	2.8013e-06	2.0973e-06	7.0401e-07	7.1644e-17
97.96	2.9339e-10	2.8154e-06	2.1084e-06	7.0698e-07	7.1536e-17
97.97	2.9341e-10	2.8161e-06	2.1072e-06	7.0898e-07	6.2673e-17
97.98	2.8515e-10	2.7374e-06	2.0509e-06	6.8656e-07	7.6294e-17
97.99	3.0169e-10	2.8969e-06	2.169e-06	7.2789e-07	6.8582e-17
98	2.8353e-10	2.723e-06	2.0381e-06	6.8485e-07	6.7995e-17
98.01	2.9241e-10	2.8089e-06	2.1044e-06	7.0448e-07	7.526e-17
98.02	2.9568e-10	2.8409e-06	2.1262e-06	7.147e-07	6.7985e-17
98.03	2.8401e-10	2.7293e-06	2.0439e-06	6.8543e-07	6.9118e-17
98.04	2.9461e-10	2.8317e-06	2.1208e-06	7.1096e-07	6.7155e-17
98.05	2.8789e-10	2.7677e-06	2.0713e-06	6.9638e-07	7.5315e-17
98.06	2.9251e-10	2.8127e-06	2.1064e-06	7.0627e-07	7.2489e-17
98.07	2.8464e-10	2.7376e-06	2.0496e-06	6.88e-07	6.2954e-17
98.08	2.9385e-10	2.8268e-06	2.1159e-06	7.1085e-07	6.9819e-17
98.09	2.8938e-10	2.7843e-06	2.0851e-06	6.9927e-07	6.6445e-17
98.1	2.8222e-10	2.7159e-06	2.0337e-06	6.8221e-07	7.3806e-17
98.11	2.9813e-10	2.8696e-06	2.1483e-06	7.2135e-07	7.5968e-17
98.12	2.8126e-10	2.7078e-06	2.0273e-06	6.8051e-07	6.7141e-17
98.13	2.9e-10	2.7926e-06	2.0909e-06	7.0169e-07	7.4174e-17
98.14	2.8946e-10	2.788e-06	2.0872e-06	7.0073e-07	6.9568e-17
98.15	2.8599e-10	2.7551e-06	2.0632e-06	6.9189e-07	6.3426e-17
98.16	2.874e-10	2.7692e-06	2.0735e-06	6.9571e-07	7.4204e-17
98.17	2.8525e-10	2.7491e-06	2.0576e-06	6.9147e-07	7.3748e-17
98.18	2.9288e-10	2.8231e-06	2.1138e-06	7.0934e-07	6.0645e-17
98.19	2.7743e-10	2.6748e-06	2.0034e-06	6.7138e-07	6.6525e-17
98.2	2.932e-10	2.8274e-06	2.1164e-06	7.1108e-07	7.5478e-17
98.21	2.8634e-10	2.7618e-06	2.0678e-06	6.9402e-07	6.7318e-17
98.22	2.7897e-10	2.6913e-06	2.0158e-06	6.7541e-07	6.9965e-17
98.23	2.9373e-10	2.8343e-06	2.1215e-06	7.1279e-07	7.8162e-17
98.24	2.8079e-10	2.71e-06	2.0297e-06	6.8023e-07	7.0434e-17
98.25	2.8494e-10	2.7505e-06	2.0593e-06	6.9125e-07	6.3839e-17
98.26	2.8455e-10	2.7474e-06	2.0562e-06	6.9122e-07	6.9481e-17
98.27	2.885e-10	2.7861e-06	2.0872e-06	6.9885e-07	7.0243e-17
98.28	2.7837e-10	2.6888e-06	2.0124e-06	6.7637e-07	7.044e-17
98.29	2.858e-10	2.761e-06	2.0676e-06	6.9344e-07	7.1358e-17
98.3	2.9076e-10	2.8096e-06	2.1046e-06	7.0494e-07	6.545e-17
98.31	2.7031e-10	2.6125e-06	1.9554e-06	6.5714e-07	7.057e-17
98.32	2.9534e-10	2.855e-06	2.1388e-06	7.1619e-07	7.216e-17
98.33	2.7998e-10	2.7071e-06	2.0264e-06	6.8067e-07	6.7088e-17
98.34	2.7713e-10	2.68e-06	2.0062e-06	6.7384e-07	7.1537e-17
98.35	2.916e-10	2.8206e-06	2.1133e-06	7.0728e-07	7.1502e-17
98.36	2.7609e-10	2.6711e-06	1.9995e-06	6.7159e-07	6.6906e-17
98.37	2.8439e-10	2.7519e-06	2.0606e-06	6.9128e-07	6.7033e-17
98.38	2.8e-10	2.71e-06	2.0296e-06	6.8038e-07	7.3216e-17
98.39	2.8565e-10	2.7653e-06	2.0702e-06	6.9506e-07	7.0847e-17
98.4	2.7688e-10	2.6809e-06	2.0076e-06	6.7333e-07	6.5363e-17
98.41	2.8071e-10	2.7186e-06	2.0357e-06	6.8288e-07	6.9277e-17
98.42	2.8865e-10	2.796e-06	2.0934e-06	7.0262e-07	6.9341e-17
98.43	2.6873e-10	2.6036e-06	1.9498e-06	6.5378e-07	7.132e-17
98.44	2.8898e-10	2.8003e-06	2.0976e-06	7.0276e-07	7.1223e-17
98.45	2.8023e-10	2.7161e-06	2.0335e-06	6.8259e-07	6.7193e-17
98.46	2.7252e-10	2.6419e-06	1.9784e-06	6.6347e-07	6.8615e-17
98.47	2.8776e-10	2.7903e-06	2.0895e-06	7.0079e-07	6.8964e-17
98.48	2.7557e-10	2.6726e-06	2.0004e-06	6.7225e-07	7.031e-17
98.49	2.7769e-10	2.6937e-06	2.0181e-06	6.7563e-07	6.997e-17
98.5	2.8121e-10	2.7284e-06	2.043e-06	6.8537e-07	6.8764e-17
98.51	2.7789e-10	2.6967e-06	2.0192e-06	6.7752e-07	7.0621e-17
98.52	2.7688e-10	2.6875e-06	2.0137e-06	6.7382e-07	6.8703e-17
98.53	2.7945e-10	2.7129e-06	2.0302e-06	6.827e-07	6.799e-17
98.54	2.7855e-10	2.7048e-06	2.0258e-06	6.7898e-07	7.2731e-17
98.55	2.7552e-10	2.6759e-06	2.0037e-06	6.7215e-07	6.9229e-17
98.56	2.7842e-10	2.7046e-06	2.0241e-06	6.8053e-07	6.3652e-17
98.57	2.7795e-10	2.7005e-06	2.0238e-06	6.7673e-07	7.1034e-17
98.58	2.7552e-10	2.6775e-06	2.0037e-06	6.7374e-07	7.024e-17
98.59	2.7698e-10	2.6922e-06	2.0165e-06	6.7574e-07	6.6027e-17
98.6	2.7713e-10	2.6943e-06	2.0183e-06	6.7599e-07	7.4555e-17
98.61	2.7491e-10	2.6732e-06	1.9997e-06	6.7345e-07	7.0292e-17
98.62	2.772e-10	2.696e-06	2.0212e-06	6.7485e-07	6.4729e-17
98.63	2.7319e-10	2.6576e-06	1.989e-06	6.686e-07	7.3743e-17
98.64	2.7935e-10	2.718e-06	2.0349e-06	6.8316e-07	6.8274e-17
98.65	2.7149e-10	2.6421e-06	1.9803e-06	6.6184e-07	6.4884e-17
98.66	2.7358e-10	2.663e-06	1.9914e-06	6.7157e-07	7.6451e-17
98.67	2.8436e-10	2.7685e-06	2.0759e-06	6.9258e-07	6.8514e-17
98.68	2.595e-10	2.527e-06	1.8923e-06	6.3469e-07	6.3086e-17
98.69	2.8594e-10	2.785e-06	2.0837e-06	7.0133e-07	7.2983e-17
98.7	2.7465e-10	2.6756e-06	2.0067e-06	6.6886e-07	6.8147e-17
98.71	2.5999e-10	2.5333e-06	1.8942e-06	6.3902e-07	6.3923e-17
98.72	2.9404e-10	2.8656e-06	2.1466e-06	7.19e-07	7.164e-17
98.73	2.5845e-10	2.5193e-06	1.8878e-06	6.3146e-07	7.6172e-17
98.74	2.7596e-10	2.6905e-06	2.0122e-06	6.7831e-07	7.0057e-17
98.75	2.807e-10	2.7372e-06	2.0521e-06	6.8508e-07	6.424e-17
98.76	2.6099e-10	2.5456e-06	1.9048e-06	6.4077e-07	6.7757e-17
98.77	2.8183e-10	2.7494e-06	2.058e-06	6.9138e-07	6.6715e-17
98.78	2.6531e-10	2.5888e-06	1.9396e-06	6.4925e-07	6.4089e-17
98.79	2.7736e-10	2.7069e-06	2.025e-06	6.8188e-07	7.0075e-17
98.8	2.671e-10	2.6073e-06	1.9533e-06	6.5399e-07	7.0911e-17
98.81	2.7113e-10	2.6471e-06	1.9817e-06	6.6545e-07	6.8139e-17
98.82	2.7946e-10	2.729e-06	2.0432e-06	6.8586e-07	7.7013e-17
98.83	2.5689e-10	2.5091e-06	1.8791e-06	6.3e-07	7.2372e-17
98.84	2.8364e-10	2.771e-06	2.0749e-06	6.9609e-07	6.0367e-17
98.85	2.6606e-10	2.5997e-06	1.9479e-06	6.5181e-07	6.8688e-17
98.86	2.6393e-10	2.5795e-06	1.9308e-06	6.4872e-07	6.9493e-17
98.87	2.8115e-10	2.7483e-06	2.0593e-06	6.8893e-07	6.7376e-17
98.88	2.61e-10	2.5519e-06	1.9106e-06	6.413e-07	6.9161e-17
98.89	2.7126e-10	2.6527e-06	1.9855e-06	6.6718e-07	6.7515e-17
98.9	2.7216e-10	2.662e-06	1.995e-06	6.6704e-07	7.0544e-17
98.91	2.6583e-10	2.6007e-06	1.9459e-06	6.5484e-07	6.9197e-17
98.92	2.6897e-10	2.6319e-06	1.972e-06	6.5989e-07	6.7195e-17
98.93	2.6959e-10	2.6385e-06	1.9761e-06	6.6243e-07	6.3926e-17
98.94	2.6688e-10	2.6126e-06	1.9557e-06	6.5685e-07	6.8051e-17
98.95	2.6761e-10	2.6202e-06	1.9641e-06	6.561e-07	6.9114e-17
98.96	2.6817e-10	2.6262e-06	1.9655e-06	6.6073e-07	6.5467e-17
98.97	2.6723e-10	2.6176e-06	1.961e-06	6.5655e-07	7.5294e-17
98.98	2.6731e-10	2.6188e-06	1.961e-06	6.578e-07	7.0133e-17
98.99	2.6434e-10	2.5903e-06	1.9391e-06	6.5115e-07	6.6574e-17
99	2.715e-10	2.661e-06	1.9943e-06	6.6674e-07	6.8769e-17
99.01	2.6181e-10	2.5665e-06	1.9207e-06	6.4583e-07	6.7397e-17
99.02	2.6653e-10	2.6133e-06	1.9577e-06	6.5563e-07	7.0912e-17
99.03	2.7032e-10	2.651e-06	1.9852e-06	6.6575e-07	6.5061e-17
99.04	2.5951e-10	2.5455e-06	1.9056e-06	6.399e-07	6.9325e-17
99.05	2.7005e-10	2.6495e-06	1.9845e-06	6.6494e-07	6.6579e-17
99.06	2.6366e-10	2.5872e-06	1.9364e-06	6.5082e-07	6.212e-17
99.07	2.654e-10	2.6049e-06	1.9511e-06	6.5377e-07	6.6842e-17
99.08	2.6309e-10	2.5827e-06	1.9339e-06	6.4882e-07	6.3923e-17
99.09	2.6625e-10	2.6142e-06	1.9581e-06	6.5618e-07	7.5772e-17
99.1	2.6643e-10	2.6165e-06	1.9596e-06	6.5696e-07	7.2897e-17
99.11	2.557e-10	2.5117e-06	1.881e-06	6.3075e-07	6.5947e-17
99.12	2.7544e-10	2.7061e-06	2.027e-06	6.7914e-07	7.3284e-17
99.13	2.561e-10	2.5167e-06	1.8836e-06	6.3307e-07	6.6414e-17
99.14	2.6111e-10	2.5664e-06	1.9236e-06	6.4284e-07	6.4811e-17
99.15	2.7491e-10	2.7025e-06	2.0228e-06	6.7972e-07	7.0667e-17
99.16	2.5028e-10	2.4609e-06	1.8427e-06	6.1822e-07	6.7784e-17
99.17	2.6888e-10	2.6443e-06	1.9821e-06	6.6227e-07	6.0015e-17
99.18	2.6528e-10	2.6095e-06	1.9516e-06	6.5786e-07	6.8683e-17
99.19	2.549e-10	2.5078e-06	1.8795e-06	6.283e-07	6.9835e-17
99.2	2.6764e-10	2.6337e-06	1.9714e-06	6.6236e-07	6.0826e-17
99.21	2.6073e-10	2.5662e-06	1.9203e-06	6.4597e-07	7.1733e-17
99.22	2.5951e-10	2.5548e-06	1.9157e-06	6.3907e-07	6.8458e-17
99.23	2.6302e-10	2.5898e-06	1.9368e-06	6.5307e-07	6.6183e-17
99.24	2.599e-10	2.5596e-06	1.9174e-06	6.4224e-07	7.1391e-17
99.25	2.6239e-10	2.5847e-06	1.9359e-06	6.488e-07	6.9046e-17
99.26	2.5793e-10	2.5412e-06	1.9009e-06	6.4038e-07	7.0023e-17
99.27	2.6022e-10	2.5643e-06	1.9229e-06	6.4146e-07	6.2919e-17
99.28	2.6612e-10	2.623e-06	1.9638e-06	6.5913e-07	6.4614e-17
99.29	2.481e-10	2.4459e-06	1.8305e-06	6.1545e-07	6.5898e-17
99.3	2.7019e-10	2.6642e-06	1.9959e-06	6.6833e-07	6.6733e-17
99.31	2.5951e-10	2.5594e-06	1.9161e-06	6.4338e-07	7.1334e-17
99.32	2.4535e-10	2.4202e-06	1.8116e-06	6.0856e-07	6.6924e-17
99.33	2.8143e-10	2.7767e-06	2.0803e-06	6.9643e-07	6.8908e-17
99.34	2.4091e-10	2.3774e-06	1.7811e-06	5.9635e-07	6.2411e-17
99.35	2.6241e-10	2.5901e-06	1.9388e-06	6.5126e-07	6.2491e-17
99.36	2.7141e-10	2.6795e-06	2.0079e-06	6.7157e-07	7.3129e-17
99.37	2.3645e-10	2.3348e-06	1.7476e-06	5.8718e-07	7.1423e-17
99.38	2.7818e-10	2.7474e-06	2.0568e-06	6.9063e-07	6.8246e-17
99.39	2.4689e-10	2.4389e-06	1.8281e-06	6.1081e-07	6.3746e-17
99.4	2.5665e-10	2.5358e-06	1.8976e-06	6.3813e-07	6.424e-17
99.41	2.6742e-10	2.6427e-06	1.98e-06	6.6273e-07	6.4134e-17
99.42	2.4122e-10	2.3843e-06	1.7855e-06	5.9882e-07	6.5685e-17
99.43	2.7241e-10	2.6932e-06	2.0159e-06	6.773e-07	6.8754e-17
99.44	2.46e-10	2.4325e-06	1.8224e-06	6.1017e-07	6.6968e-17
99.45	2.5683e-10	2.5402e-06	1.9009e-06	6.3929e-07	6.7699e-17
99.46	2.646e-10	2.6175e-06	1.9613e-06	6.5623e-07	5.9871e-17
99.47	2.4297e-10	2.404e-06	1.7996e-06	6.0444e-07	6.679e-17
99.48	2.6504e-10	2.6229e-06	1.9642e-06	6.5872e-07	7.5354e-17
99.49	2.531e-10	2.5053e-06	1.8778e-06	6.2751e-07	6.5942e-17
99.5	2.5085e-10	2.4834e-06	1.8576e-06	6.2582e-07	6.8194e-17
99.51	2.5879e-10	2.5626e-06	1.9209e-06	6.4173e-07	6.4645e-17
99.52	2.5435e-10	2.5192e-06	1.8862e-06	6.3295e-07	6.6484e-17
99.53	2.5042e-10	2.4807e-06	1.8566e-06	6.2413e-07	6.954e-17
99.54	2.5637e-10	2.5401e-06	1.9047e-06	6.3539e-07	5.9439e-17
99.55	2.5617e-10	2.5387e-06	1.8992e-06	6.3947e-07	6.8892e-17
99.56	2.4719e-10	2.4502e-06	1.8351e-06	6.1512e-07	6.5261e-17
99.57	2.589e-10	2.5668e-06	1.923e-06	6.4381e-07	5.8632e-17
99.58	2.5132e-10	2.4921e-06	1.8649e-06	6.272e-07	7.6033e-17
99.59	2.508e-10	2.4875e-06	1.8635e-06	6.2393e-07	7.1992e-17
99.6	2.5501e-10	2.5297e-06	1.8943e-06	6.3537e-07	5.8962e-17
99.61	2.5161e-10	2.4965e-06	1.8695e-06	6.2702e-07	6.2816e-17
99.62	2.5271e-10	2.5079e-06	1.878e-06	6.299e-07	6.9073e-17
99.63	2.4882e-10	2.4698e-06	1.8497e-06	6.2011e-07	6.5135e-17
99.64	2.5727e-10	2.5542e-06	1.9126e-06	6.4161e-07	6.1546e-17
99.65	2.4695e-10	2.4522e-06	1.8366e-06	6.1562e-07	6.7355e-17
99.66	2.5017e-10	2.4847e-06	1.8613e-06	6.2341e-07	6.7298e-17
99.67	2.5779e-10	2.5609e-06	1.9163e-06	6.4454e-07	6.5107e-17
99.68	2.4257e-10	2.4102e-06	1.8057e-06	6.0458e-07	6.706e-17
99.69	2.5393e-10	2.5236e-06	1.8899e-06	6.3373e-07	6.7181e-17
99.7	2.5348e-10	2.5196e-06	1.886e-06	6.3367e-07	6.2773e-17
99.71	2.4326e-10	2.4185e-06	1.8123e-06	6.0624e-07	7.1781e-17
99.72	2.5405e-10	2.5263e-06	1.8916e-06	6.3472e-07	7.5559e-17
99.73	2.5011e-10	2.4876e-06	1.8627e-06	6.2489e-07	5.55e-17
99.74	2.4531e-10	2.4404e-06	1.8273e-06	6.1305e-07	6.2227e-17
99.75	2.5283e-10	2.5157e-06	1.884e-06	6.3172e-07	6.7404e-17
99.76	2.4679e-10	2.4561e-06	1.8397e-06	6.1643e-07	6.2647e-17
99.77	2.4944e-10	2.4829e-06	1.8596e-06	6.233e-07	7.068e-17
99.78	2.4762e-10	2.4653e-06	1.8467e-06	6.1861e-07	6.1018e-17
99.79	2.4706e-10	2.4603e-06	1.8416e-06	6.1864e-07	6.7848e-17
99.8	2.5301e-10	2.52e-06	1.8877e-06	6.323e-07	7.0312e-17
99.81	2.3843e-10	2.3753e-06	1.7785e-06	5.9673e-07	6.4248e-17
99.82	2.5616e-10	2.5524e-06	1.9111e-06	6.413e-07	6.6391e-17
99.83	2.4581e-10	2.4497e-06	1.8353e-06	6.1437e-07	5.5179e-17
99.84	2.3807e-10	2.373e-06	1.7762e-06	5.9684e-07	7.0749e-17
99.85	2.6226e-10	2.6147e-06	1.959e-06	6.557e-07	6.9033e-17
99.86	2.3378e-10	2.3313e-06	1.7462e-06	5.8511e-07	5.6396e-17
99.87	2.5027e-10	2.4962e-06	1.8698e-06	6.2637e-07	7.1398e-17
99.88	2.5261e-10	2.52e-06	1.8881e-06	6.319e-07	6.7308e-17
99.89	2.3506e-10	2.3454e-06	1.7561e-06	5.893e-07	6.5524e-17
99.9	2.5473e-10	2.5422e-06	1.9055e-06	6.3669e-07	6.534e-17
99.91	2.4039e-10	2.3996e-06	1.796e-06	6.0354e-07	6.589e-17
99.92	2.4735e-10	2.4695e-06	1.8498e-06	6.1972e-07	6.733e-17
99.93	2.4422e-10	2.4388e-06	1.8273e-06	6.1144e-07	5.9675e-17
99.94	2.4314e-10	2.4285e-06	1.817e-06	6.115e-07	6.8968e-17
99.95	2.4953e-10	2.4928e-06	1.8691e-06	6.237e-07	7.1236e-17
99.96	2.3649e-10	2.363e-06	1.7688e-06	5.9424e-07	5.7544e-17
99.97	2.5102e-10	2.5087e-06	1.8785e-06	6.3018e-07	5.7751e-17
99.98	2.4192e-10	2.4183e-06	1.8129e-06	6.0538e-07	7.2513e-17
99.99	2.3982e-10	2.3977e-06	1.7942e-06	6.0359e-07	6.8961e-17
