0	0.0096165	0	0	0	0
0.01	0.0096135	9.6135e-07	7.2101e-07	2.4034e-07	2.8301e-24
0.02	0.0096047	3.8419e-06	2.8814e-06	9.6047e-07	1.1322e-23
0.03	0.0095906	8.6316e-06	6.4737e-06	2.1579e-06	2.5481e-23
0.04	0.0095721	1.5315e-05	1.1487e-05	3.8288e-06	4.5315e-23
0.05	0.0095505	2.3876e-05	1.7907e-05	5.969e-06	7.0829e-23
0.06	0.0095271	3.4298e-05	2.5723e-05	8.5743e-06	1.0203e-22
0.07	0.0095039	4.6569e-05	3.4927e-05	1.1642e-05	1.3892e-22
0.08	0.0094829	6.069e-05	4.5518e-05	1.5172e-05	1.8149e-22
0.09	0.0094663	7.6677e-05	5.7508e-05	1.9169e-05	2.2974e-22
0.1	0.0094565	9.4565e-05	7.0924e-05	2.3641e-05	2.8365e-22
0.11	0.0094558	0.00011442	8.5812e-05	2.8603e-05	3.432e-22
0.12	0.0094668	0.00013632	0.00010224	3.408e-05	4.0838e-22
0.13	0.0094915	0.00016041	0.0001203	4.0101e-05	4.7917e-22
0.14	0.0095319	0.00018682	0.00014012	4.6705e-05	5.5557e-22
0.15	0.0095896	0.00021577	0.00016183	5.3941e-05	6.3758e-22
0.16	0.009666	0.00024745	0.00018559	6.1861e-05	7.2522e-22
0.17	0.0097616	0.00028211	0.00021158	7.0527e-05	8.1852e-22
0.18	0.0098769	0.00032001	0.00024001	8.0002e-05	9.175e-22
0.19	0.010012	0.00036142	0.00027106	9.0354e-05	1.0222e-21
0.2	0.010165	0.0004066	0.00030495	0.00010165	1.1328e-21
0.21	0.010336	0.00045583	0.00034187	0.00011396	1.2491e-21
0.22	0.010525	0.00050939	0.00038204	0.00012735	1.3714e-21
0.23	0.010729	0.00056754	0.00042565	0.00014189	1.4995e-21
0.24	0.010947	0.00063058	0.00047293	0.00015765	1.6335e-21
0.25	0.011181	0.00069881	0.00052411	0.00017471	1.7734e-21
0.26	0.011429	0.00077262	0.00057946	0.00019316	1.919e-21
0.27	0.011693	0.00085245	0.00063933	0.00021312	2.0704e-21
0.28	0.011975	0.00093886	0.00070414	0.00023472	2.2273e-21
0.29	0.012278	0.0010326	0.00077441	0.00025815	2.3897e-21
0.3	0.012604	0.0011344	0.00085079	0.00028361	2.5574e-21
0.31	0.01296	0.0012454	0.00093407	0.00031137	2.7304e-21
0.32	0.013349	0.0013669	0.0010252	0.00034173	2.9085e-21
0.33	0.013775	0.0015001	0.0011251	0.00037505	3.0918e-21
0.34	0.014245	0.0016467	0.001235	0.00041168	3.2802e-21
0.35	0.014759	0.001808	0.001356	0.00045202	3.4739e-21
0.36	0.015321	0.0019856	0.0014892	0.00049642	3.6729e-21
0.37	0.01593	0.0021808	0.0016356	0.00054521	3.8775e-21
0.38	0.016582	0.0023945	0.0017958	0.00059863	4.0879e-21
0.39	0.017272	0.0026271	0.0019703	0.00065678	4.3043e-21
0.4	0.017992	0.0028787	0.002159	0.00071968	4.527e-21
0.41	0.01873	0.0031485	0.0023614	0.00078714	4.7561e-21
0.42	0.019475	0.0034354	0.0025766	0.00085887	4.9919e-21
0.43	0.020215	0.0037378	0.0028033	0.00093446	5.2343e-21
0.44	0.02094	0.0040539	0.0030404	0.0010135	5.4834e-21
0.45	0.021642	0.0043825	0.0032869	0.0010956	5.7391e-21
0.46	0.022323	0.0047235	0.0035426	0.0011809	6.0011e-21
0.47	0.022993	0.0050791	0.0038093	0.0012698	6.2692e-21
0.48	0.023676	0.0054549	0.0040911	0.0013637	6.5431e-21
0.49	0.024413	0.0058616	0.0043962	0.0014654	6.8223e-21
0.5	0.025267	0.0063169	0.0047376	0.0015792	7.1064e-21
0.51	0.026325	0.0068472	0.0051353	0.0017118	7.3952e-21
0.52	0.0277	0.0074901	0.0056176	0.0018726	7.6882e-21
0.53	0.029536	0.0082966	0.0062224	0.0020742	7.9855e-21
0.54	0.032006	0.009333	0.0069997	0.0023333	8.2869e-21
0.55	0.035316	0.010683	0.0080121	0.0026708	8.5925e-21
0.56	0.039697	0.012449	0.0093367	0.0031124	8.9027e-21
0.57	0.045411	0.014754	0.011065	0.0036886	9.2178e-21
0.58	0.052736	0.01774	0.013305	0.0044352	9.5383e-21
0.59	0.061966	0.02157	0.016178	0.0053928	9.8648e-21
0.6	0.073401	0.026424	0.019818	0.0066063	1.0198e-20
0.61	0.087335	0.032497	0.024373	0.0081246	1.0538e-20
0.62	0.10405	0.039996	0.029996	0.0099992	1.0886e-20
0.63	0.12378	0.04913	0.036847	0.012283	1.1242e-20
0.64	0.14676	0.060111	0.045083	0.015028	1.1606e-20
0.65	0.17311	0.073139	0.054854	0.018285	1.1978e-20
0.66	0.20293	0.088398	0.066298	0.0221	1.2358e-20
0.67	0.23623	0.10604	0.079531	0.026511	1.2745e-20
0.68	0.2729	0.12619	0.09464	0.031548	1.314e-20
0.69	0.31276	0.14891	0.11168	0.037228	1.354e-20
0.7	0.35553	0.17421	0.13066	0.043553	1.3946e-20
0.71	0.40079	0.20204	0.15153	0.050511	1.4357e-20
0.72	0.44806	0.23227	0.1742	0.05807	1.4771e-20
0.73	0.49672	0.2647	0.19852	0.066177	1.519e-20
0.74	0.54608	0.29903	0.22427	0.07476	1.5611e-20
0.75	0.59538	0.3349	0.25117	0.083727	1.6036e-20
0.76	0.64377	0.37184	0.27888	0.092963	1.6465e-20
0.77	0.6904	0.40934	0.307	0.10234	1.6897e-20
0.78	0.73438	0.4468	0.33509	0.1117	1.7334e-20
0.79	0.77482	0.48357	0.36267	0.12089	1.7776e-20
0.8	0.81089	0.51897	0.38922	0.12974	1.8225e-20
0.81	0.84178	0.55229	0.41422	0.13808	1.868e-20
0.82	0.8668	0.58284	0.43712	0.14571	1.9143e-20
0.83	0.88535	0.60992	0.45743	0.15248	1.9615e-20
0.84	0.89696	0.63289	0.47467	0.15823	2.0094e-20
0.85	0.9013	0.65119	0.48839	0.1628	2.0583e-20
0.86	0.8982	0.66431	0.49823	0.16608	2.1079e-20
0.87	0.88765	0.67187	0.50389	0.16797	2.1583e-20
0.88	0.86983	0.6736	0.50519	0.1684	2.2093e-20
0.89	0.84504	0.66936	0.50202	0.16734	2.2609e-20
0.9	0.81378	0.65916	0.49437	0.16479	2.313e-20
0.91	0.77665	0.64315	0.48236	0.16079	2.3655e-20
0.92	0.73441	0.62161	0.4662	0.15541	2.4182e-20
0.93	0.6879	0.59496	0.44622	0.14874	2.4712e-20
0.94	0.63803	0.56376	0.42282	0.14094	2.5244e-20
0.95	0.58578	0.52866	0.39649	0.13217	2.5779e-20
0.96	0.53212	0.4904	0.3678	0.1226	2.6316e-20
0.97	0.47804	0.44979	0.33734	0.11245	2.6858e-20
0.98	0.42447	0.40766	0.30574	0.10192	2.7405e-20
0.99	0.37228	0.36488	0.27365	0.091221	2.7958e-20
1	0.32228	0.32228	0.24171	0.080572	2.852e-20
1.01	0.27514	0.28067	0.2105	0.070168	2.9091e-20
1.02	0.23142	0.24077	0.18057	0.060193	2.9673e-20
1.03	0.19157	0.20323	0.15242	0.050809	3.0266e-20
1.04	0.15588	0.1686	0.12645	0.042151	3.0871e-20
1.05	0.12453	0.1373	0.10297	0.034325	3.1486e-20
1.06	0.097562	0.10962	0.082215	0.027406	3.2111e-20
1.07	0.07489	0.085742	0.064306	0.021436	3.2744e-20
1.08	0.056333	0.065706	0.04928	0.016427	3.3383e-20
1.09	0.041613	0.04944	0.03708	0.01236	3.4026e-20
1.1	0.030381	0.036761	0.027571	0.0091903	3.4669e-20
1.11	0.022235	0.027396	0.020547	0.0068489	3.5311e-20
1.12	0.016737	0.020995	0.015746	0.0052486	3.5949e-20
1.13	0.013434	0.017154	0.012865	0.0042883	3.6581e-20
1.14	0.011876	0.015435	0.011576	0.0038585	3.7208e-20
1.15	0.011634	0.015385	0.011539	0.0038462	3.7828e-20
1.16	0.012307	0.01656	0.01242	0.00414	3.8443e-20
1.17	0.013542	0.018537	0.013903	0.0046342	3.9055e-20
1.18	0.015034	0.020933	0.0157	0.0052332	3.9667e-20
1.19	0.016535	0.023415	0.017561	0.0058538	4.0281e-20
1.2	0.017855	0.025712	0.019284	0.006428	4.0903e-20
1.21	0.018861	0.027614	0.02071	0.0069037	4.1535e-20
1.22	0.01947	0.028979	0.021734	0.0072451	4.2182e-20
1.23	0.01965	0.029729	0.022296	0.0074325	4.2847e-20
1.24	0.019408	0.029841	0.02238	0.0074607	4.3532e-20
1.25	0.018781	0.029346	0.022009	0.0073368	4.4239e-20
1.26	0.017834	0.028313	0.021234	0.0070786	4.4968e-20
1.27	0.016642	0.026842	0.020131	0.0067111	4.5718e-20
1.28	0.015292	0.025055	0.018791	0.0062643	4.6488e-20
1.29	0.013868	0.023078	0.017308	0.00577	4.7275e-20
1.3	0.012448	0.021037	0.015777	0.0052597	4.8074e-20
1.31	0.011099	0.019046	0.014284	0.0047621	4.8882e-20
1.32	0.0098741	0.017205	0.012903	0.0043016	4.9695e-20
1.33	0.0088111	0.015586	0.011689	0.003897	5.051e-20
1.34	0.0079303	0.01424	0.010679	0.0035603	5.1324e-20
1.35	0.0072367	0.013189	0.0098912	0.0032976	5.2135e-20
1.36	0.006721	0.012431	0.0093231	0.0031081	5.2943e-20
1.37	0.0063631	0.011943	0.0089569	0.002986	5.375e-20
1.38	0.006134	0.011682	0.008761	0.0029206	5.4557e-20
1.39	0.006	0.011593	0.0086943	0.0028983	5.5369e-20
1.4	0.0059253	0.011614	0.0087101	0.0029035	5.6189e-20
1.41	0.0058754	0.011681	0.0087607	0.0029202	5.7023e-20
1.42	0.0058194	0.011734	0.0088007	0.0029335	5.7874e-20
1.43	0.0057319	0.011721	0.008791	0.0029302	5.8747e-20
1.44	0.0055948	0.011601	0.0087012	0.0029002	5.9645e-20
1.45	0.0053974	0.011348	0.0085113	0.0028368	6.0569e-20
1.46	0.0051369	0.01095	0.0082127	0.0027372	6.1518e-20
1.47	0.0048174	0.01041	0.0078077	0.0026022	6.249e-20
1.48	0.0044492	0.0097455	0.0073095	0.002436	6.3479e-20
1.49	0.0040473	0.0089855	0.0067394	0.002246	6.448e-20
1.5	0.0036298	0.0081671	0.0061257	0.0020414	6.5484e-20
1.51	0.0032162	0.0073334	0.0055004	0.001833	6.6482e-20
1.52	0.0028258	0.0065288	0.0048969	0.0016319	6.7466e-20
1.53	0.0024762	0.0057965	0.0043476	0.0014488	6.8426e-20
1.54	0.0021821	0.005175	0.0038815	0.0012935	6.9356e-20
1.55	0.0019545	0.0046957	0.003522	0.0011737	7.025e-20
1.56	0.0018003	0.0043812	0.0032861	0.0010952	7.1105e-20
1.57	0.0017219	0.0042443	0.0031833	0.001061	7.1922e-20
1.58	0.0017174	0.0042874	0.0032155	0.0010718	7.2705e-20
1.59	0.0017814	0.0045037	0.0033777	0.001126	7.346e-20
1.6	0.0019055	0.004878	0.0036584	0.0012196	7.4196e-20
1.61	0.0020789	0.0053886	0.0040412	0.0013474	7.4925e-20
1.62	0.0022897	0.0060091	0.0045066	0.0015025	7.5661e-20
1.63	0.0025259	0.006711	0.005033	0.0016781	7.6415e-20
1.64	0.0027757	0.0074656	0.0055988	0.0018668	7.7202e-20
1.65	0.0030288	0.0082458	0.006184	0.0020619	7.8031e-20
1.66	0.0032764	0.0090284	0.0067708	0.0022575	7.8912e-20
1.67	0.0035119	0.0097943	0.0073452	0.002449	7.9849e-20
1.68	0.0037308	0.01053	0.007897	0.0026329	8.0844e-20
1.69	0.0039309	0.011227	0.0084198	0.0028072	8.1893e-20
1.7	0.0041115	0.011882	0.0089113	0.002971	8.2989e-20
1.71	0.0042737	0.012497	0.0093721	0.0031245	8.4121e-20
1.72	0.0044192	0.013074	0.009805	0.0032688	8.5275e-20
1.73	0.0045506	0.013619	0.010214	0.0034051	8.6437e-20
1.74	0.0046702	0.014139	0.010604	0.0035351	8.759e-20
1.75	0.00478	0.014639	0.010979	0.0036599	8.8719e-20
1.76	0.0048814	0.015121	0.01134	0.0037802	8.9811e-20
1.77	0.0049746	0.015585	0.011689	0.0038962	9.0855e-20
1.78	0.0050588	0.016028	0.012021	0.004007	9.1846e-20
1.79	0.0051323	0.016444	0.012334	0.0041109	9.2782e-20
1.8	0.0051925	0.016824	0.012618	0.0042056	9.3669e-20
1.81	0.0052361	0.017154	0.012866	0.0042881	9.4514e-20
1.82	0.0052597	0.017422	0.013067	0.0043551	9.5332e-20
1.83	0.0052598	0.017615	0.013212	0.0044031	9.614e-20
1.84	0.0052337	0.017719	0.01329	0.0044292	9.6957e-20
1.85	0.0051793	0.017726	0.013295	0.0044309	9.7804e-20
1.86	0.0050954	0.017628	0.013222	0.0044063	9.8698e-20
1.87	0.0049825	0.017423	0.013068	0.0043551	9.9658e-20
1.88	0.004842	0.017113	0.012836	0.0042776	1.007e-19
1.89	0.0046769	0.016706	0.012531	0.0041758	1.0182e-19
1.9	0.0044914	0.016214	0.012161	0.0040527	1.0303e-19
1.91	0.0042906	0.015652	0.01174	0.0039124	1.0433e-19
1.92	0.0040803	0.015042	0.011282	0.0037597	1.057e-19
1.93	0.0038667	0.014403	0.010803	0.0036002	1.0713e-19
1.94	0.0036562	0.01376	0.010321	0.0034395	1.0859e-19
1.95	0.0034544	0.013135	0.0098519	0.0032833	1.1008e-19
1.96	0.0032665	0.012549	0.0094119	0.0031367	1.1156e-19
1.97	0.0030968	0.012018	0.009014	0.0030042	1.1301e-19
1.98	0.0029482	0.011558	0.0086688	0.0028893	1.1441e-19
1.99	0.0028225	0.011177	0.0083832	0.0027942	1.1575e-19
2	0.0027201	0.010881	0.0081604	0.0027201	1.1701e-19
2.01	0.0026403	0.010667	0.0080002	0.0026668	1.182e-19
2.02	0.002581	0.010532	0.0078986	0.0026331	1.1932e-19
2.03	0.0025396	0.010465	0.0078486	0.0026166	1.2037e-19
2.04	0.0025124	0.010456	0.0078413	0.0026143	1.2137e-19
2.05	0.0024957	0.010488	0.0078656	0.0026225	1.2235e-19
2.06	0.0024856	0.010548	0.0079102	0.0026375	1.2332e-19
2.07	0.0024783	0.010619	0.0079636	0.0026554	1.2431e-19
2.08	0.0024704	0.010688	0.0080153	0.0026727	1.2534e-19
2.09	0.0024593	0.010743	0.0080562	0.0026864	1.2643e-19
2.1	0.0024429	0.010773	0.0080792	0.0026941	1.2759e-19
2.11	0.0024199	0.010774	0.0080795	0.0026943	1.2884e-19
2.12	0.0023898	0.010741	0.0080548	0.002686	1.3018e-19
2.13	0.0023527	0.010674	0.0080047	0.0026693	1.316e-19
2.14	0.0023093	0.010576	0.0079311	0.0026447	1.3309e-19
2.15	0.0022608	0.010451	0.0078372	0.0026134	1.3463e-19
2.16	0.0022085	0.010304	0.0077272	0.0025766	1.362e-19
2.17	0.0021537	0.010142	0.0076058	0.002536	1.3777e-19
2.18	0.002098	0.0099703	0.0074772	0.0024931	1.3933e-19
2.19	0.0020422	0.0097944	0.0073454	0.002449	1.4084e-19
2.2	0.0019871	0.0096175	0.0072128	0.0024046	1.4228e-19
2.21	0.0019331	0.0094413	0.0070808	0.0023605	1.4365e-19
2.22	0.00188	0.0092653	0.006949	0.0023164	1.4493e-19
2.23	0.0018274	0.0090873	0.0068156	0.0022717	1.4614e-19
2.24	0.0017744	0.008903	0.0066775	0.0022255	1.4727e-19
2.25	0.0017199	0.0087069	0.0065306	0.0021764	1.4834e-19
2.26	0.0016628	0.0084929	0.0063701	0.0021227	1.4938e-19
2.27	0.0016019	0.0082544	0.0061914	0.002063	1.5041e-19
2.28	0.0015362	0.0079857	0.00599	0.0019958	1.5146e-19
2.29	0.0014649	0.0076821	0.0057623	0.0019198	1.5255e-19
2.3	0.0013876	0.0073405	0.0055062	0.0018343	1.5372e-19
2.31	0.0013043	0.00696	0.0052209	0.0017391	1.5498e-19
2.32	0.0012155	0.0065422	0.0049076	0.0016347	1.5635e-19
2.33	0.001122	0.006091	0.0045691	0.0015218	1.5782e-19
2.34	0.001025	0.0056125	0.0042103	0.0014022	1.5941e-19
2.35	0.00092623	0.0051151	0.0038372	0.0012779	1.6108e-19
2.36	0.00082747	0.0046087	0.0034573	0.0011513	1.6283e-19
2.37	0.00073066	0.0041041	0.0030788	0.0010253	1.6462e-19
2.38	0.00063779	0.0036127	0.0027102	0.00090249	1.6643e-19
2.39	0.00055072	0.0031457	0.0023599	0.00078584	1.6822e-19
2.4	0.00047113	0.0027137	0.0020358	0.00067793	1.6997e-19
2.41	0.00040043	0.0023257	0.0017447	0.00058105	1.7165e-19
2.42	0.0003397	0.0019894	0.0014923	0.00049709	1.7323e-19
2.43	0.00028966	0.0017104	0.0012829	0.00042745	1.747e-19
2.44	0.00025066	0.0014924	0.0011193	0.00037306	1.7607e-19
2.45	0.00022273	0.0013369	0.0010026	0.00033431	1.7734e-19
2.46	0.00020557	0.001244	0.00093285	0.00031119	1.7852e-19
2.47	0.00019867	0.0012121	0.00090877	0.00030329	1.7964e-19
2.48	0.00020132	0.0012382	0.00092829	0.00030989	1.8073e-19
2.49	0.00021272	0.0013189	0.00098874	0.00033012	1.8183e-19
2.5	0.00023202	0.0014501	0.0010871	0.00036298	1.8297e-19
2.51	0.00025841	0.001628	0.0012205	0.00040746	1.8418e-19
2.52	0.00029111	0.0018487	0.0013861	0.00046263	1.8549e-19
2.53	0.00032947	0.0021089	0.0015812	0.00052765	1.8692e-19
2.54	0.00037288	0.0024057	0.0018039	0.00060181	1.8849e-19
2.55	0.00042087	0.0027367	0.0020522	0.00068449	1.9019e-19
2.56	0.00047299	0.0030998	0.0023246	0.00077518	1.9202e-19
2.57	0.00052886	0.0034931	0.0026197	0.00087337	1.9395e-19
2.58	0.00058805	0.0039143	0.0029357	0.00097855	1.9596e-19
2.59	0.00065009	0.0043609	0.0032708	0.0010901	1.9801e-19
2.6	0.00071444	0.0048296	0.0036225	0.0012071	2.0007e-19
2.61	0.00078041	0.0053163	0.0039877	0.0013286	2.021e-19
2.62	0.00084721	0.0058156	0.0043623	0.0014533	2.0407e-19
2.63	0.00091388	0.0063212	0.0047417	0.0015795	2.0594e-19
2.64	0.00097937	0.0068258	0.0051203	0.0017055	2.0769e-19
2.65	0.0010425	0.0073212	0.005492	0.0018292	2.0932e-19
2.66	0.0011022	0.0077986	0.0058502	0.0019484	2.1083e-19
2.67	0.0011571	0.0082492	0.0061882	0.002061	2.1224e-19
2.68	0.0012063	0.0086643	0.0064997	0.0021647	2.1355e-19
2.69	0.0012488	0.0090361	0.0067786	0.0022575	2.1481e-19
2.7	0.0012837	0.009358	0.00702	0.002338	2.1605e-19
2.71	0.0013105	0.0096247	0.0072201	0.0024046	2.1731e-19
2.72	0.0013291	0.0098333	0.0073765	0.0024568	2.1863e-19
2.73	0.0013394	0.0099825	0.0074884	0.0024942	2.2003e-19
2.74	0.0013418	0.010074	0.0075567	0.002517	2.2156e-19
2.75	0.0013369	0.01011	0.0075838	0.0025262	2.2322e-19
2.76	0.0013255	0.010097	0.0075737	0.0025231	2.2502e-19
2.77	0.0013086	0.010041	0.0075316	0.0025093	2.2695e-19
2.78	0.0012875	0.0099503	0.0074635	0.0024868	2.2899e-19
2.79	0.0012633	0.0098339	0.007376	0.0024579	2.3112e-19
2.8	0.0012373	0.0097005	0.0072757	0.0024248	2.333e-19
2.81	0.0012106	0.0095589	0.0071693	0.0023896	2.355e-19
2.82	0.0011842	0.0094169	0.0070625	0.0023544	2.3766e-19
2.83	0.0011588	0.009281	0.0069604	0.0023206	2.3975e-19
2.84	0.0011352	0.0091564	0.0068667	0.0022897	2.4175e-19
2.85	0.0011138	0.0090466	0.0067841	0.0022625	2.4362e-19
2.86	0.0010946	0.0089532	0.0067138	0.0022394	2.4535e-19
2.87	0.0010776	0.0088763	0.006656	0.0022203	2.4695e-19
2.88	0.0010627	0.0088148	0.0066097	0.0022051	2.4843e-19
2.89	0.0010496	0.0087661	0.006573	0.0021931	2.4981e-19
2.9	0.0010377	0.0087272	0.0065437	0.0021835	2.5113e-19
2.91	0.0010267	0.0086946	0.0065192	0.0021754	2.5244e-19
2.92	0.0010162	0.0086649	0.0064969	0.002168	2.5376e-19
2.93	0.0010059	0.0086353	0.0064747	0.0021606	2.5516e-19
2.94	0.00099536	0.0086035	0.006451	0.0021526	2.5667e-19
2.95	0.00098459	0.0085684	0.0064247	0.0021437	2.5831e-19
2.96	0.00097353	0.0085297	0.0063958	0.0021339	2.6012e-19
2.97	0.00096229	0.0084883	0.0063649	0.0021234	2.6209e-19
2.98	0.00095108	0.0084459	0.0063333	0.0021126	2.6422e-19
2.99	0.00094015	0.008405	0.0063029	0.0021021	2.6649e-19
3	0.00092983	0.0083684	0.0062757	0.0020927	2.6886e-19
3.01	0.00092042	0.0083391	0.0062539	0.0020851	2.713e-19
3.02	0.00091219	0.0083195	0.0062396	0.00208	2.7375e-19
3.03	0.00090534	0.0083118	0.0062341	0.0020777	2.7617e-19
3.04	0.00089996	0.008317	0.0062383	0.0020787	2.7851e-19
3.05	0.00089602	0.0083352	0.0062522	0.002083	2.8072e-19
3.06	0.00089337	0.0083652	0.006275	0.0020902	2.8279e-19
3.07	0.00089174	0.0084046	0.0063048	0.0020998	2.8469e-19
3.08	0.00089074	0.0084499	0.0063391	0.0021109	2.8642e-19
3.09	0.0008899	0.0084969	0.0063745	0.0021224	2.88e-19
3.1	0.00088871	0.0085405	0.0064073	0.0021331	2.8946e-19
3.11	0.00088662	0.0085755	0.0064337	0.0021417	2.9085e-19
3.12	0.00088313	0.0085968	0.0064498	0.002147	2.922e-19
3.13	0.00087781	0.0085998	0.0064521	0.0021476	2.9359e-19
3.14	0.00087028	0.0085806	0.0064378	0.0021428	2.9506e-19
3.15	0.00086034	0.0085367	0.0064048	0.0021319	2.9667e-19
3.16	0.00084787	0.0084665	0.0063521	0.0021144	2.9846e-19
3.17	0.00083292	0.00837	0.0062795	0.0020904	3.0045e-19
3.18	0.00081568	0.0082485	0.0061883	0.0020602	3.0266e-19
3.19	0.00079644	0.0081047	0.0060802	0.0020244	3.0508e-19
3.2	0.0007756	0.0079421	0.0059581	0.0019841	3.0769e-19
3.21	0.00075361	0.0077652	0.0058251	0.0019401	3.1045e-19
3.22	0.00073096	0.0075789	0.0056851	0.0018938	3.1329e-19
3.23	0.00070814	0.007388	0.0055416	0.0018464	3.1617e-19
3.24	0.0006856	0.0071971	0.0053981	0.001799	3.1902e-19
3.25	0.0006637	0.0070103	0.0052577	0.0017527	3.2176e-19
3.26	0.00064274	0.0068308	0.0051227	0.0017081	3.2435e-19
3.27	0.00062292	0.0066608	0.0049949	0.0016659	3.2674e-19
3.28	0.0006043	0.0065013	0.004875	0.0016264	3.289e-19
3.29	0.00058689	0.0063525	0.0047631	0.0015895	3.3082e-19
3.3	0.00057056	0.0062134	0.0046585	0.001555	3.3251e-19
3.31	0.00055517	0.0060824	0.00456	0.0015224	3.34e-19
3.32	0.00054048	0.0059574	0.0044661	0.0014914	3.3534e-19
3.33	0.0005263	0.0058361	0.0043749	0.0014612	3.3659e-19
3.34	0.00051241	0.0057163	0.004285	0.0014313	3.3782e-19
3.35	0.00049866	0.0055962	0.0041949	0.0014013	3.391e-19
3.36	0.00048493	0.0054747	0.0041038	0.0013709	3.4051e-19
3.37	0.00047122	0.0053516	0.0040115	0.0013401	3.421e-19
3.38	0.00045756	0.0052274	0.0039184	0.0013089	3.4393e-19
3.39	0.00044411	0.0051038	0.0038259	0.0012779	3.4603e-19
3.4	0.00043106	0.0049831	0.0037356	0.0012475	3.484e-19
3.41	0.00041868	0.0048684	0.0036499	0.0012186	3.5103e-19
3.42	0.00040725	0.0047633	0.0035713	0.001192	3.5389e-19
3.43	0.00039706	0.0046714	0.0035026	0.0011687	3.5693e-19
3.44	0.00038839	0.004596	0.0034465	0.0011496	3.6008e-19
3.45	0.00038146	0.0045403	0.003405	0.0011353	3.6327e-19
3.46	0.00037642	0.0045064	0.0033799	0.0011264	3.6641e-19
3.47	0.00037336	0.0044955	0.0033722	0.0011234	3.6944e-19
3.48	0.00037224	0.0045079	0.0033818	0.0011261	3.7229e-19
3.49	0.00037295	0.0045426	0.0034081	0.0011345	3.7492e-19
3.5	0.00037528	0.0045972	0.0034494	0.0011478	3.7728e-19
3.51	0.00037896	0.0046688	0.0035033	0.0011655	3.7939e-19
3.52	0.00038363	0.0047533	0.003567	0.0011864	3.8125e-19
3.53	0.00038892	0.0048463	0.0036369	0.0012094	3.8291e-19
3.54	0.00039446	0.0049432	0.0037097	0.0012335	3.8442e-19
3.55	0.00039986	0.0050392	0.0037818	0.0012574	3.8584e-19
3.56	0.00040481	0.0051304	0.0038502	0.0012802	3.8727e-19
3.57	0.00040904	0.0052132	0.0039122	0.0013009	3.8877e-19
3.58	0.00041237	0.0052851	0.0039661	0.001319	3.9042e-19
3.59	0.00041468	0.0053445	0.0040105	0.001334	3.9229e-19
3.6	0.00041597	0.005391	0.0040452	0.0013458	3.9441e-19
3.61	0.00041629	0.0054252	0.0040706	0.0013546	3.9681e-19
3.62	0.00041578	0.0054485	0.0040878	0.0013607	3.9949e-19
3.63	0.00041461	0.0054633	0.0040985	0.0013647	4.0243e-19
3.64	0.00041299	0.005472	0.0041047	0.0013673	4.0558e-19
3.65	0.00041115	0.0054775	0.0041085	0.001369	4.0888e-19
3.66	0.00040928	0.0054826	0.0041119	0.0013707	4.1226e-19
3.67	0.00040756	0.0054894	0.0041167	0.0013727	4.1564e-19
3.68	0.00040612	0.0054998	0.0041241	0.0013757	4.1894e-19
3.69	0.00040502	0.0055148	0.004135	0.0013798	4.2208e-19
3.7	0.00040427	0.0055345	0.0041495	0.001385	4.2501e-19
3.71	0.00040382	0.0055583	0.004167	0.0013912	4.2769e-19
3.72	0.00040358	0.0055849	0.0041868	0.0013981	4.3012e-19
3.73	0.0004034	0.0056124	0.0042073	0.0014052	4.3228e-19
3.74	0.00040314	0.0056389	0.004227	0.0014119	4.3423e-19
3.75	0.00040264	0.0056621	0.0042444	0.0014177	4.3601e-19
3.76	0.00040178	0.0056802	0.004258	0.0014223	4.3769e-19
3.77	0.00040048	0.005692	0.0042669	0.0014251	4.3934e-19
3.78	0.0003987	0.0056968	0.0042706	0.0014261	4.4106e-19
3.79	0.00039648	0.0056951	0.0042696	0.0014255	4.4292e-19
3.8	0.00039393	0.0056884	0.0042649	0.0014236	4.4499e-19
3.81	0.00039123	0.0056792	0.0042583	0.0014209	4.4732e-19
3.82	0.00038862	0.0056709	0.0042524	0.0014184	4.4993e-19
3.83	0.00038638	0.0056678	0.0042506	0.0014172	4.5282e-19
3.84	0.00038484	0.0056747	0.0042562	0.0014185	4.5599e-19
3.85	0.00038431	0.0056965	0.004273	0.0014235	4.5938e-19
3.86	0.00038512	0.0057381	0.0043047	0.0014334	4.6293e-19
3.87	0.00038753	0.005804	0.0043546	0.0014493	4.6655e-19
3.88	0.00039176	0.0058977	0.0044254	0.0014723	4.7016e-19
3.89	0.00039796	0.006022	0.0045191	0.0015029	4.7368e-19
3.9	0.00040618	0.006178	0.0046365	0.0015415	4.7702e-19
3.91	0.00041639	0.0063658	0.0047778	0.0015881	4.8011e-19
3.92	0.00042847	0.0065841	0.0049418	0.0016423	4.8291e-19
3.93	0.00044222	0.00683	0.0051265	0.0017035	4.8541e-19
3.94	0.00045736	0.0070998	0.005329	0.0017708	4.876e-19
3.95	0.00047357	0.0073888	0.0055459	0.0018429	4.8952e-19
3.96	0.0004905	0.0076918	0.0057731	0.0019187	4.9123e-19
3.97	0.00050779	0.0080032	0.0060066	0.0019966	4.9281e-19
3.98	0.0005251	0.0083178	0.0062424	0.0020754	4.9434e-19
3.99	0.00054211	0.0086305	0.0064767	0.0021538	4.9592e-19
4	0.00055857	0.0089371	0.0067063	0.0022308	4.9766e-19
4.01	0.00057426	0.0092342	0.0069288	0.0023055	4.9962e-19
4.02	0.00058906	0.0095195	0.0071422	0.0023773	5.0188e-19
4.03	0.00060289	0.0097915	0.0073457	0.0024458	5.0448e-19
4.04	0.00061573	0.01005	0.0075388	0.002511	5.0743e-19
4.05	0.00062761	0.010294	0.0077217	0.0025727	5.1073e-19
4.06	0.00063859	0.010526	0.0078949	0.0026314	5.1432e-19
4.07	0.00064874	0.010746	0.0080593	0.002687	5.1815e-19
4.08	0.00065812	0.010955	0.0082154	0.00274	5.2212e-19
4.09	0.00066678	0.011154	0.0083637	0.0027902	5.2615e-19
4.1	0.00067471	0.011342	0.008504	0.0028378	5.3013e-19
4.11	0.00068187	0.011518	0.0086357	0.0028825	5.3396e-19
4.12	0.00068816	0.011681	0.0087573	0.0029237	5.3756e-19
4.13	0.00069342	0.011828	0.0088669	0.0029608	5.4087e-19
4.14	0.00069747	0.011954	0.0089615	0.0029928	5.4385e-19
4.15	0.00070005	0.012057	0.0090379	0.0030187	5.4649e-19
4.16	0.00070091	0.01213	0.0090926	0.0030371	5.4881e-19
4.17	0.00069981	0.012169	0.0091219	0.003047	5.5087e-19
4.18	0.00069649	0.012169	0.0091223	0.0030471	5.5274e-19
4.19	0.00069078	0.012127	0.009091	0.0030364	5.5451e-19
4.2	0.00068253	0.01204	0.0090256	0.0030143	5.5628e-19
4.21	0.0006717	0.011905	0.0089249	0.0029803	5.5816e-19
4.22	0.0006583	0.011723	0.0087889	0.0029344	5.6023e-19
4.23	0.00064247	0.011496	0.0086187	0.002877	5.6258e-19
4.24	0.00062443	0.011226	0.0084168	0.0028089	5.6526e-19
4.25	0.00060446	0.010918	0.0081867	0.0027313	5.683e-19
4.26	0.00058293	0.010579	0.007933	0.0026458	5.717e-19
4.27	0.00056028	0.010216	0.0076613	0.0025542	5.7542e-19
4.28	0.00053695	0.009836	0.0073774	0.0024586	5.7942e-19
4.29	0.00051339	0.0094485	0.0070876	0.0023609	5.836e-19
4.3	0.00049006	0.0090612	0.0067979	0.0022634	5.8786e-19
4.31	0.00046735	0.0086816	0.0065139	0.0021677	5.9211e-19
4.32	0.00044562	0.0083163	0.0062406	0.0020757	5.9624e-19
4.33	0.00042513	0.0079707	0.005982	0.0019887	6.0015e-19
4.34	0.00040607	0.0076485	0.0057409	0.0019076	6.0379e-19
4.35	0.00038854	0.0073522	0.0055192	0.001833	6.071e-19
4.36	0.00037258	0.0070826	0.0053174	0.0017653	6.1006e-19
4.37	0.00035813	0.0068391	0.005135	0.0017041	6.1269e-19
4.38	0.00034507	0.00662	0.0049708	0.0016492	6.1503e-19
4.39	0.00033326	0.0064227	0.0048229	0.0015998	6.1716e-19
4.4	0.00032253	0.0062441	0.0046888	0.0015553	6.1916e-19
4.41	0.00031268	0.006081	0.0045663	0.0015147	6.2113e-19
4.42	0.00030356	0.0059304	0.004453	0.0014773	6.2319e-19
4.43	0.00029503	0.0057899	0.0043472	0.0014427	6.2544e-19
4.44	0.00028701	0.0056579	0.0042477	0.0014102	6.2795e-19
4.45	0.00027945	0.0055338	0.004154	0.0013798	6.3078e-19
4.46	0.00027238	0.0054181	0.0040665	0.0013516	6.3398e-19
4.47	0.00026586	0.0053121	0.0039863	0.0013259	6.3755e-19
4.48	0.00026	0.0052183	0.0039151	0.0013033	6.4145e-19
4.49	0.00025494	0.0051395	0.0038551	0.0012844	6.4562e-19
4.5	0.00025082	0.0050791	0.0038089	0.0012702	6.5e-19
4.51	0.0002478	0.0050403	0.003779	0.0012614	6.5446e-19
4.52	0.00024601	0.0050261	0.0037674	0.0012586	6.5892e-19
4.53	0.00024553	0.0050386	0.003776	0.0012626	6.6326e-19
4.54	0.00024642	0.0050791	0.0038057	0.0012734	6.6738e-19
4.55	0.00024865	0.0051477	0.0038564	0.0012912	6.7122e-19
4.56	0.00025215	0.005243	0.0039274	0.0013156	6.7472e-19
4.57	0.00025677	0.0053626	0.0040166	0.001346	6.7786e-19
4.58	0.00026232	0.0055024	0.0041212	0.0013812	6.8067e-19
4.59	0.00026854	0.0056577	0.0042375	0.0014202	6.8319e-19
4.6	0.00027517	0.0058225	0.0043611	0.0014615	6.8549e-19
4.61	0.00028189	0.0059908	0.0044874	0.0015034	6.8768e-19
4.62	0.00028843	0.0061563	0.0046118	0.0015445	6.8986e-19
4.63	0.00029449	0.0063129	0.0047297	0.0015832	6.9215e-19
4.64	0.00029984	0.0064555	0.0048372	0.0016183	6.9466e-19
4.65	0.0003043	0.0065796	0.004931	0.0016486	6.9748e-19
4.66	0.00030772	0.0066823	0.0050089	0.0016735	7.0067e-19
4.67	0.00031005	0.0067619	0.0050695	0.0016924	7.0427e-19
4.68	0.00031129	0.006818	0.0051126	0.0017054	7.0829e-19
4.69	0.0003115	0.0068519	0.0051391	0.0017128	7.1268e-19
4.7	0.00031081	0.0068657	0.0051507	0.001715	7.1738e-19
4.71	0.00030936	0.0068629	0.0051497	0.0017131	7.2229e-19
4.72	0.00030735	0.0068472	0.0051392	0.001708	7.273e-19
4.73	0.00030497	0.006823	0.0051223	0.0017007	7.3228e-19
4.74	0.00030241	0.0067944	0.005102	0.0016924	7.3711e-19
4.75	0.00029984	0.0067651	0.0050811	0.001684	7.4167e-19
4.76	0.00029739	0.0067382	0.0050619	0.0016762	7.4588e-19
4.77	0.00029516	0.0067158	0.005046	0.0016697	7.4967e-19
4.78	0.00029319	0.0066989	0.0050341	0.0016647	7.5302e-19
4.79	0.00029147	0.0066874	0.0050262	0.0016612	7.5594e-19
4.8	0.00028994	0.0066803	0.0050213	0.001659	7.5848e-19
4.81	0.00028853	0.0066755	0.005018	0.0016575	7.6073e-19
4.82	0.00028711	0.0066703	0.0050142	0.0016562	7.628e-19
4.83	0.00028555	0.0066616	0.0050075	0.0016541	7.6481e-19
4.84	0.00028372	0.0066463	0.0049957	0.0016506	7.6691e-19
4.85	0.0002815	0.0066215	0.0049766	0.0016449	7.6921e-19
4.86	0.00027879	0.0065849	0.0049484	0.0016364	7.7185e-19
4.87	0.00027554	0.006535	0.0049101	0.0016248	7.749e-19
4.88	0.00027174	0.0064714	0.0048614	0.00161	7.7842e-19
4.89	0.00026742	0.0063946	0.0048026	0.001592	7.8243e-19
4.9	0.00026266	0.0063065	0.0047352	0.0015713	7.869e-19
4.91	0.00025759	0.0062099	0.0046613	0.0015486	7.9178e-19
4.92	0.00025234	0.0061083	0.0045836	0.0015248	7.9696e-19
4.93	0.00024711	0.006006	0.0045053	0.0015008	8.0233e-19
4.94	0.00024207	0.0059075	0.0044298	0.0014777	8.0775e-19
4.95	0.00023741	0.0058171	0.0043604	0.0014567	8.1308e-19
4.96	0.00023327	0.0057388	0.0043001	0.0014387	8.1819e-19
4.97	0.00022979	0.0056761	0.0042516	0.0014245	8.2298e-19
4.98	0.00022706	0.0056313	0.0042166	0.0014147	8.2737e-19
4.99	0.00022512	0.0056056	0.0041961	0.0014095	8.3132e-19
5	0.00022396	0.005599	0.00419	0.001409	8.3482e-19
5.01	0.00022352	0.0056104	0.0041977	0.0014127	8.3792e-19
5.02	0.0002237	0.0056374	0.0042172	0.0014202	8.4069e-19
5.03	0.00022437	0.0056767	0.0042462	0.0014306	8.4324e-19
5.04	0.00022536	0.0057245	0.0042817	0.0014428	8.4571e-19
5.05	0.0002265	0.0057763	0.0043205	0.0014558	8.4824e-19
5.06	0.00022762	0.005828	0.0043594	0.0014685	8.5096e-19
5.07	0.00022857	0.0058754	0.0043954	0.00148	8.5399e-19
5.08	0.00022921	0.0059151	0.0044258	0.0014893	8.5744e-19
5.09	0.00022945	0.0059446	0.0044488	0.0014958	8.6137e-19
5.1	0.00022923	0.0059622	0.0044631	0.0014992	8.6579e-19
5.11	0.00022854	0.0059677	0.0044684	0.0014993	8.707e-19
5.12	0.00022742	0.0059616	0.0044652	0.0014964	8.7602e-19
5.13	0.00022592	0.0059456	0.0044547	0.0014909	8.8165e-19
5.14	0.00022416	0.0059223	0.0044388	0.0014835	8.8748e-19
5.15	0.00022226	0.0058948	0.0044199	0.001475	8.9335e-19
5.16	0.00022033	0.0058665	0.0044003	0.0014662	8.9912e-19
5.17	0.00021851	0.0058406	0.0043825	0.0014581	9.0465e-19
5.18	0.00021691	0.0058202	0.0043689	0.0014513	9.0981e-19
5.19	0.00021561	0.0058076	0.004361	0.0014466	9.1451e-19
5.2	0.00021466	0.0058043	0.00436	0.0014443	9.1871e-19
5.21	0.00021407	0.0058108	0.0043662	0.0014446	9.224e-19
5.22	0.00021382	0.0058264	0.0043791	0.0014473	9.2562e-19
5.23	0.00021385	0.0058494	0.0043974	0.001452	9.2846e-19
5.24	0.00021405	0.0058773	0.0044191	0.0014582	9.3102e-19
5.25	0.0002143	0.0059066	0.0044417	0.001465	9.3346e-19
5.26	0.00021447	0.0059337	0.0044623	0.0014714	9.3593e-19
5.27	0.0002144	0.0059546	0.0044781	0.0014765	9.3857e-19
5.28	0.00021399	0.0059656	0.0044863	0.0014794	9.4154e-19
5.29	0.00021311	0.0059636	0.0044844	0.0014792	9.4494e-19
5.3	0.00021169	0.0059463	0.0044708	0.0014755	9.4884e-19
5.31	0.00020969	0.0059123	0.0044445	0.0014678	9.5329e-19
5.32	0.00020712	0.0058619	0.0044057	0.0014562	9.5826e-19
5.33	0.00020403	0.0057963	0.0043553	0.0014409	9.6369e-19
5.34	0.00020053	0.0057181	0.0042954	0.0014227	9.6947e-19
5.35	0.00019675	0.0056314	0.0042289	0.0014025	9.7548e-19
5.36	0.00019286	0.0055408	0.0041594	0.0013813	9.8156e-19
5.37	0.00018906	0.0054519	0.0040912	0.0013607	9.8753e-19
5.38	0.00018554	0.0053705	0.0040285	0.0013419	9.9326e-19
5.39	0.00018252	0.0053025	0.0039759	0.0013265	9.9859e-19
5.4	0.00018016	0.0052533	0.0039375	0.0013158	1.0034e-18
5.41	0.00017862	0.0052278	0.003917	0.0013109	1.0077e-18
5.42	0.00017803	0.0052298	0.0039171	0.0013127	1.0114e-18
5.43	0.00017846	0.0052618	0.0039399	0.0013219	1.0147e-18
5.44	0.00017994	0.005325	0.0039863	0.0013387	1.0174e-18
5.45	0.00018245	0.0054194	0.0040562	0.0013632	1.0199e-18
5.46	0.00018595	0.0055435	0.0041487	0.0013948	1.0223e-18
5.47	0.00019033	0.0056947	0.0042617	0.001433	1.0246e-18
5.48	0.00019545	0.0058695	0.0043927	0.0014768	1.0272e-18
5.49	0.00020119	0.0060638	0.0045386	0.0015252	1.0302e-18
5.5	0.00020737	0.006273	0.0046958	0.0015772	1.0336e-18
5.51	0.00021385	0.0064926	0.0048612	0.0016314	1.0377e-18
5.52	0.00022048	0.0067182	0.0050313	0.001687	1.0424e-18
5.53	0.00022715	0.0069463	0.0052035	0.0017429	1.0477e-18
5.54	0.00023374	0.0071739	0.0053754	0.0017984	1.0536e-18
5.55	0.0002402	0.0073988	0.0055457	0.0018531	1.06e-18
5.56	0.0002465	0.0076201	0.0057134	0.0019067	1.0667e-18
5.57	0.00025262	0.0078376	0.0058783	0.0019593	1.0735e-18
5.58	0.0002586	0.0080519	0.006041	0.0020109	1.0803e-18
5.59	0.00026447	0.0082642	0.0062023	0.0020619	1.0869e-18
5.6	0.00027029	0.0084763	0.0063635	0.0021128	1.0932e-18
5.61	0.00027611	0.0086899	0.0065258	0.0021641	1.0989e-18
5.62	0.000282	0.0089067	0.0066905	0.0022162	1.104e-18
5.63	0.00028798	0.009128	0.0068586	0.0022695	1.1086e-18
5.64	0.00029408	0.0093545	0.0070304	0.0023241	1.1126e-18
5.65	0.00030029	0.0095859	0.0072058	0.0023801	1.116e-18
5.66	0.00030657	0.0098211	0.0073839	0.0024372	1.1191e-18
5.67	0.00031286	0.010058	0.0075632	0.0024949	1.122e-18
5.68	0.00031907	0.010294	0.0077414	0.0025525	1.1249e-18
5.69	0.00032508	0.010525	0.0079156	0.0026091	1.128e-18
5.7	0.00033075	0.010746	0.0080826	0.0026635	1.1314e-18
5.71	0.00033594	0.010953	0.0082385	0.0027146	1.1352e-18
5.72	0.00034051	0.011141	0.0083797	0.0027611	1.1397e-18
5.73	0.0003443	0.011304	0.0085024	0.0028019	1.1448e-18
5.74	0.00034719	0.011439	0.0086033	0.0028357	1.1506e-18
5.75	0.00034906	0.011541	0.0086794	0.0028615	1.157e-18
5.76	0.00034984	0.011607	0.0087282	0.0028787	1.1638e-18
5.77	0.00034947	0.011635	0.0087483	0.0028865	1.1709e-18
5.78	0.00034792	0.011624	0.0087388	0.0028848	1.1782e-18
5.79	0.00034521	0.011573	0.0086995	0.0028735	1.1855e-18
5.8	0.00034137	0.011484	0.0086311	0.0028527	1.1925e-18
5.81	0.00033647	0.011358	0.0085349	0.0028229	1.199e-18
5.82	0.00033058	0.011197	0.0084129	0.0027845	1.205e-18
5.83	0.0003238	0.011006	0.0082671	0.0027385	1.2104e-18
5.84	0.00031624	0.010786	0.0081001	0.0026854	1.215e-18
5.85	0.000308	0.010541	0.0079144	0.0026262	1.219e-18
5.86	0.00029919	0.010274	0.0077125	0.0025616	1.2224e-18
5.87	0.0002899	0.009989	0.0074967	0.0024923	1.2254e-18
5.88	0.0002802	0.0096878	0.0072689	0.0024189	1.2282e-18
5.89	0.00027017	0.0093727	0.0070307	0.002342	1.2309e-18
5.9	0.00025985	0.0090454	0.0067835	0.002262	1.2339e-18
5.91	0.00024929	0.0087072	0.0065281	0.002179	1.2372e-18
5.92	0.0002385	0.0083587	0.0062653	0.0020934	1.2411e-18
5.93	0.00022752	0.0080006	0.0059954	0.0020052	1.2456e-18
5.94	0.00021634	0.0076333	0.0057188	0.0019145	1.251e-18
5.95	0.00020499	0.0072571	0.0054357	0.0018214	1.2571e-18
5.96	0.00019348	0.0068726	0.0051465	0.001726	1.2639e-18
5.97	0.00018183	0.0064805	0.0048519	0.0016286	1.2713e-18
5.98	0.00017008	0.006082	0.0045527	0.0015293	1.2792e-18
5.99	0.00015827	0.0056786	0.0042499	0.0014287	1.2873e-18
6	0.00014645	0.0052723	0.0039452	0.0013271	1.2954e-18
6.01	0.00013471	0.0048656	0.0036403	0.0012253	1.3033e-18
6.02	0.0001231	0.0044611	0.0033373	0.0011238	1.3107e-18
6.03	0.00011171	0.004062	0.0030384	0.0010236	1.3176e-18
6.04	0.00010064	0.0036715	0.0027461	0.00092542	1.3237e-18
6.05	8.9963e-05	0.0032929	0.0024627	0.00083011	1.329e-18
6.06	7.9764e-05	0.0029292	0.0021907	0.00073848	1.3337e-18
6.07	7.0118e-05	0.0025835	0.0019322	0.00065127	1.3376e-18
6.08	6.1088e-05	0.0022582	0.0016891	0.00056914	1.341e-18
6.09	5.2724e-05	0.0019554	0.0014628	0.00049263	1.3441e-18
6.1	4.5061e-05	0.0016767	0.0012546	0.00042215	1.3471e-18
6.11	3.8118e-05	0.001423	0.0010651	0.00035796	1.3502e-18
6.12	3.1899e-05	0.0011948	0.00089459	0.00030017	1.3537e-18
6.13	2.6394e-05	0.00099179	0.00074302	0.00024877	1.3577e-18
6.14	2.1579e-05	0.00081352	0.0006099	0.00020362	1.3624e-18
6.15	1.7423e-05	0.00065897	0.00049448	0.00016449	1.3679e-18
6.16	1.3885e-05	0.00052686	0.0003958	0.00013106	1.3743e-18
6.17	1.0921e-05	0.00041574	0.00031276	0.00010298	1.3814e-18
6.18	8.4852e-06	0.00032407	0.0002442	7.9873e-05	1.3892e-18
6.19	6.5331e-06	0.00025032	0.00018898	6.1346e-05	1.3976e-18
6.2	5.0221e-06	0.00019305	0.00014601	4.7038e-05	1.4061e-18
6.21	3.9141e-06	0.00015094	0.00011433	3.6615e-05	1.4148e-18
6.22	3.1754e-06	0.00012285	9.3068e-05	2.9783e-05	1.4232e-18
6.23	2.7775e-06	0.0001078	8.1514e-05	2.6288e-05	1.4311e-18
6.24	2.696e-06	0.00010498	7.9064e-05	2.5913e-05	1.4384e-18
6.25	2.9103e-06	0.00011368	8.5211e-05	2.8472e-05	1.445e-18
6.26	3.4018e-06	0.00013331	9.951e-05	3.3797e-05	1.4507e-18
6.27	4.1531e-06	0.00016327	0.00012154	4.1727e-05	1.4556e-18
6.28	5.1467e-06	0.00020298	0.00015088	5.2098e-05	1.4597e-18
6.29	6.3638e-06	0.00025178	0.00018705	6.473e-05	1.4632e-18
6.3	7.7836e-06	0.00030893	0.00022951	7.9424e-05	1.4664e-18
6.31	9.383e-06	0.00037359	0.00027764	9.5955e-05	1.4693e-18
6.32	1.1137e-05	0.00044483	0.00033076	0.00011407	1.4724e-18
6.33	1.3018e-05	0.00052163	0.00038812	0.00013352	1.4758e-18
6.34	1.5e-05	0.00060294	0.00044893	0.00015401	1.4798e-18
6.35	1.7055e-05	0.00068768	0.00051241	0.00017528	1.4845e-18
6.36	1.9157e-05	0.00077488	0.00057781	0.00019707	1.4902e-18
6.37	2.1284e-05	0.00086365	0.00064449	0.00021916	1.4967e-18
6.38	2.3419e-05	0.00095327	0.0007119	0.00024137	1.5042e-18
6.39	2.5549e-05	0.0010432	0.00077966	0.00026357	1.5124e-18
6.4	2.7668e-05	0.0011333	0.00084756	0.00028571	1.5212e-18
6.41	2.9775e-05	0.0012234	0.00091559	0.00030779	1.5304e-18
6.42	3.1875e-05	0.0013138	0.00098391	0.00032987	1.5397e-18
6.43	3.3981e-05	0.0014049	0.0010529	0.00035208	1.5488e-18
6.44	3.6106e-05	0.0014975	0.0011229	0.00037459	1.5575e-18
6.45	3.827e-05	0.0015921	0.0011945	0.0003976	1.5656e-18
6.46	4.049e-05	0.0016897	0.0012684	0.00042134	1.5729e-18
6.47	4.2787e-05	0.0017911	0.0013451	0.00044603	1.5793e-18
6.48	4.5177e-05	0.001897	0.0014251	0.00047186	1.5849e-18
6.49	4.7673e-05	0.002008	0.001509	0.00049901	1.5896e-18
6.5	5.0286e-05	0.0021246	0.001597	0.0005276	1.5937e-18
6.51	5.302e-05	0.002247	0.0016893	0.00055771	1.5973e-18
6.52	5.5873e-05	0.0023752	0.0017858	0.00058936	1.6007e-18
6.53	5.8841e-05	0.002509	0.0018865	0.00062251	1.6042e-18
6.54	6.1913e-05	0.0026481	0.0019911	0.00065707	1.6081e-18
6.55	6.5077e-05	0.002792	0.002099	0.00069292	1.6125e-18
6.56	6.8316e-05	0.0029399	0.00221	0.00072992	1.6178e-18
6.57	7.1616e-05	0.0030913	0.0023234	0.00076789	1.624e-18
6.58	7.4959e-05	0.0032455	0.0024388	0.00080667	1.6311e-18
6.59	7.8333e-05	0.0034019	0.0025557	0.00084612	1.6392e-18
6.6	8.1727e-05	0.00356	0.0026739	0.00088612	1.6481e-18
6.61	8.5132e-05	0.0037196	0.002793	0.00092656	1.6576e-18
6.62	8.8545e-05	0.0038804	0.002913	0.00096741	1.6675e-18
6.63	9.1965e-05	0.0040425	0.0030338	0.0010086	1.6775e-18
6.64	9.5393e-05	0.0042058	0.0031556	0.0010502	1.6872e-18
6.65	9.8833e-05	0.0043706	0.0032784	0.0010923	1.6965e-18
6.66	0.00010229	0.0045372	0.0034024	0.0011347	1.7051e-18
6.67	0.00010577	0.0047055	0.0035279	0.0011777	1.7127e-18
6.68	0.00010927	0.0048759	0.0036548	0.0012211	1.7194e-18
6.69	0.00011279	0.0050481	0.0037832	0.0012649	1.7251e-18
6.7	0.00011633	0.0052221	0.0039129	0.0013092	1.73e-18
6.71	0.00011988	0.0053973	0.0040436	0.0013537	1.7341e-18
6.72	0.00012341	0.0055731	0.0041748	0.0013983	1.7377e-18
6.73	0.00012692	0.0057486	0.0043059	0.0014426	1.7412e-18
6.74	0.00013037	0.0059225	0.004436	0.0014866	1.7447e-18
6.75	0.00013375	0.0060938	0.0045641	0.0015297	1.7488e-18
6.76	0.00013701	0.0062608	0.0046892	0.0015716	1.7536e-18
6.77	0.00014012	0.0064222	0.0048102	0.001612	1.7593e-18
6.78	0.00014307	0.0065766	0.0049261	0.0016505	1.7661e-18
6.79	0.00014581	0.0067226	0.0050358	0.0016868	1.7741e-18
6.8	0.00014833	0.006859	0.0051384	0.0017206	1.7832e-18
6.81	0.00015061	0.0069849	0.0052332	0.0017516	1.7933e-18
6.82	0.00015264	0.0070996	0.0053198	0.0017797	1.8042e-18
6.83	0.0001544	0.0072027	0.0053978	0.0018049	1.8155e-18
6.84	0.00015591	0.0072941	0.0054671	0.001827	1.8269e-18
6.85	0.00015715	0.007374	0.0055279	0.0018462	1.8381e-18
6.86	0.00015816	0.0074429	0.0055803	0.0018625	1.8487e-18
6.87	0.00015893	0.0075012	0.0056249	0.0018762	1.8586e-18
6.88	0.0001595	0.0075497	0.0056622	0.0018875	1.8674e-18
6.89	0.00015987	0.0075892	0.0056928	0.0018964	1.875e-18
6.9	0.00016006	0.0076205	0.0057171	0.0019034	1.8815e-18
6.91	0.0001601	0.0076443	0.0057358	0.0019085	1.887e-18
6.92	0.00015999	0.0076613	0.0057493	0.001912	1.8916e-18
6.93	0.00015975	0.0076718	0.0057578	0.001914	1.8956e-18
6.94	0.00015938	0.0076761	0.0057617	0.0019145	1.8994e-18
6.95	0.00015888	0.0076745	0.0057609	0.0019136	1.9033e-18
6.96	0.00015827	0.0076669	0.0057556	0.0019113	1.9077e-18
6.97	0.00015754	0.0076533	0.0057456	0.0019077	1.9129e-18
6.98	0.00015668	0.0076334	0.0057309	0.0019026	1.9192e-18
6.99	0.0001557	0.0076073	0.0057113	0.0018961	1.9268e-18
7	0.00015459	0.007575	0.0056868	0.0018882	1.9357e-18
7.01	0.00015337	0.0075365	0.0056577	0.0018788	1.9459e-18
7.02	0.00015203	0.0074922	0.0056241	0.0018682	1.9573e-18
7.03	0.0001506	0.0074428	0.0055865	0.0018563	1.9695e-18
7.04	0.00014909	0.0073891	0.0055456	0.0018436	1.9823e-18
7.05	0.00014752	0.0073323	0.0055022	0.0018301	1.9952e-18
7.06	0.00014594	0.0072739	0.0054576	0.0018163	2.0078e-18
7.07	0.00014435	0.0072156	0.005413	0.0018026	2.0197e-18
7.08	0.00014282	0.0071591	0.0053697	0.0017894	2.0305e-18
7.09	0.00014137	0.0071065	0.0053293	0.0017772	2.04e-18
7.1	0.00014005	0.0070599	0.0052934	0.0017665	2.0481e-18
7.11	0.00013889	0.0070213	0.0052635	0.0017577	2.0546e-18
7.12	0.00013793	0.0069925	0.0052411	0.0017514	2.0597e-18
7.13	0.00013721	0.0069754	0.0052274	0.001748	2.0636e-18
7.14	0.00013675	0.0069713	0.0052236	0.0017478	2.0666e-18
7.15	0.00013657	0.0069817	0.0052306	0.001751	2.0691e-18
7.16	0.00013669	0.0070073	0.0052492	0.001758	2.0716e-18
7.17	0.00013711	0.0070488	0.0052799	0.0017689	2.0745e-18
7.18	0.00013785	0.0071064	0.0053228	0.0017837	2.0782e-18
7.19	0.0001389	0.0071803	0.005378	0.0018024	2.0832e-18
7.2	0.00014024	0.0072703	0.0054453	0.001825	2.0897e-18
7.21	0.00014189	0.0073758	0.0055245	0.0018513	2.0979e-18
7.22	0.00014381	0.0074964	0.0056151	0.0018813	2.1077e-18
7.23	0.00014599	0.0076315	0.0057167	0.0019148	2.119e-18
7.24	0.00014843	0.0077803	0.0058287	0.0019516	2.1317e-18
7.25	0.0001511	0.0079423	0.0059507	0.0019916	2.1453e-18
7.26	0.00015399	0.0081166	0.006082	0.0020345	2.1594e-18
7.27	0.00015709	0.0083026	0.0062222	0.0020804	2.1735e-18
7.28	0.00016038	0.0084998	0.0063709	0.0021289	2.1872e-18
7.29	0.00016385	0.0087075	0.0065274	0.00218	2.2e-18
7.3	0.00016748	0.008925	0.0066914	0.0022336	2.2115e-18
7.31	0.00017126	0.0091516	0.0068622	0.0022894	2.2216e-18
7.32	0.00017518	0.0093866	0.0070393	0.0023473	2.23e-18
7.33	0.00017921	0.009629	0.0072219	0.0024071	2.2369e-18
7.34	0.00018334	0.0098776	0.0074091	0.0024685	2.2423e-18
7.35	0.00018754	0.010131	0.0076001	0.0025312	2.2467e-18
7.36	0.00019178	0.010389	0.0077936	0.0025949	2.2503e-18
7.37	0.00019603	0.010648	0.0079884	0.0026591	2.2538e-18
7.38	0.00020025	0.010906	0.0081829	0.0027234	2.2574e-18
7.39	0.00020441	0.011163	0.0083757	0.0027873	2.2618e-18
7.4	0.00020846	0.011415	0.0085651	0.0028502	2.2674e-18
7.41	0.00021237	0.011661	0.0087493	0.0029115	2.2745e-18
7.42	0.00021609	0.011897	0.0089266	0.0029707	2.2832e-18
7.43	0.00021959	0.012123	0.0090954	0.0030272	2.2938e-18
7.44	0.00022283	0.012334	0.0092539	0.0030804	2.306e-18
7.45	0.00022577	0.012531	0.0094006	0.0031299	2.3196e-18
7.46	0.00022838	0.012709	0.0095343	0.0031752	2.3343e-18
7.47	0.00023063	0.012869	0.0096536	0.0032158	2.3497e-18
7.48	0.00023251	0.013009	0.0097577	0.0032514	2.3652e-18
7.49	0.000234	0.013128	0.0098458	0.0032818	2.3804e-18
7.5	0.00023509	0.013224	0.0099173	0.0033067	2.3947e-18
7.51	0.00023578	0.013298	0.0099718	0.003326	2.4077e-18
7.52	0.00023605	0.013349	0.010009	0.0033396	2.4192e-18
7.53	0.00023592	0.013377	0.010029	0.0033474	2.4289e-18
7.54	0.00023538	0.013382	0.010032	0.0033495	2.437e-18
7.55	0.00023445	0.013364	0.010019	0.0033459	2.4435e-18
7.56	0.00023314	0.013325	0.0099881	0.0033367	2.4488e-18
7.57	0.00023145	0.013263	0.0099415	0.003322	2.4533e-18
7.58	0.00022941	0.013181	0.009879	0.0033019	2.4574e-18
7.59	0.00022701	0.013078	0.0098011	0.0032766	2.4617e-18
7.6	0.00022428	0.012955	0.0097085	0.0032461	2.4668e-18
7.61	0.00022124	0.012812	0.0096015	0.0032108	2.4731e-18
7.62	0.00021789	0.012652	0.009481	0.0031708	2.4809e-18
7.63	0.00021426	0.012474	0.0093476	0.0031263	2.4905e-18
7.64	0.00021038	0.01228	0.0092021	0.0030776	2.502e-18
7.65	0.00020625	0.012071	0.0090455	0.003025	2.5154e-18
7.66	0.00020192	0.011848	0.0088788	0.002969	2.5303e-18
7.67	0.0001974	0.011613	0.0087032	0.0029098	2.5463e-18
7.68	0.00019274	0.011368	0.00852	0.002848	2.5631e-18
7.69	0.00018795	0.011115	0.0083306	0.0027841	2.58e-18
7.7	0.00018308	0.010855	0.0081365	0.0027184	2.5964e-18
7.71	0.00017816	0.010591	0.0079392	0.0026517	2.6119e-18
7.72	0.00017323	0.010325	0.0077402	0.0025843	2.6259e-18
7.73	0.00016833	0.010058	0.0075412	0.0025169	2.6381e-18
7.74	0.00016347	0.0097933	0.0073434	0.0024499	2.6483e-18
7.75	0.00015871	0.0095323	0.0071484	0.0023839	2.6566e-18
7.76	0.00015405	0.0092766	0.0069574	0.0023192	2.663e-18
7.77	0.00014953	0.0090276	0.0067713	0.0022562	2.668e-18
7.78	0.00014516	0.0087865	0.0065911	0.0021953	2.6719e-18
7.79	0.00014096	0.0085541	0.0064174	0.0021367	2.6754e-18
7.8	0.00013693	0.008331	0.0062506	0.0020804	2.679e-18
7.81	0.00013308	0.0081176	0.0060909	0.0020266	2.6834e-18
7.82	0.00012941	0.0079137	0.0059383	0.0019753	2.6892e-18
7.83	0.00012591	0.0077191	0.0057926	0.0019265	2.6967e-18
7.84	0.00012256	0.0075335	0.0056535	0.00188	2.7063e-18
7.85	0.00011938	0.0073562	0.0055206	0.0018356	2.7182e-18
7.86	0.00011633	0.0071866	0.0053933	0.0017933	2.7322e-18
7.87	0.0001134	0.0070238	0.005271	0.0017528	2.7481e-18
7.88	0.00011059	0.0068673	0.0051534	0.0017139	2.7655e-18
7.89	0.00010789	0.0067162	0.0050397	0.0016764	2.7839e-18
7.9	0.00010527	0.00657	0.0049297	0.0016403	2.8026e-18
7.91	0.00010274	0.0064282	0.0048229	0.0016052	2.821e-18
7.92	0.00010028	0.0062903	0.0047191	0.0015713	2.8384e-18
7.93	9.7897e-05	0.0061562	0.004618	0.0015382	2.8543e-18
7.94	9.558e-05	0.0060257	0.0045196	0.0015061	2.8683e-18
7.95	9.3331e-05	0.0058988	0.0044239	0.0014749	2.8801e-18
7.96	9.1151e-05	0.0057755	0.0043309	0.0014445	2.8896e-18
7.97	8.9041e-05	0.0056559	0.0042408	0.0014151	2.897e-18
7.98	8.7003e-05	0.0055404	0.0041537	0.0013867	2.9027e-18
7.99	8.5042e-05	0.0054291	0.0040698	0.0013592	2.9071e-18
8	8.3159e-05	0.0053222	0.0039894	0.0013328	2.9109e-18
8.01	8.136e-05	0.00522	0.0039125	0.0013076	2.9146e-18
8.02	7.9646e-05	0.0051229	0.0038394	0.0012835	2.9192e-18
8.03	7.8021e-05	0.0050309	0.0037703	0.0012606	2.9251e-18
8.04	7.6488e-05	0.0049443	0.0037053	0.001239	2.9329e-18
8.05	7.5051e-05	0.0048635	0.0036447	0.0012188	2.943e-18
8.06	7.3712e-05	0.0047886	0.0035886	0.0012	2.9555e-18
8.07	7.2475e-05	0.0047199	0.0035372	0.0011827	2.9705e-18
8.08	7.1343e-05	0.0046577	0.0034908	0.0011669	2.9876e-18
8.09	7.0322e-05	0.0046024	0.0034496	0.0011529	3.0066e-18
8.1	6.9415e-05	0.0045543	0.0034138	0.0011405	3.0266e-18
8.11	6.8629e-05	0.0045139	0.0033838	0.0011301	3.0471e-18
8.12	6.7968e-05	0.0044814	0.0033598	0.0011216	3.0673e-18
8.13	6.7437e-05	0.0044574	0.0033422	0.0011152	3.0865e-18
8.14	6.7043e-05	0.0044422	0.0033312	0.0011111	3.1041e-18
8.15	6.6789e-05	0.0044363	0.003327	0.0011092	3.1195e-18
8.16	6.6678e-05	0.0044398	0.00333	0.0011097	3.1324e-18
8.17	6.6712e-05	0.0044529	0.0033402	0.0011127	3.1427e-18
8.18	6.6891e-05	0.0044758	0.0033577	0.0011181	3.1506e-18
8.19	6.7213e-05	0.0045084	0.0033824	0.001126	3.1565e-18
8.2	6.7674e-05	0.0045504	0.0034141	0.0011364	3.1609e-18
8.21	6.8267e-05	0.0046015	0.0034525	0.001149	3.1644e-18
8.22	6.8982e-05	0.004661	0.0034972	0.0011638	3.168e-18
8.23	6.9807e-05	0.0047282	0.0035476	0.0011806	3.1724e-18
8.24	7.0729e-05	0.0048023	0.0036032	0.0011991	3.1785e-18
8.25	7.1731e-05	0.0048822	0.003663	0.0012192	3.1867e-18
8.26	7.2798e-05	0.0049668	0.0037263	0.0012405	3.1977e-18
8.27	7.3909e-05	0.0050549	0.0037921	0.0012628	3.2117e-18
8.28	7.5048e-05	0.0051452	0.0038595	0.0012856	3.2287e-18
8.29	7.6195e-05	0.0052364	0.0039276	0.0013088	3.2485e-18
8.3	7.7331e-05	0.0053273	0.0039955	0.0013319	3.2706e-18
8.31	7.8439e-05	0.0054167	0.0040621	0.0013546	3.2944e-18
8.32	7.9502e-05	0.0055033	0.0041267	0.0013766	3.319e-18
8.33	8.0505e-05	0.0055861	0.0041884	0.0013977	3.3437e-18
8.34	8.1433e-05	0.0056642	0.0042465	0.0014177	3.3675e-18
8.35	8.2276e-05	0.0057365	0.0043004	0.0014361	3.3896e-18
8.36	8.3023e-05	0.0058024	0.0043494	0.001453	3.4094e-18
8.37	8.3663e-05	0.0058612	0.0043932	0.001468	3.4265e-18
8.38	8.4192e-05	0.0059123	0.0044312	0.0014811	3.4407e-18
8.39	8.4602e-05	0.0059553	0.0044632	0.0014921	3.452e-18
8.4	8.489e-05	0.0059898	0.0044889	0.001501	3.4607e-18
8.41	8.5053e-05	0.0060157	0.0045081	0.0015076	3.4675e-18
8.42	8.5091e-05	0.0060326	0.0045207	0.0015119	3.473e-18
8.43	8.5002e-05	0.0060407	0.0045267	0.0015139	3.4781e-18
8.44	8.479e-05	0.0060399	0.0045262	0.0015137	3.4836e-18
8.45	8.4456e-05	0.0060304	0.0045191	0.0015112	3.4906e-18
8.46	8.4006e-05	0.0060124	0.0045058	0.0015066	3.4996e-18
8.47	8.3445e-05	0.0059864	0.0044865	0.0014999	3.5112e-18
8.48	8.2781e-05	0.0059528	0.0044616	0.0014912	3.5259e-18
8.49	8.2023e-05	0.0059122	0.0044314	0.0014808	3.5436e-18
8.5	8.1181e-05	0.0058653	0.0043966	0.0014687	3.5641e-18
8.51	8.0266e-05	0.0058129	0.0043576	0.0014553	3.587e-18
8.52	7.929e-05	0.0057557	0.0043151	0.0014406	3.6115e-18
8.53	7.8267e-05	0.0056948	0.0042698	0.001425	3.6368e-18
8.54	7.721e-05	0.0056311	0.0042224	0.0014087	3.662e-18
8.55	7.6133e-05	0.0055655	0.0041736	0.0013919	3.6861e-18
8.56	7.5047e-05	0.005499	0.004124	0.0013749	3.7083e-18
8.57	7.3967e-05	0.0054325	0.0040745	0.001358	3.7277e-18
8.58	7.2903e-05	0.0053669	0.0040256	0.0013413	3.7441e-18
8.59	7.1866e-05	0.0053029	0.0039778	0.0013251	3.7571e-18
8.6	7.0864e-05	0.0052411	0.0039317	0.0013094	3.7669e-18
8.61	6.9904e-05	0.0051822	0.0038876	0.0012946	3.7738e-18
8.62	6.8993e-05	0.0051265	0.0038459	0.0012805	3.7785e-18
8.63	6.8132e-05	0.0050743	0.0038068	0.0012675	3.782e-18
8.64	6.7325e-05	0.0050258	0.0037704	0.0012554	3.7852e-18
8.65	6.6574e-05	0.0049812	0.0037369	0.0012443	3.7892e-18
8.66	6.5877e-05	0.0049405	0.0037062	0.0012343	3.7951e-18
8.67	6.5235e-05	0.0049036	0.0036784	0.0012253	3.8038e-18
8.68	6.4648e-05	0.0048707	0.0036535	0.0012172	3.8159e-18
8.69	6.4115e-05	0.0048417	0.0036314	0.0012102	3.8321e-18
8.7	6.3636e-05	0.0048166	0.0036124	0.0012043	3.8523e-18
8.71	6.3215e-05	0.0047957	0.0035964	0.0011993	3.8763e-18
8.72	6.2852e-05	0.0047792	0.0035837	0.0011955	3.9037e-18
8.73	6.2552e-05	0.0047673	0.0035745	0.0011928	3.9336e-18
8.74	6.2322e-05	0.0047606	0.0035691	0.0011914	3.9651e-18
8.75	6.2166e-05	0.0047596	0.0035681	0.0011915	3.9969e-18
8.76	6.2094e-05	0.0047649	0.0035719	0.001193	4.028e-18
8.77	6.2114e-05	0.0047774	0.003581	0.0011964	4.0573e-18
8.78	6.2236e-05	0.0047977	0.0035961	0.0012016	4.0837e-18
8.79	6.247e-05	0.0048267	0.0036177	0.001209	4.1068e-18
8.8	6.2825e-05	0.0048652	0.0036466	0.0012186	4.126e-18
8.81	6.3311e-05	0.004914	0.0036831	0.0012308	4.1414e-18
8.82	6.3936e-05	0.0049738	0.003728	0.0012457	4.1534e-18
8.83	6.4708e-05	0.0050452	0.0037818	0.0012635	4.1625e-18
8.84	6.5633e-05	0.0051289	0.0038447	0.0012842	4.1696e-18
8.85	6.6714e-05	0.0052252	0.0039172	0.0013081	4.1759e-18
8.86	6.7957e-05	0.0053346	0.0039995	0.0013351	4.1826e-18
8.87	6.9361e-05	0.0054571	0.0040917	0.0013654	4.1908e-18
8.88	7.0926e-05	0.0055929	0.0041938	0.001399	4.2014e-18
8.89	7.2652e-05	0.0057418	0.004306	0.0014359	4.2155e-18
8.9	7.4535e-05	0.0059039	0.0044279	0.001476	4.2334e-18
8.91	7.6571e-05	0.0060788	0.0045595	0.0015193	4.2553e-18
8.92	7.8756e-05	0.0062663	0.0047005	0.0015658	4.281e-18
8.93	8.1082e-05	0.0064659	0.0048506	0.0016153	4.31e-18
8.94	8.3545e-05	0.0066772	0.0050095	0.0016677	4.3414e-18
8.95	8.6136e-05	0.0068997	0.0051767	0.001723	4.374e-18
8.96	8.8849e-05	0.0071329	0.0053519	0.001781	4.4067e-18
8.97	9.1675e-05	0.0073762	0.0055346	0.0018416	4.4381e-18
8.98	9.4606e-05	0.0076291	0.0057244	0.0019047	4.4672e-18
8.99	9.7634e-05	0.0078907	0.0059208	0.00197	4.4928e-18
9	0.00010075	0.0081606	0.0061232	0.0020374	4.5144e-18
9.01	0.00010394	0.0084378	0.0063311	0.0021068	4.5316e-18
9.02	0.0001072	0.0087217	0.0065439	0.0021778	4.5446e-18
9.03	0.00011051	0.0090113	0.0067609	0.0022504	4.5538e-18
9.04	0.00011387	0.0093059	0.0069815	0.0023243	4.5603e-18
9.05	0.00011726	0.0096043	0.007205	0.0023993	4.5651e-18
9.06	0.00012068	0.0099056	0.0074306	0.002475	4.5698e-18
9.07	0.0001241	0.010209	0.0076576	0.0025512	4.5759e-18
9.08	0.00012751	0.010513	0.007885	0.0026276	4.5848e-18
9.09	0.0001309	0.010816	0.0081121	0.002704	4.5978e-18
9.1	0.00013426	0.011118	0.008338	0.00278	4.6159e-18
9.11	0.00013757	0.011417	0.0085617	0.0028553	4.6398e-18
9.12	0.00014081	0.011712	0.0087825	0.0029296	4.6696e-18
9.13	0.00014398	0.012002	0.0089993	0.0030026	4.7051e-18
9.14	0.00014706	0.012285	0.0092112	0.0030739	4.7453e-18
9.15	0.00015003	0.01256	0.0094173	0.0031432	4.789e-18
9.16	0.00015287	0.012827	0.0096165	0.0032102	4.8348e-18
9.17	0.00015558	0.013082	0.009808	0.0032745	4.8809e-18
9.18	0.00015813	0.013326	0.0099906	0.0033358	4.9254e-18
9.19	0.00016052	0.013557	0.010163	0.0033936	4.9667e-18
9.2	0.00016272	0.013773	0.010325	0.0034477	5.0033e-18
9.21	0.00016472	0.013973	0.010475	0.0034977	5.0341e-18
9.22	0.00016651	0.014155	0.010611	0.0035432	5.0586e-18
9.23	0.00016806	0.014317	0.010734	0.0035837	5.0766e-18
9.24	0.00016936	0.014459	0.01084	0.003619	5.0888e-18
9.25	0.00017039	0.014579	0.01093	0.0036487	5.096e-18
9.26	0.00017114	0.014675	0.011003	0.0036723	5.0999e-18
9.27	0.0001716	0.014746	0.011057	0.0036897	5.1022e-18
9.28	0.00017175	0.014791	0.011091	0.0037004	5.105e-18
9.29	0.00017158	0.014808	0.011104	0.0037042	5.1103e-18
9.3	0.00017109	0.014798	0.011097	0.0037009	5.12e-18
9.31	0.00017027	0.014758	0.011068	0.0036904	5.1356e-18
9.32	0.00016911	0.014689	0.011016	0.0036726	5.1584e-18
9.33	0.00016762	0.014591	0.010943	0.0036475	5.1888e-18
9.34	0.0001658	0.014463	0.010848	0.0036151	5.2269e-18
9.35	0.00016366	0.014307	0.010732	0.0035755	5.2718e-18
9.36	0.00016121	0.014123	0.010594	0.0035291	5.3225e-18
9.37	0.00015847	0.013913	0.010437	0.003476	5.377e-18
9.38	0.00015545	0.013677	0.010261	0.0034167	5.4335e-18
9.39	0.00015218	0.013418	0.010066	0.0033516	5.4896e-18
9.4	0.00014868	0.013137	0.0098558	0.0032811	5.5431e-18
9.41	0.00014496	0.012836	0.0096304	0.0032058	5.592e-18
9.42	0.00014107	0.012518	0.0093917	0.0031262	5.6347e-18
9.43	0.00013702	0.012184	0.0091414	0.0030428	5.6701e-18
9.44	0.00013284	0.011838	0.0088813	0.0029563	5.6978e-18
9.45	0.00012855	0.01148	0.008613	0.0028671	5.7179e-18
9.46	0.00012419	0.011114	0.0083383	0.0027759	5.7313e-18
9.47	0.00011978	0.010742	0.0080587	0.0026832	5.7396e-18
9.48	0.00011534	0.010366	0.007776	0.0025896	5.7446e-18
9.49	0.00011089	0.0099871	0.0074917	0.0024954	5.7488e-18
9.5	0.00010647	0.0096085	0.0072072	0.0024013	5.7545e-18
9.51	0.00010207	0.0092315	0.0069239	0.0023076	5.764e-18
9.52	9.7738e-05	0.0088581	0.0066433	0.0022148	5.7795e-18
9.53	9.3478e-05	0.0084898	0.0063665	0.0021233	5.8025e-18
9.54	8.9311e-05	0.0081284	0.0060949	0.0020334	5.834e-18
9.55	8.5254e-05	0.0077753	0.0058296	0.0019457	5.8744e-18
9.56	8.1321e-05	0.0074323	0.0055718	0.0018604	5.9231e-18
9.57	7.753e-05	0.0071006	0.0053227	0.0017779	5.9791e-18
9.58	7.3895e-05	0.0067818	0.0050832	0.0016986	6.0407e-18
9.59	7.0429e-05	0.0064772	0.0048545	0.0016227	6.1056e-18
9.6	6.7146e-05	0.0061882	0.0046375	0.0015507	6.1716e-18
9.61	6.4059e-05	0.005916	0.0044332	0.0014828	6.236e-18
9.62	6.1179e-05	0.0056618	0.0042425	0.0014193	6.2967e-18
9.63	5.8515e-05	0.0054265	0.0040661	0.0013605	6.3518e-18
9.64	5.6078e-05	0.0052113	0.0039048	0.0013065	6.3999e-18
9.65	5.3873e-05	0.0050168	0.0037591	0.0012577	6.4405e-18
9.66	5.1906e-05	0.0048436	0.0036295	0.0012141	6.4737e-18
9.67	5.018e-05	0.0046923	0.0035164	0.0011759	6.5005e-18
9.68	4.8697e-05	0.0045631	0.0034199	0.0011432	6.5225e-18
9.69	4.7457e-05	0.004456	0.0033401	0.001116	6.542e-18
9.7	4.6456e-05	0.0043711	0.0032768	0.0010942	6.5614e-18
9.71	4.569e-05	0.0043079	0.00323	0.0010779	6.5836e-18
9.72	4.5153e-05	0.004266	0.0031992	0.0010668	6.6111e-18
9.73	4.4836e-05	0.0042447	0.0031838	0.001061	6.6462e-18
9.74	4.4729e-05	0.0042433	0.0031833	0.0010601	6.6906e-18
9.75	4.4821e-05	0.0042608	0.0031969	0.0010639	6.7452e-18
9.76	4.5099e-05	0.004296	0.0032238	0.0010722	6.81e-18
9.77	4.5549e-05	0.0043478	0.0032631	0.0010847	6.8841e-18
9.78	4.6155e-05	0.0044147	0.0033136	0.0011011	6.966e-18
9.79	4.6902e-05	0.0044953	0.0033744	0.0011209	7.053e-18
9.8	4.7772e-05	0.0045881	0.0034442	0.0011439	7.1424e-18
9.81	4.8749e-05	0.0046914	0.0035218	0.0011696	7.231e-18
9.82	4.9812e-05	0.0048035	0.0036059	0.0011976	7.3155e-18
9.83	5.0944e-05	0.0049227	0.0036953	0.0012274	7.3932e-18
9.84	5.2126e-05	0.0050471	0.0037884	0.0012587	7.4621e-18
9.85	5.3337e-05	0.0051749	0.003884	0.0012909	7.5209e-18
9.86	5.4559e-05	0.0053042	0.0039807	0.0013235	7.5696e-18
9.87	5.5773e-05	0.0054332	0.004077	0.0013562	7.6094e-18
9.88	5.6959e-05	0.00556	0.0041717	0.0013884	7.6426e-18
9.89	5.8101e-05	0.0056829	0.0042633	0.0014196	7.6727e-18
9.9	5.918e-05	0.0058003	0.0043507	0.0014495	7.7042e-18
9.91	6.0183e-05	0.0059104	0.0044328	0.0014777	7.7421e-18
9.92	6.1094e-05	0.0060121	0.0045084	0.0015037	7.7919e-18
9.93	6.1904e-05	0.006104	0.0045767	0.0015273	7.8585e-18
9.94	6.2601e-05	0.0061852	0.0046369	0.0015482	7.9468e-18
9.95	6.3179e-05	0.0062548	0.0046886	0.0015663	8.0603e-18
9.96	6.3633e-05	0.0063125	0.0047313	0.0015812	8.2014e-18
9.97	6.3962e-05	0.0063579	0.0047648	0.0015931	8.3709e-18
9.98	6.4166e-05	0.006391	0.0047892	0.0016018	8.5676e-18
9.99	6.4249e-05	0.006412	0.0048047	0.0016074	8.7889e-18
10	6.4215e-05	0.0064215	0.0048115	0.00161	9.0303e-18
10.01	6.4073e-05	0.0064201	0.0048103	0.0016098	9.2857e-18
10.02	6.383e-05	0.0064086	0.0048016	0.001607	9.548e-18
10.03	6.3498e-05	0.006388	0.0047862	0.0016018	9.8094e-18
10.04	6.3088e-05	0.0063594	0.0047649	0.0015945	1.0062e-17
10.05	6.2611e-05	0.0063239	0.0047385	0.0015853	1.0297e-17
10.06	6.2079e-05	0.0062826	0.004708	0.0015747	1.0509e-17
10.07	6.1504e-05	0.0062368	0.004674	0.0015628	1.0691e-17
10.08	6.0896e-05	0.0061874	0.0046375	0.0015499	1.0839e-17
10.09	6.0266e-05	0.0061355	0.0045992	0.0015363	1.0951e-17
10.1	5.9622e-05	0.0060821	0.0045598	0.0015223	1.1027e-17
10.11	5.8973e-05	0.0060278	0.0045198	0.001508	1.1068e-17
10.12	5.8327e-05	0.0059735	0.0044798	0.0014937	1.1078e-17
10.13	5.7687e-05	0.0059197	0.0044402	0.0014795	1.1062e-17
10.14	5.7061e-05	0.005867	0.0044014	0.0014656	1.1026e-17
10.15	5.6452e-05	0.0058158	0.0043638	0.0014521	1.0977e-17
10.16	5.5864e-05	0.0057666	0.0043275	0.0014391	1.0923e-17
10.17	5.5299e-05	0.0057195	0.0042928	0.0014267	1.087e-17
10.18	5.4761e-05	0.005675	0.00426	0.0014151	1.0824e-17
10.19	5.4252e-05	0.0056333	0.0042291	0.0014042	1.079e-17
10.2	5.3775e-05	0.0055947	0.0042005	0.0013942	1.0772e-17
10.21	5.3331e-05	0.0055594	0.0041743	0.0013851	1.077e-17
10.22	5.2923e-05	0.0055277	0.0041506	0.0013771	1.0786e-17
10.23	5.2553e-05	0.0054998	0.0041297	0.0013701	1.0817e-17
10.24	5.2223e-05	0.0054759	0.0041117	0.0013642	1.0861e-17
10.25	5.1934e-05	0.0054563	0.0040967	0.0013596	1.0913e-17
10.26	5.1688e-05	0.0054411	0.004085	0.0013561	1.097e-17
10.27	5.1486e-05	0.0054304	0.0040765	0.0013539	1.1026e-17
10.28	5.1329e-05	0.0054243	0.0040714	0.001353	1.1078e-17
10.29	5.1215e-05	0.0054228	0.0040696	0.0013532	1.1121e-17
10.3	5.1144e-05	0.0054259	0.0040711	0.0013547	1.1153e-17
10.31	5.1115e-05	0.0054333	0.0040759	0.0013574	1.1174e-17
10.32	5.1126e-05	0.005445	0.0040839	0.0013611	1.1183e-17
10.33	5.1174e-05	0.0054607	0.0040948	0.0013659	1.1182e-17
10.34	5.1257e-05	0.0054802	0.0041086	0.0013716	1.1174e-17
10.35	5.1372e-05	0.0055031	0.0041249	0.0013782	1.1161e-17
10.36	5.1516e-05	0.0055292	0.0041437	0.0013855	1.1149e-17
10.37	5.1686e-05	0.0055581	0.0041646	0.0013935	1.1142e-17
10.38	5.1878e-05	0.0055895	0.0041875	0.001402	1.1142e-17
10.39	5.209e-05	0.0056232	0.0042122	0.0014111	1.1154e-17
10.4	5.232e-05	0.0056589	0.0042384	0.0014205	1.1178e-17
10.41	5.2564e-05	0.0056963	0.0042661	0.0014302	1.1216e-17
10.42	5.2821e-05	0.0057352	0.004295	0.0014401	1.1266e-17
10.43	5.3089e-05	0.0057753	0.004325	0.0014503	1.1325e-17
10.44	5.3365e-05	0.0058164	0.0043559	0.0014606	1.1388e-17
10.45	5.3646e-05	0.0058583	0.0043874	0.0014709	1.1451e-17
10.46	5.393e-05	0.0059005	0.0044194	0.0014811	1.1507e-17
10.47	5.4212e-05	0.0059428	0.0044515	0.0014913	1.155e-17
10.48	5.449e-05	0.0059846	0.0044834	0.0015012	1.1574e-17
10.49	5.4757e-05	0.0060254	0.0045147	0.0015107	1.1573e-17
10.5	5.5008e-05	0.0060646	0.0045449	0.0015198	1.1543e-17
10.51	5.5237e-05	0.0061015	0.0045733	0.0015281	1.1482e-17
10.52	5.5436e-05	0.0061351	0.0045995	0.0015357	1.1389e-17
10.53	5.5598e-05	0.0061647	0.0046226	0.0015421	1.1266e-17
10.54	5.5714e-05	0.0061893	0.004642	0.0015473	1.1117e-17
10.55	5.5776e-05	0.006208	0.004657	0.001551	1.0946e-17
10.56	5.5775e-05	0.0062197	0.0046667	0.0015529	1.0761e-17
10.57	5.5704e-05	0.0062235	0.0046705	0.001553	1.0568e-17
10.58	5.5555e-05	0.0062186	0.0046677	0.0015509	1.0376e-17
10.59	5.5321e-05	0.0062042	0.0046577	0.0015465	1.0192e-17
10.6	5.4998e-05	0.0061796	0.0046399	0.0015397	1.0023e-17
10.61	5.458e-05	0.0061442	0.004614	0.0015303	9.8736e-18
10.62	5.4066e-05	0.0060978	0.0045796	0.0015182	9.7469e-18
10.63	5.3453e-05	0.0060401	0.0045367	0.0015034	9.644e-18
10.64	5.2743e-05	0.005971	0.004485	0.001486	9.5638e-18
10.65	5.1935e-05	0.0058906	0.0044248	0.0014658	9.503e-18
10.66	5.1033e-05	0.0057992	0.0043561	0.0014431	9.4565e-18
10.67	5.0041e-05	0.0056972	0.0042794	0.0014178	9.4179e-18
10.68	4.8964e-05	0.005585	0.0041949	0.0013901	9.3801e-18
10.69	4.7807e-05	0.0054632	0.004103	0.0013602	9.3361e-18
10.7	4.6576e-05	0.0053325	0.0040044	0.0013281	9.2794e-18
10.71	4.5279e-05	0.0051937	0.0038996	0.0012941	9.2051e-18
10.72	4.3921e-05	0.0050474	0.003789	0.0012583	9.1101e-18
10.73	4.2511e-05	0.0048944	0.0036734	0.0012209	8.9938e-18
10.74	4.1054e-05	0.0047355	0.0035534	0.0011821	8.8585e-18
10.75	3.9559e-05	0.0045715	0.0034295	0.0011421	8.7088e-18
10.76	3.8032e-05	0.0044033	0.0033023	0.0011009	8.5522e-18
10.77	3.6481e-05	0.0042315	0.0031726	0.0010589	8.3979e-18
10.78	3.4913e-05	0.0040571	0.0030409	0.0010162	8.2566e-18
10.79	3.3334e-05	0.0038809	0.002908	0.00097295	8.1398e-18
10.8	3.1754e-05	0.0037038	0.0027744	0.0009294	8.0585e-18
10.81	3.0178e-05	0.0035265	0.0026408	0.00088575	8.0224e-18
10.82	2.8616e-05	0.0033502	0.002508	0.00084219	8.0395e-18
10.83	2.7074e-05	0.0031755	0.0023766	0.00079896	8.1146e-18
10.84	2.5561e-05	0.0030036	0.0022473	0.00075628	8.2491e-18
10.85	2.4085e-05	0.0028353	0.0021209	0.00071437	8.4408e-18
10.86	2.2652e-05	0.0026716	0.0019981	0.00067347	8.6835e-18
10.87	2.1271e-05	0.0025133	0.0018795	0.0006338	8.9673e-18
10.88	1.9947e-05	0.0023612	0.0017657	0.00059556	9.2795e-18
10.89	1.8688e-05	0.0022163	0.0016573	0.00055897	9.6046e-18
10.9	1.7499e-05	0.0020791	0.0015549	0.00052421	9.9261e-18
10.91	1.6384e-05	0.0019502	0.0014588	0.00049144	1.0227e-17
10.92	1.5348e-05	0.0018302	0.0013694	0.00046079	1.0491e-17
10.93	1.4393e-05	0.0017194	0.001287	0.00043239	1.0704e-17
10.94	1.352e-05	0.0016181	0.0012118	0.00040632	1.0854e-17
10.95	1.2731e-05	0.0015265	0.0011438	0.00038264	1.0935e-17
10.96	1.2026e-05	0.0014446	0.0010832	0.00036138	1.0943e-17
10.97	1.1404e-05	0.0013724	0.0010298	0.00034257	1.088e-17
10.98	1.0864e-05	0.0013098	0.00098358	0.00032621	1.0752e-17
10.99	1.0405e-05	0.0012567	0.00094441	0.00031226	1.057e-17
11	1.0024e-05	0.0012129	0.00091215	0.00030072	1.0347e-17
11.01	9.7193e-06	0.0011782	0.00088662	0.00029155	1.0101e-17
11.02	9.4892e-06	0.0011524	0.00086767	0.00028471	9.8482e-18
11.03	9.3316e-06	0.0011353	0.00085513	0.00028017	9.6077e-18
11.04	9.2445e-06	0.0011267	0.00084885	0.00027788	9.3964e-18
11.05	9.2259e-06	0.0011265	0.0008487	0.00027781	9.2289e-18
11.06	9.2742e-06	0.0011345	0.00085454	0.00027991	9.1169e-18
11.07	9.3873e-06	0.0011504	0.00086624	0.00028413	9.0677e-18
11.08	9.5635e-06	0.0011741	0.00088364	0.00029043	9.0842e-18
11.09	9.8003e-06	0.0012053	0.00090659	0.00029873	9.1646e-18
11.1	1.0095e-05	0.0012438	0.00093488	0.00030895	9.3027e-18
11.11	1.0445e-05	0.0012893	0.00096829	0.000321	9.4882e-18
11.12	1.0847e-05	0.0013413	0.0010065	0.00033475	9.7077e-18
11.13	1.1296e-05	0.0013993	0.0010492	0.00035007	9.9456e-18
11.14	1.1788e-05	0.0014629	0.0010961	0.00036681	1.0185e-17
11.15	1.2317e-05	0.0015313	0.0011466	0.00038477	1.0411e-17
11.16	1.2879e-05	0.001604	0.0012002	0.00040377	1.0607e-17
11.17	1.3466e-05	0.0016801	0.0012565	0.00042361	1.0762e-17
11.18	1.4073e-05	0.001759	0.0013149	0.00044408	1.0865e-17
11.19	1.4694e-05	0.0018399	0.0013749	0.00046496	1.0913e-17
11.2	1.5322e-05	0.001922	0.0014359	0.00048606	1.0903e-17
11.21	1.5953e-05	0.0020047	0.0014975	0.00050718	1.0837e-17
11.22	1.6581e-05	0.0020873	0.0015592	0.00052815	1.0723e-17
11.23	1.7202e-05	0.0021694	0.0016205	0.00054883	1.057e-17
11.24	1.7812e-05	0.0022504	0.0016813	0.00056909	1.0387e-17
11.25	1.8409e-05	0.0023299	0.0017411	0.00058884	1.0189e-17
11.26	1.8991e-05	0.0024079	0.0017998	0.00060802	9.9855e-18
11.27	1.9557e-05	0.002484	0.0018574	0.00062659	9.7895e-18
11.28	2.0105e-05	0.0025582	0.0019136	0.00064453	9.6096e-18
11.29	2.0637e-05	0.0026305	0.0019686	0.00066185	9.4524e-18
11.3	2.1152e-05	0.0027009	0.0020223	0.00067858	9.3218e-18
11.31	2.165e-05	0.0027694	0.0020747	0.00069473	9.2182e-18
11.32	2.2133e-05	0.0028361	0.0021258	0.00071035	9.1392e-18
11.33	2.26e-05	0.0029011	0.0021756	0.00072546	9.0801e-18
11.34	2.3051e-05	0.0029642	0.0022241	0.00074008	9.0342e-18
11.35	2.3486e-05	0.0030255	0.0022713	0.00075422	8.9941e-18
11.36	2.3904e-05	0.0030848	0.0023169	0.00076789	8.9523e-18
11.37	2.4304e-05	0.003142	0.0023609	0.00078106	8.9024e-18
11.38	2.4685e-05	0.0031968	0.002403	0.00079372	8.8401e-18
11.39	2.5044e-05	0.0032489	0.0024431	0.00080583	8.7634e-18
11.4	2.5379e-05	0.0032983	0.0024809	0.00081734	8.6736e-18
11.41	2.5689e-05	0.0033444	0.0025162	0.00082821	8.5754e-18
11.42	2.5972e-05	0.0033872	0.0025488	0.0008384	8.4765e-18
11.43	2.6227e-05	0.0034264	0.0025785	0.00084787	8.3872e-18
11.44	2.6451e-05	0.0034618	0.0026052	0.00085659	8.3199e-18
11.45	2.6646e-05	0.0034933	0.0026288	0.00086455	8.2879e-18
11.46	2.681e-05	0.003521	0.0026493	0.00087175	8.3042e-18
11.47	2.6945e-05	0.0035449	0.0026667	0.0008782	8.3807e-18
11.48	2.7052e-05	0.0035652	0.0026812	0.00088393	8.5263e-18
11.49	2.7132e-05	0.0035819	0.002693	0.00088898	8.7467e-18
11.5	2.7188e-05	0.0035955	0.0027021	0.0008934	9.0429e-18
11.51	2.7221e-05	0.0036063	0.002709	0.00089725	9.4112e-18
11.52	2.7236e-05	0.0036145	0.0027139	0.0009006	9.8425e-18
11.53	2.7234e-05	0.0036205	0.002717	0.00090349	1.0323e-17
11.54	2.7218e-05	0.0036246	0.0027186	0.00090599	1.0835e-17
11.55	2.7191e-05	0.0036273	0.0027191	0.00090815	1.1358e-17
11.56	2.7154e-05	0.0036288	0.0027187	0.00091001	1.1868e-17
11.57	2.7112e-05	0.0036293	0.0027177	0.00091161	1.2341e-17
11.58	2.7064e-05	0.0036292	0.0027162	0.00091298	1.2754e-17
11.59	2.7014e-05	0.0036287	0.0027146	0.00091416	1.3087e-17
11.6	2.6962e-05	0.003628	0.0027129	0.00091516	1.3324e-17
11.61	2.6911e-05	0.0036274	0.0027114	0.00091601	1.3452e-17
11.62	2.6863e-05	0.0036272	0.0027104	0.00091676	1.3465e-17
11.63	2.6819e-05	0.0036274	0.00271	0.00091745	1.3364e-17
11.64	2.6781e-05	0.0036286	0.0027105	0.00091812	1.3152e-17
11.65	2.6753e-05	0.003631	0.0027121	0.00091886	1.2843e-17
11.66	2.6736e-05	0.0036349	0.0027151	0.00091975	1.2451e-17
11.67	2.6733e-05	0.0036407	0.0027199	0.00092087	1.1995e-17
11.68	2.6747e-05	0.0036489	0.0027266	0.00092233	1.1497e-17
11.69	2.6781e-05	0.0036598	0.0027355	0.00092423	1.0977e-17
11.7	2.6837e-05	0.0036737	0.002747	0.00092667	1.0457e-17
11.71	2.6917e-05	0.0036909	0.0027612	0.00092974	9.9529e-18
11.72	2.7022e-05	0.0037117	0.0027782	0.00093353	9.4799e-18
11.73	2.7153e-05	0.0037361	0.002798	0.00093808	9.0471e-18
11.74	2.731e-05	0.0037641	0.0028207	0.00094342	8.659e-18
11.75	2.7491e-05	0.0037955	0.002846	0.00094954	8.315e-18
11.76	2.7695e-05	0.0038301	0.0028737	0.00095641	8.0103e-18
11.77	2.7916e-05	0.0038673	0.0029034	0.00096395	7.7363e-18
11.78	2.8152e-05	0.0039067	0.0029346	0.00097206	7.4819e-18
11.79	2.8397e-05	0.0039473	0.0029668	0.00098059	7.2352e-18
11.8	2.8646e-05	0.0039886	0.0029992	0.0009894	6.9849e-18
11.81	2.8892e-05	0.0040297	0.0030314	0.00099831	6.7214e-18
11.82	2.9129e-05	0.0040697	0.0030625	0.0010072	6.439e-18
11.83	2.9352e-05	0.0041078	0.003092	0.0010157	6.1362e-18
11.84	2.9556e-05	0.0041433	0.0031194	0.0010239	5.817e-18
11.85	2.9736e-05	0.0041757	0.003144	0.0010316	5.4905e-18
11.86	2.989e-05	0.0042044	0.0031657	0.0010387	5.1714e-18
11.87	3.0016e-05	0.0042291	0.0031841	0.001045	4.8787e-18
11.88	3.0112e-05	0.0042498	0.0031992	0.0010506	4.6345e-18
11.89	3.0179e-05	0.0042665	0.003211	0.0010555	4.4629e-18
11.9	3.022e-05	0.0042795	0.0032197	0.0010598	4.3874e-18
11.91	3.0238e-05	0.0042892	0.0032257	0.0010635	4.4297e-18
11.92	3.0236e-05	0.0042961	0.0032294	0.0010667	4.6071e-18
11.93	3.0218e-05	0.0043008	0.0032312	0.0010696	4.9313e-18
11.94	3.0191e-05	0.0043041	0.0032318	0.0010723	5.4065e-18
11.95	3.0157e-05	0.0043065	0.0032316	0.0010749	6.0286e-18
11.96	3.0122e-05	0.0043087	0.0032312	0.0010775	6.7848e-18
11.97	3.009e-05	0.0043113	0.0032311	0.0010802	7.6537e-18
11.98	3.0064e-05	0.0043148	0.0032316	0.0010832	8.6062e-18
11.99	3.0046e-05	0.0043195	0.0032331	0.0010864	9.6067e-18
12	3.0039e-05	0.0043256	0.0032358	0.0010898	1.0615e-17
12.01	3.0042e-05	0.0043333	0.0032398	0.0010935	1.1589e-17
12.02	3.0055e-05	0.0043424	0.0032451	0.0010973	1.2487e-17
12.03	3.0078e-05	0.004353	0.0032517	0.0011013	1.3269e-17
12.04	3.0109e-05	0.0043646	0.0032594	0.0011053	1.3902e-17
12.05	3.0146e-05	0.0043772	0.0032681	0.0011091	1.4359e-17
12.06	3.0187e-05	0.0043905	0.0032776	0.0011129	1.4624e-17
12.07	3.023e-05	0.004404	0.0032877	0.0011163	1.469e-17
12.08	3.0273e-05	0.0044176	0.0032982	0.0011194	1.456e-17
12.09	3.0316e-05	0.0044312	0.003309	0.0011222	1.4252e-17
12.1	3.0356e-05	0.0044444	0.0033199	0.0011245	1.3788e-17
12.11	3.0394e-05	0.0044574	0.0033309	0.0011265	1.3205e-17
12.12	3.043e-05	0.00447	0.003342	0.001128	1.254e-17
12.13	3.0464e-05	0.0044823	0.0033531	0.0011292	1.1837e-17
12.14	3.0496e-05	0.0044944	0.0033644	0.0011301	1.1142e-17
12.15	3.0527e-05	0.0045064	0.0033757	0.0011308	1.0497e-17
12.16	3.0557e-05	0.0045183	0.0033871	0.0011313	9.9406e-18
12.17	3.0587e-05	0.0045302	0.0033985	0.0011317	9.5048e-18
12.18	3.0617e-05	0.0045421	0.00341	0.001132	9.2129e-18
12.19	3.0646e-05	0.0045538	0.0034215	0.0011324	9.0781e-18
12.2	3.0673e-05	0.0045654	0.0034327	0.0011327	9.1033e-18
12.21	3.0698e-05	0.0045765	0.0034434	0.0011331	9.2809e-18
12.22	3.0718e-05	0.004587	0.0034535	0.0011336	9.5937e-18
12.23	3.0732e-05	0.0045966	0.0034626	0.001134	1.0016e-17
12.24	3.0737e-05	0.004605	0.0034705	0.0011344	1.0517e-17
12.25	3.0733e-05	0.0046119	0.0034771	0.0011348	1.106e-17
12.26	3.0718e-05	0.0046172	0.003482	0.0011352	1.1607e-17
12.27	3.0691e-05	0.0046206	0.0034851	0.0011355	1.2124e-17
12.28	3.0652e-05	0.0046223	0.0034865	0.0011358	1.2577e-17
12.29	3.0603e-05	0.0046223	0.0034862	0.0011361	1.294e-17
12.3	3.0544e-05	0.004621	0.0034845	0.0011365	1.3192e-17
12.31	3.0479e-05	0.0046186	0.0034815	0.0011371	1.3322e-17
12.32	3.041e-05	0.0046158	0.0034778	0.0011379	1.3327e-17
12.33	3.0344e-05	0.0046131	0.0034739	0.0011392	1.3213e-17
12.34	3.0283e-05	0.0046114	0.0034703	0.0011411	1.2995e-17
12.35	3.0234e-05	0.0046114	0.0034677	0.0011438	1.2693e-17
12.36	3.0202e-05	0.004614	0.0034667	0.0011473	1.2332e-17
12.37	3.0191e-05	0.0046197	0.0034679	0.0011518	1.1942e-17
12.38	3.0206e-05	0.0046294	0.003472	0.0011575	1.1551e-17
12.39	3.0249e-05	0.0046436	0.0034793	0.0011643	1.1189e-17
12.4	3.0325e-05	0.0046627	0.0034903	0.0011724	1.0879e-17
12.41	3.0433e-05	0.004687	0.0035052	0.0011817	1.0641e-17
12.42	3.0575e-05	0.0047164	0.0035242	0.0011922	1.049e-17
12.43	3.0749e-05	0.0047509	0.0035471	0.0012038	1.0432e-17
12.44	3.0953e-05	0.0047902	0.0035739	0.0012162	1.0468e-17
12.45	3.1185e-05	0.0048338	0.0036043	0.0012295	1.0589e-17
12.46	3.1441e-05	0.0048813	0.003638	0.0012433	1.0783e-17
12.47	3.1717e-05	0.004932	0.0036745	0.0012575	1.1032e-17
12.48	3.2008e-05	0.0049853	0.0037135	0.0012718	1.1314e-17
12.49	3.2311e-05	0.0050406	0.0037543	0.0012862	1.1605e-17
12.5	3.2622e-05	0.0050972	0.0037968	0.0013004	1.1883e-17
12.51	3.2937e-05	0.0051546	0.0038403	0.0013143	1.2124e-17
12.52	3.3254e-05	0.0052125	0.0038847	0.0013278	1.2312e-17
12.53	3.357e-05	0.0052705	0.0039297	0.0013408	1.2429e-17
12.54	3.3884e-05	0.0053283	0.003975	0.0013533	1.2468e-17
12.55	3.4195e-05	0.0053858	0.0040206	0.0013652	1.2424e-17
12.56	3.4502e-05	0.0054428	0.0040661	0.0013767	1.2299e-17
12.57	3.4805e-05	0.0054993	0.0041117	0.0013877	1.2098e-17
12.58	3.5102e-05	0.0055552	0.004157	0.0013982	1.1832e-17
12.59	3.5394e-05	0.0056102	0.0042019	0.0014083	1.1516e-17
12.6	3.5678e-05	0.0056642	0.0042462	0.0014181	1.1165e-17
12.61	3.5953e-05	0.0057169	0.0042895	0.0014275	1.0798e-17
12.62	3.6215e-05	0.0057678	0.0043314	0.0014364	1.0431e-17
12.63	3.6462e-05	0.0058164	0.0043715	0.0014449	1.0079e-17
12.64	3.6689e-05	0.0058618	0.004409	0.0014528	9.7556e-18
12.65	3.6891e-05	0.0059034	0.0044434	0.00146	9.471e-18
12.66	3.7063e-05	0.0059403	0.004474	0.0014663	9.2317e-18
12.67	3.72e-05	0.0059716	0.0044999	0.0014717	9.0407e-18
12.68	3.7295e-05	0.0059965	0.0045205	0.0014759	8.8977e-18
12.69	3.7346e-05	0.006014	0.0045352	0.0014789	8.7991e-18
12.7	3.7347e-05	0.0060237	0.0045433	0.0014804	8.7393e-18
12.71	3.7296e-05	0.006025	0.0045446	0.0014804	8.7109e-18
12.72	3.7192e-05	0.0060175	0.0045388	0.0014787	8.7056e-18
12.73	3.7033e-05	0.0060013	0.0045258	0.0014755	8.715e-18
12.74	3.6822e-05	0.0059765	0.0045057	0.0014708	8.7314e-18
12.75	3.6562e-05	0.0059436	0.004479	0.0014646	8.7484e-18
12.76	3.6256e-05	0.0059031	0.0044461	0.001457	8.7609e-18
12.77	3.591e-05	0.005856	0.0044078	0.0014482	8.7658e-18
12.78	3.5531e-05	0.0058032	0.0043647	0.0014384	8.7618e-18
12.79	3.5124e-05	0.0057458	0.0043179	0.0014279	8.7491e-18
12.8	3.4699e-05	0.005685	0.0042683	0.0014167	8.7291e-18
12.81	3.426e-05	0.0056219	0.0042167	0.0014052	8.7043e-18
12.82	3.3815e-05	0.0055576	0.0041641	0.0013935	8.6775e-18
12.83	3.337e-05	0.005493	0.0041112	0.0013817	8.6514e-18
12.84	3.2929e-05	0.0054288	0.0040588	0.00137	8.6281e-18
12.85	3.2496e-05	0.0053658	0.0040074	0.0013584	8.6092e-18
12.86	3.2073e-05	0.0053043	0.0039574	0.0013469	8.5949e-18
12.87	3.1663e-05	0.0052445	0.0039091	0.0013355	8.5847e-18
12.88	3.1265e-05	0.0051867	0.0038626	0.0013241	8.5769e-18
12.89	3.088e-05	0.0051307	0.003818	0.0013127	8.5692e-18
12.9	3.0505e-05	0.0050764	0.0037752	0.0013012	8.5589e-18
12.91	3.0142e-05	0.0050237	0.0037342	0.0012895	8.5432e-18
12.92	2.9788e-05	0.0049724	0.0036949	0.0012774	8.5198e-18
12.93	2.9442e-05	0.0049223	0.0036573	0.001265	8.4872e-18
12.94	2.9105e-05	0.0048735	0.0036212	0.0012523	8.4452e-18
12.95	2.8777e-05	0.004826	0.0035868	0.0012391	8.3948e-18
12.96	2.8458e-05	0.0047799	0.0035542	0.0012257	8.3383e-18
12.97	2.8151e-05	0.0047357	0.0035235	0.0012121	8.2798e-18
12.98	2.7858e-05	0.0046936	0.0034951	0.0011985	8.2241e-18
12.99	2.7581e-05	0.0046541	0.0034691	0.0011849	8.1769e-18
13	2.7324e-05	0.0046177	0.003446	0.0011717	8.1445e-18
13.01	2.7088e-05	0.0045849	0.0034259	0.001159	8.1324e-18
13.02	2.6876e-05	0.0045561	0.003409	0.001147	8.1459e-18
13.03	2.669e-05	0.0045315	0.0033956	0.0011359	8.1885e-18
13.04	2.6531e-05	0.0045114	0.0033856	0.0011258	8.2623e-18
13.05	2.6398e-05	0.0044956	0.0033788	0.0011167	8.3671e-18
13.06	2.6288e-05	0.0044838	0.003375	0.0011088	8.5006e-18
13.07	2.62e-05	0.0044757	0.0033737	0.001102	8.6582e-18
13.08	2.613e-05	0.0044704	0.0033742	0.0010962	8.8334e-18
13.09	2.6071e-05	0.0044672	0.0033758	0.0010913	9.018e-18
13.1	2.6018e-05	0.0044649	0.0033777	0.0010872	9.2027e-18
13.11	2.5964e-05	0.0044625	0.003379	0.0010836	9.378e-18
13.12	2.5904e-05	0.0044589	0.0033787	0.0010802	9.5343e-18
13.13	2.5829e-05	0.0044529	0.0033759	0.001077	9.6634e-18
13.14	2.5735e-05	0.0044435	0.0033698	0.0010737	9.7584e-18
13.15	2.5617e-05	0.0044298	0.0033599	0.00107	9.8148e-18
13.16	2.5471e-05	0.0044113	0.0033455	0.0010658	9.8307e-18
13.17	2.5295e-05	0.0043874	0.0033263	0.001061	9.807e-18
13.18	2.5087e-05	0.004358	0.0033024	0.0010556	9.7473e-18
13.19	2.485e-05	0.0043233	0.0032737	0.0010496	9.6578e-18
13.2	2.4584e-05	0.0042835	0.0032407	0.0010429	9.5471e-18
13.21	2.4294e-05	0.0042394	0.0032038	0.0010356	9.4251e-18
13.22	2.3984e-05	0.0041917	0.0031637	0.001028	9.3028e-18
13.23	2.366e-05	0.0041413	0.0031212	0.0010201	9.1912e-18
13.24	2.3327e-05	0.0040892	0.0030771	0.0010121	9.1006e-18
13.25	2.2992e-05	0.0040365	0.0030324	0.0010041	9.0399e-18
13.26	2.2659e-05	0.0039841	0.0029879	0.00099626	9.016e-18
13.27	2.2335e-05	0.0039331	0.0029443	0.00098877	9.0332e-18
13.28	2.2024e-05	0.0038842	0.0029025	0.00098167	9.093e-18
13.29	2.173e-05	0.003838	0.002863	0.00097504	9.1941e-18
13.3	2.1455e-05	0.0037952	0.0028263	0.00096888	9.3323e-18
13.31	2.1201e-05	0.0037559	0.0027927	0.0009632	9.5011e-18
13.32	2.097e-05	0.0037205	0.0027626	0.00095794	9.6923e-18
13.33	2.0761e-05	0.003689	0.0027359	0.00095305	9.8962e-18
13.34	2.0574e-05	0.0036613	0.0027128	0.00094845	1.0103e-17
13.35	2.0408e-05	0.0036372	0.0026932	0.00094405	1.0303e-17
13.36	2.0263e-05	0.0036168	0.002677	0.0009398	1.0487e-17
13.37	2.0138e-05	0.0035998	0.0026641	0.00093562	1.065e-17
13.38	2.0031e-05	0.003586	0.0026545	0.00093149	1.0785e-17
13.39	1.9942e-05	0.0035755	0.0026481	0.00092739	1.089e-17
13.4	1.9871e-05	0.003568	0.0026447	0.00092334	1.0966e-17
13.41	1.9818e-05	0.0035638	0.0026444	0.00091939	1.1016e-17
13.42	1.9782e-05	0.0035627	0.0026471	0.0009156	1.1044e-17
13.43	1.9765e-05	0.0035649	0.0026528	0.00091206	1.1056e-17
13.44	1.9765e-05	0.0035702	0.0026614	0.00090886	1.1061e-17
13.45	1.9783e-05	0.0035788	0.0026727	0.00090608	1.1067e-17
13.46	1.9818e-05	0.0035905	0.0026867	0.0009038	1.1081e-17
13.47	1.9869e-05	0.003605	0.0027029	0.00090208	1.1111e-17
13.48	1.9933e-05	0.0036221	0.0027212	0.00090096	1.1163e-17
13.49	2.0009e-05	0.0036413	0.0027409	0.00090042	1.1241e-17
13.5	2.0093e-05	0.0036619	0.0027615	0.00090044	1.1346e-17
13.51	2.018e-05	0.0036833	0.0027823	0.00090095	1.1479e-17
13.52	2.0267e-05	0.0037046	0.0028027	0.00090185	1.1636e-17
13.53	2.0349e-05	0.003725	0.002822	0.00090304	1.1815e-17
13.54	2.042e-05	0.0037437	0.0028393	0.00090437	1.2009e-17
13.55	2.0478e-05	0.0037598	0.002854	0.00090574	1.2213e-17
13.56	2.0517e-05	0.0037726	0.0028656	0.00090701	1.2418e-17
13.57	2.0536e-05	0.0037815	0.0028734	0.00090809	1.262e-17
13.58	2.0531e-05	0.0037862	0.0028773	0.00090892	1.2812e-17
13.59	2.0502e-05	0.0037865	0.0028771	0.00090947	1.299e-17
13.6	2.045e-05	0.0037825	0.0028728	0.00090975	1.3151e-17
13.61	2.0377e-05	0.0037745	0.0028646	0.00090981	1.3294e-17
13.62	2.0285e-05	0.003763	0.0028532	0.00090976	1.342e-17
13.63	2.0179e-05	0.0037487	0.002839	0.00090972	1.3532e-17
13.64	2.0062e-05	0.0037326	0.0028228	0.00090984	1.3633e-17
13.65	1.9942e-05	0.0037156	0.0028054	0.00091028	1.3729e-17
13.66	1.9823e-05	0.0036989	0.0027877	0.0009112	1.3826e-17
13.67	1.971e-05	0.0036833	0.0027705	0.00091275	1.3931e-17
13.68	1.961e-05	0.0036698	0.0027547	0.00091505	1.4049e-17
13.69	1.9525e-05	0.0036592	0.0027411	0.00091817	1.4187e-17
13.7	1.9459e-05	0.0036522	0.0027301	0.00092214	1.4347e-17
13.71	1.9414e-05	0.0036491	0.0027222	0.00092695	1.4535e-17
13.72	1.9391e-05	0.0036501	0.0027176	0.0009325	1.4751e-17
13.73	1.939e-05	0.0036552	0.0027166	0.00093868	1.4996e-17
13.74	1.9409e-05	0.0036641	0.0027188	0.00094531	1.5268e-17
13.75	1.9445e-05	0.0036764	0.0027242	0.00095219	1.5567e-17
13.76	1.9497e-05	0.0036915	0.0027324	0.00095908	1.5889e-17
13.77	1.956e-05	0.0037088	0.002743	0.00096575	1.623e-17
13.78	1.963e-05	0.0037276	0.0027556	0.00097199	1.6588e-17
13.79	1.9705e-05	0.0037472	0.0027697	0.00097759	1.6958e-17
13.8	1.9782e-05	0.0037673	0.0027849	0.00098239	1.7338e-17
13.81	1.9858e-05	0.0037872	0.0028009	0.00098628	1.7725e-17
13.82	1.9932e-05	0.0038068	0.0028175	0.00098922	1.8118e-17
13.83	2.0003e-05	0.0038259	0.0028347	0.0009912	1.8516e-17
13.84	2.0072e-05	0.0038446	0.0028523	0.00099231	1.8917e-17
13.85	2.014e-05	0.0038632	0.0028706	0.00099266	1.9322e-17
13.86	2.0208e-05	0.003882	0.0028896	0.00099242	1.9731e-17
13.87	2.028e-05	0.0039014	0.0029096	0.00099179	2.0144e-17
13.88	2.0357e-05	0.0039218	0.0029308	0.000991	2.056e-17
13.89	2.0441e-05	0.0039437	0.0029535	0.00099028	2.0978e-17
13.9	2.0535e-05	0.0039675	0.0029777	0.00098984	2.1396e-17
13.91	2.0639e-05	0.0039935	0.0030036	0.00098988	2.1813e-17
13.92	2.0755e-05	0.0040217	0.0030311	0.00099057	2.2224e-17
13.93	2.0882e-05	0.004052	0.00306	0.00099201	2.2627e-17
13.94	2.1018e-05	0.0040844	0.0030901	0.00099428	2.3018e-17
13.95	2.1162e-05	0.0041182	0.0031208	0.0009974	2.3393e-17
13.96	2.131e-05	0.004153	0.0031517	0.0010013	2.3749e-17
13.97	2.146e-05	0.0041881	0.0031821	0.001006	2.4084e-17
13.98	2.1606e-05	0.0042226	0.0032113	0.0010113	2.4397e-17
13.99	2.1745e-05	0.0042559	0.0032388	0.0010171	2.469e-17
14	2.1874e-05	0.0042872	0.0032639	0.0010233	2.4963e-17
14.01	2.1988e-05	0.0043158	0.003286	0.0010298	2.5223e-17
14.02	2.2086e-05	0.0043411	0.0033048	0.0010363	2.5474e-17
14.03	2.2164e-05	0.0043629	0.0033199	0.001043	2.5724e-17
14.04	2.2224e-05	0.0043808	0.0033313	0.0010496	2.5981e-17
14.05	2.2264e-05	0.004395	0.0033389	0.0010561	2.6255e-17
14.06	2.2287e-05	0.0044057	0.0033432	0.0010626	2.6553e-17
14.07	2.2293e-05	0.0044133	0.0033443	0.001069	2.6884e-17
14.08	2.2287e-05	0.0044184	0.0033429	0.0010755	2.7254e-17
14.09	2.2272e-05	0.0044216	0.0033396	0.001082	2.7666e-17
14.1	2.2251e-05	0.0044238	0.0033351	0.0010887	2.8122e-17
14.11	2.2229e-05	0.0044256	0.0033299	0.0010957	2.862e-17
14.12	2.2208e-05	0.0044278	0.0033249	0.0011029	2.9155e-17
14.13	2.2193e-05	0.004431	0.0033207	0.0011104	2.9718e-17
14.14	2.2185e-05	0.0044358	0.0033176	0.0011181	3.0298e-17
14.15	2.2187e-05	0.0044424	0.0033162	0.0011262	3.0884e-17
14.16	2.2199e-05	0.0044511	0.0033167	0.0011343	3.1458e-17
14.17	2.2221e-05	0.0044618	0.0033193	0.0011426	3.2007e-17
14.18	2.2253e-05	0.0044746	0.0033239	0.0011507	3.2516e-17
14.19	2.2294e-05	0.004489	0.0033305	0.0011585	3.297e-17
14.2	2.2341e-05	0.0045047	0.0033388	0.0011659	3.3358e-17
14.21	2.2392e-05	0.0045214	0.0033487	0.0011727	3.3672e-17
14.22	2.2445e-05	0.0045385	0.0033598	0.0011787	3.3908e-17
14.23	2.2498e-05	0.0045556	0.0033718	0.0011838	3.4065e-17
14.24	2.2549e-05	0.0045724	0.0033846	0.0011879	3.4148e-17
14.25	2.2597e-05	0.0045885	0.0033977	0.0011908	3.4166e-17
14.26	2.264e-05	0.0046038	0.0034112	0.0011926	3.413e-17
14.27	2.2678e-05	0.004618	0.0034247	0.0011933	3.4057e-17
14.28	2.2711e-05	0.0046312	0.0034383	0.001193	3.3964e-17
14.29	2.2739e-05	0.0046435	0.0034519	0.0011916	3.387e-17
14.3	2.2763e-05	0.0046548	0.0034654	0.0011894	3.3795e-17
14.31	2.2783e-05	0.0046654	0.0034789	0.0011865	3.3755e-17
14.32	2.28e-05	0.0046753	0.0034923	0.0011831	3.3768e-17
14.33	2.2813e-05	0.0046846	0.0035055	0.0011791	3.3843e-17
14.34	2.2823e-05	0.0046932	0.0035183	0.0011749	3.3991e-17
14.35	2.2829e-05	0.004701	0.0035306	0.0011704	3.4214e-17
14.36	2.283e-05	0.0047077	0.0035419	0.0011658	3.451e-17
14.37	2.2823e-05	0.004713	0.0035519	0.0011611	3.4874e-17
14.38	2.2808e-05	0.0047163	0.00356	0.0011563	3.5296e-17
14.39	2.278e-05	0.0047171	0.0035658	0.0011513	3.576e-17
14.4	2.2737e-05	0.0047148	0.0035687	0.0011462	3.625e-17
14.41	2.2677e-05	0.0047088	0.003568	0.0011408	3.6748e-17
14.42	2.2596e-05	0.0046985	0.0035634	0.0011351	3.7234e-17
14.43	2.2492e-05	0.0046833	0.0035543	0.001129	3.7691e-17
14.44	2.2363e-05	0.0046629	0.0035404	0.0011225	3.81e-17
14.45	2.2208e-05	0.0046371	0.0035215	0.0011156	3.8449e-17
14.46	2.2028e-05	0.0046058	0.0034977	0.0011082	3.8727e-17
14.47	2.1823e-05	0.0045693	0.0034689	0.0011004	3.8928e-17
14.48	2.1596e-05	0.0045279	0.0034357	0.0010922	3.9051e-17
14.49	2.1349e-05	0.0044824	0.0033985	0.0010838	3.9098e-17
14.5	2.1086e-05	0.0044333	0.003358	0.0010753	3.9077e-17
14.51	2.0813e-05	0.0043819	0.003315	0.0010669	3.8996e-17
14.52	2.0533e-05	0.004329	0.0032703	0.0010587	3.8871e-17
14.53	2.0253e-05	0.0042759	0.003225	0.0010508	3.8716e-17
14.54	1.9978e-05	0.0042235	0.00318	0.0010436	3.8547e-17
14.55	1.9712e-05	0.0041731	0.0031361	0.001037	3.8379e-17
14.56	1.9461e-05	0.0041255	0.0030943	0.0010312	3.8228e-17
14.57	1.9227e-05	0.0040817	0.0030553	0.0010264	3.8108e-17
14.58	1.9015e-05	0.0040422	0.0030198	0.0010224	3.8027e-17
14.59	1.8827e-05	0.0040076	0.0029882	0.0010194	3.7993e-17
14.6	1.8663e-05	0.0039782	0.0029609	0.0010172	3.801e-17
14.61	1.8524e-05	0.003954	0.0029381	0.0010159	3.8079e-17
14.62	1.841e-05	0.003935	0.0029198	0.0010152	3.8196e-17
14.63	1.832e-05	0.0039211	0.002906	0.0010151	3.8357e-17
14.64	1.8252e-05	0.0039121	0.0028966	0.0010154	3.8552e-17
14.65	1.8206e-05	0.0039074	0.0028914	0.0010161	3.8772e-17
14.66	1.8179e-05	0.0039069	0.00289	0.0010168	3.9005e-17
14.67	1.8169e-05	0.0039101	0.0028924	0.0010177	3.9241e-17
14.68	1.8175e-05	0.0039168	0.0028983	0.0010185	3.9469e-17
14.69	1.8196e-05	0.0039266	0.0029073	0.0010193	3.9679e-17
14.7	1.823e-05	0.0039394	0.0029194	0.00102	3.9861e-17
14.71	1.8277e-05	0.0039549	0.0029343	0.0010206	4.001e-17
14.72	1.8336e-05	0.0039731	0.0029518	0.0010213	4.0121e-17
14.73	1.8407e-05	0.0039938	0.0029719	0.0010219	4.0191e-17
14.74	1.8488e-05	0.0040169	0.0029942	0.0010227	4.022e-17
14.75	1.858e-05	0.0040422	0.0030186	0.0010237	4.021e-17
14.76	1.868e-05	0.0040696	0.0030447	0.0010248	4.0164e-17
14.77	1.8787e-05	0.0040985	0.0030722	0.0010263	4.0086e-17
14.78	1.89e-05	0.0041286	0.0031006	0.001028	3.9983e-17
14.79	1.9015e-05	0.0041594	0.0031294	0.00103	3.9862e-17
14.8	1.9129e-05	0.0041901	0.0031578	0.0010322	3.9728e-17
14.81	1.9239e-05	0.0042198	0.0031853	0.0010346	3.959e-17
14.82	1.9341e-05	0.0042478	0.0032109	0.0010369	3.9453e-17
14.83	1.943e-05	0.0042731	0.0032339	0.0010392	3.9324e-17
14.84	1.9501e-05	0.0042947	0.0032536	0.0010411	3.9209e-17
14.85	1.9552e-05	0.0043118	0.0032691	0.0010427	3.9112e-17
14.86	1.9579e-05	0.0043235	0.0032798	0.0010436	3.9037e-17
14.87	1.9578e-05	0.0043291	0.0032852	0.0010439	3.8987e-17
14.88	1.9548e-05	0.0043283	0.0032849	0.0010434	3.8964e-17
14.89	1.9488e-05	0.0043207	0.0032787	0.001042	3.8969e-17
14.9	1.9397e-05	0.0043064	0.0032666	0.0010397	3.9003e-17
14.91	1.9278e-05	0.0042856	0.0032489	0.0010367	3.9063e-17
14.92	1.9131e-05	0.0042587	0.0032259	0.0010328	3.9148e-17
14.93	1.8962e-05	0.0042267	0.0031984	0.0010283	3.9256e-17
14.94	1.8773e-05	0.0041903	0.0031669	0.0010233	3.9382e-17
14.95	1.8571e-05	0.0041507	0.0031326	0.001018	3.9524e-17
14.96	1.836e-05	0.0041091	0.0030964	0.0010126	3.9675e-17
14.97	1.8147e-05	0.0040667	0.0030593	0.0010074	3.9831e-17
14.98	1.7936e-05	0.0040249	0.0030225	0.0010024	3.9987e-17
14.99	1.7734e-05	0.0039849	0.002987	0.00099789	4.0137e-17
15	1.7545e-05	0.0039477	0.0029536	0.00099404	4.0276e-17
15.01	1.7374e-05	0.0039143	0.0029233	0.00099096	4.04e-17
15.02	1.7223e-05	0.0038856	0.0028968	0.00098874	4.0506e-17
15.03	1.7096e-05	0.003862	0.0028746	0.00098741	4.0591e-17
15.04	1.6994e-05	0.0038441	0.0028571	0.00098698	4.0655e-17
15.05	1.6918e-05	0.0038319	0.0028445	0.00098741	4.07e-17
15.06	1.6867e-05	0.0038255	0.0028369	0.00098862	4.0728e-17
15.07	1.6841e-05	0.0038247	0.0028342	0.00099052	4.0743e-17
15.08	1.6839e-05	0.0038293	0.0028363	0.000993	4.0752e-17
15.09	1.6858e-05	0.0038388	0.0028428	0.00099593	4.0764e-17
15.1	1.6897e-05	0.0038527	0.0028535	0.00099919	4.0787e-17
15.11	1.6953e-05	0.0038706	0.002868	0.0010027	4.0831e-17
15.12	1.7024e-05	0.003892	0.0028857	0.0010062	4.0907e-17
15.13	1.7107e-05	0.0039162	0.0029064	0.0010098	4.1025e-17
15.14	1.7201e-05	0.0039427	0.0029294	0.0010133	4.1194e-17
15.15	1.7302e-05	0.0039712	0.0029544	0.0010168	4.1422e-17
15.16	1.7409e-05	0.0040009	0.0029809	0.00102	4.1715e-17
15.17	1.7519e-05	0.0040316	0.0030085	0.0010231	4.2077e-17
15.18	1.763e-05	0.0040626	0.0030366	0.001026	4.251e-17
15.19	1.7741e-05	0.0040936	0.0030649	0.0010287	4.3012e-17
15.2	1.785e-05	0.004124	0.0030928	0.0010312	4.3579e-17
15.21	1.7953e-05	0.0041532	0.0031198	0.0010334	4.4205e-17
15.22	1.8048e-05	0.0041809	0.0031454	0.0010354	4.4881e-17
15.23	1.8134e-05	0.0042063	0.0031691	0.0010372	4.5595e-17
15.24	1.8208e-05	0.004229	0.0031904	0.0010386	4.6336e-17
15.25	1.8267e-05	0.0042483	0.0032087	0.0010396	4.7092e-17
15.26	1.831e-05	0.0042639	0.0032237	0.0010402	4.7848e-17
15.27	1.8335e-05	0.0042751	0.0032348	0.0010404	4.8593e-17
15.28	1.8339e-05	0.0042818	0.0032417	0.00104	4.9315e-17
15.29	1.8323e-05	0.0042836	0.0032443	0.0010392	5.0005e-17
15.3	1.8285e-05	0.0042804	0.0032425	0.0010379	5.0655e-17
15.31	1.8227e-05	0.0042722	0.0032362	0.0010361	5.1259e-17
15.32	1.8148e-05	0.0042594	0.0032256	0.0010338	5.1815e-17
15.33	1.8051e-05	0.0042422	0.003211	0.0010312	5.232e-17
15.34	1.7939e-05	0.0042213	0.003193	0.0010283	5.2776e-17
15.35	1.7813e-05	0.0041973	0.003172	0.0010253	5.3186e-17
15.36	1.7679e-05	0.0041709	0.0031487	0.0010222	5.3553e-17
15.37	1.7538e-05	0.0041432	0.0031239	0.0010193	5.3884e-17
15.38	1.7396e-05	0.004115	0.0030984	0.0010166	5.4183e-17
15.39	1.7256e-05	0.0040872	0.0030729	0.0010143	5.4455e-17
15.4	1.7122e-05	0.0040607	0.0030481	0.0010125	5.4706e-17
15.41	1.6997e-05	0.0040363	0.0030249	0.0010113	5.4938e-17
15.42	1.6884e-05	0.0040146	0.0030038	0.0010108	5.5156e-17
15.43	1.6785e-05	0.0039963	0.0029853	0.001011	5.5361e-17
15.44	1.6702e-05	0.0039816	0.0029699	0.0010118	5.5553e-17
15.45	1.6635e-05	0.0039708	0.0029576	0.0010132	5.5732e-17
15.46	1.6585e-05	0.0039639	0.0029487	0.0010152	5.5896e-17
15.47	1.655e-05	0.0039608	0.0029432	0.0010176	5.6043e-17
15.48	1.653e-05	0.0039611	0.0029409	0.0010203	5.6171e-17
15.49	1.6523e-05	0.0039646	0.0029416	0.0010231	5.6277e-17
15.5	1.6528e-05	0.0039709	0.002945	0.0010259	5.636e-17
15.51	1.6543e-05	0.0039795	0.0029509	0.0010286	5.6416e-17
15.52	1.6565e-05	0.00399	0.0029589	0.001031	5.6446e-17
15.53	1.6593e-05	0.0040019	0.0029688	0.0010331	5.645e-17
15.54	1.6626e-05	0.004015	0.0029802	0.0010348	5.6429e-17
15.55	1.6662e-05	0.004029	0.002993	0.001036	5.6383e-17
15.56	1.6702e-05	0.0040437	0.0030068	0.0010368	5.6317e-17
15.57	1.6743e-05	0.004059	0.0030217	0.0010372	5.6232e-17
15.58	1.6787e-05	0.0040749	0.0030376	0.0010373	5.6132e-17
15.59	1.6834e-05	0.0040915	0.0030542	0.0010372	5.6021e-17
15.6	1.6883e-05	0.0041087	0.0030717	0.001037	5.5902e-17
15.61	1.6936e-05	0.0041267	0.00309	0.0010367	5.5778e-17
15.62	1.6991e-05	0.0041456	0.003109	0.0010366	5.5651e-17
15.63	1.705e-05	0.0041652	0.0031285	0.0010367	5.5523e-17
15.64	1.7111e-05	0.0041856	0.0031485	0.0010371	5.5395e-17
15.65	1.7175e-05	0.0042066	0.0031686	0.0010379	5.5267e-17
15.66	1.724e-05	0.0042279	0.0031887	0.0010391	5.5141e-17
15.67	1.7305e-05	0.0042492	0.0032084	0.0010407	5.5015e-17
15.68	1.7368e-05	0.00427	0.0032273	0.0010428	5.489e-17
15.69	1.7426e-05	0.00429	0.0032449	0.0010451	5.4765e-17
15.7	1.7479e-05	0.0043085	0.0032608	0.0010477	5.4641e-17
15.71	1.7524e-05	0.0043251	0.0032746	0.0010505	5.4517e-17
15.72	1.7559e-05	0.0043392	0.0032859	0.0010533	5.4396e-17
15.73	1.7582e-05	0.0043504	0.0032942	0.0010562	5.4279e-17
15.74	1.7592e-05	0.0043584	0.0032995	0.0010589	5.4169e-17
15.75	1.7588e-05	0.0043629	0.0033014	0.0010614	5.4069e-17
15.76	1.7569e-05	0.0043637	0.0033	0.0010637	5.3981e-17
15.77	1.7535e-05	0.0043609	0.0032952	0.0010657	5.3909e-17
15.78	1.7488e-05	0.0043546	0.0032873	0.0010673	5.3857e-17
15.79	1.7428e-05	0.0043451	0.0032766	0.0010686	5.3828e-17
15.8	1.7357e-05	0.0043329	0.0032633	0.0010696	5.3823e-17
15.81	1.7276e-05	0.0043183	0.003248	0.0010702	5.3846e-17
15.82	1.7189e-05	0.0043019	0.0032312	0.0010707	5.3897e-17
15.83	1.7097e-05	0.0042844	0.0032134	0.0010709	5.3976e-17
15.84	1.7003e-05	0.0042661	0.0031951	0.001071	5.4082e-17
15.85	1.6909e-05	0.0042478	0.0031769	0.0010709	5.4215e-17
15.86	1.6816e-05	0.0042299	0.0031591	0.0010708	5.4371e-17
15.87	1.6727e-05	0.0042128	0.0031423	0.0010705	5.455e-17
15.88	1.6642e-05	0.0041967	0.0031266	0.0010701	5.4748e-17
15.89	1.6563e-05	0.0041821	0.0031125	0.0010696	5.4964e-17
15.9	1.649e-05	0.0041689	0.0031	0.0010689	5.5196e-17
15.91	1.6423e-05	0.0041572	0.0030892	0.001068	5.5443e-17
15.92	1.6362e-05	0.004147	0.0030801	0.0010668	5.5705e-17
15.93	1.6307e-05	0.0041382	0.0030728	0.0010654	5.598e-17
15.94	1.6257e-05	0.0041307	0.0030671	0.0010635	5.6272e-17
15.95	1.6212e-05	0.0041243	0.003063	0.0010613	5.6579e-17
15.96	1.617e-05	0.004119	0.0030602	0.0010587	5.6904e-17
15.97	1.6133e-05	0.0041145	0.0030588	0.0010557	5.7248e-17
15.98	1.6098e-05	0.0041108	0.0030585	0.0010523	5.761e-17
15.99	1.6066e-05	0.0041078	0.0030593	0.0010485	5.799e-17
16	1.6037e-05	0.0041054	0.003061	0.0010445	5.8386e-17
16.01	1.601e-05	0.0041037	0.0030635	0.0010402	5.8793e-17
16.02	1.5985e-05	0.0041025	0.0030667	0.0010357	5.9207e-17
16.03	1.5963e-05	0.0041018	0.0030706	0.0010312	5.962e-17
16.04	1.5942e-05	0.0041015	0.0030748	0.0010267	6.0023e-17
16.05	1.5922e-05	0.0041015	0.0030793	0.0010222	6.0405e-17
16.06	1.5903e-05	0.0041018	0.0030838	0.0010179	6.0756e-17
16.07	1.5884e-05	0.004102	0.0030882	0.0010138	6.1063e-17
16.08	1.5864e-05	0.0041019	0.003092	0.0010099	6.1316e-17
16.09	1.5842e-05	0.0041012	0.003095	0.0010062	6.1504e-17
16.1	1.5816e-05	0.0040996	0.0030969	0.0010027	6.1617e-17
16.11	1.5784e-05	0.0040966	0.0030972	0.00099939	6.1651e-17
16.12	1.5747e-05	0.0040919	0.0030957	0.0009962	6.1602e-17
16.13	1.5701e-05	0.004085	0.0030919	0.00099308	6.1469e-17
16.14	1.5646e-05	0.0040757	0.0030858	0.00098998	6.1255e-17
16.15	1.5581e-05	0.0040638	0.0030769	0.00098686	6.0968e-17
16.16	1.5505e-05	0.004049	0.0030653	0.00098367	6.0618e-17
16.17	1.5418e-05	0.0040312	0.0030509	0.00098038	6.0217e-17
16.18	1.532e-05	0.0040107	0.0030337	0.00097698	5.978e-17
16.19	1.5213e-05	0.0039874	0.003014	0.00097349	5.9325e-17
16.2	1.5096e-05	0.0039619	0.002992	0.00096991	5.8868e-17
16.21	1.4973e-05	0.0039345	0.0029682	0.0009663	5.8425e-17
16.22	1.4846e-05	0.0039057	0.002943	0.00096272	5.8011e-17
16.23	1.4715e-05	0.0038762	0.0029169	0.00095923	5.764e-17
16.24	1.4585e-05	0.0038465	0.0028906	0.00095591	5.732e-17
16.25	1.4457e-05	0.0038175	0.0028647	0.00095283	5.7057e-17
16.26	1.4334e-05	0.0037896	0.0028396	0.00095005	5.6855e-17
16.27	1.4218e-05	0.0037636	0.0028159	0.00094763	5.6709e-17
16.28	1.411e-05	0.0037398	0.0027942	0.0009456	5.6616e-17
16.29	1.4014e-05	0.0037188	0.0027748	0.00094397	5.6566e-17
16.3	1.3929e-05	0.0037007	0.002758	0.00094274	5.6548e-17
16.31	1.3855e-05	0.0036858	0.0027439	0.00094188	5.6547e-17
16.32	1.3794e-05	0.003674	0.0027327	0.00094131	5.655e-17
16.33	1.3745e-05	0.0036654	0.0027244	0.00094098	5.6542e-17
16.34	1.3707e-05	0.0036596	0.0027188	0.00094079	5.651e-17
16.35	1.3678e-05	0.0036564	0.0027158	0.00094064	5.6443e-17
16.36	1.3658e-05	0.0036555	0.0027151	0.00094043	5.6332e-17
16.37	1.3645e-05	0.0036564	0.0027163	0.00094007	5.6174e-17
16.38	1.3637e-05	0.0036587	0.0027193	0.00093946	5.5965e-17
16.39	1.3632e-05	0.0036621	0.0027236	0.00093853	5.5708e-17
16.4	1.363e-05	0.003666	0.0027288	0.00093723	5.5409e-17
16.41	1.3629e-05	0.0036703	0.0027347	0.00093551	5.5077e-17
16.42	1.3628e-05	0.0036744	0.002741	0.00093336	5.4721e-17
16.43	1.3626e-05	0.0036782	0.0027474	0.00093078	5.4355e-17
16.44	1.3621e-05	0.0036814	0.0027536	0.00092781	5.3991e-17
16.45	1.3613e-05	0.0036838	0.0027593	0.00092447	5.3643e-17
16.46	1.3602e-05	0.0036853	0.0027645	0.00092081	5.3323e-17
16.47	1.3587e-05	0.0036857	0.0027688	0.0009169	5.3039e-17
16.48	1.3568e-05	0.0036849	0.0027721	0.00091279	5.28e-17
16.49	1.3544e-05	0.0036828	0.0027743	0.00090854	5.261e-17
16.5	1.3514e-05	0.0036792	0.002775	0.00090419	5.2469e-17
16.51	1.3479e-05	0.003674	0.0027742	0.00089979	5.2377e-17
16.52	1.3437e-05	0.003667	0.0027716	0.00089536	5.2328e-17
16.53	1.3388e-05	0.003658	0.0027671	0.00089093	5.2314e-17
16.54	1.3331e-05	0.003647	0.0027605	0.00088652	5.2325e-17
16.55	1.3267e-05	0.0036339	0.0027517	0.00088213	5.2351e-17
16.56	1.3195e-05	0.0036184	0.0027407	0.00087777	5.2379e-17
16.57	1.3114e-05	0.0036007	0.0027273	0.00087343	5.2398e-17
16.58	1.3026e-05	0.0035808	0.0027117	0.00086914	5.2398e-17
16.59	1.2931e-05	0.0035589	0.0026939	0.00086491	5.2368e-17
16.6	1.2829e-05	0.003535	0.0026743	0.00086076	5.2301e-17
16.61	1.2721e-05	0.0035097	0.002653	0.00085674	5.2192e-17
16.62	1.261e-05	0.0034832	0.0026304	0.00085289	5.2037e-17
16.63	1.2497e-05	0.0034562	0.0026069	0.00084927	5.1837e-17
16.64	1.2384e-05	0.0034291	0.0025831	0.00084595	5.1593e-17
16.65	1.2274e-05	0.0034026	0.0025595	0.000843	5.1308e-17
16.66	1.2168e-05	0.0033772	0.0025367	0.0008405	5.0988e-17
16.67	1.2068e-05	0.0033536	0.0025151	0.00083851	5.064e-17
16.68	1.1978e-05	0.0033325	0.0024954	0.00083708	5.027e-17
16.69	1.1898e-05	0.0033142	0.0024779	0.00083626	4.9887e-17
16.7	1.183e-05	0.0032993	0.0024632	0.00083607	4.9497e-17
16.71	1.1775e-05	0.0032879	0.0024514	0.0008365	4.9109e-17
16.72	1.1734e-05	0.0032805	0.0024429	0.00083753	4.8729e-17
16.73	1.1708e-05	0.0032768	0.0024377	0.00083911	4.8362e-17
16.74	1.1694e-05	0.0032771	0.0024359	0.00084117	4.8013e-17
16.75	1.1694e-05	0.0032809	0.0024373	0.0008436	4.7686e-17
16.76	1.1705e-05	0.003288	0.0024417	0.00084631	4.7385e-17
16.77	1.1727e-05	0.003298	0.0024488	0.00084917	4.711e-17
16.78	1.1757e-05	0.0033105	0.0024584	0.00085206	4.6864e-17
16.79	1.1794e-05	0.0033249	0.00247	0.00085486	4.6647e-17
16.8	1.1836e-05	0.0033407	0.0024832	0.00085746	4.6459e-17
16.81	1.1881e-05	0.0033574	0.0024976	0.00085977	4.6299e-17
16.82	1.1928e-05	0.0033746	0.0025129	0.00086171	4.6166e-17
16.83	1.1975e-05	0.0033918	0.0025285	0.00086323	4.6057e-17
16.84	1.202e-05	0.0034086	0.0025443	0.00086432	4.5969e-17
16.85	1.2063e-05	0.0034249	0.0025599	0.00086498	4.5898e-17
16.86	1.2103e-05	0.0034404	0.0025752	0.00086523	4.5839e-17
16.87	1.214e-05	0.0034549	0.0025898	0.00086513	4.5787e-17
16.88	1.2173e-05	0.0034685	0.0026038	0.00086475	4.5734e-17
16.89	1.2203e-05	0.0034811	0.0026169	0.00086418	4.5673e-17
16.9	1.2229e-05	0.0034927	0.0026292	0.00086351	4.5595e-17
16.91	1.2252e-05	0.0035034	0.0026406	0.00086283	4.5493e-17
16.92	1.2272e-05	0.0035133	0.0026511	0.00086225	4.5358e-17
16.93	1.2289e-05	0.0035224	0.0026606	0.00086184	4.5182e-17
16.94	1.2304e-05	0.0035308	0.0026691	0.00086169	4.4959e-17
16.95	1.2316e-05	0.0035385	0.0026767	0.00086186	4.4682e-17
16.96	1.2327e-05	0.0035456	0.0026832	0.0008624	4.4349e-17
16.97	1.2335e-05	0.0035521	0.0026888	0.00086334	4.3959e-17
16.98	1.234e-05	0.003558	0.0026933	0.0008647	4.3511e-17
16.99	1.2344e-05	0.0035633	0.0026968	0.0008665	4.3011e-17
17	1.2346e-05	0.003568	0.0026992	0.00086872	4.2464e-17
17.01	1.2346e-05	0.0035721	0.0027008	0.00087136	4.1879e-17
17.02	1.2344e-05	0.0035759	0.0027015	0.00087439	4.1266e-17
17.03	1.2341e-05	0.0035792	0.0027014	0.00087781	4.0637e-17
17.04	1.2338e-05	0.0035824	0.0027008	0.00088157	4.0004e-17
17.05	1.2334e-05	0.0035855	0.0026998	0.00088567	3.938e-17
17.06	1.233e-05	0.0035887	0.0026986	0.00089007	3.8778e-17
17.07	1.2328e-05	0.0035923	0.0026975	0.00089476	3.8206e-17
17.08	1.2328e-05	0.0035965	0.0026968	0.00089969	3.7674e-17
17.09	1.2331e-05	0.0036015	0.0026966	0.00090485	3.7187e-17
17.1	1.2337e-05	0.0036075	0.0026973	0.00091018	3.6748e-17
17.11	1.2347e-05	0.0036146	0.0026989	0.00091565	3.6357e-17
17.12	1.2361e-05	0.003623	0.0027018	0.0009212	3.6011e-17
17.13	1.238e-05	0.0036327	0.002706	0.00092676	3.5705e-17
17.14	1.2403e-05	0.0036438	0.0027115	0.00093226	3.543e-17
17.15	1.243e-05	0.0036561	0.0027185	0.00093763	3.5177e-17
17.16	1.2461e-05	0.0036695	0.0027267	0.00094277	3.4935e-17
17.17	1.2495e-05	0.0036838	0.0027362	0.00094759	3.4696e-17
17.18	1.2532e-05	0.0036987	0.0027467	0.00095202	3.445e-17
17.19	1.2569e-05	0.0037141	0.0027581	0.00095595	3.4189e-17
17.2	1.2607e-05	0.0037295	0.0027702	0.00095932	3.3908e-17
17.21	1.2644e-05	0.0037448	0.0027828	0.00096208	3.3605e-17
17.22	1.2679e-05	0.0037597	0.0027956	0.00096418	3.328e-17
17.23	1.2713e-05	0.0037741	0.0028084	0.00096562	3.2938e-17
17.24	1.2744e-05	0.0037876	0.0028212	0.00096639	3.2583e-17
17.25	1.2772e-05	0.0038003	0.0028338	0.00096653	3.2226e-17
17.26	1.2797e-05	0.0038122	0.0028461	0.00096611	3.1875e-17
17.27	1.2819e-05	0.0038232	0.002858	0.0009652	3.1541e-17
17.28	1.2838e-05	0.0038334	0.0028695	0.00096391	3.1236e-17
17.29	1.2855e-05	0.003843	0.0028806	0.00096235	3.097e-17
17.3	1.2871e-05	0.0038521	0.0028914	0.00096065	3.0749e-17
17.31	1.2885e-05	0.0038608	0.0029019	0.00095892	3.0581e-17
17.32	1.2898e-05	0.0038693	0.002912	0.00095729	3.0467e-17
17.33	1.2911e-05	0.0038776	0.0029218	0.00095587	3.0407e-17
17.34	1.2924e-05	0.0038859	0.0029312	0.00095475	3.0398e-17
17.35	1.2936e-05	0.0038941	0.0029401	0.00095399	3.0432e-17
17.36	1.2948e-05	0.0039022	0.0029485	0.00095363	3.0501e-17
17.37	1.2959e-05	0.0039099	0.0029562	0.00095371	3.0592e-17
17.38	1.2968e-05	0.0039172	0.002963	0.0009542	3.0694e-17
17.39	1.2975e-05	0.0039237	0.0029686	0.00095506	3.0794e-17
17.4	1.2978e-05	0.0039291	0.0029729	0.00095625	3.0881e-17
17.41	1.2976e-05	0.0039332	0.0029755	0.00095769	3.0943e-17
17.42	1.2969e-05	0.0039357	0.0029764	0.00095928	3.0974e-17
17.43	1.2956e-05	0.0039362	0.0029752	0.00096094	3.0967e-17
17.44	1.2936e-05	0.0039345	0.0029719	0.00096257	3.092e-17
17.45	1.2908e-05	0.0039304	0.0029664	0.00096408	3.0834e-17
17.46	1.2872e-05	0.003924	0.0029586	0.00096538	3.0713e-17
17.47	1.2828e-05	0.003915	0.0029486	0.00096642	3.0563e-17
17.48	1.2776e-05	0.0039038	0.0029366	0.00096713	3.039e-17
17.49	1.2718e-05	0.0038903	0.0029228	0.00096749	3.0203e-17
17.5	1.2653e-05	0.003875	0.0029075	0.00096749	3.0011e-17
17.51	1.2584e-05	0.0038582	0.0028911	0.00096711	2.9822e-17
17.52	1.2511e-05	0.0038402	0.0028738	0.00096638	2.964e-17
17.53	1.2436e-05	0.0038216	0.0028562	0.00096533	2.9469e-17
17.54	1.2361e-05	0.0038027	0.0028387	0.00096399	2.931e-17
17.55	1.2286e-05	0.0037841	0.0028217	0.00096239	2.9162e-17
17.56	1.2214e-05	0.0037663	0.0028057	0.00096059	2.9018e-17
17.57	1.2146e-05	0.0037494	0.0027908	0.00095862	2.8873e-17
17.58	1.2082e-05	0.0037341	0.0027776	0.00095652	2.8716e-17
17.59	1.2024e-05	0.0037204	0.0027661	0.00095431	2.854e-17
17.6	1.1973e-05	0.0037086	0.0027566	0.00095202	2.8333e-17
17.61	1.1928e-05	0.0036989	0.0027493	0.00094967	2.8089e-17
17.62	1.189e-05	0.0036913	0.002744	0.00094728	2.78e-17
17.63	1.1858e-05	0.0036858	0.0027409	0.00094485	2.7464e-17
17.64	1.1834e-05	0.0036822	0.0027398	0.0009424	2.7082e-17
17.65	1.1815e-05	0.0036807	0.0027407	0.00093994	2.6657e-17
17.66	1.1802e-05	0.0036809	0.0027434	0.00093749	2.6199e-17
17.67	1.1795e-05	0.0036828	0.0027477	0.00093506	2.5719e-17
17.68	1.1792e-05	0.0036861	0.0027534	0.00093268	2.5233e-17
17.69	1.1794e-05	0.0036908	0.0027604	0.00093037	2.4758e-17
17.7	1.1799e-05	0.0036965	0.0027683	0.00092818	2.4314e-17
17.71	1.1807e-05	0.0037032	0.002777	0.00092613	2.3918e-17
17.72	1.1817e-05	0.0037106	0.0027863	0.00092426	2.3587e-17
17.73	1.1829e-05	0.0037185	0.0027959	0.00092261	2.3334e-17
17.74	1.1842e-05	0.0037267	0.0028055	0.00092121	2.3169e-17
17.75	1.1855e-05	0.003735	0.0028149	0.00092008	2.3097e-17
17.76	1.1867e-05	0.0037432	0.002824	0.00091924	2.3116e-17
17.77	1.1879e-05	0.003751	0.0028323	0.00091868	2.3218e-17
17.78	1.1888e-05	0.0037581	0.0028397	0.0009184	2.3393e-17
17.79	1.1894e-05	0.0037643	0.002846	0.00091837	2.3621e-17
17.8	1.1897e-05	0.0037693	0.0028508	0.00091857	2.3882e-17
17.81	1.1894e-05	0.0037729	0.0028539	0.00091894	2.4152e-17
17.82	1.1887e-05	0.0037747	0.0028552	0.00091945	2.4404e-17
17.83	1.1873e-05	0.0037746	0.0028546	0.00092003	2.4616e-17
17.84	1.1853e-05	0.0037724	0.0028518	0.00092064	2.4766e-17
17.85	1.1826e-05	0.0037681	0.0028469	0.00092123	2.4834e-17
17.86	1.1793e-05	0.0037617	0.0028399	0.00092175	2.4808e-17
17.87	1.1753e-05	0.0037531	0.002831	0.00092218	2.4683e-17
17.88	1.1707e-05	0.0037427	0.0028202	0.00092249	2.4457e-17
17.89	1.1656e-05	0.0037306	0.0028079	0.0009227	2.4138e-17
17.9	1.1601e-05	0.0037171	0.0027943	0.0009228	2.374e-17
17.91	1.1543e-05	0.0037028	0.0027799	0.00092282	2.3281e-17
17.92	1.1484e-05	0.003688	0.0027652	0.0009228	2.2786e-17
17.93	1.1426e-05	0.0036732	0.0027504	0.00092278	2.228e-17
17.94	1.1369e-05	0.0036591	0.0027362	0.00092281	2.1791e-17
17.95	1.1316e-05	0.003646	0.002723	0.00092293	2.1346e-17
17.96	1.1267e-05	0.0036345	0.0027113	0.00092319	2.0967e-17
17.97	1.1225e-05	0.0036249	0.0027013	0.00092362	2.0676e-17
17.98	1.1191e-05	0.0036177	0.0026935	0.00092424	2.0485e-17
17.99	1.1164e-05	0.0036131	0.002688	0.00092506	2.0401e-17
18	1.1145e-05	0.0036111	0.002685	0.00092607	2.0425e-17
18.01	1.1135e-05	0.0036119	0.0026847	0.00092724	2.0549e-17
18.02	1.1134e-05	0.0036154	0.0026868	0.00092855	2.0759e-17
18.03	1.114e-05	0.0036213	0.0026914	0.00092993	2.1035e-17
18.04	1.1153e-05	0.0036296	0.0026982	0.00093132	2.1354e-17
18.05	1.1171e-05	0.0036397	0.002707	0.00093266	2.1689e-17
18.06	1.1195e-05	0.0036514	0.0027175	0.00093388	2.2013e-17
18.07	1.1222e-05	0.0036642	0.0027292	0.00093492	2.2298e-17
18.08	1.1251e-05	0.0036777	0.002742	0.00093572	2.2522e-17
18.09	1.1281e-05	0.0036916	0.0027553	0.00093626	2.2664e-17
18.1	1.131e-05	0.0037054	0.0027689	0.00093649	2.271e-17
18.11	1.1339e-05	0.003719	0.0027825	0.00093642	2.2655e-17
18.12	1.1366e-05	0.0037319	0.0027958	0.00093607	2.2497e-17
18.13	1.1391e-05	0.003744	0.0028086	0.00093547	2.2242e-17
18.14	1.1412e-05	0.0037553	0.0028206	0.00093466	2.1903e-17
18.15	1.1431e-05	0.0037656	0.0028319	0.00093371	2.1497e-17
18.16	1.1447e-05	0.0037749	0.0028422	0.00093271	2.1048e-17
18.17	1.1459e-05	0.0037833	0.0028515	0.00093173	2.0577e-17
18.18	1.1469e-05	0.0037907	0.0028599	0.00093085	2.011e-17
18.19	1.1477e-05	0.0037974	0.0028672	0.00093016	1.9671e-17
18.2	1.1482e-05	0.0038034	0.0028736	0.00092974	1.9281e-17
18.21	1.1486e-05	0.0038087	0.002879	0.00092965	1.8956e-17
18.22	1.1487e-05	0.0038134	0.0028835	0.00092993	1.8708e-17
18.23	1.1488e-05	0.0038177	0.002887	0.00093063	1.8543e-17
18.24	1.1486e-05	0.0038215	0.0028897	0.00093177	1.8463e-17
18.25	1.1484e-05	0.0038249	0.0028916	0.00093335	1.8461e-17
18.26	1.1481e-05	0.0038279	0.0028926	0.00093536	1.8526e-17
18.27	1.1476e-05	0.0038306	0.0028928	0.00093778	1.8646e-17
18.28	1.1471e-05	0.003833	0.0028924	0.00094058	1.88e-17
18.29	1.1464e-05	0.0038351	0.0028914	0.00094372	1.8971e-17
18.3	1.1457e-05	0.003837	0.0028898	0.00094715	1.9139e-17
18.31	1.145e-05	0.0038387	0.0028879	0.00095083	1.9284e-17
18.32	1.1443e-05	0.0038405	0.0028858	0.00095472	1.9392e-17
18.33	1.1436e-05	0.0038424	0.0028837	0.00095878	1.945e-17
18.34	1.143e-05	0.0038447	0.0028817	0.00096295	1.9448e-17
18.35	1.1426e-05	0.0038474	0.0028802	0.00096721	1.9384e-17
18.36	1.1424e-05	0.0038508	0.0028792	0.00097151	1.9257e-17
18.37	1.1424e-05	0.003855	0.0028792	0.00097583	1.9074e-17
18.38	1.1427e-05	0.0038602	0.0028801	0.00098013	1.8841e-17
18.39	1.1433e-05	0.0038666	0.0028822	0.00098437	1.8572e-17
18.4	1.1443e-05	0.0038743	0.0028857	0.00098852	1.8279e-17
18.41	1.1457e-05	0.0038832	0.0028907	0.00099255	1.7978e-17
18.42	1.1475e-05	0.0038935	0.0028971	0.0009964	1.7682e-17
18.43	1.1497e-05	0.003905	0.002905	0.001	1.7406e-17
18.44	1.1522e-05	0.0039177	0.0029143	0.0010034	1.7161e-17
18.45	1.1549e-05	0.0039314	0.0029249	0.0010065	1.6956e-17
18.46	1.1579e-05	0.003946	0.0029367	0.0010093	1.68e-17
18.47	1.1611e-05	0.0039611	0.0029495	0.0010116	1.6695e-17
18.48	1.1644e-05	0.0039766	0.002963	0.0010136	1.6644e-17
18.49	1.1678e-05	0.0039923	0.0029771	0.0010152	1.6645e-17
18.5	1.1711e-05	0.004008	0.0029916	0.0010163	1.6697e-17
18.51	1.1743e-05	0.0040233	0.0030063	0.0010171	1.6795e-17
18.52	1.1774e-05	0.0040383	0.0030209	0.0010174	1.6936e-17
18.53	1.1803e-05	0.0040528	0.0030353	0.0010175	1.7115e-17
18.54	1.1831e-05	0.0040666	0.0030494	0.0010172	1.7329e-17
18.55	1.1857e-05	0.0040799	0.003063	0.0010168	1.7576e-17
18.56	1.188e-05	0.0040925	0.0030762	0.0010163	1.7854e-17
18.57	1.1902e-05	0.0041045	0.0030887	0.0010158	1.8162e-17
18.58	1.1923e-05	0.0041159	0.0031006	0.0010153	1.8501e-17
18.59	1.1942e-05	0.0041269	0.0031119	0.0010151	1.8872e-17
18.6	1.1959e-05	0.0041374	0.0031224	0.001015	1.9275e-17
18.61	1.1975e-05	0.0041475	0.0031322	0.0010153	1.9713e-17
18.62	1.199e-05	0.0041572	0.0031412	0.0010159	2.0183e-17
18.63	1.2004e-05	0.0041663	0.0031494	0.0010169	2.0686e-17
18.64	1.2016e-05	0.004175	0.0031566	0.0010184	2.1216e-17
18.65	1.2026e-05	0.0041829	0.0031628	0.0010202	2.1769e-17
18.66	1.2034e-05	0.0041901	0.0031677	0.0010223	2.2338e-17
18.67	1.2038e-05	0.0041962	0.0031714	0.0010248	2.2912e-17
18.68	1.2039e-05	0.004201	0.0031736	0.0010275	2.3481e-17
18.69	1.2036e-05	0.0042044	0.0031742	0.0010303	2.4034e-17
18.7	1.2028e-05	0.0042062	0.0031731	0.0010332	2.4558e-17
18.71	1.2015e-05	0.0042062	0.0031702	0.001036	2.5041e-17
18.72	1.1997e-05	0.0042042	0.0031655	0.0010386	2.5474e-17
18.73	1.1973e-05	0.0042001	0.0031591	0.0010411	2.5848e-17
18.74	1.1943e-05	0.0041941	0.0031509	0.0010432	2.6158e-17
18.75	1.1907e-05	0.004186	0.0031411	0.0010449	2.6403e-17
18.76	1.1866e-05	0.004176	0.0031299	0.0010462	2.6583e-17
18.77	1.182e-05	0.0041644	0.0031175	0.001047	2.6705e-17
18.78	1.1771e-05	0.0041514	0.0031041	0.0010473	2.6776e-17
18.79	1.1718e-05	0.0041373	0.0030901	0.0010471	2.6809e-17
18.8	1.1664e-05	0.0041224	0.0030759	0.0010465	2.6818e-17
18.81	1.1608e-05	0.0041071	0.0030617	0.0010453	2.6818e-17
18.82	1.1552e-05	0.0040918	0.003048	0.0010438	2.6826e-17
18.83	1.1498e-05	0.0040768	0.003035	0.0010419	2.6857e-17
18.84	1.1446e-05	0.0040626	0.003023	0.0010396	2.6926e-17
18.85	1.1396e-05	0.0040494	0.0030123	0.0010371	2.7044e-17
18.86	1.1351e-05	0.0040375	0.0030031	0.0010343	2.7221e-17
18.87	1.131e-05	0.0040271	0.0029957	0.0010314	2.7461e-17
18.88	1.1273e-05	0.0040183	0.00299	0.0010283	2.7766e-17
18.89	1.1241e-05	0.0040112	0.0029861	0.0010251	2.8134e-17
18.9	1.1214e-05	0.0040059	0.002984	0.0010219	2.8557e-17
18.91	1.1193e-05	0.0040023	0.0029837	0.0010186	2.9029e-17
18.92	1.1176e-05	0.0040005	0.0029851	0.0010154	2.9535e-17
18.93	1.1163e-05	0.0040002	0.002988	0.0010122	3.0064e-17
18.94	1.1155e-05	0.0040014	0.0029923	0.0010092	3.0602e-17
18.95	1.115e-05	0.004004	0.0029978	0.0010063	3.1135e-17
18.96	1.1149e-05	0.0040078	0.0030043	0.0010035	3.1651e-17
18.97	1.1151e-05	0.0040126	0.0030116	0.0010011	3.2139e-17
18.98	1.1154e-05	0.0040183	0.0030195	0.00099883	3.2592e-17
18.99	1.116e-05	0.0040246	0.0030277	0.00099692	3.3004e-17
19	1.1167e-05	0.0040314	0.0030361	0.00099534	3.3374e-17
19.01	1.1175e-05	0.0040385	0.0030444	0.00099412	3.3703e-17
19.02	1.1183e-05	0.0040456	0.0030523	0.00099326	3.3993e-17
19.03	1.119e-05	0.0040525	0.0030597	0.00099276	3.425e-17
19.04	1.1196e-05	0.0040589	0.0030662	0.00099262	3.448e-17
19.05	1.12e-05	0.0040645	0.0030717	0.00099278	3.4691e-17
19.06	1.1201e-05	0.0040691	0.0030759	0.00099323	3.489e-17
19.07	1.1198e-05	0.0040724	0.0030785	0.00099388	3.5082e-17
19.08	1.1191e-05	0.004074	0.0030793	0.00099467	3.5273e-17
19.09	1.1178e-05	0.0040737	0.0030782	0.00099553	3.5465e-17
19.1	1.116e-05	0.0040712	0.0030749	0.00099637	3.5659e-17
19.11	1.1135e-05	0.0040664	0.0030693	0.00099709	3.5853e-17
19.12	1.1103e-05	0.004059	0.0030613	0.00099763	3.6043e-17
19.13	1.1064e-05	0.0040489	0.003051	0.00099789	3.6226e-17
19.14	1.1018e-05	0.0040362	0.0030384	0.00099782	3.6393e-17
19.15	1.0965e-05	0.004021	0.0030236	0.00099737	3.6539e-17
19.16	1.0905e-05	0.0040034	0.0030069	0.0009965	3.6656e-17
19.17	1.084e-05	0.0039836	0.0029884	0.00099522	3.6737e-17
19.18	1.077e-05	0.0039621	0.0029686	0.00099351	3.6778e-17
19.19	1.0697e-05	0.0039394	0.0029479	0.00099142	3.6774e-17
19.2	1.0622e-05	0.0039158	0.0029268	0.000989	3.6725e-17
19.21	1.0547e-05	0.003892	0.0029057	0.0009863	3.6629e-17
19.22	1.0473e-05	0.0038686	0.0028852	0.0009834	3.6489e-17
19.23	1.0401e-05	0.0038462	0.0028658	0.00098038	3.6309e-17
19.24	1.0334e-05	0.0038254	0.002848	0.00097734	3.6092e-17
19.25	1.0272e-05	0.0038066	0.0028322	0.00097435	3.5845e-17
19.26	1.0218e-05	0.0037904	0.0028189	0.0009715	3.5573e-17
19.27	1.0172e-05	0.0037771	0.0028082	0.00096886	3.5281e-17
19.28	1.0134e-05	0.0037671	0.0028006	0.00096648	3.4972e-17
19.29	1.0106e-05	0.0037605	0.0027961	0.00096441	3.4649e-17
19.3	1.0087e-05	0.0037574	0.0027947	0.00096267	3.4314e-17
19.31	1.0078e-05	0.0037577	0.0027964	0.00096128	3.3964e-17
19.32	1.0077e-05	0.0037614	0.0028011	0.00096024	3.3598e-17
19.33	1.0085e-05	0.0037681	0.0028086	0.00095953	3.3211e-17
19.34	1.01e-05	0.0037776	0.0028185	0.00095913	3.2799e-17
19.35	1.0121e-05	0.0037895	0.0028305	0.00095899	3.2357e-17
19.36	1.0147e-05	0.0038033	0.0028442	0.00095909	3.188e-17
19.37	1.0177e-05	0.0038185	0.0028592	0.00095937	3.1363e-17
19.38	1.021e-05	0.0038348	0.002875	0.00095981	3.0807e-17
19.39	1.0244e-05	0.0038516	0.0028912	0.00096036	3.021e-17
19.4	1.0279e-05	0.0038685	0.0029075	0.000961	2.9577e-17
19.41	1.0312e-05	0.003885	0.0029233	0.00096169	2.8912e-17
19.42	1.0343e-05	0.0039007	0.0029383	0.00096242	2.8226e-17
19.43	1.0371e-05	0.0039154	0.0029522	0.00096317	2.7529e-17
19.44	1.0396e-05	0.0039287	0.0029648	0.00096393	2.6836e-17
19.45	1.0416e-05	0.0039404	0.0029756	0.0009647	2.616e-17
19.46	1.0431e-05	0.0039502	0.0029847	0.00096548	2.5519e-17
19.47	1.0441e-05	0.003958	0.0029917	0.00096625	2.4926e-17
19.48	1.0445e-05	0.0039637	0.0029967	0.00096702	2.4395e-17
19.49	1.0444e-05	0.0039672	0.0029994	0.00096779	2.3937e-17
19.5	1.0437e-05	0.0039685	0.003	0.00096853	2.356e-17
19.51	1.0423e-05	0.0039676	0.0029983	0.00096925	2.3268e-17
19.52	1.0405e-05	0.0039645	0.0029946	0.00096994	2.3059e-17
19.53	1.038e-05	0.0039593	0.0029887	0.00097057	2.2928e-17
19.54	1.0351e-05	0.0039521	0.002981	0.00097114	2.2866e-17
19.55	1.0317e-05	0.0039431	0.0029715	0.00097163	2.286e-17
19.56	1.0279e-05	0.0039325	0.0029605	0.00097203	2.2892e-17
19.57	1.0237e-05	0.0039206	0.0029483	0.00097235	2.2944e-17
19.58	1.0193e-05	0.0039076	0.0029351	0.00097256	2.2994e-17
19.59	1.0147e-05	0.0038939	0.0029212	0.00097269	2.3025e-17
19.6	1.0099e-05	0.0038798	0.0029071	0.00097272	2.3015e-17
19.61	1.0053e-05	0.0038657	0.002893	0.00097269	2.295e-17
19.62	1.0007e-05	0.003852	0.0028794	0.0009726	2.2815e-17
19.63	9.9627e-06	0.003839	0.0028665	0.00097247	2.2602e-17
19.64	9.9218e-06	0.0038271	0.0028548	0.00097233	2.2307e-17
19.65	9.8846e-06	0.0038167	0.0028445	0.00097218	2.193e-17
19.66	9.852e-06	0.0038079	0.0028359	0.00097205	2.1476e-17
19.67	9.8244e-06	0.0038012	0.0028292	0.00097195	2.0954e-17
19.68	9.8023e-06	0.0037965	0.0028246	0.00097187	2.0379e-17
19.69	9.7859e-06	0.003794	0.0028221	0.00097183	1.9766e-17
19.7	9.7752e-06	0.0037937	0.0028219	0.0009718	1.9133e-17
19.71	9.77e-06	0.0037955	0.0028237	0.00097178	1.8498e-17
19.72	9.7699e-06	0.0037993	0.0028276	0.00097173	1.788e-17
19.73	9.7743e-06	0.0038049	0.0028333	0.00097163	1.7295e-17
19.74	9.7828e-06	0.003812	0.0028406	0.00097146	1.6759e-17
19.75	9.7944e-06	0.0038204	0.0028492	0.00097118	1.6282e-17
19.76	9.8083e-06	0.0038297	0.002859	0.00097077	1.5873e-17
19.77	9.8238e-06	0.0038397	0.0028694	0.00097022	1.5537e-17
19.78	9.84e-06	0.0038499	0.0028804	0.00096951	1.5277e-17
19.79	9.8562e-06	0.0038601	0.0028915	0.00096865	1.509e-17
19.8	9.8718e-06	0.0038701	0.0029025	0.00096765	1.4972e-17
19.81	9.886e-06	0.0038796	0.0029131	0.00096653	1.4919e-17
19.82	9.8986e-06	0.0038885	0.0029232	0.00096532	1.4922e-17
19.83	9.9092e-06	0.0038966	0.0029325	0.00096408	1.4975e-17
19.84	9.9175e-06	0.0039038	0.0029409	0.00096286	1.507e-17
19.85	9.9235e-06	0.0039101	0.0029484	0.00096171	1.52e-17
19.86	9.9272e-06	0.0039155	0.0029548	0.00096069	1.536e-17
19.87	9.9285e-06	0.0039199	0.0029601	0.00095987	1.5544e-17
19.88	9.9276e-06	0.0039235	0.0029642	0.00095928	1.575e-17
19.89	9.9244e-06	0.0039262	0.0029672	0.00095896	1.5976e-17
19.9	9.919e-06	0.003928	0.0029691	0.00095895	1.6219e-17
19.91	9.9115e-06	0.003929	0.0029698	0.00095925	1.6478e-17
19.92	9.9018e-06	0.0039291	0.0029692	0.00095986	1.675e-17
19.93	9.8898e-06	0.0039283	0.0029675	0.00096075	1.7035e-17
19.94	9.8754e-06	0.0039265	0.0029646	0.00096189	1.7326e-17
19.95	9.8584e-06	0.0039237	0.0029604	0.00096323	1.7619e-17
19.96	9.8387e-06	0.0039197	0.002955	0.0009647	1.7906e-17
19.97	9.8161e-06	0.0039147	0.0029484	0.00096623	1.8177e-17
19.98	9.7905e-06	0.0039084	0.0029406	0.00096775	1.8423e-17
19.99	9.7618e-06	0.0039008	0.0029316	0.00096919	1.8632e-17
20	9.7302e-06	0.0038921	0.0029216	0.00097046	1.8792e-17
20.01	9.6956e-06	0.0038821	0.0029106	0.00097151	1.8892e-17
20.02	9.6585e-06	0.0038711	0.0028989	0.00097227	1.8923e-17
20.03	9.6191e-06	0.0038592	0.0028865	0.00097272	1.8878e-17
20.04	9.578e-06	0.0038465	0.0028737	0.00097282	1.8755e-17
20.05	9.5358e-06	0.0038334	0.0028608	0.00097255	1.8553e-17
20.06	9.4931e-06	0.00382	0.0028481	0.00097193	1.8281e-17
20.07	9.4507e-06	0.0038068	0.0028358	0.00097096	1.7949e-17
20.08	9.4094e-06	0.0037939	0.0028243	0.00096968	1.7574e-17
20.09	9.37e-06	0.0037818	0.0028137	0.00096811	1.7178e-17
20.1	9.3331e-06	0.0037707	0.0028044	0.0009663	1.6787e-17
20.11	9.2995e-06	0.0037608	0.0027966	0.00096429	1.6432e-17
20.12	9.2697e-06	0.0037525	0.0027904	0.00096212	1.6143e-17
20.13	9.244e-06	0.0037458	0.002786	0.00095985	1.5952e-17
20.14	9.2228e-06	0.0037409	0.0027834	0.00095752	1.5891e-17
20.15	9.206e-06	0.0037379	0.0027827	0.00095515	1.5988e-17
20.16	9.1938e-06	0.0037366	0.0027838	0.00095279	1.6266e-17
20.17	9.1858e-06	0.003737	0.0027866	0.00095046	1.6743e-17
20.18	9.1817e-06	0.0037391	0.0027909	0.00094817	1.743e-17
20.19	9.181e-06	0.0037425	0.0027965	0.00094595	1.8331e-17
20.2	9.1831e-06	0.0037471	0.0028033	0.00094381	1.944e-17
20.21	9.1875e-06	0.0037526	0.0028108	0.00094175	2.0745e-17
20.22	9.1934e-06	0.0037587	0.0028189	0.00093979	2.2224e-17
20.23	9.2001e-06	0.0037652	0.0028272	0.00093793	2.385e-17
20.24	9.207e-06	0.0037717	0.0028355	0.00093619	2.559e-17
20.25	9.2134e-06	0.0037781	0.0028435	0.00093456	2.7405e-17
20.26	9.2186e-06	0.0037839	0.0028509	0.00093306	2.9256e-17
20.27	9.2221e-06	0.0037891	0.0028574	0.00093169	3.1102e-17
20.28	9.2234e-06	0.0037934	0.0028629	0.00093045	3.2904e-17
20.29	9.2219e-06	0.0037965	0.0028671	0.00092936	3.4625e-17
20.3	9.2173e-06	0.0037983	0.0028699	0.0009284	3.6235e-17
20.31	9.2092e-06	0.0037987	0.0028712	0.00092757	3.7707e-17
20.32	9.1972e-06	0.0037976	0.0028707	0.00092685	3.9021e-17
20.33	9.1812e-06	0.0037947	0.0028684	0.00092623	4.0168e-17
20.34	9.1609e-06	0.00379	0.0028643	0.00092567	4.114e-17
20.35	9.136e-06	0.0037834	0.0028583	0.00092514	4.1943e-17
20.36	9.1066e-06	0.003775	0.0028504	0.0009246	4.2583e-17
20.37	9.0726e-06	0.0037646	0.0028406	0.00092401	4.3077e-17
20.38	9.0341e-06	0.0037523	0.0028289	0.00092333	4.3442e-17
20.39	8.9911e-06	0.0037381	0.0028155	0.00092252	4.3699e-17
20.4	8.9439e-06	0.0037221	0.0028006	0.00092153	4.3873e-17
20.41	8.893e-06	0.0037045	0.0027842	0.00092033	4.3986e-17
20.42	8.8388e-06	0.0036856	0.0027666	0.00091891	4.406e-17
20.43	8.7818e-06	0.0036654	0.0027482	0.00091724	4.4115e-17
20.44	8.723e-06	0.0036444	0.0027291	0.00091533	4.4165e-17
20.45	8.663e-06	0.0036229	0.0027097	0.0009132	4.4225e-17
20.46	8.603e-06	0.0036013	0.0026904	0.00091086	4.4302e-17
20.47	8.5438e-06	0.00358	0.0026717	0.00090835	4.44e-17
20.48	8.4865e-06	0.0035595	0.0026538	0.00090571	4.452e-17
20.49	8.4322e-06	0.0035402	0.0026372	0.00090301	4.4658e-17
20.5	8.3819e-06	0.0035225	0.0026222	0.0009003	4.4808e-17
20.51	8.3365e-06	0.0035068	0.0026092	0.00089764	4.4964e-17
20.52	8.2969e-06	0.0034936	0.0025985	0.0008951	4.5115e-17
20.53	8.2637e-06	0.003483	0.0025903	0.00089272	4.5252e-17
20.54	8.2374e-06	0.0034753	0.0025847	0.00089056	4.5367e-17
20.55	8.2183e-06	0.0034706	0.002582	0.00088865	4.5452e-17
20.56	8.2066e-06	0.003469	0.002582	0.00088702	4.55e-17
20.57	8.2019e-06	0.0034704	0.0025847	0.0008857	4.5507e-17
20.58	8.2041e-06	0.0034747	0.0025901	0.00088467	4.5471e-17
20.59	8.2125e-06	0.0034817	0.0025977	0.00088394	4.5391e-17
20.6	8.2264e-06	0.003491	0.0026075	0.00088348	4.5269e-17
20.61	8.245e-06	0.0035022	0.002619	0.00088326	4.5108e-17
20.62	8.2672e-06	0.0035151	0.0026318	0.00088326	4.4912e-17
20.63	8.292e-06	0.003529	0.0026456	0.00088344	4.4687e-17
20.64	8.3183e-06	0.0035437	0.0026599	0.00088375	4.4437e-17
20.65	8.345e-06	0.0035585	0.0026743	0.00088415	4.417e-17
20.66	8.371e-06	0.003573	0.0026884	0.00088461	4.3889e-17
20.67	8.3954e-06	0.0035869	0.0027018	0.0008851	4.3602e-17
20.68	8.4172e-06	0.0035997	0.0027142	0.00088558	4.3312e-17
20.69	8.4357e-06	0.0036111	0.0027251	0.00088603	4.3025e-17
20.7	8.4502e-06	0.0036208	0.0027344	0.00088643	4.2744e-17
20.71	8.46e-06	0.0036285	0.0027417	0.00088677	4.2474e-17
20.72	8.4647e-06	0.0036341	0.002747	0.00088703	4.2219e-17
20.73	8.4641e-06	0.0036373	0.0027501	0.0008872	4.1983e-17
20.74	8.4578e-06	0.0036381	0.0027509	0.00088727	4.1769e-17
20.75	8.4459e-06	0.0036365	0.0027493	0.00088723	4.1583e-17
20.76	8.4282e-06	0.0036324	0.0027453	0.00088708	4.1429e-17
20.77	8.4049e-06	0.0036258	0.002739	0.0008868	4.131e-17
20.78	8.3762e-06	0.0036169	0.0027305	0.00088637	4.1231e-17
20.79	8.3422e-06	0.0036057	0.0027199	0.00088578	4.1196e-17
20.8	8.3034e-06	0.0035924	0.0027074	0.00088503	4.1207e-17
20.81	8.2602e-06	0.0035771	0.002693	0.00088409	4.1266e-17
20.82	8.2131e-06	0.0035602	0.0026772	0.00088296	4.137e-17
20.83	8.1628e-06	0.0035417	0.0026601	0.00088164	4.1518e-17
20.84	8.1099e-06	0.0035222	0.0026421	0.00088012	4.1704e-17
20.85	8.0553e-06	0.0035018	0.0026234	0.00087842	4.192e-17
20.86	7.9998e-06	0.0034811	0.0026045	0.00087655	4.2157e-17
20.87	7.9445e-06	0.0034603	0.0025857	0.00087455	4.2401e-17
20.88	7.8902e-06	0.0034399	0.0025675	0.00087245	4.264e-17
20.89	7.8381e-06	0.0034205	0.0025502	0.0008703	4.2856e-17
20.9	7.7892e-06	0.0034024	0.0025342	0.00086814	4.3036e-17
20.91	7.7444e-06	0.0033861	0.00252	0.00086604	4.3164e-17
20.92	7.7048e-06	0.003372	0.0025079	0.00086406	4.3227e-17
20.93	7.6711e-06	0.0033604	0.0024982	0.00086224	4.3213e-17
20.94	7.6441e-06	0.0033518	0.0024912	0.00086065	4.3115e-17
20.95	7.6243e-06	0.0033463	0.002487	0.00085934	4.2929e-17
20.96	7.6121e-06	0.0033441	0.0024858	0.00085834	4.2658e-17
20.97	7.6075e-06	0.0033454	0.0024877	0.00085768	4.2307e-17
20.98	7.6107e-06	0.0033499	0.0024925	0.00085738	4.1889e-17
20.99	7.6211e-06	0.0033577	0.0025003	0.00085743	4.142e-17
21	7.6383e-06	0.0033685	0.0025107	0.00085783	4.0921e-17
21.01	7.6617e-06	0.003382	0.0025235	0.00085855	4.0417e-17
21.02	7.6902e-06	0.0033978	0.0025383	0.00085955	3.9936e-17
21.03	7.7228e-06	0.0034155	0.0025547	0.00086078	3.9504e-17
21.04	7.7585e-06	0.0034345	0.0025724	0.00086218	3.915e-17
21.05	7.796e-06	0.0034544	0.0025907	0.00086371	3.8899e-17
21.06	7.8339e-06	0.0034745	0.0026092	0.00086529	3.8773e-17
21.07	7.8713e-06	0.0034944	0.0026275	0.00086688	3.8787e-17
21.08	7.9067e-06	0.0035135	0.0026451	0.00086841	3.8953e-17
21.09	7.9393e-06	0.0035313	0.0026614	0.00086984	3.9273e-17
21.1	7.9679e-06	0.0035474	0.0026763	0.00087113	3.9743e-17
21.11	7.9919e-06	0.0035615	0.0026892	0.00087225	4.035e-17
21.12	8.0106e-06	0.0035732	0.0027	0.00087318	4.1074e-17
21.13	8.0234e-06	0.0035823	0.0027084	0.00087391	4.1888e-17
21.14	8.0301e-06	0.0035887	0.0027142	0.00087443	4.276e-17
21.15	8.0305e-06	0.0035922	0.0027175	0.00087475	4.3653e-17
21.16	8.0246e-06	0.003593	0.0027181	0.00087488	4.4528e-17
21.17	8.0125e-06	0.003591	0.0027161	0.00087483	4.5347e-17
21.18	7.9945e-06	0.0035863	0.0027117	0.00087462	4.607e-17
21.19	7.971e-06	0.0035791	0.0027048	0.00087427	4.6665e-17
21.2	7.9423e-06	0.0035696	0.0026958	0.00087379	4.7102e-17
21.21	7.909e-06	0.003558	0.0026848	0.00087319	4.736e-17
21.22	7.8716e-06	0.0035445	0.002672	0.00087249	4.7425e-17
21.23	7.8309e-06	0.0035295	0.0026578	0.00087171	4.7293e-17
21.24	7.7875e-06	0.0035132	0.0026424	0.00087083	4.6969e-17
21.25	7.742e-06	0.003496	0.0026261	0.00086988	4.6466e-17
21.26	7.6951e-06	0.0034781	0.0026092	0.00086886	4.5806e-17
21.27	7.6477e-06	0.0034599	0.0025921	0.00086777	4.502e-17
21.28	7.6004e-06	0.0034418	0.0025751	0.00086662	4.414e-17
21.29	7.554e-06	0.003424	0.0025585	0.00086543	4.3208e-17
21.3	7.5093e-06	0.0034069	0.0025427	0.00086419	4.2262e-17
21.31	7.4668e-06	0.0033908	0.0025279	0.00086293	4.1343e-17
21.32	7.4274e-06	0.0033761	0.0025144	0.00086167	4.0489e-17
21.33	7.3916e-06	0.0033629	0.0025025	0.00086042	3.9732e-17
21.34	7.3599e-06	0.0033517	0.0024925	0.00085919	3.9102e-17
21.35	7.3329e-06	0.0033425	0.0024845	0.00085802	3.8617e-17
21.36	7.3108e-06	0.0033355	0.0024786	0.00085691	3.8289e-17
21.37	7.2939e-06	0.003331	0.0024751	0.00085588	3.8123e-17
21.38	7.2823e-06	0.0033288	0.0024738	0.00085494	3.8112e-17
21.39	7.2759e-06	0.003329	0.0024749	0.00085411	3.8245e-17
21.4	7.2746e-06	0.0033315	0.0024781	0.00085337	3.8501e-17
21.41	7.2781e-06	0.0033362	0.0024835	0.00085273	3.8855e-17
21.42	7.2858e-06	0.0033428	0.0024907	0.00085218	3.9279e-17
21.43	7.2972e-06	0.0033512	0.0024995	0.00085169	3.9743e-17
21.44	7.3116e-06	0.0033609	0.0025097	0.00085127	4.0214e-17
21.45	7.3283e-06	0.0033718	0.0025209	0.00085087	4.0665e-17
21.46	7.3465e-06	0.0033833	0.0025328	0.00085049	4.1071e-17
21.47	7.3654e-06	0.0033951	0.002545	0.0008501	4.1411e-17
21.48	7.3841e-06	0.003407	0.0025573	0.00084969	4.1672e-17
21.49	7.4021e-06	0.0034184	0.0025692	0.00084925	4.1845e-17
21.5	7.4184e-06	0.0034292	0.0025804	0.00084876	4.1932e-17
21.51	7.4326e-06	0.0034389	0.0025907	0.00084823	4.1939e-17
21.52	7.4442e-06	0.0034475	0.0025998	0.00084767	4.1878e-17
21.53	7.4527e-06	0.0034546	0.0026075	0.00084708	4.1767e-17
21.54	7.4578e-06	0.0034602	0.0026137	0.00084648	4.1628e-17
21.55	7.4594e-06	0.0034642	0.0026183	0.0008459	4.1485e-17
21.56	7.4573e-06	0.0034664	0.0026211	0.00084535	4.1362e-17
21.57	7.4516e-06	0.003467	0.0026221	0.00084486	4.1282e-17
21.58	7.4424e-06	0.0034659	0.0026215	0.00084445	4.1265e-17
21.59	7.4298e-06	0.0034632	0.0026191	0.00084413	4.1329e-17
21.6	7.4139e-06	0.003459	0.0026151	0.00084393	4.1482e-17
21.61	7.395e-06	0.0034534	0.0026096	0.00084383	4.173e-17
21.62	7.3734e-06	0.0034465	0.0026027	0.00084384	4.207e-17
21.63	7.3492e-06	0.0034384	0.0025944	0.00084395	4.2495e-17
21.64	7.3228e-06	0.0034292	0.002585	0.00084414	4.2988e-17
21.65	7.2944e-06	0.003419	0.0025747	0.00084437	4.3531e-17
21.66	7.2642e-06	0.003408	0.0025634	0.00084462	4.4099e-17
21.67	7.2326e-06	0.0033963	0.0025515	0.00084486	4.4666e-17
21.68	7.1998e-06	0.0033841	0.002539	0.00084505	4.5203e-17
21.69	7.1662e-06	0.0033714	0.0025262	0.00084514	4.5685e-17
21.7	7.1321e-06	0.0033584	0.0025133	0.00084512	4.6086e-17
21.71	7.0979e-06	0.0033454	0.0025005	0.00084495	4.6386e-17
21.72	7.064e-06	0.0033325	0.0024879	0.00084461	4.6567e-17
21.73	7.0309e-06	0.0033199	0.0024758	0.00084409	4.6621e-17
21.74	6.999e-06	0.0033079	0.0024645	0.00084339	4.6544e-17
21.75	6.9688e-06	0.0032967	0.0024542	0.00084252	4.6338e-17
21.76	6.9409e-06	0.0032865	0.002445	0.00084149	4.6015e-17
21.77	6.9156e-06	0.0032775	0.0024372	0.00084033	4.559e-17
21.78	6.8934e-06	0.00327	0.0024309	0.00083906	4.5083e-17
21.79	6.8747e-06	0.0032641	0.0024264	0.00083772	4.452e-17
21.8	6.8597e-06	0.00326	0.0024237	0.00083633	4.3927e-17
21.81	6.8488e-06	0.0032578	0.0024228	0.00083495	4.3332e-17
21.82	6.8419e-06	0.0032575	0.0024239	0.00083359	4.2764e-17
21.83	6.8391e-06	0.0032592	0.0024269	0.00083229	4.2245e-17
21.84	6.8402e-06	0.0032627	0.0024316	0.00083107	4.1799e-17
21.85	6.845e-06	0.003268	0.002438	0.00082995	4.1441e-17
21.86	6.8531e-06	0.0032748	0.0024459	0.00082895	4.1183e-17
21.87	6.8641e-06	0.0032831	0.002455	0.00082806	4.1029e-17
21.88	6.8773e-06	0.0032924	0.0024651	0.00082729	4.0979e-17
21.89	6.8922e-06	0.0033026	0.0024759	0.00082664	4.1027e-17
21.9	6.9081e-06	0.0033132	0.0024871	0.0008261	4.1162e-17
21.91	6.9243e-06	0.003324	0.0024984	0.00082565	4.1366e-17
21.92	6.9401e-06	0.0033346	0.0025094	0.00082529	4.1623e-17
21.93	6.955e-06	0.0033448	0.0025198	0.000825	4.1911e-17
21.94	6.9682e-06	0.0033542	0.0025294	0.00082479	4.2209e-17
21.95	6.9792e-06	0.0033626	0.002538	0.00082463	4.2499e-17
21.96	6.9876e-06	0.0033697	0.0025452	0.00082452	4.2763e-17
21.97	6.9931e-06	0.0033754	0.002551	0.00082446	4.2985e-17
21.98	6.9953e-06	0.0033796	0.0025551	0.00082445	4.3157e-17
21.99	6.994e-06	0.003382	0.0025576	0.00082448	4.3272e-17
22	6.9892e-06	0.0033828	0.0025582	0.00082455	4.3328e-17
22.01	6.9808e-06	0.0033818	0.0025571	0.00082465	4.3329e-17
22.02	6.9688e-06	0.0033791	0.0025543	0.0008248	4.3282e-17
22.03	6.9535e-06	0.0033747	0.0025497	0.00082496	4.3195e-17
22.04	6.9348e-06	0.0033687	0.0025435	0.00082515	4.3082e-17
22.05	6.9132e-06	0.0033612	0.0025359	0.00082533	4.2955e-17
22.06	6.8887e-06	0.0033524	0.0025269	0.00082551	4.2828e-17
22.07	6.8619e-06	0.0033423	0.0025167	0.00082565	4.2712e-17
22.08	6.8329e-06	0.0033312	0.0025055	0.00082575	4.2617e-17
22.09	6.8022e-06	0.0033192	0.0024935	0.00082577	4.255e-17
22.1	6.7702e-06	0.0033066	0.0024809	0.00082572	4.2515e-17
22.11	6.7373e-06	0.0032936	0.002468	0.00082556	4.2511e-17
22.12	6.7042e-06	0.0032803	0.002455	0.00082528	4.2535e-17
22.13	6.6712e-06	0.0032671	0.0024422	0.0008249	4.2579e-17
22.14	6.6389e-06	0.0032542	0.0024298	0.00082439	4.2635e-17
22.15	6.6078e-06	0.003242	0.0024182	0.00082378	4.2691e-17
22.16	6.5787e-06	0.0032306	0.0024075	0.00082308	4.2734e-17
22.17	6.5519e-06	0.0032203	0.002398	0.00082231	4.2753e-17
22.18	6.528e-06	0.0032115	0.00239	0.00082149	4.2738e-17
22.19	6.5075e-06	0.0032043	0.0023836	0.00082066	4.2681e-17
22.2	6.4908e-06	0.0031989	0.0023791	0.00081984	4.2577e-17
22.21	6.4782e-06	0.0031956	0.0023765	0.00081907	4.2426e-17
22.22	6.47e-06	0.0031944	0.0023761	0.00081837	4.2232e-17
22.23	6.4663e-06	0.0031955	0.0023777	0.00081778	4.2001e-17
22.24	6.467e-06	0.0031987	0.0023814	0.00081731	4.1747e-17
22.25	6.472e-06	0.003204	0.0023871	0.00081698	4.1484e-17
22.26	6.4809e-06	0.0032113	0.0023946	0.00081678	4.123e-17
22.27	6.4934e-06	0.0032204	0.0024037	0.00081671	4.1004e-17
22.28	6.5088e-06	0.003231	0.0024142	0.00081676	4.0824e-17
22.29	6.5266e-06	0.0032427	0.0024258	0.0008169	4.0708e-17
22.3	6.5459e-06	0.0032552	0.0024381	0.00081711	4.0671e-17
22.31	6.5659e-06	0.0032681	0.0024507	0.00081736	4.0722e-17
22.32	6.5858e-06	0.003281	0.0024634	0.0008176	4.0868e-17
22.33	6.6048e-06	0.0032934	0.0024756	0.0008178	4.111e-17
22.34	6.6221e-06	0.0033049	0.002487	0.00081793	4.1442e-17
22.35	6.6368e-06	0.0033152	0.0024973	0.00081795	4.1853e-17
22.36	6.6483e-06	0.0033239	0.0025061	0.00081783	4.2326e-17
22.37	6.656e-06	0.0033308	0.0025132	0.00081756	4.284e-17
22.38	6.6596e-06	0.0033356	0.0025184	0.00081712	4.3371e-17
22.39	6.6586e-06	0.0033381	0.0025216	0.00081651	4.3892e-17
22.4	6.653e-06	0.0033382	0.0025225	0.00081573	4.4376e-17
22.41	6.6426e-06	0.003336	0.0025212	0.00081479	4.4798e-17
22.42	6.6276e-06	0.0033314	0.0025177	0.00081371	4.5135e-17
22.43	6.6082e-06	0.0033246	0.0025121	0.00081252	4.5367e-17
22.44	6.5847e-06	0.0033157	0.0025045	0.00081123	4.5482e-17
22.45	6.5575e-06	0.003305	0.0024951	0.00080989	4.5472e-17
22.46	6.5271e-06	0.0032926	0.0024841	0.00080852	4.5335e-17
22.47	6.4941e-06	0.0032789	0.0024718	0.00080714	4.5079e-17
22.48	6.4591e-06	0.0032641	0.0024583	0.00080579	4.4717e-17
22.49	6.4227e-06	0.0032486	0.0024441	0.00080448	4.4265e-17
22.5	6.3855e-06	0.0032327	0.0024294	0.00080324	4.3747e-17
22.51	6.3482e-06	0.0032166	0.0024145	0.00080209	4.3189e-17
22.52	6.3114e-06	0.0032008	0.0023998	0.00080104	4.2617e-17
22.53	6.2756e-06	0.0031855	0.0023854	0.0008001	4.2061e-17
22.54	6.2416e-06	0.0031711	0.0023718	0.00079928	4.1544e-17
22.55	6.2098e-06	0.0031577	0.0023591	0.00079858	4.1089e-17
22.56	6.1807e-06	0.0031457	0.0023477	0.00079801	4.0716e-17
22.57	6.1548e-06	0.0031353	0.0023377	0.00079758	4.0435e-17
22.58	6.1324e-06	0.0031267	0.0023294	0.00079728	4.0255e-17
22.59	6.1141e-06	0.0031201	0.0023229	0.00079712	4.0176e-17
22.6	6.0999e-06	0.0031156	0.0023185	0.00079711	4.0194e-17
22.61	6.0901e-06	0.0031133	0.0023161	0.00079723	4.0297e-17
22.62	6.0848e-06	0.0031134	0.0023159	0.00079751	4.0474e-17
22.63	6.084e-06	0.0031157	0.0023178	0.00079792	4.0707e-17
22.64	6.0876e-06	0.0031203	0.0023219	0.00079847	4.0978e-17
22.65	6.0955e-06	0.0031271	0.002328	0.00079914	4.1269e-17
22.66	6.1072e-06	0.0031359	0.002336	0.00079992	4.1565e-17
22.67	6.1224e-06	0.0031465	0.0023457	0.0008008	4.185e-17
22.68	6.1405e-06	0.0031586	0.0023568	0.00080173	4.2115e-17
22.69	6.1609e-06	0.0031719	0.0023692	0.0008027	4.2354e-17
22.7	6.183e-06	0.003186	0.0023824	0.00080367	4.2564e-17
22.71	6.2059e-06	0.0032006	0.0023961	0.0008046	4.275e-17
22.72	6.2289e-06	0.0032153	0.0024099	0.00080544	4.2916e-17
22.73	6.2511e-06	0.0032296	0.0024235	0.00080617	4.3072e-17
22.74	6.2718e-06	0.0032432	0.0024365	0.00080674	4.3229e-17
22.75	6.2902e-06	0.0032556	0.0024484	0.00080711	4.34e-17
22.76	6.3055e-06	0.0032664	0.0024591	0.00080726	4.3593e-17
22.77	6.3173e-06	0.0032753	0.0024682	0.00080716	4.3818e-17
22.78	6.3249e-06	0.0032822	0.0024754	0.0008068	4.4081e-17
22.79	6.328e-06	0.0032866	0.0024805	0.00080617	4.4382e-17
22.8	6.3263e-06	0.0032886	0.0024834	0.00080529	4.4718e-17
22.81	6.3197e-06	0.0032881	0.002484	0.00080415	4.5082e-17
22.82	6.3082e-06	0.003285	0.0024822	0.00080278	4.5459e-17
22.83	6.2919e-06	0.0032794	0.0024782	0.00080122	4.5833e-17
22.84	6.2712e-06	0.0032715	0.002472	0.0007995	4.6186e-17
22.85	6.2464e-06	0.0032614	0.0024637	0.00079765	4.6496e-17
22.86	6.218e-06	0.0032494	0.0024536	0.00079574	4.6741e-17
22.87	6.1864e-06	0.0032357	0.0024419	0.00079378	4.6903e-17
22.88	6.1523e-06	0.0032207	0.0024289	0.00079184	4.6966e-17
22.89	6.1164e-06	0.0032047	0.0024147	0.00078994	4.6916e-17
22.9	6.0791e-06	0.0031879	0.0023998	0.00078812	4.6749e-17
22.91	6.0412e-06	0.0031708	0.0023844	0.0007864	4.6464e-17
22.92	6.0033e-06	0.0031537	0.0023689	0.00078482	4.6068e-17
22.93	5.9658e-06	0.0031368	0.0023534	0.00078337	4.5576e-17
22.94	5.9295e-06	0.0031204	0.0023383	0.00078207	4.5005e-17
22.95	5.8947e-06	0.0031048	0.0023238	0.00078093	4.4381e-17
22.96	5.862e-06	0.0030902	0.0023103	0.00077993	4.3732e-17
22.97	5.8317e-06	0.0030769	0.0022978	0.00077907	4.3087e-17
22.98	5.8041e-06	0.003065	0.0022867	0.00077835	4.2476e-17
22.99	5.7796e-06	0.0030548	0.002277	0.00077774	4.1925e-17
23	5.7585e-06	0.0030462	0.002269	0.00077725	4.146e-17
23.01	5.7409e-06	0.0030396	0.0022627	0.00077686	4.1098e-17
23.02	5.7269e-06	0.0030348	0.0022582	0.00077656	4.0851e-17
23.03	5.7167e-06	0.003032	0.0022557	0.00077635	4.0725e-17
23.04	5.7102e-06	0.0030312	0.002255	0.00077622	4.0715e-17
23.05	5.7075e-06	0.0030324	0.0022563	0.00077616	4.0812e-17
23.06	5.7085e-06	0.0030356	0.0022594	0.00077618	4.0999e-17
23.07	5.7129e-06	0.0030405	0.0022643	0.00077626	4.1255e-17
23.08	5.7205e-06	0.0030472	0.0022708	0.0007764	4.1555e-17
23.09	5.731e-06	0.0030554	0.0022788	0.0007766	4.1871e-17
23.1	5.7439e-06	0.003065	0.0022882	0.00077684	4.2176e-17
23.11	5.759e-06	0.0030757	0.0022986	0.00077712	4.2447e-17
23.12	5.7755e-06	0.0030872	0.0023098	0.00077742	4.2662e-17
23.13	5.793e-06	0.0030992	0.0023215	0.00077772	4.2806e-17
23.14	5.8108e-06	0.0031115	0.0023335	0.000778	4.2869e-17
23.15	5.8284e-06	0.0031236	0.0023453	0.00077825	4.285e-17
23.16	5.8451e-06	0.0031352	0.0023568	0.00077845	4.2752e-17
23.17	5.8603e-06	0.0031461	0.0023675	0.00077858	4.2587e-17
23.18	5.8735e-06	0.0031559	0.0023773	0.00077862	4.237e-17
23.19	5.8842e-06	0.0031644	0.0023858	0.00077855	4.212e-17
23.2	5.8919e-06	0.0031713	0.0023929	0.00077837	4.1857e-17
23.21	5.8963e-06	0.0031764	0.0023983	0.00077808	4.1602e-17
23.22	5.8972e-06	0.0031796	0.0024019	0.00077767	4.1374e-17
23.23	5.8944e-06	0.0031808	0.0024036	0.00077715	4.1185e-17
23.24	5.8878e-06	0.00318	0.0024034	0.00077654	4.1043e-17
23.25	5.8775e-06	0.0031772	0.0024013	0.00077583	4.095e-17
23.26	5.8637e-06	0.0031724	0.0023974	0.00077506	4.0899e-17
23.27	5.8466e-06	0.0031659	0.0023916	0.00077425	4.0874e-17
23.28	5.8264e-06	0.0031577	0.0023843	0.0007734	4.0855e-17
23.29	5.8036e-06	0.003148	0.0023755	0.00077255	4.0814e-17
23.3	5.7785e-06	0.0031371	0.0023654	0.00077171	4.072e-17
23.31	5.7516e-06	0.0031252	0.0023543	0.0007709	4.0539e-17
23.32	5.7234e-06	0.0031125	0.0023424	0.00077012	4.0238e-17
23.33	5.6942e-06	0.0030993	0.0023299	0.00076939	3.9787e-17
23.34	5.6645e-06	0.0030858	0.0023171	0.00076871	3.9161e-17
23.35	5.6348e-06	0.0030722	0.0023042	0.00076807	3.8343e-17
23.36	5.6055e-06	0.0030588	0.0022914	0.00076747	3.7324e-17
23.37	5.5769e-06	0.0030458	0.0022789	0.0007669	3.6108e-17
23.38	5.5494e-06	0.0030334	0.0022671	0.00076634	3.4709e-17
23.39	5.5233e-06	0.0030218	0.002256	0.0007658	3.3152e-17
23.4	5.499e-06	0.0030111	0.0022458	0.00076524	3.1473e-17
23.41	5.4768e-06	0.0030014	0.0022367	0.00076468	2.9717e-17
23.42	5.4567e-06	0.002993	0.0022289	0.00076409	2.7936e-17
23.43	5.4392e-06	0.0029859	0.0022224	0.00076348	2.6186e-17
23.44	5.4243e-06	0.0029803	0.0022175	0.00076286	2.4526e-17
23.45	5.4123e-06	0.0029762	0.002214	0.00076221	2.3013e-17
23.46	5.4032e-06	0.0029737	0.0022122	0.00076156	2.1701e-17
23.47	5.3971e-06	0.0029729	0.002212	0.00076091	2.0634e-17
23.48	5.394e-06	0.0029738	0.0022135	0.00076028	1.9851e-17
23.49	5.3939e-06	0.0029762	0.0022166	0.00075969	1.9379e-17
23.5	5.3967e-06	0.0029803	0.0022212	0.00075916	1.9232e-17
23.51	5.4022e-06	0.0029859	0.0022272	0.00075869	1.9413e-17
23.52	5.4103e-06	0.0029929	0.0022346	0.0007583	1.9912e-17
23.53	5.4205e-06	0.0030011	0.0022431	0.000758	2.071e-17
23.54	5.4326e-06	0.0030104	0.0022526	0.00075779	2.1776e-17
23.55	5.4461e-06	0.0030204	0.0022627	0.00075768	2.3073e-17
23.56	5.4605e-06	0.003031	0.0022733	0.00075765	2.4558e-17
23.57	5.4754e-06	0.0030418	0.0022841	0.00075771	2.6186e-17
23.58	5.4902e-06	0.0030526	0.0022948	0.00075783	2.7909e-17
23.59	5.5043e-06	0.0030631	0.0023051	0.00075799	2.9685e-17
23.6	5.5172e-06	0.0030729	0.0023147	0.00075819	3.1473e-17
23.61	5.5285e-06	0.0030817	0.0023234	0.00075839	3.3238e-17
23.62	5.5375e-06	0.0030894	0.0023308	0.00075858	3.4952e-17
23.63	5.544e-06	0.0030956	0.0023369	0.00075873	3.6593e-17
23.64	5.5476e-06	0.0031002	0.0023414	0.00075884	3.8148e-17
23.65	5.5479e-06	0.0031031	0.0023442	0.00075887	3.9608e-17
23.66	5.5448e-06	0.003104	0.0023451	0.00075883	4.0972e-17
23.67	5.5383e-06	0.0031029	0.0023442	0.0007587	4.2242e-17
23.68	5.5282e-06	0.0030999	0.0023414	0.00075847	4.3424e-17
23.69	5.5148e-06	0.003095	0.0023368	0.00075814	4.4525e-17
23.7	5.498e-06	0.0030882	0.0023305	0.00075772	4.5554e-17
23.71	5.4783e-06	0.0030797	0.0023225	0.0007572	4.6516e-17
23.72	5.4558e-06	0.0030697	0.0023131	0.00075659	4.7416e-17
23.73	5.431e-06	0.0030583	0.0023024	0.00075589	4.8256e-17
23.74	5.4042e-06	0.0030458	0.0022906	0.00075511	4.9036e-17
23.75	5.3759e-06	0.0030323	0.0022781	0.00075426	4.9753e-17
23.76	5.3465e-06	0.0030183	0.002265	0.00075333	5.04e-17
23.77	5.3165e-06	0.0030039	0.0022515	0.00075235	5.0971e-17
23.78	5.2863e-06	0.0029894	0.0022381	0.0007513	5.1458e-17
23.79	5.2565e-06	0.002975	0.0022248	0.00075021	5.1855e-17
23.8	5.2275e-06	0.002961	0.002212	0.00074907	5.2156e-17
23.81	5.1997e-06	0.0029478	0.0021999	0.0007479	5.2358e-17
23.82	5.1735e-06	0.0029354	0.0021887	0.00074671	5.2462e-17
23.83	5.1494e-06	0.0029242	0.0021787	0.00074552	5.2472e-17
23.84	5.1278e-06	0.0029143	0.00217	0.00074433	5.2397e-17
23.85	5.1088e-06	0.002906	0.0021629	0.00074317	5.2248e-17
23.86	5.0929e-06	0.0028994	0.0021573	0.00074205	5.2041e-17
23.87	5.0803e-06	0.0028946	0.0021536	0.00074101	5.1792e-17
23.88	5.071e-06	0.0028918	0.0021517	0.00074005	5.1522e-17
23.89	5.0652e-06	0.0028909	0.0021517	0.0007392	5.1247e-17
23.9	5.063e-06	0.002892	0.0021535	0.00073848	5.0987e-17
23.91	5.0642e-06	0.0028951	0.0021572	0.0007379	5.0756e-17
23.92	5.0687e-06	0.0029001	0.0021626	0.00073747	5.0567e-17
23.93	5.0762e-06	0.0029069	0.0021697	0.00073721	5.0426e-17
23.94	5.0865e-06	0.0029152	0.0021781	0.00073711	5.0337e-17
23.95	5.0992e-06	0.0029249	0.0021877	0.00073716	5.0298e-17
23.96	5.1136e-06	0.0029357	0.0021983	0.00073735	5.0302e-17
23.97	5.1295e-06	0.0029472	0.0022095	0.00073766	5.034e-17
23.98	5.146e-06	0.0029592	0.0022211	0.00073807	5.0397e-17
23.99	5.1626e-06	0.0029712	0.0022327	0.00073855	5.0458e-17
24	5.1788e-06	0.002983	0.0022439	0.00073905	5.0508e-17
24.01	5.1937e-06	0.0029941	0.0022545	0.00073956	5.0529e-17
24.02	5.207e-06	0.0030042	0.0022642	0.00074003	5.0508e-17
24.03	5.2179e-06	0.003013	0.0022726	0.00074044	5.0436e-17
24.04	5.2261e-06	0.0030203	0.0022795	0.00074075	5.0305e-17
24.05	5.2312e-06	0.0030257	0.0022848	0.00074094	5.0113e-17
24.06	5.2328e-06	0.0030292	0.0022882	0.000741	4.9863e-17
24.07	5.2308e-06	0.0030306	0.0022896	0.00074092	4.9563e-17
24.08	5.2252e-06	0.0030298	0.0022891	0.0007407	4.9223e-17
24.09	5.216e-06	0.003027	0.0022867	0.00074034	4.8861e-17
24.1	5.2034e-06	0.0030222	0.0022823	0.00073987	4.8492e-17
24.11	5.1877e-06	0.0030155	0.0022762	0.0007393	4.8136e-17
24.12	5.1691e-06	0.0030073	0.0022686	0.00073866	4.7811e-17
24.13	5.1482e-06	0.0029976	0.0022596	0.00073798	4.7535e-17
24.14	5.1255e-06	0.0029868	0.0022495	0.00073728	4.7321e-17
24.15	5.1014e-06	0.0029753	0.0022387	0.00073661	4.7181e-17
24.16	5.0766e-06	0.0029632	0.0022273	0.000736	4.7121e-17
24.17	5.0516e-06	0.0029511	0.0022156	0.00073545	4.7143e-17
24.18	5.0269e-06	0.0029391	0.0022041	0.000735	4.7243e-17
24.19	5.003e-06	0.0029275	0.0021929	0.00073467	4.7414e-17
24.2	4.9804e-06	0.0029167	0.0021823	0.00073445	4.7644e-17
24.21	4.9594e-06	0.0029068	0.0021725	0.00073436	4.7917e-17
24.22	4.9405e-06	0.0028981	0.0021638	0.00073438	4.8217e-17
24.23	4.9238e-06	0.0028907	0.0021562	0.0007345	4.8525e-17
24.24	4.9096e-06	0.0028848	0.0021501	0.00073472	4.8823e-17
24.25	4.898e-06	0.0028803	0.0021453	0.000735	4.9094e-17
24.26	4.889e-06	0.0028774	0.0021421	0.00073534	4.9325e-17
24.27	4.8827e-06	0.0028761	0.0021404	0.00073569	4.9503e-17
24.28	4.879e-06	0.0028762	0.0021402	0.00073605	4.962e-17
24.29	4.8777e-06	0.0028779	0.0021415	0.00073638	4.9672e-17
24.3	4.8788e-06	0.0028809	0.0021442	0.00073667	4.9658e-17
24.31	4.8819e-06	0.0028851	0.0021482	0.00073689	4.9583e-17
24.32	4.8869e-06	0.0028904	0.0021534	0.00073704	4.945e-17
24.33	4.8935e-06	0.0028967	0.0021596	0.00073708	4.927e-17
24.34	4.9014e-06	0.0029038	0.0021667	0.00073702	4.9052e-17
24.35	4.9102e-06	0.0029113	0.0021745	0.00073685	4.8807e-17
24.36	4.9195e-06	0.0029193	0.0021827	0.00073655	4.8545e-17
24.37	4.9291e-06	0.0029274	0.0021912	0.00073614	4.8277e-17
24.38	4.9384e-06	0.0029353	0.0021997	0.00073559	4.8011e-17
24.39	4.9473e-06	0.002943	0.0022081	0.00073493	4.7756e-17
24.4	4.9552e-06	0.0029501	0.002216	0.00073414	4.7515e-17
24.41	4.9618e-06	0.0029565	0.0022232	0.00073325	4.7294e-17
24.42	4.9668e-06	0.0029619	0.0022296	0.00073224	4.7094e-17
24.43	4.9699e-06	0.0029662	0.002235	0.00073114	4.6915e-17
24.44	4.9709e-06	0.0029692	0.0022392	0.00072995	4.6756e-17
24.45	4.9695e-06	0.0029708	0.0022421	0.00072869	4.6616e-17
24.46	4.9657e-06	0.0029709	0.0022436	0.00072738	4.6493e-17
24.47	4.9593e-06	0.0029695	0.0022435	0.00072603	4.6385e-17
24.48	4.9504e-06	0.0029666	0.002242	0.00072467	4.6289e-17
24.49	4.9391e-06	0.0029622	0.0022389	0.00072332	4.6204e-17
24.5	4.9254e-06	0.0029565	0.0022344	0.00072202	4.6128e-17
24.51	4.9096e-06	0.0029494	0.0022286	0.00072078	4.6062e-17
24.52	4.8919e-06	0.0029412	0.0022216	0.00071963	4.6004e-17
24.53	4.8728e-06	0.002932	0.0022134	0.00071861	4.5952e-17
24.54	4.8524e-06	0.0029222	0.0022044	0.00071772	4.5907e-17
24.55	4.8312e-06	0.0029118	0.0021948	0.000717	4.5867e-17
24.56	4.8096e-06	0.0029011	0.0021846	0.00071646	4.5828e-17
24.57	4.7879e-06	0.0028904	0.0021743	0.00071611	4.5788e-17
24.58	4.7665e-06	0.0028798	0.0021639	0.00071594	4.5744e-17
24.59	4.7458e-06	0.0028696	0.0021536	0.00071596	4.5689e-17
24.6	4.726e-06	0.00286	0.0021438	0.00071616	4.562e-17
24.61	4.7074e-06	0.0028511	0.0021346	0.00071651	4.5532e-17
24.62	4.6903e-06	0.002843	0.002126	0.000717	4.5419e-17
24.63	4.6749e-06	0.002836	0.0021184	0.00071759	4.5279e-17
24.64	4.6612e-06	0.00283	0.0021117	0.00071826	4.5109e-17
24.65	4.6494e-06	0.0028251	0.0021061	0.00071896	4.4908e-17
24.66	4.6395e-06	0.0028213	0.0021017	0.00071967	4.4678e-17
24.67	4.6315e-06	0.0028188	0.0020984	0.00072036	4.4423e-17
24.68	4.6255e-06	0.0028174	0.0020964	0.00072098	4.4148e-17
24.69	4.6213e-06	0.0028171	0.0020956	0.00072151	4.3863e-17
24.7	4.619e-06	0.002818	0.0020961	0.00072193	4.3575e-17
24.71	4.6184e-06	0.0028199	0.0020977	0.00072224	4.3297e-17
24.72	4.6195e-06	0.0028229	0.0021005	0.0007224	4.3038e-17
24.73	4.6221e-06	0.0028268	0.0021043	0.00072244	4.2811e-17
24.74	4.6262e-06	0.0028315	0.0021092	0.00072233	4.2623e-17
24.75	4.6315e-06	0.0028371	0.002115	0.00072211	4.2482e-17
24.76	4.6381e-06	0.0028434	0.0021216	0.00072178	4.2394e-17
24.77	4.6455e-06	0.0028503	0.0021289	0.00072135	4.2358e-17
24.78	4.6538e-06	0.0028577	0.0021368	0.00072084	4.2375e-17
24.79	4.6626e-06	0.0028654	0.0021451	0.00072028	4.2437e-17
24.8	4.6717e-06	0.0028733	0.0021536	0.00071968	4.2537e-17
24.81	4.6808e-06	0.0028812	0.0021621	0.00071905	4.2664e-17
24.82	4.6896e-06	0.002889	0.0021705	0.00071841	4.2804e-17
24.83	4.6979e-06	0.0028964	0.0021786	0.00071778	4.2943e-17
24.84	4.7052e-06	0.0029032	0.0021861	0.00071714	4.3067e-17
24.85	4.7113e-06	0.0029094	0.0021928	0.00071652	4.3164e-17
24.86	4.7159e-06	0.0029145	0.0021986	0.00071591	4.3221e-17
24.87	4.7187e-06	0.0029186	0.0022033	0.00071531	4.3231e-17
24.88	4.7195e-06	0.0029214	0.0022067	0.00071471	4.3189e-17
24.89	4.7179e-06	0.0029228	0.0022087	0.00071411	4.3096e-17
24.9	4.714e-06	0.0029227	0.0022092	0.00071351	4.2955e-17
24.91	4.7075e-06	0.0029211	0.0022081	0.0007129	4.2775e-17
24.92	4.6985e-06	0.0029178	0.0022055	0.00071229	4.2565e-17
24.93	4.687e-06	0.002913	0.0022013	0.00071166	4.2341e-17
24.94	4.673e-06	0.0029066	0.0021956	0.00071103	4.2117e-17
24.95	4.6569e-06	0.0028989	0.0021885	0.00071039	4.191e-17
24.96	4.6387e-06	0.0028899	0.0021802	0.00070977	4.1733e-17
24.97	4.6189e-06	0.0028799	0.0021707	0.00070915	4.16e-17
24.98	4.5977e-06	0.002869	0.0021604	0.00070856	4.1519e-17
24.99	4.5755e-06	0.0028574	0.0021494	0.00070799	4.1497e-17
25	4.5527e-06	0.0028454	0.002138	0.00070747	4.1532e-17
25.01	4.5297e-06	0.0028333	0.0021263	0.00070699	4.1621e-17
25.02	4.5069e-06	0.0028213	0.0021147	0.00070656	4.1755e-17
25.03	4.4847e-06	0.0028097	0.0021035	0.00070619	4.192e-17
25.04	4.4634e-06	0.0027986	0.0020927	0.00070587	4.2101e-17
25.05	4.4434e-06	0.0027883	0.0020827	0.00070561	4.2278e-17
25.06	4.4251e-06	0.002779	0.0020736	0.00070539	4.2432e-17
25.07	4.4085e-06	0.0027708	0.0020656	0.00070522	4.2544e-17
25.08	4.394e-06	0.0027639	0.0020588	0.00070508	4.2599e-17
25.09	4.3818e-06	0.0027584	0.0020534	0.00070498	4.2582e-17
25.1	4.3718e-06	0.0027543	0.0020494	0.00070489	4.2485e-17
25.11	4.3643e-06	0.0027518	0.002047	0.00070481	4.2304e-17
25.12	4.3593e-06	0.0027508	0.002046	0.00070474	4.2041e-17
25.13	4.3566e-06	0.0027513	0.0020466	0.00070467	4.1703e-17
25.14	4.3563e-06	0.0027533	0.0020487	0.0007046	4.1304e-17
25.15	4.3583e-06	0.0027567	0.0020522	0.00070453	4.0858e-17
25.16	4.3624e-06	0.0027615	0.0020571	0.00070446	4.0387e-17
25.17	4.3685e-06	0.0027675	0.0020632	0.00070439	3.9912e-17
25.18	4.3762e-06	0.0027747	0.0020704	0.00070431	3.9454e-17
25.19	4.3855e-06	0.0027827	0.0020785	0.00070425	3.9035e-17
25.2	4.3959e-06	0.0027916	0.0020874	0.00070419	3.8673e-17
25.21	4.4072e-06	0.0028009	0.0020968	0.00070414	3.8382e-17
25.22	4.419e-06	0.0028107	0.0021066	0.0007041	3.8172e-17
25.23	4.4309e-06	0.0028205	0.0021164	0.00070406	3.8047e-17
25.24	4.4425e-06	0.0028302	0.0021261	0.00070402	3.8008e-17
25.25	4.4536e-06	0.0028394	0.0021354	0.00070397	3.8048e-17
25.26	4.4635e-06	0.002848	0.0021441	0.00070391	3.8157e-17
25.27	4.4721e-06	0.0028557	0.0021519	0.00070381	3.8321e-17
25.28	4.4788e-06	0.0028623	0.0021586	0.00070366	3.8525e-17
25.29	4.4834e-06	0.0028675	0.0021641	0.00070346	3.8751e-17
25.3	4.4857e-06	0.0028712	0.002168	0.00070319	3.8983e-17
25.31	4.4852e-06	0.0028732	0.0021704	0.00070284	3.9205e-17
25.32	4.482e-06	0.0028735	0.0021711	0.0007024	3.9406e-17
25.33	4.476e-06	0.0028718	0.00217	0.00070186	3.9575e-17
25.34	4.467e-06	0.0028683	0.0021671	0.00070123	3.9708e-17
25.35	4.4552e-06	0.002863	0.0021625	0.00070051	3.9804e-17
25.36	4.4407e-06	0.002856	0.0021563	0.00069971	3.9865e-17
25.37	4.4238e-06	0.0028473	0.0021485	0.00069883	3.9898e-17
25.38	4.4047e-06	0.0028373	0.0021394	0.00069789	3.991e-17
25.39	4.3838e-06	0.002826	0.0021291	0.00069691	3.9911e-17
25.4	4.3614e-06	0.0028138	0.0021179	0.00069592	3.9912e-17
25.41	4.338e-06	0.0028009	0.002106	0.00069493	3.992e-17
25.42	4.3141e-06	0.0027877	0.0020937	0.00069396	3.9942e-17
25.43	4.2901e-06	0.0027744	0.0020813	0.00069305	3.9984e-17
25.44	4.2665e-06	0.0027612	0.0020691	0.00069219	4.0044e-17
25.45	4.2437e-06	0.0027486	0.0020572	0.00069142	4.0121e-17
25.46	4.2221e-06	0.0027368	0.0020461	0.00069074	4.0208e-17
25.47	4.2021e-06	0.002726	0.0020358	0.00069017	4.0295e-17
25.48	4.184e-06	0.0027164	0.0020267	0.0006897	4.0371e-17
25.49	4.1681e-06	0.0027082	0.0020188	0.00068933	4.0423e-17
25.5	4.1546e-06	0.0027015	0.0020124	0.00068908	4.0438e-17
25.51	4.1436e-06	0.0026965	0.0020076	0.00068892	4.0405e-17
25.52	4.1353e-06	0.0026932	0.0020043	0.00068885	4.0315e-17
25.53	4.1296e-06	0.0026916	0.0020027	0.00068887	4.0161e-17
25.54	4.1266e-06	0.0026918	0.0020028	0.00068895	3.9942e-17
25.55	4.1262e-06	0.0026936	0.0020045	0.00068908	3.9662e-17
25.56	4.1282e-06	0.002697	0.0020077	0.00068926	3.9326e-17
25.57	4.1325e-06	0.0027019	0.0020124	0.00068948	3.8946e-17
25.58	4.1388e-06	0.0027082	0.0020185	0.00068971	3.8539e-17
25.59	4.147e-06	0.0027156	0.0020257	0.00068996	3.812e-17
25.6	4.1566e-06	0.0027241	0.0020339	0.0006902	3.7709e-17
25.61	4.1675e-06	0.0027333	0.0020429	0.00069044	3.7324e-17
25.62	4.1792e-06	0.0027432	0.0020525	0.00069067	3.6982e-17
25.63	4.1914e-06	0.0027533	0.0020625	0.00069087	3.6696e-17
25.64	4.2038e-06	0.0027636	0.0020726	0.00069105	3.6477e-17
25.65	4.2159e-06	0.0027737	0.0020825	0.00069118	3.6329e-17
25.66	4.2274e-06	0.0027834	0.0020922	0.00069127	3.6253e-17
25.67	4.2378e-06	0.0027925	0.0021012	0.0006913	3.6243e-17
25.68	4.247e-06	0.0028007	0.0021095	0.00069128	3.6288e-17
25.69	4.2545e-06	0.0028078	0.0021167	0.00069118	3.6374e-17
25.7	4.26e-06	0.0028137	0.0021227	0.00069101	3.6483e-17
25.71	4.2633e-06	0.002818	0.0021273	0.00069076	3.6598e-17
25.72	4.2642e-06	0.0028208	0.0021304	0.00069042	3.6697e-17
25.73	4.2625e-06	0.0028219	0.0021319	0.00068999	3.6766e-17
25.74	4.2582e-06	0.0028213	0.0021318	0.00068948	3.6788e-17
25.75	4.2513e-06	0.0028189	0.00213	0.00068889	3.6753e-17
25.76	4.2418e-06	0.0028147	0.0021265	0.00068823	3.6657e-17
25.77	4.2298e-06	0.002809	0.0021215	0.0006875	3.6499e-17
25.78	4.2156e-06	0.0028017	0.002115	0.00068673	3.6286e-17
25.79	4.1994e-06	0.0027931	0.0021072	0.00068592	3.6027e-17
25.8	4.1814e-06	0.0027833	0.0020982	0.0006851	3.5738e-17
25.81	4.1621e-06	0.0027726	0.0020883	0.00068429	3.5437e-17
25.82	4.1418e-06	0.0027612	0.0020777	0.00068349	3.5144e-17
25.83	4.1208e-06	0.0027493	0.0020666	0.00068273	3.4877e-17
25.84	4.0996e-06	0.0027373	0.0020553	0.00068202	3.4656e-17
25.85	4.0785e-06	0.0027254	0.002044	0.00068138	3.4494e-17
25.86	4.0579e-06	0.0027137	0.0020329	0.0006808	3.4401e-17
25.87	4.0382e-06	0.0027026	0.0020223	0.00068029	3.4383e-17
25.88	4.0196e-06	0.0026922	0.0020123	0.00067986	3.4439e-17
25.89	4.0023e-06	0.0026827	0.0020032	0.00067948	3.4561e-17
25.9	3.9866e-06	0.0026743	0.0019951	0.00067916	3.4737e-17
25.91	3.9726e-06	0.0026669	0.0019881	0.00067887	3.4951e-17
25.92	3.9604e-06	0.0026608	0.0019822	0.00067859	3.5182e-17
25.93	3.9501e-06	0.0026559	0.0019776	0.00067832	3.5408e-17
25.94	3.9416e-06	0.0026522	0.0019742	0.00067802	3.5608e-17
25.95	3.9349e-06	0.0026497	0.0019721	0.00067767	3.5761e-17
25.96	3.9299e-06	0.0026484	0.0019712	0.00067727	3.5849e-17
25.97	3.9265e-06	0.0026482	0.0019714	0.00067679	3.586e-17
25.98	3.9247e-06	0.002649	0.0019728	0.00067622	3.5786e-17
25.99	3.9241e-06	0.0026507	0.0019751	0.00067557	3.5628e-17
26	3.9248e-06	0.0026531	0.0019783	0.00067482	3.5389e-17
26.01	3.9264e-06	0.0026563	0.0019823	0.00067397	3.508e-17
26.02	3.9289e-06	0.00266	0.001987	0.00067305	3.4717e-17
26.03	3.932e-06	0.0026642	0.0019921	0.00067206	3.432e-17
26.04	3.9356e-06	0.0026687	0.0019976	0.00067101	3.3909e-17
26.05	3.9394e-06	0.0026733	0.0020034	0.00066993	3.3509e-17
26.06	3.9434e-06	0.002678	0.0020092	0.00066883	3.3138e-17
26.07	3.9472e-06	0.0026827	0.002015	0.00066774	3.2815e-17
26.08	3.9508e-06	0.0026872	0.0020205	0.00066668	3.2555e-17
26.09	3.9539e-06	0.0026914	0.0020257	0.00066566	3.2367e-17
26.1	3.9563e-06	0.0026951	0.0020304	0.00066471	3.2252e-17
26.11	3.958e-06	0.0026983	0.0020345	0.00066383	3.2209e-17
26.12	3.9587e-06	0.0027008	0.0020378	0.00066305	3.223e-17
26.13	3.9583e-06	0.0027026	0.0020403	0.00066236	3.2301e-17
26.14	3.9567e-06	0.0027036	0.0020418	0.00066178	3.2405e-17
26.15	3.9538e-06	0.0027037	0.0020424	0.00066131	3.2522e-17
26.16	3.9496e-06	0.0027029	0.0020419	0.00066094	3.2634e-17
26.17	3.944e-06	0.0027011	0.0020404	0.00066069	3.2721e-17
26.18	3.937e-06	0.0026984	0.0020378	0.00066054	3.2766e-17
26.19	3.9286e-06	0.0026947	0.0020342	0.00066048	3.2756e-17
26.2	3.919e-06	0.0026902	0.0020297	0.00066052	3.2683e-17
26.21	3.9083e-06	0.0026849	0.0020242	0.00066065	3.2542e-17
26.22	3.8966e-06	0.0026789	0.002018	0.00066085	3.2336e-17
26.23	3.8841e-06	0.0026723	0.0020112	0.00066111	3.2072e-17
26.24	3.8709e-06	0.0026653	0.0020038	0.00066144	3.176e-17
26.25	3.8573e-06	0.0026579	0.0019961	0.00066181	3.1416e-17
26.26	3.8435e-06	0.0026504	0.0019882	0.00066221	3.1053e-17
26.27	3.8298e-06	0.002643	0.0019803	0.00066263	3.0691e-17
26.28	3.8162e-06	0.0026356	0.0019726	0.00066305	3.0344e-17
26.29	3.8031e-06	0.0026286	0.0019651	0.00066346	3.0026e-17
26.3	3.7906e-06	0.0026219	0.0019581	0.00066384	2.9747e-17
26.31	3.7789e-06	0.0026158	0.0019516	0.00066417	2.9513e-17
26.32	3.768e-06	0.0026103	0.0019458	0.00066443	2.9327e-17
26.33	3.7582e-06	0.0026054	0.0019408	0.00066461	2.9184e-17
26.34	3.7495e-06	0.0026014	0.0019367	0.00066468	2.908e-17
26.35	3.7419e-06	0.0025981	0.0019334	0.00066464	2.9003e-17
26.36	3.7354e-06	0.0025956	0.0019311	0.00066447	2.894e-17
26.37	3.7302e-06	0.0025939	0.0019297	0.00066415	2.8878e-17
26.38	3.7261e-06	0.002593	0.0019293	0.0006637	2.8804e-17
26.39	3.7231e-06	0.0025929	0.0019298	0.0006631	2.8704e-17
26.4	3.7212e-06	0.0025935	0.0019311	0.00066236	2.857e-17
26.41	3.7202e-06	0.0025948	0.0019333	0.00066149	2.8395e-17
26.42	3.7202e-06	0.0025967	0.0019362	0.0006605	2.8177e-17
26.43	3.721e-06	0.0025993	0.0019398	0.00065942	2.7917e-17
26.44	3.7225e-06	0.0026023	0.001944	0.00065825	2.7622e-17
26.45	3.7246e-06	0.0026057	0.0019487	0.00065703	2.73e-17
26.46	3.7271e-06	0.0026095	0.0019537	0.00065579	2.6964e-17
26.47	3.73e-06	0.0026135	0.0019589	0.00065454	2.6628e-17
26.48	3.7331e-06	0.0026176	0.0019643	0.00065332	2.6304e-17
26.49	3.7362e-06	0.0026218	0.0019697	0.00065214	2.6006e-17
26.5	3.7392e-06	0.0026259	0.0019748	0.00065103	2.5745e-17
26.51	3.7419e-06	0.0026297	0.0019797	0.00065	2.5529e-17
26.52	3.744e-06	0.0026332	0.0019841	0.00064906	2.5363e-17
26.53	3.7455e-06	0.0026362	0.001988	0.00064823	2.5245e-17
26.54	3.746e-06	0.0026386	0.0019911	0.00064751	2.5174e-17
26.55	3.7456e-06	0.0026403	0.0019934	0.00064689	2.5141e-17
26.56	3.7439e-06	0.0026411	0.0019947	0.00064638	2.5135e-17
26.57	3.7409e-06	0.002641	0.001995	0.00064595	2.5144e-17
26.58	3.7365e-06	0.0026398	0.0019942	0.00064562	2.5155e-17
26.59	3.7306e-06	0.0026376	0.0019923	0.00064535	2.5153e-17
26.6	3.7232e-06	0.0026344	0.0019892	0.00064514	2.5128e-17
26.61	3.7143e-06	0.00263	0.0019851	0.00064498	2.5068e-17
26.62	3.7039e-06	0.0026247	0.0019798	0.00064485	2.4967e-17
26.63	3.6922e-06	0.0026183	0.0019736	0.00064475	2.4823e-17
26.64	3.6793e-06	0.0026111	0.0019665	0.00064466	2.4637e-17
26.65	3.6654e-06	0.0026032	0.0019586	0.00064458	2.4412e-17
26.66	3.6507e-06	0.0025947	0.0019502	0.0006445	2.4156e-17
26.67	3.6355e-06	0.0025859	0.0019414	0.00064443	2.388e-17
26.68	3.62e-06	0.0025768	0.0019324	0.00064435	2.3595e-17
26.69	3.6045e-06	0.0025677	0.0019234	0.00064427	2.3311e-17
26.7	3.5893e-06	0.0025588	0.0019146	0.00064418	2.304e-17
26.71	3.5746e-06	0.0025502	0.0019061	0.00064408	2.2789e-17
26.72	3.5608e-06	0.0025422	0.0018983	0.00064397	2.2564e-17
26.73	3.5479e-06	0.002535	0.0018911	0.00064386	2.2367e-17
26.74	3.5363e-06	0.0025285	0.0018848	0.00064372	2.2197e-17
26.75	3.526e-06	0.0025231	0.0018795	0.00064357	2.2048e-17
26.76	3.5173e-06	0.0025187	0.0018753	0.00064339	2.1913e-17
26.77	3.5101e-06	0.0025155	0.0018723	0.00064318	2.1783e-17
26.78	3.5045e-06	0.0025133	0.0018704	0.00064293	2.1645e-17
26.79	3.5006e-06	0.0025124	0.0018697	0.00064264	2.1489e-17
26.8	3.4982e-06	0.0025125	0.0018702	0.0006423	2.1306e-17
26.81	3.4973e-06	0.0025138	0.0018719	0.0006419	2.1088e-17
26.82	3.4978e-06	0.002516	0.0018745	0.00064146	2.0831e-17
26.83	3.4995e-06	0.0025191	0.0018782	0.00064096	2.0536e-17
26.84	3.5024e-06	0.0025231	0.0018827	0.00064041	2.0207e-17
26.85	3.5062e-06	0.0025277	0.0018879	0.00063981	1.9853e-17
26.86	3.5107e-06	0.0025329	0.0018937	0.00063917	1.9485e-17
26.87	3.5158e-06	0.0025384	0.0018999	0.00063851	1.9117e-17
26.88	3.5212e-06	0.0025442	0.0019064	0.00063781	1.8767e-17
26.89	3.5267e-06	0.0025501	0.001913	0.00063711	1.8448e-17
26.9	3.5322e-06	0.0025559	0.0019195	0.0006364	1.8177e-17
26.91	3.5372e-06	0.0025615	0.0019258	0.0006357	1.7963e-17
26.92	3.5418e-06	0.0025667	0.0019317	0.00063502	1.7815e-17
26.93	3.5456e-06	0.0025713	0.001937	0.00063435	1.7734e-17
26.94	3.5484e-06	0.0025753	0.0019416	0.00063372	1.7718e-17
26.95	3.5501e-06	0.0025784	0.0019453	0.00063312	1.7757e-17
26.96	3.5505e-06	0.0025806	0.0019481	0.00063254	1.7837e-17
26.97	3.5495e-06	0.0025818	0.0019498	0.000632	1.7941e-17
26.98	3.5469e-06	0.0025818	0.0019503	0.00063149	1.8047e-17
26.99	3.5426e-06	0.0025807	0.0019497	0.00063101	1.8134e-17
27	3.5367e-06	0.0025783	0.0019477	0.00063054	1.818e-17
27.01	3.5292e-06	0.0025747	0.0019446	0.0006301	1.8167e-17
27.02	3.52e-06	0.0025699	0.0019402	0.00062967	1.8081e-17
27.03	3.5093e-06	0.0025639	0.0019347	0.00062925	1.7913e-17
27.04	3.4971e-06	0.002557	0.0019281	0.00062884	1.7662e-17
27.05	3.4838e-06	0.0025491	0.0019206	0.00062845	1.7333e-17
27.06	3.4694e-06	0.0025404	0.0019124	0.00062806	1.6941e-17
27.07	3.4542e-06	0.0025312	0.0019035	0.00062769	1.6504e-17
27.08	3.4385e-06	0.0025216	0.0018942	0.00062734	1.6048e-17
27.09	3.4226e-06	0.0025118	0.0018847	0.00062701	1.5601e-17
27.1	3.4068e-06	0.002502	0.0018753	0.00062671	1.5193e-17
27.11	3.3913e-06	0.0024924	0.001866	0.00062645	1.4852e-17
27.12	3.3764e-06	0.0024833	0.0018571	0.00062621	1.4604e-17
27.13	3.3624e-06	0.0024749	0.0018488	0.00062602	1.4471e-17
27.14	3.3496e-06	0.0024672	0.0018414	0.00062586	1.4464e-17
27.15	3.338e-06	0.0024605	0.0018348	0.00062574	1.459e-17
27.16	3.328e-06	0.0024549	0.0018293	0.00062564	1.4844e-17
27.17	3.3195e-06	0.0024505	0.0018249	0.00062557	1.5214e-17
27.18	3.3127e-06	0.0024473	0.0018218	0.0006255	1.568e-17
27.19	3.3076e-06	0.0024453	0.0018199	0.00062544	1.6216e-17
27.2	3.3042e-06	0.0024446	0.0018192	0.00062536	1.6791e-17
27.21	3.3024e-06	0.0024451	0.0018198	0.00062525	1.7373e-17
27.22	3.3021e-06	0.0024466	0.0018215	0.00062511	1.7932e-17
27.23	3.3032e-06	0.0024492	0.0018243	0.00062491	1.844e-17
27.24	3.3055e-06	0.0024527	0.0018281	0.00062465	1.8879e-17
27.25	3.3088e-06	0.002457	0.0018327	0.00062432	1.9236e-17
27.26	3.3129e-06	0.0024619	0.001838	0.00062392	1.951e-17
27.27	3.3177e-06	0.0024672	0.0018438	0.00062344	1.9711e-17
27.28	3.3228e-06	0.0024728	0.00185	0.00062288	1.986e-17
27.29	3.3281e-06	0.0024786	0.0018564	0.00062225	1.9985e-17
27.3	3.3334e-06	0.0024843	0.0018628	0.00062155	2.0125e-17
27.31	3.3384e-06	0.0024899	0.0018691	0.00062079	2.0324e-17
27.32	3.3429e-06	0.0024951	0.0018751	0.00061999	2.0626e-17
27.33	3.3467e-06	0.0024997	0.0018806	0.00061914	2.1076e-17
27.34	3.3497e-06	0.0025038	0.0018855	0.00061827	2.1714e-17
27.35	3.3516e-06	0.0025071	0.0018897	0.00061739	2.2572e-17
27.36	3.3524e-06	0.0025095	0.001893	0.0006165	2.3671e-17
27.37	3.3519e-06	0.002511	0.0018954	0.00061562	2.502e-17
27.38	3.35e-06	0.0025114	0.0018966	0.00061475	2.6615e-17
27.39	3.3466e-06	0.0025107	0.0018968	0.00061389	2.8436e-17
27.4	3.3417e-06	0.0025088	0.0018957	0.00061306	3.045e-17
27.41	3.3351e-06	0.0025057	0.0018935	0.00061226	3.2612e-17
27.42	3.327e-06	0.0025015	0.00189	0.00061148	3.487e-17
27.43	3.3174e-06	0.002496	0.0018853	0.00061072	3.7162e-17
27.44	3.3064e-06	0.0024895	0.0018795	0.00061	3.9427e-17
27.45	3.2939e-06	0.002482	0.0018727	0.00060929	4.1603e-17
27.46	3.2803e-06	0.0024735	0.0018649	0.00060862	4.3634e-17
27.47	3.2657e-06	0.0024643	0.0018563	0.00060797	4.5474e-17
27.48	3.2503e-06	0.0024544	0.0018471	0.00060735	4.7085e-17
27.49	3.2343e-06	0.0024441	0.0018374	0.00060676	4.8446e-17
27.5	3.2179e-06	0.0024335	0.0018273	0.0006062	4.9549e-17
27.51	3.2015e-06	0.0024229	0.0018172	0.00060567	5.04e-17
27.52	3.1853e-06	0.0024124	0.0018072	0.00060518	5.1019e-17
27.53	3.1695e-06	0.0024022	0.0017975	0.00060473	5.1438e-17
27.54	3.1545e-06	0.0023925	0.0017882	0.00060431	5.1699e-17
27.55	3.1404e-06	0.0023836	0.0017796	0.00060394	5.185e-17
27.56	3.1275e-06	0.0023755	0.0017719	0.0006036	5.194e-17
27.57	3.1159e-06	0.0023684	0.0017651	0.00060329	5.2018e-17
27.58	3.1058e-06	0.0023625	0.0017594	0.00060302	5.2131e-17
27.59	3.0973e-06	0.0023577	0.0017549	0.00060277	5.2315e-17
27.6	3.0905e-06	0.0023542	0.0017517	0.00060253	5.2601e-17
27.61	3.0854e-06	0.002352	0.0017497	0.00060231	5.3006e-17
27.62	3.082e-06	0.0023511	0.001749	0.00060208	5.3539e-17
27.63	3.0801e-06	0.0023514	0.0017496	0.00060185	5.4197e-17
27.64	3.0799e-06	0.0023529	0.0017513	0.00060159	5.4967e-17
27.65	3.081e-06	0.0023555	0.0017542	0.00060131	5.583e-17
27.66	3.0834e-06	0.0023591	0.0017581	0.000601	5.676e-17
27.67	3.087e-06	0.0023635	0.0017628	0.00060066	5.7729e-17
27.68	3.0914e-06	0.0023686	0.0017683	0.00060027	5.871e-17
27.69	3.0967e-06	0.0023743	0.0017745	0.00059986	5.9679e-17
27.7	3.1024e-06	0.0023804	0.001781	0.00059942	6.0614e-17
27.71	3.1085e-06	0.0023869	0.0017879	0.00059895	6.1502e-17
27.72	3.1148e-06	0.0023934	0.0017949	0.00059848	6.2335e-17
27.73	3.121e-06	0.0023999	0.0018019	0.000598	6.3114e-17
27.74	3.127e-06	0.0024063	0.0018087	0.00059753	6.3844e-17
27.75	3.1326e-06	0.0024123	0.0018152	0.00059709	6.4538e-17
27.76	3.1377e-06	0.0024179	0.0018213	0.00059668	6.5211e-17
27.77	3.142e-06	0.002423	0.0018267	0.00059632	6.5879e-17
27.78	3.1454e-06	0.0024274	0.0018314	0.00059601	6.6558e-17
27.79	3.1478e-06	0.002431	0.0018353	0.00059576	6.7263e-17
27.8	3.1491e-06	0.0024338	0.0018382	0.00059557	6.8001e-17
27.81	3.1493e-06	0.0024356	0.0018402	0.00059545	6.8777e-17
27.82	3.1481e-06	0.0024365	0.0018411	0.00059539	6.9588e-17
27.83	3.1456e-06	0.0024363	0.0018409	0.00059538	7.0424e-17
27.84	3.1417e-06	0.002435	0.0018396	0.00059542	7.127e-17
27.85	3.1364e-06	0.0024327	0.0018372	0.0005955	7.2109e-17
27.86	3.1298e-06	0.0024293	0.0018337	0.00059561	7.2918e-17
27.87	3.1219e-06	0.0024249	0.0018292	0.00059573	7.3677e-17
27.88	3.1127e-06	0.0024195	0.0018237	0.00059586	7.4366e-17
27.89	3.1025e-06	0.0024133	0.0018173	0.00059596	7.4969e-17
27.9	3.0912e-06	0.0024063	0.0018102	0.00059605	7.5478e-17
27.91	3.0792e-06	0.0023986	0.0018025	0.0005961	7.589e-17
27.92	3.0665e-06	0.0023904	0.0017943	0.0005961	7.621e-17
27.93	3.0533e-06	0.0023819	0.0017858	0.00059604	7.6454e-17
27.94	3.0399e-06	0.0023731	0.0017772	0.00059592	7.6642e-17
27.95	3.0265e-06	0.0023643	0.0017686	0.00059573	7.68e-17
27.96	3.0132e-06	0.0023556	0.0017602	0.00059547	7.6959e-17
27.97	3.0004e-06	0.0023472	0.0017521	0.00059513	7.7149e-17
27.98	2.9881e-06	0.0023393	0.0017446	0.00059472	7.7398e-17
27.99	2.9765e-06	0.0023319	0.0017377	0.00059423	7.7732e-17
28	2.9659e-06	0.0023253	0.0017316	0.00059366	7.8168e-17
28.01	2.9563e-06	0.0023194	0.0017264	0.00059301	7.8714e-17
28.02	2.9479e-06	0.0023145	0.0017222	0.00059229	7.9369e-17
28.03	2.9407e-06	0.0023105	0.0017189	0.0005915	8.0122e-17
28.04	2.9348e-06	0.0023074	0.0017168	0.00059065	8.0953e-17
28.05	2.9301e-06	0.0023054	0.0017157	0.00058975	8.1831e-17
28.06	2.9268e-06	0.0023044	0.0017156	0.00058879	8.2724e-17
28.07	2.9246e-06	0.0023044	0.0017166	0.00058779	8.3594e-17
28.08	2.9237e-06	0.0023053	0.0017185	0.00058677	8.4404e-17
28.09	2.9239e-06	0.0023071	0.0017214	0.00058574	8.5123e-17
28.1	2.9251e-06	0.0023097	0.001725	0.0005847	8.5727e-17
28.11	2.9272e-06	0.002313	0.0017293	0.00058369	8.6201e-17
28.12	2.93e-06	0.0023169	0.0017341	0.00058271	8.6544e-17
28.13	2.9335e-06	0.0023213	0.0017395	0.00058178	8.6767e-17
28.14	2.9374e-06	0.002326	0.0017451	0.00058092	8.6896e-17
28.15	2.9417e-06	0.0023311	0.0017509	0.00058015	8.6967e-17
28.16	2.9462e-06	0.0023363	0.0017568	0.00057948	8.7026e-17
28.17	2.9506e-06	0.0023414	0.0017625	0.00057892	8.7127e-17
28.18	2.9548e-06	0.0023465	0.001768	0.00057847	8.7324e-17
28.19	2.9587e-06	0.0023512	0.0017731	0.00057815	8.767e-17
28.2	2.9621e-06	0.0023556	0.0017776	0.00057795	8.821e-17
28.21	2.9648e-06	0.0023594	0.0017815	0.00057787	8.8978e-17
28.22	2.9666e-06	0.0023625	0.0017846	0.0005779	8.9993e-17
28.23	2.9674e-06	0.0023648	0.0017868	0.00057802	9.1256e-17
28.24	2.9671e-06	0.0023663	0.0017881	0.00057822	9.2751e-17
28.25	2.9656e-06	0.0023667	0.0017882	0.00057847	9.444e-17
28.26	2.9627e-06	0.0023661	0.0017873	0.00057877	9.627e-17
28.27	2.9584e-06	0.0023643	0.0017852	0.00057907	9.8172e-17
28.28	2.9526e-06	0.0023614	0.001782	0.00057936	1.0007e-16
28.29	2.9455e-06	0.0023573	0.0017777	0.00057961	1.0187e-16
28.3	2.9369e-06	0.0023522	0.0017723	0.00057981	1.0351e-16
28.31	2.9271e-06	0.0023459	0.001766	0.00057993	1.049e-16
28.32	2.9161e-06	0.0023388	0.0017588	0.00057996	1.0598e-16
28.33	2.9041e-06	0.0023308	0.0017509	0.00057989	1.067e-16
28.34	2.8912e-06	0.0023221	0.0017424	0.00057972	1.0705e-16
28.35	2.8778e-06	0.0023129	0.0017335	0.00057943	1.0703e-16
28.36	2.864e-06	0.0023035	0.0017244	0.00057904	1.0666e-16
28.37	2.8501e-06	0.0022939	0.0017153	0.00057855	1.0599e-16
28.38	2.8363e-06	0.0022844	0.0017065	0.00057797	1.051e-16
28.39	2.823e-06	0.0022753	0.001698	0.00057731	1.0409e-16
28.4	2.8104e-06	0.0022667	0.0016901	0.00057659	1.0304e-16
28.41	2.7987e-06	0.0022589	0.0016831	0.00057582	1.0207e-16
28.42	2.7881e-06	0.0022519	0.0016769	0.00057503	1.0128e-16
28.43	2.7788e-06	0.002246	0.0016718	0.00057422	1.0076e-16
28.44	2.771e-06	0.0022413	0.0016679	0.00057341	1.0059e-16
28.45	2.7648e-06	0.0022378	0.0016652	0.00057261	1.0082e-16
28.46	2.7602e-06	0.0022357	0.0016638	0.00057184	1.0149e-16
28.47	2.7572e-06	0.0022349	0.0016637	0.00057111	1.026e-16
28.48	2.7559e-06	0.0022353	0.0016649	0.00057042	1.0411e-16
28.49	2.7561e-06	0.002237	0.0016673	0.00056977	1.0599e-16
28.5	2.7577e-06	0.0022399	0.0016707	0.00056918	1.0814e-16
28.51	2.7605e-06	0.0022438	0.0016752	0.00056864	1.1048e-16
28.52	2.7645e-06	0.0022486	0.0016805	0.00056814	1.1291e-16
28.53	2.7694e-06	0.0022542	0.0016865	0.0005677	1.1532e-16
28.54	2.775e-06	0.0022603	0.001693	0.0005673	1.1759e-16
28.55	2.781e-06	0.0022668	0.0016998	0.00056695	1.1965e-16
28.56	2.7872e-06	0.0022734	0.0017068	0.00056664	1.2142e-16
28.57	2.7934e-06	0.0022801	0.0017137	0.00056636	1.2284e-16
28.58	2.7993e-06	0.0022865	0.0017204	0.00056612	1.239e-16
28.59	2.8047e-06	0.0022925	0.0017266	0.00056591	1.2459e-16
28.6	2.8094e-06	0.002298	0.0017323	0.00056571	1.2494e-16
28.61	2.8132e-06	0.0023027	0.0017372	0.00056554	1.2501e-16
28.62	2.8159e-06	0.0023065	0.0017411	0.00056538	1.2487e-16
28.63	2.8174e-06	0.0023093	0.0017441	0.00056522	1.2461e-16
28.64	2.8175e-06	0.002311	0.001746	0.00056507	1.2432e-16
28.65	2.8161e-06	0.0023116	0.0017467	0.0005649	1.241e-16
28.66	2.8133e-06	0.0023108	0.0017461	0.00056473	1.2402e-16
28.67	2.8089e-06	0.0023088	0.0017443	0.00056453	1.2417e-16
28.68	2.803e-06	0.0023056	0.0017413	0.00056431	1.2459e-16
28.69	2.7956e-06	0.0023011	0.001737	0.00056406	1.2531e-16
28.7	2.7868e-06	0.0022954	0.0017317	0.00056377	1.2634e-16
28.71	2.7767e-06	0.0022887	0.0017253	0.00056345	1.2765e-16
28.72	2.7655e-06	0.0022811	0.001718	0.00056308	1.2919e-16
28.73	2.7533e-06	0.0022726	0.0017099	0.00056268	1.309e-16
28.74	2.7403e-06	0.0022635	0.0017012	0.00056224	1.3271e-16
28.75	2.7268e-06	0.0022539	0.0016921	0.00056177	1.3451e-16
28.76	2.7131e-06	0.0022441	0.0016828	0.00056127	1.3621e-16
28.77	2.6992e-06	0.0022342	0.0016734	0.00056075	1.3774e-16
28.78	2.6856e-06	0.0022244	0.0016642	0.00056022	1.3902e-16
28.79	2.6724e-06	0.002215	0.0016554	0.00055967	1.4e-16
28.8	2.6598e-06	0.0022062	0.001647	0.00055913	1.4064e-16
28.81	2.6482e-06	0.002198	0.0016394	0.00055858	1.4093e-16
28.82	2.6375e-06	0.0021907	0.0016327	0.00055805	1.409e-16
28.83	2.6281e-06	0.0021844	0.0016269	0.00055752	1.4058e-16
28.84	2.6201e-06	0.0021792	0.0016222	0.00055701	1.4003e-16
28.85	2.6134e-06	0.0021752	0.0016187	0.00055651	1.3934e-16
28.86	2.6082e-06	0.0021723	0.0016163	0.00055602	1.3859e-16
28.87	2.6044e-06	0.0021707	0.0016152	0.00055553	1.3788e-16
28.88	2.602e-06	0.0021702	0.0016152	0.00055505	1.3729e-16
28.89	2.601e-06	0.0021709	0.0016163	0.00055456	1.3691e-16
28.9	2.6012e-06	0.0021725	0.0016185	0.00055405	1.368e-16
28.91	2.6025e-06	0.0021751	0.0016216	0.00055353	1.3702e-16
28.92	2.6047e-06	0.0021785	0.0016255	0.00055299	1.3759e-16
28.93	2.6078e-06	0.0021826	0.0016301	0.00055242	1.3851e-16
28.94	2.6114e-06	0.0021871	0.0016353	0.00055182	1.3977e-16
28.95	2.6154e-06	0.002192	0.0016408	0.0005512	1.4134e-16
28.96	2.6197e-06	0.0021971	0.0016466	0.00055056	1.4315e-16
28.97	2.624e-06	0.0022023	0.0016524	0.0005499	1.4514e-16
28.98	2.6282e-06	0.0022073	0.0016581	0.00054923	1.4724e-16
28.99	2.6322e-06	0.0022121	0.0016636	0.00054857	1.4936e-16
29	2.6357e-06	0.0022166	0.0016687	0.00054792	1.5145e-16
29.01	2.6386e-06	0.0022206	0.0016733	0.0005473	1.5343e-16
29.02	2.6409e-06	0.002224	0.0016773	0.00054671	1.5525e-16
29.03	2.6424e-06	0.0022268	0.0016807	0.00054619	1.5688e-16
29.04	2.643e-06	0.0022289	0.0016832	0.00054572	1.5829e-16
29.05	2.6428e-06	0.0022302	0.0016849	0.00054532	1.5948e-16
29.06	2.6415e-06	0.0022307	0.0016857	0.000545	1.6045e-16
29.07	2.6393e-06	0.0022304	0.0016856	0.00054475	1.6122e-16
29.08	2.636e-06	0.0022291	0.0016845	0.00054458	1.6183e-16
29.09	2.6317e-06	0.002227	0.0016825	0.00054448	1.6229e-16
29.1	2.6264e-06	0.002224	0.0016796	0.00054445	1.6265e-16
29.11	2.6201e-06	0.0022202	0.0016758	0.00054447	1.6293e-16
29.12	2.6128e-06	0.0022156	0.0016711	0.00054453	1.6316e-16
29.13	2.6047e-06	0.0022102	0.0016656	0.00054462	1.6336e-16
29.14	2.5958e-06	0.0022042	0.0016595	0.00054472	1.6353e-16
29.15	2.5862e-06	0.0021975	0.0016527	0.00054481	1.6369e-16
29.16	2.576e-06	0.0021904	0.0016455	0.00054489	1.6382e-16
29.17	2.5654e-06	0.0021829	0.0016379	0.00054495	1.6392e-16
29.18	2.5546e-06	0.0021751	0.0016302	0.00054496	1.6399e-16
29.19	2.5436e-06	0.0021673	0.0016224	0.00054492	1.6401e-16
29.2	2.5327e-06	0.0021595	0.0016147	0.00054483	1.6399e-16
29.21	2.5221e-06	0.0021519	0.0016073	0.00054468	1.6393e-16
29.22	2.512e-06	0.0021447	0.0016003	0.00054448	1.6384e-16
29.23	2.5024e-06	0.002138	0.0015938	0.00054422	1.6376e-16
29.24	2.4937e-06	0.002132	0.0015881	0.00054391	1.637e-16
29.25	2.4858e-06	0.0021268	0.0015832	0.00054356	1.6371e-16
29.26	2.4791e-06	0.0021225	0.0015793	0.00054317	1.6383e-16
29.27	2.4735e-06	0.0021191	0.0015764	0.00054274	1.6411e-16
29.28	2.4691e-06	0.0021168	0.0015745	0.0005423	1.646e-16
29.29	2.4661e-06	0.0021157	0.0015738	0.00054184	1.6531e-16
29.3	2.4644e-06	0.0021156	0.0015743	0.00054137	1.6629e-16
29.31	2.4639e-06	0.0021167	0.0015758	0.0005409	1.6752e-16
29.32	2.4647e-06	0.0021188	0.0015783	0.00054044	1.6901e-16
29.33	2.4666e-06	0.0021219	0.0015819	0.00053998	1.7072e-16
29.34	2.4695e-06	0.0021258	0.0015863	0.00053954	1.726e-16
29.35	2.4733e-06	0.0021306	0.0015915	0.00053912	1.7458e-16
29.36	2.4779e-06	0.002136	0.0015973	0.00053871	1.7658e-16
29.37	2.483e-06	0.0021418	0.0016035	0.00053833	1.7851e-16
29.38	2.4885e-06	0.002148	0.00161	0.00053797	1.8027e-16
29.39	2.4941e-06	0.0021543	0.0016167	0.00053763	1.8176e-16
29.4	2.4997e-06	0.0021607	0.0016233	0.00053732	1.8291e-16
29.41	2.5051e-06	0.0021668	0.0016298	0.00053704	1.8364e-16
29.42	2.5101e-06	0.0021726	0.0016358	0.00053677	1.839e-16
29.43	2.5145e-06	0.0021778	0.0016413	0.00053654	1.8369e-16
29.44	2.5181e-06	0.0021825	0.0016461	0.00053632	1.8301e-16
29.45	2.5208e-06	0.0021863	0.0016502	0.00053613	1.8189e-16
29.46	2.5225e-06	0.0021892	0.0016533	0.00053595	1.804e-16
29.47	2.523e-06	0.0021912	0.0016554	0.00053578	1.7864e-16
29.48	2.5223e-06	0.002192	0.0016564	0.00053563	1.767e-16
29.49	2.5203e-06	0.0021918	0.0016563	0.00053547	1.7471e-16
29.5	2.5169e-06	0.0021903	0.001655	0.0005353	1.7279e-16
29.51	2.5122e-06	0.0021877	0.0016526	0.00053512	1.7105e-16
29.52	2.5062e-06	0.002184	0.001649	0.00053492	1.6959e-16
29.53	2.4988e-06	0.002179	0.0016444	0.00053469	1.685e-16
29.54	2.4903e-06	0.0021731	0.0016386	0.00053441	1.6782e-16
29.55	2.4806e-06	0.0021661	0.001632	0.00053409	1.6758e-16
29.56	2.4699e-06	0.0021582	0.0016245	0.00053371	1.6776e-16
29.57	2.4584e-06	0.0021496	0.0016163	0.00053328	1.6833e-16
29.58	2.4462e-06	0.0021404	0.0016076	0.00053278	1.6919e-16
29.59	2.4335e-06	0.0021307	0.0015985	0.00053223	1.7026e-16
29.6	2.4206e-06	0.0021208	0.0015892	0.00053162	1.7143e-16
29.61	2.4076e-06	0.0021108	0.0015799	0.00053096	1.7257e-16
29.62	2.3947e-06	0.002101	0.0015707	0.00053025	1.7357e-16
29.63	2.3823e-06	0.0020915	0.001562	0.00052951	1.7432e-16
29.64	2.3704e-06	0.0020825	0.0015537	0.00052875	1.7474e-16
29.65	2.3593e-06	0.0020742	0.0015462	0.00052797	1.7476e-16
29.66	2.3493e-06	0.0020667	0.0015395	0.0005272	1.7437e-16
29.67	2.3404e-06	0.0020603	0.0015339	0.00052643	1.7357e-16
29.68	2.3328e-06	0.002055	0.0015293	0.0005257	1.724e-16
29.69	2.3266e-06	0.0020509	0.0015259	0.00052499	1.7095e-16
29.7	2.3219e-06	0.0020481	0.0015238	0.00052434	1.6931e-16
29.71	2.3187e-06	0.0020467	0.001523	0.00052373	1.6759e-16
29.72	2.317e-06	0.0020465	0.0015234	0.00052318	1.6593e-16
29.73	2.3167e-06	0.0020477	0.001525	0.00052269	1.6444e-16
29.74	2.3178e-06	0.00205	0.0015277	0.00052225	1.6323e-16
29.75	2.3201e-06	0.0020534	0.0015315	0.00052188	1.6239e-16
29.76	2.3235e-06	0.0020578	0.0015363	0.00052155	1.6197e-16
29.77	2.3278e-06	0.002063	0.0015418	0.00052128	1.6198e-16
29.78	2.3329e-06	0.0020689	0.0015479	0.00052104	1.624e-16
29.79	2.3385e-06	0.0020753	0.0015544	0.00052084	1.6316e-16
29.8	2.3444e-06	0.0020819	0.0015612	0.00052068	1.6418e-16
29.81	2.3504e-06	0.0020887	0.0015681	0.00052053	1.653e-16
29.82	2.3563e-06	0.0020953	0.0015749	0.00052041	1.6639e-16
29.83	2.3619e-06	0.0021016	0.0015814	0.00052029	1.6728e-16
29.84	2.3669e-06	0.0021075	0.0015874	0.00052018	1.678e-16
29.85	2.3712e-06	0.0021128	0.0015928	0.00052007	1.6782e-16
29.86	2.3747e-06	0.0021174	0.0015974	0.00051997	1.6722e-16
29.87	2.3772e-06	0.002121	0.0016012	0.00051985	1.6591e-16
29.88	2.3786e-06	0.0021237	0.001604	0.00051973	1.6386e-16
29.89	2.3789e-06	0.0021253	0.0016057	0.0005196	1.6108e-16
29.9	2.3778e-06	0.0021258	0.0016063	0.00051946	1.5764e-16
29.91	2.3755e-06	0.0021251	0.0016058	0.0005193	1.5365e-16
29.92	2.3718e-06	0.0021233	0.0016041	0.00051912	1.4926e-16
29.93	2.3669e-06	0.0021203	0.0016013	0.00051892	1.4468e-16
29.94	2.3607e-06	0.0021161	0.0015975	0.00051869	1.4012e-16
29.95	2.3534e-06	0.002111	0.0015925	0.00051843	1.3579e-16
29.96	2.3449e-06	0.0021048	0.0015867	0.00051813	1.3191e-16
29.97	2.3356e-06	0.0020978	0.00158	0.0005178	1.2869e-16
29.98	2.3254e-06	0.00209	0.0015726	0.00051743	1.2627e-16
29.99	2.3145e-06	0.0020816	0.0015646	0.00051701	1.2479e-16
30	2.3031e-06	0.0020728	0.0015562	0.00051656	1.2429e-16
30.01	2.2914e-06	0.0020637	0.0015476	0.00051606	1.248e-16
30.02	2.2796e-06	0.0020544	0.0015389	0.00051553	1.2625e-16
30.03	2.2679e-06	0.0020452	0.0015303	0.00051497	1.2854e-16
30.04	2.2565e-06	0.0020363	0.0015219	0.00051439	1.3151e-16
30.05	2.2456e-06	0.0020278	0.001514	0.00051379	1.3497e-16
30.06	2.2354e-06	0.0020199	0.0015067	0.00051318	1.387e-16
30.07	2.226e-06	0.0020128	0.0015002	0.00051258	1.4247e-16
30.08	2.2176e-06	0.0020065	0.0014945	0.00051198	1.4606e-16
30.09	2.2104e-06	0.0020013	0.0014899	0.00051141	1.4927e-16
30.1	2.2044e-06	0.0019972	0.0014864	0.00051086	1.5192e-16
30.11	2.1997e-06	0.0019943	0.001484	0.00051034	1.5389e-16
30.12	2.1964e-06	0.0019926	0.0014827	0.00050987	1.551e-16
30.13	2.1944e-06	0.0019921	0.0014827	0.00050943	1.5554e-16
30.14	2.1938e-06	0.0019929	0.0014838	0.00050904	1.5524e-16
30.15	2.1943e-06	0.0019947	0.001486	0.00050868	1.5429e-16
30.16	2.1961e-06	0.0019976	0.0014892	0.00050837	1.5284e-16
30.17	2.1988e-06	0.0020014	0.0014933	0.00050809	1.5104e-16
30.18	2.2024e-06	0.002006	0.0014982	0.00050783	1.4908e-16
30.19	2.2067e-06	0.0020112	0.0015036	0.00050759	1.4718e-16
30.2	2.2114e-06	0.0020169	0.0015095	0.00050735	1.4553e-16
30.21	2.2164e-06	0.0020228	0.0015157	0.00050712	1.4429e-16
30.22	2.2215e-06	0.0020288	0.0015219	0.00050689	1.4361e-16
30.23	2.2265e-06	0.0020347	0.0015281	0.00050664	1.4361e-16
30.24	2.2311e-06	0.0020403	0.0015339	0.00050637	1.4433e-16
30.25	2.2353e-06	0.0020454	0.0015393	0.00050608	1.4581e-16
30.26	2.2387e-06	0.0020499	0.0015442	0.00050576	1.4799e-16
30.27	2.2414e-06	0.0020537	0.0015483	0.00050542	1.5081e-16
30.28	2.2431e-06	0.0020566	0.0015516	0.00050505	1.5417e-16
30.29	2.2437e-06	0.0020586	0.0015539	0.00050465	1.5792e-16
30.3	2.2433e-06	0.0020595	0.0015553	0.00050424	1.6193e-16
30.31	2.2417e-06	0.0020594	0.0015556	0.0005038	1.6604e-16
30.32	2.2389e-06	0.0020582	0.0015549	0.00050336	1.7014e-16
30.33	2.235e-06	0.002056	0.0015531	0.0005029	1.741e-16
30.34	2.2299e-06	0.0020527	0.0015503	0.00050245	1.7785e-16
30.35	2.2238e-06	0.0020484	0.0015464	0.00050199	1.8133e-16
30.36	2.2167e-06	0.0020432	0.0015417	0.00050153	1.8455e-16
30.37	2.2088e-06	0.0020372	0.0015361	0.00050108	1.8752e-16
30.38	2.2e-06	0.0020305	0.0015299	0.00050064	1.9033e-16
30.39	2.1906e-06	0.0020232	0.001523	0.0005002	1.9304e-16
30.4	2.1808e-06	0.0020154	0.0015156	0.00049977	1.9579e-16
30.41	2.1705e-06	0.0020072	0.0015079	0.00049936	1.9868e-16
30.42	2.1601e-06	0.0019989	0.0015	0.00049895	2.0182e-16
30.43	2.1497e-06	0.0019906	0.0014921	0.00049855	2.0532e-16
30.44	2.1395e-06	0.0019824	0.0014843	0.00049816	2.0926e-16
30.45	2.1295e-06	0.0019745	0.0014767	0.00049777	2.1367e-16
30.46	2.12e-06	0.001967	0.0014696	0.00049739	2.1855e-16
30.47	2.1112e-06	0.0019601	0.001463	0.00049703	2.2389e-16
30.48	2.1031e-06	0.0019538	0.0014572	0.00049667	2.2959e-16
30.49	2.0958e-06	0.0019484	0.0014521	0.00049632	2.3554e-16
30.5	2.0896e-06	0.0019438	0.0014478	0.00049598	2.416e-16
30.51	2.0844e-06	0.0019402	0.0014446	0.00049566	2.4761e-16
30.52	2.0802e-06	0.0019377	0.0014423	0.00049535	2.5337e-16
30.53	2.0773e-06	0.0019362	0.0014411	0.00049505	2.5871e-16
30.54	2.0754e-06	0.0019357	0.0014409	0.00049477	2.6345e-16
30.55	2.0747e-06	0.0019363	0.0014418	0.00049449	2.6744e-16
30.56	2.075e-06	0.0019379	0.0014436	0.00049423	2.7055e-16
30.57	2.0763e-06	0.0019404	0.0014464	0.00049398	2.7271e-16
30.58	2.0785e-06	0.0019437	0.0014499	0.00049374	2.7385e-16
30.59	2.0815e-06	0.0019477	0.0014542	0.00049351	2.7398e-16
30.6	2.0851e-06	0.0019524	0.0014591	0.00049328	2.7314e-16
30.61	2.0892e-06	0.0019575	0.0014644	0.00049305	2.7141e-16
30.62	2.0936e-06	0.0019629	0.0014701	0.00049282	2.6889e-16
30.63	2.0982e-06	0.0019685	0.0014759	0.00049259	2.6573e-16
30.64	2.1028e-06	0.0019741	0.0014817	0.00049236	2.6208e-16
30.65	2.1072e-06	0.0019796	0.0014874	0.00049213	2.5809e-16
30.66	2.1113e-06	0.0019847	0.0014928	0.00049189	2.5393e-16
30.67	2.1151e-06	0.0019895	0.0014979	0.00049166	2.4973e-16
30.68	2.1182e-06	0.0019938	0.0015023	0.00049144	2.4564e-16
30.69	2.1206e-06	0.0019974	0.0015062	0.00049121	2.4176e-16
30.7	2.1223e-06	0.0020003	0.0015093	0.000491	2.3815e-16
30.71	2.1231e-06	0.0020023	0.0015115	0.0004908	2.3488e-16
30.72	2.123e-06	0.0020036	0.0015129	0.0004906	2.3198e-16
30.73	2.122e-06	0.0020039	0.0015134	0.00049043	2.2943e-16
30.74	2.12e-06	0.0020033	0.001513	0.00049026	2.2723e-16
30.75	2.117e-06	0.0020017	0.0015116	0.00049011	2.2533e-16
30.76	2.113e-06	0.0019993	0.0015093	0.00048997	2.2372e-16
30.77	2.1082e-06	0.001996	0.0015062	0.00048983	2.2234e-16
30.78	2.1024e-06	0.0019918	0.0015022	0.00048969	2.2117e-16
30.79	2.0959e-06	0.0019869	0.0014974	0.00048955	2.2019e-16
30.8	2.0886e-06	0.0019813	0.0014919	0.00048939	2.1937e-16
30.81	2.0807e-06	0.0019751	0.0014859	0.00048922	2.1873e-16
30.82	2.0722e-06	0.0019683	0.0014793	0.00048902	2.1828e-16
30.83	2.0634e-06	0.0019612	0.0014724	0.00048879	2.1806e-16
30.84	2.0542e-06	0.0019538	0.0014653	0.00048852	2.1809e-16
30.85	2.045e-06	0.0019462	0.001458	0.0004882	2.1844e-16
30.86	2.0357e-06	0.0019387	0.0014508	0.00048785	2.1914e-16
30.87	2.0266e-06	0.0019312	0.0014438	0.00048745	2.2023e-16
30.88	2.0178e-06	0.0019241	0.0014371	0.000487	2.2174e-16
30.89	2.0094e-06	0.0019173	0.0014308	0.00048652	2.2369e-16
30.9	2.0015e-06	0.0019111	0.0014251	0.000486	2.2609e-16
30.91	1.9944e-06	0.0019055	0.0014201	0.00048545	2.2891e-16
30.92	1.9881e-06	0.0019007	0.0014158	0.00048489	2.3212e-16
30.93	1.9826e-06	0.0018967	0.0014124	0.00048431	2.3568e-16
30.94	1.9782e-06	0.0018937	0.0014099	0.00048372	2.3951e-16
30.95	1.9747e-06	0.0018916	0.0014084	0.00048314	2.4354e-16
30.96	1.9723e-06	0.0018905	0.0014079	0.00048257	2.477e-16
30.97	1.9709e-06	0.0018904	0.0014084	0.00048202	2.5191e-16
30.98	1.9705e-06	0.0018912	0.0014097	0.0004815	2.561e-16
30.99	1.9711e-06	0.001893	0.001412	0.000481	2.602e-16
31	1.9724e-06	0.0018955	0.001415	0.00048053	2.6418e-16
31.01	1.9746e-06	0.0018988	0.0014187	0.00048008	2.68e-16
31.02	1.9773e-06	0.0019026	0.001423	0.00047967	2.7165e-16
31.03	1.9805e-06	0.0019069	0.0014277	0.00047927	2.7516e-16
31.04	1.984e-06	0.0019115	0.0014326	0.0004789	2.7854e-16
31.05	1.9876e-06	0.0019163	0.0014377	0.00047854	2.8183e-16
31.06	1.9912e-06	0.001921	0.0014428	0.00047818	2.8509e-16
31.07	1.9946e-06	0.0019255	0.0014476	0.00047783	2.8838e-16
31.08	1.9976e-06	0.0019296	0.0014521	0.00047748	2.9176e-16
31.09	2.0001e-06	0.0019332	0.0014561	0.00047712	2.9527e-16
31.1	2.0019e-06	0.0019362	0.0014595	0.00047674	2.9896e-16
31.11	2.0029e-06	0.0019385	0.0014622	0.00047636	3.0285e-16
31.12	2.0031e-06	0.0019399	0.001464	0.00047596	3.0696e-16
31.13	2.0024e-06	0.0019404	0.0014649	0.00047554	3.1128e-16
31.14	2.0006e-06	0.00194	0.0014649	0.0004751	3.1577e-16
31.15	1.9979e-06	0.0019386	0.0014639	0.00047465	3.204e-16
31.16	1.9941e-06	0.0019362	0.001462	0.00047418	3.2508e-16
31.17	1.9893e-06	0.0019328	0.0014591	0.0004737	3.2975e-16
31.18	1.9837e-06	0.0019285	0.0014553	0.00047322	3.3433e-16
31.19	1.9771e-06	0.0019234	0.0014506	0.00047272	3.3871e-16
31.2	1.9698e-06	0.0019175	0.0014452	0.00047223	3.4282e-16
31.21	1.9618e-06	0.0019109	0.0014392	0.00047173	3.4656e-16
31.22	1.9532e-06	0.0019038	0.0014326	0.00047124	3.4988e-16
31.23	1.9443e-06	0.0018963	0.0014255	0.00047075	3.527e-16
31.24	1.935e-06	0.0018885	0.0014182	0.00047026	3.55e-16
31.25	1.9257e-06	0.0018805	0.0014108	0.00046979	3.5674e-16
31.26	1.9163e-06	0.0018726	0.0014033	0.00046933	3.5791e-16
31.27	1.9072e-06	0.0018649	0.001396	0.00046888	3.5853e-16
31.28	1.8984e-06	0.0018574	0.001389	0.00046845	3.5863e-16
31.29	1.89e-06	0.0018505	0.0013824	0.00046804	3.5823e-16
31.3	1.8823e-06	0.0018441	0.0013764	0.00046765	3.5739e-16
31.31	1.8753e-06	0.0018384	0.0013711	0.00046729	3.5615e-16
31.32	1.8691e-06	0.0018335	0.0013666	0.00046695	3.5457e-16
31.33	1.8639e-06	0.0018296	0.0013629	0.00046665	3.5271e-16
31.34	1.8597e-06	0.0018266	0.0013602	0.00046638	3.506e-16
31.35	1.8566e-06	0.0018247	0.0013585	0.00046615	3.483e-16
31.36	1.8545e-06	0.0018238	0.0013578	0.00046596	3.4585e-16
31.37	1.8534e-06	0.0018239	0.0013581	0.00046579	3.4328e-16
31.38	1.8535e-06	0.0018251	0.0013594	0.00046566	3.4061e-16
31.39	1.8545e-06	0.0018273	0.0013617	0.00046556	3.3787e-16
31.4	1.8563e-06	0.0018303	0.0013648	0.00046549	3.3507e-16
31.41	1.859e-06	0.0018341	0.0013687	0.00046543	3.3224e-16
31.42	1.8624e-06	0.0018386	0.0013732	0.00046538	3.2938e-16
31.43	1.8662e-06	0.0018436	0.0013782	0.00046534	3.2652e-16
31.44	1.8705e-06	0.0018489	0.0013836	0.00046528	3.2366e-16
31.45	1.8749e-06	0.0018544	0.0013892	0.00046521	3.2084e-16
31.46	1.8793e-06	0.00186	0.0013949	0.00046512	3.1805e-16
31.47	1.8836e-06	0.0018654	0.0014004	0.00046499	3.1534e-16
31.48	1.8875e-06	0.0018705	0.0014057	0.00046482	3.127e-16
31.49	1.891e-06	0.0018751	0.0014105	0.0004646	3.1017e-16
31.5	1.8938e-06	0.0018792	0.0014148	0.00046433	3.0775e-16
31.51	1.8959e-06	0.0018824	0.0014184	0.00046401	3.0546e-16
31.52	1.8972e-06	0.0018849	0.0014212	0.00046363	3.0329e-16
31.53	1.8975e-06	0.0018863	0.0014232	0.00046319	3.0124e-16
31.54	1.8968e-06	0.0018869	0.0014241	0.00046271	2.993e-16
31.55	1.895e-06	0.0018863	0.0014242	0.00046217	2.9744e-16
31.56	1.8923e-06	0.0018848	0.0014232	0.00046161	2.9565e-16
31.57	1.8885e-06	0.0018822	0.0014212	0.000461	2.939e-16
31.58	1.8838e-06	0.0018787	0.0014183	0.00046038	2.9214e-16
31.59	1.8781e-06	0.0018742	0.0014145	0.00045974	2.9035e-16
31.6	1.8716e-06	0.0018689	0.0014098	0.0004591	2.8849e-16
31.61	1.8644e-06	0.0018629	0.0014044	0.00045846	2.8653e-16
31.62	1.8566e-06	0.0018562	0.0013984	0.00045783	2.8447e-16
31.63	1.8482e-06	0.0018491	0.0013919	0.00045721	2.8227e-16
31.64	1.8396e-06	0.0018416	0.001385	0.00045662	2.7995e-16
31.65	1.8307e-06	0.0018338	0.0013778	0.00045605	2.775e-16
31.66	1.8217e-06	0.001826	0.0013705	0.00045552	2.7496e-16
31.67	1.8128e-06	0.0018182	0.0013632	0.00045501	2.7234e-16
31.68	1.804e-06	0.0018106	0.001356	0.00045454	2.6967e-16
31.69	1.7957e-06	0.0018033	0.0013492	0.0004541	2.6701e-16
31.7	1.7877e-06	0.0017965	0.0013428	0.00045369	2.6438e-16
31.71	1.7804e-06	0.0017902	0.0013369	0.00045332	2.6184e-16
31.72	1.7737e-06	0.0017846	0.0013316	0.00045298	2.594e-16
31.73	1.7678e-06	0.0017798	0.0013271	0.00045266	2.5711e-16
31.74	1.7627e-06	0.0017758	0.0013234	0.00045238	2.5498e-16
31.75	1.7585e-06	0.0017727	0.0013206	0.00045212	2.5303e-16
31.76	1.7553e-06	0.0017706	0.0013187	0.0004519	2.5124e-16
31.77	1.753e-06	0.0017694	0.0013177	0.00045169	2.4961e-16
31.78	1.7517e-06	0.0017691	0.0013176	0.00045151	2.4811e-16
31.79	1.7513e-06	0.0017698	0.0013185	0.00045135	2.4672e-16
31.8	1.7517e-06	0.0017714	0.0013202	0.0004512	2.4539e-16
31.81	1.753e-06	0.0017738	0.0013228	0.00045107	2.4409e-16
31.82	1.755e-06	0.001777	0.001326	0.00045094	2.4279e-16
31.83	1.7577e-06	0.0017808	0.0013299	0.00045082	2.4145e-16
31.84	1.7608e-06	0.001785	0.0013343	0.00045071	2.4005e-16
31.85	1.7643e-06	0.0017897	0.0013391	0.00045058	2.3857e-16
31.86	1.768e-06	0.0017946	0.0013441	0.00045044	2.37e-16
31.87	1.7717e-06	0.0017995	0.0013493	0.00045029	2.3536e-16
31.88	1.7754e-06	0.0018044	0.0013543	0.00045011	2.3366e-16
31.89	1.7789e-06	0.0018091	0.0013592	0.0004499	2.3193e-16
31.9	1.782e-06	0.0018134	0.0013637	0.00044966	2.3022e-16
31.91	1.7846e-06	0.0018172	0.0013678	0.00044939	2.2856e-16
31.92	1.7866e-06	0.0018203	0.0013713	0.00044908	2.2701e-16
31.93	1.7879e-06	0.0018228	0.001374	0.00044873	2.2562e-16
31.94	1.7884e-06	0.0018244	0.0013761	0.00044835	2.2442e-16
31.95	1.788e-06	0.0018252	0.0013773	0.00044794	2.2345e-16
31.96	1.7868e-06	0.0018251	0.0013776	0.0004475	2.2274e-16
31.97	1.7846e-06	0.001824	0.001377	0.00044703	2.2231e-16
31.98	1.7816e-06	0.0018221	0.0013755	0.00044655	2.2216e-16
31.99	1.7777e-06	0.0018192	0.0013731	0.00044606	2.2227e-16
32	1.773e-06	0.0018155	0.00137	0.00044557	2.2262e-16
32.01	1.7675e-06	0.0018111	0.001366	0.00044509	2.2319e-16
32.02	1.7614e-06	0.001806	0.0013614	0.00044461	2.2392e-16
32.03	1.7548e-06	0.0018003	0.0013561	0.00044415	2.2476e-16
32.04	1.7477e-06	0.0017941	0.0013504	0.00044371	2.2567e-16
32.05	1.7402e-06	0.0017876	0.0013443	0.0004433	2.2659e-16
32.06	1.7326e-06	0.0017808	0.0013379	0.00044292	2.2748e-16
32.07	1.7249e-06	0.001774	0.0013314	0.00044256	2.2828e-16
32.08	1.7172e-06	0.0017672	0.0013249	0.00044223	2.2897e-16
32.09	1.7096e-06	0.0017605	0.0013186	0.00044193	2.2953e-16
32.1	1.7023e-06	0.0017541	0.0013125	0.00044165	2.2992e-16
32.11	1.6955e-06	0.0017481	0.0013067	0.0004414	2.3015e-16
32.12	1.689e-06	0.0017426	0.0013014	0.00044116	2.3022e-16
32.13	1.6832e-06	0.0017376	0.0012967	0.00044094	2.3014e-16
32.14	1.678e-06	0.0017334	0.0012926	0.00044074	2.2993e-16
32.15	1.6736e-06	0.0017298	0.0012893	0.00044055	2.296e-16
32.16	1.6699e-06	0.0017271	0.0012867	0.00044036	2.2918e-16
32.17	1.667e-06	0.0017252	0.001285	0.00044019	2.2868e-16
32.18	1.6649e-06	0.0017241	0.0012841	0.00044001	2.2813e-16
32.19	1.6637e-06	0.0017239	0.0012841	0.00043984	2.2752e-16
32.2	1.6633e-06	0.0017245	0.0012849	0.00043968	2.2689e-16
32.21	1.6636e-06	0.001726	0.0012865	0.00043951	2.2622e-16
32.22	1.6647e-06	0.0017281	0.0012888	0.00043935	2.2553e-16
32.23	1.6664e-06	0.001731	0.0012918	0.00043918	2.248e-16
32.24	1.6686e-06	0.0017344	0.0012954	0.00043901	2.2404e-16
32.25	1.6714e-06	0.0017383	0.0012995	0.00043884	2.2324e-16
32.26	1.6745e-06	0.0017426	0.001304	0.00043866	2.224e-16
32.27	1.6778e-06	0.0017471	0.0013087	0.00043847	2.2152e-16
32.28	1.6812e-06	0.0017518	0.0013135	0.00043827	2.2059e-16
32.29	1.6845e-06	0.0017563	0.0013183	0.00043805	2.1964e-16
32.3	1.6877e-06	0.0017607	0.0013229	0.00043782	2.1867e-16
32.31	1.6906e-06	0.0017648	0.0013273	0.00043756	2.177e-16
32.32	1.693e-06	0.0017685	0.0013312	0.00043728	2.1675e-16
32.33	1.6949e-06	0.0017716	0.0013346	0.00043698	2.1583e-16
32.34	1.6962e-06	0.001774	0.0013373	0.00043664	2.1498e-16
32.35	1.6967e-06	0.0017756	0.0013393	0.00043628	2.1421e-16
32.36	1.6964e-06	0.0017764	0.0013405	0.00043589	2.1353e-16
32.37	1.6953e-06	0.0017763	0.0013409	0.00043547	2.1296e-16
32.38	1.6933e-06	0.0017753	0.0013403	0.00043503	2.125e-16
32.39	1.6904e-06	0.0017734	0.0013389	0.00043456	2.1215e-16
32.4	1.6866e-06	0.0017706	0.0013365	0.00043406	2.119e-16
32.41	1.682e-06	0.0017668	0.0013333	0.00043355	2.1172e-16
32.42	1.6766e-06	0.0017622	0.0013292	0.00043302	2.1159e-16
32.43	1.6705e-06	0.0017569	0.0013244	0.00043248	2.1147e-16
32.44	1.6638e-06	0.0017509	0.0013189	0.00043193	2.1134e-16
32.45	1.6565e-06	0.0017443	0.0013129	0.00043137	2.1116e-16
32.46	1.6488e-06	0.0017372	0.0013064	0.00043081	2.109e-16
32.47	1.6407e-06	0.0017298	0.0012996	0.00043024	2.1052e-16
32.48	1.6325e-06	0.0017222	0.0012925	0.00042967	2.1002e-16
32.49	1.6241e-06	0.0017144	0.0012853	0.0004291	2.0938e-16
32.5	1.6158e-06	0.0017067	0.0012782	0.00042852	2.0861e-16
32.51	1.6077e-06	0.0016992	0.0012713	0.00042795	2.0771e-16
32.52	1.5999e-06	0.001692	0.0012646	0.00042737	2.0671e-16
32.53	1.5924e-06	0.0016851	0.0012583	0.00042679	2.0564e-16
32.54	1.5855e-06	0.0016788	0.0012526	0.00042621	2.0453e-16
32.55	1.5791e-06	0.001673	0.0012474	0.00042562	2.0345e-16
32.56	1.5733e-06	0.001668	0.0012429	0.00042504	2.0243e-16
32.57	1.5683e-06	0.0016637	0.0012392	0.00042446	2.0152e-16
32.58	1.5641e-06	0.0016602	0.0012364	0.00042388	2.0077e-16
32.59	1.5607e-06	0.0016576	0.0012343	0.00042331	2.0021e-16
32.6	1.5581e-06	0.0016559	0.0012332	0.00042275	1.9986e-16
32.61	1.5564e-06	0.0016551	0.0012329	0.00042221	1.9975e-16
32.62	1.5554e-06	0.0016551	0.0012334	0.00042167	1.9987e-16
32.63	1.5553e-06	0.0016559	0.0012347	0.00042116	2.0021e-16
32.64	1.5558e-06	0.0016575	0.0012368	0.00042067	2.0076e-16
32.65	1.557e-06	0.0016598	0.0012396	0.0004202	2.0147e-16
32.66	1.5588e-06	0.0016627	0.0012429	0.00041976	2.023e-16
32.67	1.561e-06	0.0016661	0.0012467	0.00041934	2.0321e-16
32.68	1.5635e-06	0.0016698	0.0012509	0.00041895	2.0414e-16
32.69	1.5663e-06	0.0016738	0.0012553	0.00041857	2.0505e-16
32.7	1.5692e-06	0.0016779	0.0012597	0.00041822	2.0587e-16
32.71	1.572e-06	0.001682	0.0012641	0.00041789	2.0658e-16
32.72	1.5747e-06	0.0016859	0.0012683	0.00041757	2.0714e-16
32.73	1.577e-06	0.0016894	0.0012722	0.00041726	2.0753e-16
32.74	1.579e-06	0.0016925	0.0012756	0.00041696	2.0773e-16
32.75	1.5804e-06	0.0016951	0.0012784	0.00041666	2.0775e-16
32.76	1.5812e-06	0.0016969	0.0012806	0.00041636	2.076e-16
32.77	1.5813e-06	0.0016981	0.001282	0.00041605	2.0731e-16
32.78	1.5806e-06	0.0016984	0.0012826	0.00041575	2.069e-16
32.79	1.5791e-06	0.0016978	0.0012824	0.00041543	2.0641e-16
32.8	1.5768e-06	0.0016964	0.0012813	0.00041512	2.0587e-16
32.81	1.5737e-06	0.0016941	0.0012793	0.00041479	2.0534e-16
32.82	1.5699e-06	0.001691	0.0012765	0.00041447	2.0484e-16
32.83	1.5653e-06	0.0016871	0.0012729	0.00041414	2.044e-16
32.84	1.56e-06	0.0016824	0.0012686	0.00041382	2.0406e-16
32.85	1.5541e-06	0.0016771	0.0012636	0.0004135	2.0384e-16
32.86	1.5478e-06	0.0016713	0.0012581	0.00041319	2.0374e-16
32.87	1.5411e-06	0.001665	0.0012521	0.00041289	2.0378e-16
32.88	1.5341e-06	0.0016585	0.0012459	0.00041261	2.0394e-16
32.89	1.5269e-06	0.0016518	0.0012394	0.00041233	2.0423e-16
32.9	1.5198e-06	0.001645	0.001233	0.00041208	2.0464e-16
32.91	1.5128e-06	0.0016384	0.0012266	0.00041184	2.0514e-16
32.92	1.506e-06	0.001632	0.0012204	0.00041162	2.0572e-16
32.93	1.4995e-06	0.001626	0.0012146	0.00041142	2.0637e-16
32.94	1.4935e-06	0.0016205	0.0012093	0.00041124	2.0707e-16
32.95	1.4881e-06	0.0016157	0.0012046	0.00041108	2.0781e-16
32.96	1.4834e-06	0.0016115	0.0012006	0.00041093	2.0857e-16
32.97	1.4794e-06	0.0016081	0.0011973	0.0004108	2.0936e-16
32.98	1.4762e-06	0.0016056	0.0011949	0.00041069	2.1017e-16
32.99	1.4738e-06	0.001604	0.0011934	0.00041059	2.1099e-16
33	1.4723e-06	0.0016033	0.0011928	0.00041051	2.1182e-16
33.01	1.4716e-06	0.0016036	0.0011931	0.00041044	2.1267e-16
33.02	1.4718e-06	0.0016048	0.0011944	0.00041039	2.1353e-16
33.03	1.4728e-06	0.0016068	0.0011965	0.00041034	2.1441e-16
33.04	1.4746e-06	0.0016098	0.0011995	0.00041031	2.1529e-16
33.05	1.4771e-06	0.0016135	0.0012032	0.00041027	2.1617e-16
33.06	1.4802e-06	0.0016178	0.0012076	0.00041024	2.1705e-16
33.07	1.4838e-06	0.0016227	0.0012125	0.00041021	2.1792e-16
33.08	1.4877e-06	0.0016279	0.0012178	0.00041016	2.1877e-16
33.09	1.4918e-06	0.0016335	0.0012234	0.0004101	2.1958e-16
33.1	1.496e-06	0.0016391	0.0012291	0.00041001	2.2036e-16
33.11	1.5002e-06	0.0016446	0.0012347	0.00040989	2.211e-16
33.12	1.5041e-06	0.0016499	0.0012401	0.00040974	2.2179e-16
33.13	1.5076e-06	0.0016547	0.0012452	0.00040953	2.2243e-16
33.14	1.5106e-06	0.001659	0.0012497	0.00040927	2.2304e-16
33.15	1.5129e-06	0.0016626	0.0012536	0.00040895	2.2363e-16
33.16	1.5144e-06	0.0016652	0.0012567	0.00040856	2.242e-16
33.17	1.5151e-06	0.001667	0.0012589	0.0004081	2.2479e-16
33.18	1.5148e-06	0.0016676	0.0012601	0.00040758	2.2542e-16
33.19	1.5134e-06	0.0016672	0.0012602	0.00040698	2.2611e-16
33.2	1.5111e-06	0.0016655	0.0012592	0.00040632	2.2688e-16
33.21	1.5076e-06	0.0016628	0.0012572	0.0004056	2.2777e-16
33.22	1.5032e-06	0.0016588	0.001254	0.00040483	2.2878e-16
33.23	1.4977e-06	0.0016538	0.0012498	0.00040402	2.2994e-16
33.24	1.4914e-06	0.0016478	0.0012447	0.00040317	2.3125e-16
33.25	1.4843e-06	0.001641	0.0012386	0.00040231	2.3271e-16
33.26	1.4765e-06	0.0016333	0.0012319	0.00040145	2.3432e-16
33.27	1.4681e-06	0.0016251	0.0012245	0.0004006	2.3607e-16
33.28	1.4594e-06	0.0016164	0.0012166	0.00039978	2.3793e-16
33.29	1.4504e-06	0.0016074	0.0012084	0.00039899	2.3989e-16
33.3	1.4414e-06	0.0015983	0.0012001	0.00039826	2.419e-16
33.31	1.4324e-06	0.0015893	0.0011918	0.00039758	2.4394e-16
33.32	1.4237e-06	0.0015806	0.0011837	0.00039698	2.4598e-16
33.33	1.4154e-06	0.0015723	0.0011759	0.00039645	2.4798e-16
33.34	1.4076e-06	0.0015646	0.0011686	0.000396	2.4993e-16
33.35	1.4005e-06	0.0015577	0.001162	0.00039563	2.518e-16
33.36	1.3942e-06	0.0015515	0.0011562	0.00039534	2.5358e-16
33.37	1.3887e-06	0.0015464	0.0011513	0.00039512	2.5526e-16
33.38	1.3842e-06	0.0015423	0.0011473	0.00039498	2.5684e-16
33.39	1.3806e-06	0.0015392	0.0011443	0.00039491	2.5833e-16
33.4	1.3781e-06	0.0015373	0.0011424	0.0003949	2.5975e-16
33.41	1.3766e-06	0.0015366	0.0011417	0.00039494	2.6112e-16
33.42	1.3762e-06	0.001537	0.001142	0.00039502	2.6245e-16
33.43	1.3767e-06	0.0015385	0.0011434	0.00039514	2.6377e-16
33.44	1.3782e-06	0.0015411	0.0011458	0.00039529	2.651e-16
33.45	1.3805e-06	0.0015446	0.0011492	0.00039545	2.6648e-16
33.46	1.3836e-06	0.0015491	0.0011534	0.00039561	2.679e-16
33.47	1.3874e-06	0.0015542	0.0011584	0.00039578	2.6939e-16
33.48	1.3917e-06	0.00156	0.0011641	0.00039594	2.7095e-16
33.49	1.3965e-06	0.0015663	0.0011702	0.00039607	2.7258e-16
33.5	1.4015e-06	0.0015729	0.0011767	0.00039618	2.7427e-16
33.51	1.4067e-06	0.0015796	0.0011833	0.00039626	2.7601e-16
33.52	1.4118e-06	0.0015862	0.00119	0.00039629	2.7778e-16
33.53	1.4167e-06	0.0015927	0.0011965	0.00039627	2.7957e-16
33.54	1.4212e-06	0.0015988	0.0012026	0.00039619	2.8136e-16
33.55	1.4253e-06	0.0016043	0.0012083	0.00039605	2.8311e-16
33.56	1.4288e-06	0.0016092	0.0012133	0.00039585	2.8481e-16
33.57	1.4314e-06	0.0016132	0.0012176	0.00039557	2.8645e-16
33.58	1.4333e-06	0.0016162	0.0012209	0.00039523	2.88e-16
33.59	1.4341e-06	0.0016181	0.0012233	0.00039482	2.8947e-16
33.6	1.434e-06	0.0016189	0.0012246	0.00039433	2.9084e-16
33.61	1.4328e-06	0.0016185	0.0012247	0.00039379	2.9213e-16
33.62	1.4305e-06	0.0016169	0.0012237	0.00039318	2.9333e-16
33.63	1.4272e-06	0.0016141	0.0012216	0.00039253	2.9445e-16
33.64	1.4228e-06	0.0016102	0.0012183	0.00039183	2.9551e-16
33.65	1.4175e-06	0.0016051	0.001214	0.0003911	2.9653e-16
33.66	1.4114e-06	0.0015991	0.0012087	0.00039036	2.9751e-16
33.67	1.4044e-06	0.0015922	0.0012025	0.00038961	2.9848e-16
33.68	1.3968e-06	0.0015845	0.0011956	0.00038887	2.9944e-16
33.69	1.3888e-06	0.0015763	0.0011881	0.00038814	3.0041e-16
33.7	1.3803e-06	0.0015676	0.0011802	0.00038745	3.0139e-16
33.71	1.3717e-06	0.0015587	0.0011719	0.0003868	3.0238e-16
33.72	1.363e-06	0.0015498	0.0011636	0.0003862	3.0339e-16
33.73	1.3545e-06	0.001541	0.0011553	0.00038567	3.044e-16
33.74	1.3462e-06	0.0015325	0.0011473	0.00038519	3.0541e-16
33.75	1.3383e-06	0.0015244	0.0011396	0.00038478	3.0642e-16
33.76	1.3309e-06	0.0015169	0.0011325	0.00038444	3.0741e-16
33.77	1.3243e-06	0.0015102	0.001126	0.00038416	3.0838e-16
33.78	1.3183e-06	0.0015043	0.0011204	0.00038395	3.0931e-16
33.79	1.3132e-06	0.0014994	0.0011156	0.00038379	3.1021e-16
33.8	1.309e-06	0.0014955	0.0011118	0.00038368	3.1105e-16
33.81	1.3057e-06	0.0014926	0.001109	0.00038361	3.1185e-16
33.82	1.3034e-06	0.0014908	0.0011073	0.00038357	3.126e-16
33.83	1.3021e-06	0.0014902	0.0011066	0.00038356	3.1331e-16
33.84	1.3016e-06	0.0014906	0.001107	0.00038356	3.1398e-16
33.85	1.3021e-06	0.001492	0.0011084	0.00038357	3.1462e-16
33.86	1.3034e-06	0.0014944	0.0011108	0.00038357	3.1524e-16
33.87	1.3055e-06	0.0014977	0.0011141	0.00038357	3.1584e-16
33.88	1.3083e-06	0.0015017	0.0011182	0.00038356	3.1643e-16
33.89	1.3117e-06	0.0015065	0.001123	0.00038352	3.1703e-16
33.9	1.3155e-06	0.0015118	0.0011283	0.00038346	3.1765e-16
33.91	1.3197e-06	0.0015175	0.0011341	0.00038337	3.1828e-16
33.92	1.3241e-06	0.0015234	0.0011402	0.00038325	3.1893e-16
33.93	1.3285e-06	0.0015294	0.0011464	0.00038309	3.1962e-16
33.94	1.3329e-06	0.0015354	0.0011525	0.0003829	3.2034e-16
33.95	1.3371e-06	0.0015412	0.0011585	0.00038267	3.2109e-16
33.96	1.341e-06	0.0015465	0.0011641	0.00038239	3.2188e-16
33.97	1.3443e-06	0.0015513	0.0011692	0.00038208	3.2271e-16
33.98	1.3471e-06	0.0015554	0.0011737	0.00038172	3.2358e-16
33.99	1.3491e-06	0.0015587	0.0011774	0.00038131	3.2449e-16
34	1.3504e-06	0.001561	0.0011802	0.00038086	3.2544e-16
34.01	1.3507e-06	0.0015623	0.001182	0.00038036	3.2643e-16
34.02	1.3501e-06	0.0015626	0.0011827	0.00037982	3.2746e-16
34.03	1.3485e-06	0.0015616	0.0011824	0.00037924	3.2854e-16
34.04	1.3459e-06	0.0015595	0.0011809	0.00037862	3.2965e-16
34.05	1.3422e-06	0.0015562	0.0011782	0.00037797	3.308e-16
34.06	1.3376e-06	0.0015517	0.0011745	0.00037728	3.3197e-16
34.07	1.3321e-06	0.0015462	0.0011697	0.00037657	3.3316e-16
34.08	1.3257e-06	0.0015397	0.0011639	0.00037584	3.3437e-16
34.09	1.3185e-06	0.0015323	0.0011572	0.00037509	3.3557e-16
34.1	1.3107e-06	0.0015241	0.0011497	0.00037434	3.3675e-16
34.11	1.3024e-06	0.0015153	0.0011417	0.00037359	3.379e-16
34.12	1.2936e-06	0.001506	0.0011331	0.00037285	3.39e-16
34.13	1.2846e-06	0.0014964	0.0011243	0.00037213	3.4003e-16
34.14	1.2756e-06	0.0014867	0.0011153	0.00037142	3.4099e-16
34.15	1.2665e-06	0.0014771	0.0011063	0.00037074	3.4185e-16
34.16	1.2577e-06	0.0014676	0.0010975	0.00037009	3.4262e-16
34.17	1.2492e-06	0.0014586	0.0010891	0.00036946	3.4328e-16
34.18	1.2412e-06	0.0014501	0.0010812	0.00036887	3.4384e-16
34.19	1.2338e-06	0.0014422	0.0010739	0.00036831	3.443e-16
34.2	1.2271e-06	0.0014352	0.0010674	0.00036779	3.4467e-16
34.21	1.2211e-06	0.0014291	0.0010618	0.00036729	3.4496e-16
34.22	1.2161e-06	0.001424	0.0010572	0.00036683	3.4519e-16
34.23	1.2119e-06	0.00142	0.0010536	0.00036639	3.4538e-16
34.24	1.2087e-06	0.0014171	0.0010511	0.00036598	3.4556e-16
34.25	1.2065e-06	0.0014154	0.0010498	0.00036559	3.4573e-16
34.26	1.2053e-06	0.0014148	0.0010495	0.00036523	3.4593e-16
34.27	1.2051e-06	0.0014153	0.0010504	0.00036489	3.4617e-16
34.28	1.2058e-06	0.0014169	0.0010523	0.00036457	3.4647e-16
34.29	1.2073e-06	0.0014196	0.0010553	0.00036428	3.4684e-16
34.3	1.2097e-06	0.0014232	0.0010592	0.00036401	3.4729e-16
34.31	1.2127e-06	0.0014276	0.0010639	0.00036376	3.4783e-16
34.32	1.2164e-06	0.0014328	0.0010693	0.00036354	3.4844e-16
34.33	1.2207e-06	0.0014386	0.0010753	0.00036334	3.4912e-16
34.34	1.2253e-06	0.0014449	0.0010817	0.00036318	3.4988e-16
34.35	1.2301e-06	0.0014514	0.0010884	0.00036304	3.5069e-16
34.36	1.2351e-06	0.0014581	0.0010952	0.00036293	3.5154e-16
34.37	1.24e-06	0.0014648	0.001102	0.00036284	3.5242e-16
34.38	1.2448e-06	0.0014713	0.0011085	0.00036278	3.5332e-16
34.39	1.2492e-06	0.0014774	0.0011147	0.00036274	3.5424e-16
34.4	1.2532e-06	0.001483	0.0011203	0.0003627	3.5516e-16
34.41	1.2567e-06	0.001488	0.0011253	0.00036268	3.5608e-16
34.42	1.2594e-06	0.0014921	0.0011294	0.00036266	3.5701e-16
34.43	1.2614e-06	0.0014953	0.0011326	0.00036264	3.5794e-16
34.44	1.2625e-06	0.0014974	0.0011348	0.0003626	3.5889e-16
34.45	1.2626e-06	0.0014985	0.0011359	0.00036254	3.5986e-16
34.46	1.2618e-06	0.0014983	0.0011359	0.00036247	3.6085e-16
34.47	1.2599e-06	0.001497	0.0011346	0.00036236	3.6188e-16
34.48	1.2571e-06	0.0014945	0.0011323	0.00036222	3.6295e-16
34.49	1.2533e-06	0.0014908	0.0011288	0.00036205	3.6407e-16
34.5	1.2485e-06	0.0014861	0.0011242	0.00036184	3.6523e-16
34.51	1.243e-06	0.0014803	0.0011187	0.0003616	3.6643e-16
34.52	1.2367e-06	0.0014736	0.0011123	0.00036132	3.6767e-16
34.53	1.2297e-06	0.0014662	0.0011052	0.00036101	3.6892e-16
34.54	1.2223e-06	0.0014582	0.0010975	0.00036067	3.7018e-16
34.55	1.2145e-06	0.0014497	0.0010894	0.00036031	3.7143e-16
34.56	1.2065e-06	0.001441	0.0010811	0.00035994	3.7265e-16
34.57	1.1984e-06	0.0014322	0.0010727	0.00035955	3.7383e-16
34.58	1.1905e-06	0.0014236	0.0010644	0.00035915	3.7494e-16
34.59	1.1828e-06	0.0014152	0.0010565	0.00035876	3.7598e-16
34.6	1.1756e-06	0.0014073	0.001049	0.00035837	3.7693e-16
34.61	1.1688e-06	0.0014001	0.0010421	0.00035799	3.7778e-16
34.62	1.1627e-06	0.0013936	0.001036	0.00035762	3.7855e-16
34.63	1.1574e-06	0.001388	0.0010307	0.00035727	3.7922e-16
34.64	1.1529e-06	0.0013834	0.0010265	0.00035694	3.798e-16
34.65	1.1494e-06	0.00138	0.0010233	0.00035663	3.8032e-16
34.66	1.1468e-06	0.0013777	0.0010213	0.00035635	3.8077e-16
34.67	1.1452e-06	0.0013765	0.0010204	0.00035608	3.8119e-16
34.68	1.1446e-06	0.0013766	0.0010207	0.00035584	3.8157e-16
34.69	1.1449e-06	0.0013778	0.0010221	0.00035562	3.8195e-16
34.7	1.1461e-06	0.0013801	0.0010246	0.00035541	3.8232e-16
34.71	1.1482e-06	0.0013834	0.0010282	0.00035523	3.8271e-16
34.72	1.1511e-06	0.0013876	0.0010326	0.00035506	3.831e-16
34.73	1.1546e-06	0.0013927	0.0010378	0.0003549	3.8351e-16
34.74	1.1587e-06	0.0013984	0.0010436	0.00035475	3.8394e-16
34.75	1.1632e-06	0.0014046	0.00105	0.0003546	3.8436e-16
34.76	1.1679e-06	0.0014112	0.0010567	0.00035446	3.8478e-16
34.77	1.1728e-06	0.0014179	0.0010636	0.0003543	3.8519e-16
34.78	1.1776e-06	0.0014245	0.0010704	0.00035414	3.8557e-16
34.79	1.1823e-06	0.001431	0.001077	0.00035396	3.8591e-16
34.8	1.1866e-06	0.001437	0.0010832	0.00035376	3.8622e-16
34.81	1.1904e-06	0.0014425	0.0010889	0.00035353	3.8648e-16
34.82	1.1936e-06	0.0014472	0.0010939	0.00035327	3.8672e-16
34.83	1.1961e-06	0.001451	0.001098	0.00035298	3.8692e-16
34.84	1.1977e-06	0.0014538	0.0011012	0.00035264	3.8711e-16
34.85	1.1984e-06	0.0014555	0.0011032	0.00035227	3.873e-16
34.86	1.1981e-06	0.001456	0.0011041	0.00035185	3.8753e-16
34.87	1.1968e-06	0.0014552	0.0011038	0.00035139	3.8781e-16
34.88	1.1944e-06	0.0014532	0.0011023	0.0003509	3.8817e-16
34.89	1.1911e-06	0.0014499	0.0010995	0.00035037	3.8863e-16
34.9	1.1867e-06	0.0014455	0.0010956	0.00034981	3.8922e-16
34.91	1.1815e-06	0.0014399	0.0010906	0.00034924	3.8996e-16
34.92	1.1754e-06	0.0014333	0.0010846	0.00034865	3.9085e-16
34.93	1.1686e-06	0.0014258	0.0010778	0.00034806	3.9191e-16
34.94	1.1613e-06	0.0014177	0.0010702	0.00034749	3.9313e-16
34.95	1.1534e-06	0.0014089	0.001062	0.00034693	3.945e-16
34.96	1.1453e-06	0.0013998	0.0010534	0.0003464	3.9602e-16
34.97	1.1371e-06	0.0013906	0.0010447	0.00034591	3.9766e-16
34.98	1.1289e-06	0.0013813	0.0010359	0.00034546	3.9939e-16
34.99	1.1209e-06	0.0013723	0.0010272	0.00034506	4.012e-16
35	1.1131e-06	0.0013636	0.0010189	0.00034473	4.0306e-16
35.01	1.1059e-06	0.0013555	0.0010111	0.00034444	4.0495e-16
35.02	1.0992e-06	0.0013481	0.0010039	0.00034422	4.0685e-16
35.03	1.0933e-06	0.0013416	0.00099752	0.00034404	4.0873e-16
35.04	1.0881e-06	0.001336	0.00099206	0.00034392	4.1061e-16
35.05	1.0838e-06	0.0013314	0.00098759	0.00034383	4.1247e-16
35.06	1.0804e-06	0.001328	0.0009842	0.00034378	4.1431e-16
35.07	1.0779e-06	0.0013257	0.00098192	0.00034375	4.1615e-16
35.08	1.0763e-06	0.0013245	0.00098078	0.00034374	4.1799e-16
35.09	1.0757e-06	0.0013245	0.00098077	0.00034373	4.1985e-16
35.1	1.0759e-06	0.0013256	0.00098186	0.00034371	4.2174e-16
35.11	1.077e-06	0.0013277	0.00098401	0.00034368	4.2366e-16
35.12	1.0789e-06	0.0013308	0.00098713	0.00034362	4.2563e-16
35.13	1.0815e-06	0.0013347	0.00099114	0.00034354	4.2765e-16
35.14	1.0846e-06	0.0013393	0.00099593	0.00034342	4.297e-16
35.15	1.0883e-06	0.0013446	0.0010014	0.00034326	4.3177e-16
35.16	1.0924e-06	0.0013504	0.0010073	0.00034307	4.3383e-16
35.17	1.0967e-06	0.0013565	0.0010137	0.00034283	4.3586e-16
35.18	1.1011e-06	0.0013628	0.0010202	0.00034256	4.3781e-16
35.19	1.1056e-06	0.0013691	0.0010268	0.00034225	4.3964e-16
35.2	1.1099e-06	0.0013752	0.0010333	0.00034191	4.4132e-16
35.21	1.114e-06	0.0013811	0.0010396	0.00034154	4.428e-16
35.22	1.1178e-06	0.0013866	0.0010454	0.00034114	4.4403e-16
35.23	1.1211e-06	0.0013914	0.0010507	0.00034072	4.45e-16
35.24	1.1238e-06	0.0013956	0.0010553	0.00034028	4.4568e-16
35.25	1.1259e-06	0.001399	0.0010591	0.00033983	4.4605e-16
35.26	1.1272e-06	0.0014014	0.001062	0.00033936	4.4611e-16
35.27	1.1277e-06	0.0014028	0.0010639	0.00033889	4.4588e-16
35.28	1.1273e-06	0.0014032	0.0010647	0.00033841	4.4538e-16
35.29	1.1261e-06	0.0014024	0.0010645	0.00033793	4.4464e-16
35.3	1.1239e-06	0.0014005	0.0010631	0.00033745	4.4369e-16
35.31	1.1209e-06	0.0013975	0.0010606	0.00033697	4.4259e-16
35.32	1.117e-06	0.0013935	0.001057	0.0003365	4.4138e-16
35.33	1.1123e-06	0.0013884	0.0010523	0.00033603	4.4011e-16
35.34	1.1068e-06	0.0013824	0.0010468	0.00033558	4.3882e-16
35.35	1.1007e-06	0.0013755	0.0010404	0.00033514	4.3755e-16
35.36	1.0941e-06	0.001368	0.0010333	0.00033472	4.3633e-16
35.37	1.087e-06	0.0013599	0.0010256	0.00033432	4.3518e-16
35.38	1.0796e-06	0.0013514	0.0010174	0.00033394	4.3412e-16
35.39	1.072e-06	0.0013426	0.0010091	0.00033358	4.3313e-16
35.4	1.0644e-06	0.0013338	0.0010006	0.00033325	4.3223e-16
35.41	1.0568e-06	0.0013251	0.00099219	0.00033295	4.3139e-16
35.42	1.0495e-06	0.0013167	0.00098404	0.00033267	4.3058e-16
35.43	1.0426e-06	0.0013087	0.0009763	0.00033242	4.298e-16
35.44	1.0361e-06	0.0013013	0.00096911	0.0003322	4.2902e-16
35.45	1.0302e-06	0.0012946	0.00096261	0.00033199	4.2823e-16
35.46	1.0249e-06	0.0012887	0.00095692	0.0003318	4.2739e-16
35.47	1.0204e-06	0.0012838	0.00095214	0.00033163	4.2652e-16
35.48	1.0167e-06	0.0012798	0.00094834	0.00033145	4.2561e-16
35.49	1.0138e-06	0.0012769	0.00094558	0.00033128	4.2467e-16
35.5	1.0117e-06	0.001275	0.0009439	0.0003311	4.2371e-16
35.51	1.0105e-06	0.0012742	0.00094329	0.00033091	4.2276e-16
35.52	1.0101e-06	0.0012744	0.00094375	0.0003307	4.2185e-16
35.53	1.0105e-06	0.0012757	0.00094523	0.00033047	4.2099e-16
35.54	1.0117e-06	0.0012779	0.00094767	0.00033021	4.2023e-16
35.55	1.0136e-06	0.0012809	0.000951	0.00032993	4.1958e-16
35.56	1.016e-06	0.0012847	0.00095512	0.00032962	4.1906e-16
35.57	1.0189e-06	0.0012892	0.00095991	0.00032928	4.1869e-16
35.58	1.0223e-06	0.0012942	0.00096525	0.00032892	4.1847e-16
35.59	1.026e-06	0.0012995	0.000971	0.00032853	4.1839e-16
35.6	1.0298e-06	0.0013051	0.00097701	0.00032812	4.1843e-16
35.61	1.0337e-06	0.0013108	0.00098313	0.00032769	4.1856e-16
35.62	1.0376e-06	0.0013165	0.0009892	0.00032725	4.1876e-16
35.63	1.0413e-06	0.0013219	0.00099508	0.0003268	4.1899e-16
35.64	1.0447e-06	0.001327	0.0010006	0.00032635	4.1921e-16
35.65	1.0477e-06	0.0013315	0.0010056	0.00032589	4.1938e-16
35.66	1.0502e-06	0.0013355	0.00101	0.00032544	4.1947e-16
35.67	1.0521e-06	0.0013387	0.0010137	0.00032499	4.1946e-16
35.68	1.0534e-06	0.001341	0.0010165	0.00032454	4.1934e-16
35.69	1.0539e-06	0.0013425	0.0010183	0.0003241	4.191e-16
35.7	1.0536e-06	0.0013429	0.0010192	0.00032367	4.1876e-16
35.71	1.0526e-06	0.0013422	0.001019	0.00032325	4.1834e-16
35.72	1.0506e-06	0.0013405	0.0010177	0.00032284	4.1788e-16
35.73	1.0479e-06	0.0013377	0.0010153	0.00032244	4.1741e-16
35.74	1.0443e-06	0.0013339	0.0010119	0.00032205	4.17e-16
35.75	1.0399e-06	0.0013291	0.0010075	0.00032167	4.1669e-16
35.76	1.0349e-06	0.0013234	0.0010021	0.0003213	4.1655e-16
35.77	1.0292e-06	0.0013169	0.00099594	0.00032094	4.1662e-16
35.78	1.023e-06	0.0013097	0.00098908	0.00032059	4.1695e-16
35.79	1.0164e-06	0.0013019	0.00098164	0.00032026	4.1757e-16
35.8	1.0094e-06	0.0012937	0.00097379	0.00031994	4.185e-16
35.81	1.0023e-06	0.0012853	0.00096568	0.00031964	4.1974e-16
35.82	9.9514e-07	0.0012768	0.00095747	0.00031936	4.2129e-16
35.83	9.8805e-07	0.0012684	0.00094934	0.0003191	4.2312e-16
35.84	9.8117e-07	0.0012603	0.00094146	0.00031886	4.252e-16
35.85	9.7462e-07	0.0012526	0.00093397	0.00031863	4.2748e-16
35.86	9.6852e-07	0.0012455	0.00092704	0.00031842	4.299e-16
35.87	9.6298e-07	0.001239	0.00092079	0.00031823	4.3242e-16
35.88	9.5808e-07	0.0012334	0.00091536	0.00031805	4.3498e-16
35.89	9.5389e-07	0.0012287	0.00091083	0.00031788	4.3752e-16
35.9	9.5049e-07	0.001225	0.00090728	0.00031771	4.4e-16
35.91	9.4789e-07	0.0012223	0.00090478	0.00031755	4.4238e-16
35.92	9.4614e-07	0.0012208	0.00090337	0.00031739	4.4464e-16
35.93	9.4523e-07	0.0012203	0.00090304	0.00031722	4.4676e-16
35.94	9.4514e-07	0.0012208	0.00090378	0.00031704	4.4874e-16
35.95	9.4586e-07	0.0012224	0.00090557	0.00031686	4.5059e-16
35.96	9.4733e-07	0.001225	0.00090834	0.00031667	4.5232e-16
35.97	9.4949e-07	0.0012285	0.00091202	0.00031646	4.5395e-16
35.98	9.5226e-07	0.0012328	0.00091652	0.00031625	4.5551e-16
35.99	9.5557e-07	0.0012377	0.00092171	0.00031602	4.5703e-16
36	9.5932e-07	0.0012433	0.00092749	0.00031579	4.5852e-16
36.01	9.6341e-07	0.0012493	0.0009337	0.00031556	4.6e-16
36.02	9.6772e-07	0.0012556	0.00094022	0.00031534	4.6147e-16
36.03	9.7214e-07	0.001262	0.00094688	0.00031511	4.6295e-16
36.04	9.7656e-07	0.0012684	0.00095354	0.0003149	4.6442e-16
36.05	9.8086e-07	0.0012747	0.00096003	0.0003147	4.6586e-16
36.06	9.8493e-07	0.0012807	0.00096622	0.00031452	4.6725e-16
36.07	9.8866e-07	0.0012863	0.00097194	0.00031435	4.6855e-16
36.08	9.9193e-07	0.0012913	0.00097707	0.0003142	4.6974e-16
36.09	9.9466e-07	0.0012955	0.00098147	0.00031406	4.7077e-16
36.1	9.9674e-07	0.001299	0.00098503	0.00031394	4.7163e-16
36.11	9.9812e-07	0.0013015	0.00098765	0.00031383	4.7227e-16
36.12	9.9872e-07	0.001303	0.00098926	0.00031373	4.7269e-16
36.13	9.9849e-07	0.0013034	0.00098979	0.00031362	4.7288e-16
36.14	9.9742e-07	0.0013027	0.00098921	0.00031352	4.7283e-16
36.15	9.9548e-07	0.0013009	0.00098751	0.0003134	4.7257e-16
36.16	9.9269e-07	0.001298	0.00098471	0.00031327	4.7211e-16
36.17	9.8906e-07	0.001294	0.00098085	0.00031312	4.7149e-16
36.18	9.8466e-07	0.0012889	0.00097598	0.00031294	4.7074e-16
36.19	9.7954e-07	0.0012829	0.00097019	0.00031273	4.6992e-16
36.2	9.7379e-07	0.0012761	0.0009636	0.00031249	4.6905e-16
36.21	9.6751e-07	0.0012686	0.00095634	0.00031222	4.6818e-16
36.22	9.608e-07	0.0012605	0.00094854	0.00031192	4.6736e-16
36.23	9.538e-07	0.001252	0.00094038	0.00031159	4.666e-16
36.24	9.4663e-07	0.0012432	0.00093201	0.00031123	4.6594e-16
36.25	9.3942e-07	0.0012345	0.00092362	0.00031084	4.6539e-16
36.26	9.3232e-07	0.0012258	0.00091537	0.00031043	4.6495e-16
36.27	9.2546e-07	0.0012174	0.00090744	0.00031001	4.6461e-16
36.28	9.1896e-07	0.0012096	0.00089999	0.00030957	4.6437e-16
36.29	9.1294e-07	0.0012023	0.00089318	0.00030913	4.6421e-16
36.3	9.075e-07	0.0011958	0.00088713	0.00030868	4.641e-16
36.31	9.0275e-07	0.0011902	0.00088196	0.00030823	4.6403e-16
36.32	8.9874e-07	0.0011856	0.00087778	0.00030779	4.6398e-16
36.33	8.9554e-07	0.001182	0.00087464	0.00030735	4.6392e-16
36.34	8.9318e-07	0.0011795	0.00087261	0.00030693	4.6386e-16
36.35	8.9168e-07	0.0011782	0.00087169	0.00030651	4.6378e-16
36.36	8.9103e-07	0.001178	0.00087188	0.0003061	4.6369e-16
36.37	8.912e-07	0.0011789	0.00087316	0.0003057	4.6359e-16
36.38	8.9215e-07	0.0011808	0.00087545	0.00030531	4.6351e-16
36.39	8.9383e-07	0.0011836	0.0008787	0.00030494	4.6346e-16
36.4	8.9614e-07	0.0011874	0.00088278	0.00030457	4.6345e-16
36.41	8.9901e-07	0.0011918	0.0008876	0.00030421	4.6352e-16
36.42	9.0233e-07	0.0011969	0.00089301	0.00030386	4.6367e-16
36.43	9.0599e-07	0.0012024	0.00089886	0.00030352	4.6391e-16
36.44	9.0986e-07	0.0012082	0.000905	0.00030318	4.6426e-16
36.45	9.1384e-07	0.0012141	0.00091128	0.00030285	4.6471e-16
36.46	9.1779e-07	0.00122	0.00091752	0.00030253	4.6526e-16
36.47	9.216e-07	0.0012258	0.00092356	0.00030222	4.6587e-16
36.48	9.2513e-07	0.0012312	0.00092925	0.00030191	4.6652e-16
36.49	9.2829e-07	0.001236	0.00093444	0.0003016	4.672e-16
36.5	9.3097e-07	0.0012403	0.00093899	0.0003013	4.6785e-16
36.51	9.3308e-07	0.0012438	0.00094277	0.00030101	4.6846e-16
36.52	9.3454e-07	0.0012464	0.00094569	0.00030071	4.6899e-16
36.53	9.3527e-07	0.0012481	0.00094765	0.00030042	4.6941e-16
36.54	9.3525e-07	0.0012487	0.00094858	0.00030013	4.6971e-16
36.55	9.3443e-07	0.0012483	0.00094846	0.00029984	4.6989e-16
36.56	9.328e-07	0.0012468	0.00094726	0.00029956	4.6994e-16
36.57	9.3038e-07	0.0012443	0.00094499	0.00029927	4.6989e-16
36.58	9.2719e-07	0.0012407	0.00094169	0.00029898	4.6977e-16
36.59	9.2328e-07	0.0012361	0.00093741	0.0002987	4.696e-16
36.6	9.187e-07	0.0012307	0.00093223	0.00029842	4.6943e-16
36.61	9.1354e-07	0.0012244	0.00092627	0.00029815	4.6931e-16
36.62	9.0789e-07	0.0012175	0.00091963	0.00029788	4.6928e-16
36.63	9.0187e-07	0.0012101	0.00091246	0.00029762	4.694e-16
36.64	8.9557e-07	0.0012023	0.00090492	0.00029738	4.6969e-16
36.65	8.8913e-07	0.0011943	0.00089715	0.00029715	4.702e-16
36.66	8.8266e-07	0.0011863	0.00088933	0.00029693	4.7093e-16
36.67	8.763e-07	0.0011784	0.00088162	0.00029674	4.719e-16
36.68	8.7016e-07	0.0011707	0.00087417	0.00029656	4.7308e-16
36.69	8.6436e-07	0.0011636	0.00086716	0.00029641	4.7447e-16
36.7	8.59e-07	0.001157	0.00086071	0.00029627	4.7602e-16
36.71	8.5418e-07	0.0011511	0.00085496	0.00029615	4.7769e-16
36.72	8.4996e-07	0.0011461	0.00085001	0.00029604	4.7943e-16
36.73	8.4642e-07	0.0011419	0.00084596	0.00029594	4.8118e-16
36.74	8.436e-07	0.0011387	0.00084286	0.00029585	4.8288e-16
36.75	8.4152e-07	0.0011365	0.00084078	0.00029575	4.8448e-16
36.76	8.402e-07	0.0011354	0.00083971	0.00029565	4.8594e-16
36.77	8.3962e-07	0.0011352	0.00083966	0.00029553	4.8721e-16
36.78	8.3975e-07	0.001136	0.00084061	0.00029539	4.8828e-16
36.79	8.4057e-07	0.0011377	0.00084249	0.00029522	4.8913e-16
36.8	8.4199e-07	0.0011403	0.00084524	0.00029502	4.8977e-16
36.81	8.4397e-07	0.0011436	0.00084877	0.00029479	4.902e-16
36.82	8.4641e-07	0.0011475	0.00085297	0.00029451	4.9045e-16
36.83	8.4922e-07	0.0011519	0.00085773	0.0002942	4.9055e-16
36.84	8.5232e-07	0.0011568	0.00086291	0.00029384	4.9054e-16
36.85	8.556e-07	0.0011618	0.00086838	0.00029345	4.9047e-16
36.86	8.5895e-07	0.001167	0.000874	0.00029302	4.9036e-16
36.87	8.6228e-07	0.0011722	0.00087962	0.00029256	4.9027e-16
36.88	8.6549e-07	0.0011772	0.0008851	0.00029207	4.9021e-16
36.89	8.6847e-07	0.0011819	0.00089031	0.00029156	4.9021e-16
36.9	8.7114e-07	0.0011861	0.00089511	0.00029104	4.9028e-16
36.91	8.7341e-07	0.0011899	0.00089938	0.00029051	4.9043e-16
36.92	8.7521e-07	0.001193	0.00090301	0.00028998	4.9065e-16
36.93	8.7648e-07	0.0011954	0.0009059	0.00028946	4.9093e-16
36.94	8.7715e-07	0.0011969	0.00090798	0.00028895	4.9126e-16
36.95	8.7719e-07	0.0011976	0.00090918	0.00028845	4.9161e-16
36.96	8.7658e-07	0.0011974	0.00090946	0.00028798	4.9196e-16
36.97	8.7529e-07	0.0011963	0.0009088	0.00028753	4.923e-16
36.98	8.7333e-07	0.0011943	0.00090718	0.00028712	4.9261e-16
36.99	8.7072e-07	0.0011914	0.00090464	0.00028673	4.9288e-16
37	8.6748e-07	0.0011876	0.0009012	0.00028638	4.931e-16
37.01	8.6365e-07	0.001183	0.00089692	0.00028606	4.9329e-16
37.02	8.593e-07	0.0011777	0.00089188	0.00028577	4.9345e-16
37.03	8.5449e-07	0.0011717	0.00088618	0.00028552	4.9359e-16
37.04	8.4931e-07	0.0011652	0.00087992	0.0002853	4.9374e-16
37.05	8.4383e-07	0.0011583	0.00087322	0.00028511	4.9392e-16
37.06	8.3816e-07	0.0011512	0.00086623	0.00028494	4.9414e-16
37.07	8.324e-07	0.0011439	0.00085908	0.0002848	4.9442e-16
37.08	8.2665e-07	0.0011366	0.0008519	0.00028468	4.9477e-16
37.09	8.2101e-07	0.0011294	0.00084486	0.00028458	4.9519e-16
37.1	8.1558e-07	0.0011226	0.00083808	0.00028449	4.9568e-16
37.11	8.1045e-07	0.0011161	0.0008317	0.00028441	4.9622e-16
37.12	8.0571e-07	0.0011102	0.00082584	0.00028434	4.968e-16
37.13	8.0143e-07	0.0011049	0.00082061	0.00028427	4.9738e-16
37.14	7.9768e-07	0.0011003	0.00081612	0.00028419	4.9793e-16
37.15	7.9451e-07	0.0010965	0.00081243	0.0002841	4.9843e-16
37.16	7.9196e-07	0.0010936	0.0008096	0.00028399	4.9884e-16
37.17	7.9005e-07	0.0010915	0.00080768	0.00028386	4.9914e-16
37.18	7.8878e-07	0.0010904	0.00080667	0.0002837	4.9931e-16
37.19	7.8815e-07	0.0010901	0.00080658	0.00028351	4.9933e-16
37.2	7.8813e-07	0.0010907	0.00080737	0.00028328	4.9922e-16
37.21	7.887e-07	0.001092	0.00080901	0.00028301	4.9898e-16
37.22	7.898e-07	0.0010941	0.00081143	0.0002827	4.9865e-16
37.23	7.9138e-07	0.0010969	0.00081456	0.00028235	4.9826e-16
37.24	7.9337e-07	0.0011003	0.0008183	0.00028196	4.9786e-16
37.25	7.957e-07	0.0011041	0.00082255	0.00028153	4.9751e-16
37.26	7.9828e-07	0.0011083	0.00082719	0.00028107	4.9725e-16
37.27	8.0103e-07	0.0011127	0.0008321	0.00028058	4.9715e-16
37.28	8.0388e-07	0.0011172	0.00083716	0.00028007	4.9726e-16
37.29	8.0672e-07	0.0011218	0.00084224	0.00027954	4.9761e-16
37.3	8.0948e-07	0.0011262	0.00084721	0.00027901	4.9823e-16
37.31	8.1208e-07	0.0011304	0.00085196	0.00027848	4.9914e-16
37.32	8.1443e-07	0.0011343	0.00085636	0.00027797	5.0034e-16
37.33	8.1647e-07	0.0011378	0.0008603	0.00027747	5.0181e-16
37.34	8.1812e-07	0.0011407	0.00086369	0.000277	5.0352e-16
37.35	8.1933e-07	0.001143	0.00086643	0.00027656	5.0541e-16
37.36	8.2005e-07	0.0011446	0.00086845	0.00027615	5.0745e-16
37.37	8.2024e-07	0.0011455	0.00086969	0.00027579	5.0955e-16
37.38	8.1987e-07	0.0011456	0.0008701	0.00027547	5.1166e-16
37.39	8.1891e-07	0.0011448	0.00086965	0.00027519	5.1371e-16
37.4	8.1737e-07	0.0011433	0.00086835	0.00027495	5.1565e-16
37.41	8.1524e-07	0.0011409	0.00086618	0.00027476	5.1743e-16
37.42	8.1256e-07	0.0011378	0.00086319	0.0002746	5.1902e-16
37.43	8.0934e-07	0.0011339	0.00085942	0.00027447	5.2041e-16
37.44	8.0564e-07	0.0011293	0.00085494	0.00027437	5.2158e-16
37.45	8.0151e-07	0.0011241	0.00084982	0.0002743	5.2256e-16
37.46	7.9701e-07	0.0011184	0.00084416	0.00027424	5.2337e-16
37.47	7.9222e-07	0.0011123	0.00083807	0.0002742	5.2406e-16
37.48	7.8722e-07	0.0011058	0.00083168	0.00027416	5.2467e-16
37.49	7.821e-07	0.0010992	0.00082511	0.00027413	5.2525e-16
37.5	7.7695e-07	0.0010926	0.00081849	0.0002741	5.2587e-16
37.51	7.7187e-07	0.001086	0.00081196	0.00027406	5.2656e-16
37.52	7.6696e-07	0.0010797	0.00080566	0.00027402	5.2735e-16
37.53	7.6229e-07	0.0010737	0.00079972	0.00027397	5.2829e-16
37.54	7.5796e-07	0.0010682	0.00079426	0.0002739	5.2938e-16
37.55	7.5405e-07	0.0010632	0.00078938	0.00027382	5.3061e-16
37.56	7.5061e-07	0.0010589	0.0007852	0.00027373	5.3197e-16
37.57	7.4772e-07	0.0010554	0.00078179	0.00027362	5.3341e-16
37.58	7.454e-07	0.0010527	0.00077921	0.00027349	5.3491e-16
37.59	7.437e-07	0.0010508	0.00077751	0.00027334	5.364e-16
37.6	7.4261e-07	0.0010499	0.00077671	0.00027317	5.3782e-16
37.61	7.4216e-07	0.0010498	0.00077682	0.00027298	5.3912e-16
37.62	7.4232e-07	0.0010506	0.00077781	0.00027277	5.4025e-16
37.63	7.4305e-07	0.0010522	0.00077964	0.00027253	5.4116e-16
37.64	7.4433e-07	0.0010545	0.00078227	0.00027228	5.4183e-16
37.65	7.461e-07	0.0010576	0.0007856	0.000272	5.4223e-16
37.66	7.4828e-07	0.0010613	0.00078956	0.00027171	5.4238e-16
37.67	7.5082e-07	0.0010654	0.00079403	0.0002714	5.4229e-16
37.68	7.5362e-07	0.00107	0.0007989	0.00027107	5.42e-16
37.69	7.566e-07	0.0010748	0.00080405	0.00027074	5.4155e-16
37.7	7.5968e-07	0.0010797	0.00080933	0.00027039	5.4101e-16
37.71	7.6275e-07	0.0010847	0.00081463	0.00027004	5.4043e-16
37.72	7.6574e-07	0.0010895	0.0008198	0.00026968	5.3988e-16
37.73	7.6854e-07	0.0010941	0.00082472	0.00026933	5.3943e-16
37.74	7.7107e-07	0.0010982	0.00082926	0.00026898	5.3912e-16
37.75	7.7325e-07	0.0011019	0.0008333	0.00026863	5.3902e-16
37.76	7.7502e-07	0.001105	0.00083674	0.00026829	5.3913e-16
37.77	7.7629e-07	0.0011074	0.00083948	0.00026796	5.3948e-16
37.78	7.7702e-07	0.0011091	0.00084143	0.00026764	5.4005e-16
37.79	7.7717e-07	0.0011099	0.00084254	0.00026733	5.4084e-16
37.8	7.767e-07	0.0011098	0.00084275	0.00026702	5.418e-16
37.81	7.7558e-07	0.0011088	0.00084205	0.00026672	5.4289e-16
37.82	7.7383e-07	0.0011068	0.00084042	0.00026643	5.4405e-16
37.83	7.7144e-07	0.001104	0.00083787	0.00026614	5.4522e-16
37.84	7.6843e-07	0.0011003	0.00083445	0.00026585	5.4635e-16
37.85	7.6485e-07	0.0010957	0.00083019	0.00026555	5.4737e-16
37.86	7.6075e-07	0.0010904	0.00082519	0.00026525	5.4826e-16
37.87	7.5618e-07	0.0010845	0.00081952	0.00026495	5.4897e-16
37.88	7.5123e-07	0.0010779	0.00081329	0.00026464	5.4949e-16
37.89	7.4597e-07	0.001071	0.00080663	0.00026433	5.4981e-16
37.9	7.4051e-07	0.0010637	0.00079966	0.00026401	5.4996e-16
37.91	7.3493e-07	0.0010562	0.00079254	0.00026368	5.4995e-16
37.92	7.2935e-07	0.0010488	0.00078539	0.00026336	5.4984e-16
37.93	7.2386e-07	0.0010414	0.00077838	0.00026303	5.4966e-16
37.94	7.1857e-07	0.0010343	0.00077164	0.00026271	5.4948e-16
37.95	7.1358e-07	0.0010277	0.00076531	0.00026239	5.4934e-16
37.96	7.0897e-07	0.0010216	0.00075952	0.00026208	5.4929e-16
37.97	7.0483e-07	0.0010162	0.00075439	0.00026178	5.4938e-16
37.98	7.0122e-07	0.0010115	0.00075001	0.0002615	5.4964e-16
37.99	6.9821e-07	0.0010077	0.00074646	0.00026122	5.5008e-16
38	6.9583e-07	0.0010048	0.00074382	0.00026096	5.507e-16
38.01	6.9411e-07	0.0010028	0.00074211	0.00026072	5.515e-16
38.02	6.9306e-07	0.0010018	0.00074135	0.00026048	5.5244e-16
38.03	6.9267e-07	0.0010018	0.00074153	0.00026026	5.5348e-16
38.04	6.9292e-07	0.0010027	0.00074263	0.00026005	5.5457e-16
38.05	6.9376e-07	0.0010044	0.0007446	0.00025983	5.5565e-16
38.06	6.9515e-07	0.001007	0.00074735	0.00025962	5.5667e-16
38.07	6.9703e-07	0.0010102	0.00075081	0.00025941	5.5757e-16
38.08	6.9931e-07	0.0010141	0.00075486	0.00025919	5.583e-16
38.09	7.0191e-07	0.0010184	0.0007594	0.00025896	5.588e-16
38.1	7.0475e-07	0.001023	0.0007643	0.00025873	5.5907e-16
38.11	7.0773e-07	0.0010279	0.00076941	0.00025848	5.5907e-16
38.12	7.1076e-07	0.0010328	0.00077462	0.00025821	5.5882e-16
38.13	7.1374e-07	0.0010377	0.00077978	0.00025793	5.5832e-16
38.14	7.1659e-07	0.0010424	0.00078475	0.00025764	5.5761e-16
38.15	7.1921e-07	0.0010468	0.00078942	0.00025734	5.5673e-16
38.16	7.2154e-07	0.0010507	0.00079366	0.00025703	5.5572e-16
38.17	7.2348e-07	0.0010541	0.00079736	0.00025672	5.5466e-16
38.18	7.25e-07	0.0010568	0.00080044	0.0002564	5.5359e-16
38.19	7.2602e-07	0.0010589	0.0008028	0.00025609	5.5258e-16
38.2	7.2652e-07	0.0010602	0.00080439	0.00025577	5.5167e-16
38.21	7.2645e-07	0.0010606	0.00080516	0.00025546	5.509e-16
38.22	7.2581e-07	0.0010602	0.00080508	0.00025517	5.5032e-16
38.23	7.2459e-07	0.001059	0.00080414	0.00025488	5.4994e-16
38.24	7.228e-07	0.001057	0.00080235	0.0002546	5.4976e-16
38.25	7.2046e-07	0.0010541	0.00079974	0.00025434	5.4979e-16
38.26	7.1759e-07	0.0010504	0.00079634	0.00025409	5.4999e-16
38.27	7.1425e-07	0.0010461	0.00079223	0.00025385	5.5033e-16
38.28	7.1047e-07	0.0010411	0.00078747	0.00025363	5.5079e-16
38.29	7.0634e-07	0.0010356	0.00078216	0.00025342	5.5131e-16
38.3	7.0191e-07	0.0010296	0.00077641	0.00025321	5.5185e-16
38.31	6.9726e-07	0.0010233	0.00077032	0.00025302	5.5237e-16
38.32	6.9248e-07	0.0010169	0.00076402	0.00025283	5.528e-16
38.33	6.8764e-07	0.0010103	0.00075763	0.00025265	5.5314e-16
38.34	6.8284e-07	0.0010038	0.00075128	0.00025247	5.5333e-16
38.35	6.7817e-07	0.00099739	0.0007451	0.00025229	5.5336e-16
38.36	6.7369e-07	0.00099132	0.00073921	0.00025212	5.5323e-16
38.37	6.6949e-07	0.00098566	0.00073372	0.00025194	5.5293e-16
38.38	6.6564e-07	0.00098051	0.00072875	0.00025176	5.5247e-16
38.39	6.6221e-07	0.00097596	0.00072438	0.00025158	5.5188e-16
38.4	6.5924e-07	0.00097209	0.00072071	0.00025139	5.5116e-16
38.41	6.5678e-07	0.00096897	0.00071778	0.00025119	5.5036e-16
38.42	6.5486e-07	0.00096663	0.00071565	0.00025098	5.4951e-16
38.43	6.5348e-07	0.00096511	0.00071434	0.00025076	5.4864e-16
38.44	6.5267e-07	0.0009644	0.00071387	0.00025053	5.4778e-16
38.45	6.5239e-07	0.0009645	0.00071421	0.00025029	5.4696e-16
38.46	6.5265e-07	0.00096537	0.00071535	0.00025003	5.4621e-16
38.47	6.5338e-07	0.00096697	0.00071722	0.00024975	5.4554e-16
38.48	6.5457e-07	0.00096922	0.00071976	0.00024946	5.4497e-16
38.49	6.5613e-07	0.00097205	0.0007229	0.00024915	5.4451e-16
38.5	6.5803e-07	0.00097536	0.00072654	0.00024882	5.4416e-16
38.51	6.6017e-07	0.00097905	0.00073058	0.00024848	5.4392e-16
38.52	6.625e-07	0.00098301	0.00073489	0.00024812	5.4377e-16
38.53	6.6493e-07	0.00098713	0.00073938	0.00024775	5.4371e-16
38.54	6.6738e-07	0.00099128	0.00074392	0.00024737	5.4371e-16
38.55	6.6978e-07	0.00099536	0.00074838	0.00024698	5.4377e-16
38.56	6.7205e-07	0.00099925	0.00075266	0.00024659	5.4386e-16
38.57	6.7412e-07	0.0010028	0.00075664	0.00024621	5.4396e-16
38.58	6.7592e-07	0.001006	0.00076022	0.00024583	5.4407e-16
38.59	6.7739e-07	0.0010088	0.0007633	0.00024546	5.4415e-16
38.6	6.7848e-07	0.0010109	0.00076581	0.0002451	5.4421e-16
38.61	6.7915e-07	0.0010124	0.00076766	0.00024476	5.4422e-16
38.62	6.7936e-07	0.0010133	0.00076882	0.00024445	5.4418e-16
38.63	6.7908e-07	0.0010134	0.00076923	0.00024415	5.4408e-16
38.64	6.783e-07	0.0010127	0.00076887	0.00024387	5.4392e-16
38.65	6.7703e-07	0.0010114	0.00076773	0.00024362	5.437e-16
38.66	6.7525e-07	0.0010092	0.00076583	0.00024339	5.4342e-16
38.67	6.7299e-07	0.0010064	0.00076319	0.00024318	5.4308e-16
38.68	6.7028e-07	0.0010028	0.00075984	0.00024299	5.4269e-16
38.69	6.6715e-07	0.00099867	0.00075585	0.00024282	5.4225e-16
38.7	6.6365e-07	0.00099394	0.00075129	0.00024265	5.4179e-16
38.71	6.5983e-07	0.00098874	0.00074624	0.0002425	5.4131e-16
38.72	6.5576e-07	0.00098314	0.00074079	0.00024235	5.4082e-16
38.73	6.515e-07	0.00097726	0.00073505	0.0002422	5.4034e-16
38.74	6.4712e-07	0.00097119	0.00072914	0.00024206	5.3988e-16
38.75	6.4271e-07	0.00096507	0.00072316	0.00024191	5.3945e-16
38.76	6.3833e-07	0.00095899	0.00071724	0.00024175	5.3908e-16
38.77	6.3407e-07	0.00095308	0.0007115	0.00024158	5.3877e-16
38.78	6.3e-07	0.00094746	0.00070605	0.00024141	5.3853e-16
38.79	6.262e-07	0.00094222	0.000701	0.00024123	5.3837e-16
38.8	6.2272e-07	0.00093747	0.00069644	0.00024103	5.383e-16
38.81	6.1964e-07	0.00093331	0.00069248	0.00024083	5.3832e-16
38.82	6.1698e-07	0.00092979	0.00068918	0.00024061	5.3843e-16
38.83	6.1481e-07	0.00092699	0.0006866	0.00024039	5.3862e-16
38.84	6.1314e-07	0.00092495	0.0006848	0.00024015	5.3891e-16
38.85	6.1199e-07	0.00092369	0.00068378	0.00023991	5.3926e-16
38.86	6.1137e-07	0.00092322	0.00068356	0.00023966	5.3969e-16
38.87	6.1126e-07	0.00092353	0.00068413	0.0002394	5.4017e-16
38.88	6.1164e-07	0.00092459	0.00068545	0.00023914	5.4069e-16
38.89	6.1249e-07	0.00092635	0.00068748	0.00023887	5.4125e-16
38.9	6.1376e-07	0.00092875	0.00069015	0.00023859	5.4182e-16
38.91	6.1539e-07	0.0009317	0.00069339	0.00023831	5.4241e-16
38.92	6.1733e-07	0.00093512	0.00069709	0.00023803	5.4299e-16
38.93	6.1951e-07	0.0009389	0.00070116	0.00023774	5.4356e-16
38.94	6.2186e-07	0.00094294	0.00070549	0.00023745	5.4412e-16
38.95	6.243e-07	0.00094712	0.00070997	0.00023715	5.4465e-16
38.96	6.2675e-07	0.00095133	0.00071447	0.00023686	5.4517e-16
38.97	6.2914e-07	0.00095546	0.00071889	0.00023657	5.4566e-16
38.98	6.314e-07	0.00095938	0.00072309	0.00023629	5.4613e-16
38.99	6.3346e-07	0.000963	0.00072699	0.00023601	5.4657e-16
39	6.3525e-07	0.00096622	0.00073047	0.00023574	5.47e-16
39.01	6.3671e-07	0.00096894	0.00073346	0.00023548	5.4741e-16
39.02	6.378e-07	0.00097109	0.00073585	0.00023524	5.478e-16
39.03	6.3847e-07	0.0009726	0.0007376	0.000235	5.4818e-16
39.04	6.3868e-07	0.00097343	0.00073865	0.00023478	5.4854e-16
39.05	6.3843e-07	0.00097354	0.00073896	0.00023458	5.4888e-16
39.06	6.3768e-07	0.0009729	0.00073851	0.00023439	5.4921e-16
39.07	6.3645e-07	0.00097151	0.0007373	0.00023421	5.4952e-16
39.08	6.3473e-07	0.00096939	0.00073534	0.00023405	5.4981e-16
39.09	6.3255e-07	0.00096656	0.00073267	0.00023389	5.5008e-16
39.1	6.2994e-07	0.00096306	0.00072932	0.00023374	5.5032e-16
39.11	6.2693e-07	0.00095895	0.00072535	0.0002336	5.5054e-16
39.12	6.2357e-07	0.00095429	0.00072084	0.00023345	5.5074e-16
39.13	6.1991e-07	0.00094918	0.00071587	0.00023331	5.5092e-16
39.14	6.1602e-07	0.00094371	0.00071055	0.00023316	5.5108e-16
39.15	6.1196e-07	0.00093797	0.00070496	0.00023301	5.5123e-16
39.16	6.0781e-07	0.00093208	0.00069923	0.00023284	5.5137e-16
39.17	6.0363e-07	0.00092615	0.00069347	0.00023267	5.5151e-16
39.18	5.9951e-07	0.00092028	0.0006878	0.00023249	5.5165e-16
39.19	5.955e-07	0.00091461	0.00068232	0.00023229	5.5179e-16
39.2	5.917e-07	0.00090923	0.00067715	0.00023208	5.5194e-16
39.21	5.8816e-07	0.00090425	0.00067239	0.00023186	5.521e-16
39.22	5.8494e-07	0.00089977	0.00066813	0.00023163	5.5227e-16
39.23	5.8211e-07	0.00089586	0.00066447	0.00023139	5.5245e-16
39.24	5.7969e-07	0.00089259	0.00066146	0.00023114	5.5262e-16
39.25	5.7773e-07	0.00089003	0.00065915	0.00023088	5.528e-16
39.26	5.7625e-07	0.0008882	0.00065759	0.00023061	5.5296e-16
39.27	5.7526e-07	0.00088713	0.00065679	0.00023034	5.531e-16
39.28	5.7477e-07	0.00088682	0.00065676	0.00023006	5.5321e-16
39.29	5.7474e-07	0.00088724	0.00065746	0.00022977	5.5328e-16
39.3	5.7518e-07	0.00088835	0.00065887	0.00022948	5.533e-16
39.31	5.7603e-07	0.00089012	0.00066094	0.00022918	5.5327e-16
39.32	5.7725e-07	0.00089246	0.00066358	0.00022888	5.5319e-16
39.33	5.7879e-07	0.0008953	0.00066673	0.00022857	5.5305e-16
39.34	5.8059e-07	0.00089853	0.00067028	0.00022826	5.5287e-16
39.35	5.8257e-07	0.00090207	0.00067413	0.00022794	5.5264e-16
39.36	5.8468e-07	0.00090579	0.00067817	0.00022761	5.5238e-16
39.37	5.8683e-07	0.00090958	0.0006823	0.00022728	5.5211e-16
39.38	5.8895e-07	0.00091334	0.00068639	0.00022695	5.5183e-16
39.39	5.9097e-07	0.00091694	0.00069033	0.00022661	5.5157e-16
39.4	5.9283e-07	0.00092028	0.00069402	0.00022626	5.5134e-16
39.41	5.9445e-07	0.00092327	0.00069735	0.00022592	5.5115e-16
39.42	5.9578e-07	0.00092581	0.00070023	0.00022558	5.5102e-16
39.43	5.9677e-07	0.00092782	0.00070258	0.00022524	5.5096e-16
39.44	5.9738e-07	0.00092923	0.00070432	0.00022491	5.5098e-16
39.45	5.9757e-07	0.00093	0.00070541	0.00022459	5.5107e-16
39.46	5.9731e-07	0.00093007	0.0007058	0.00022427	5.5123e-16
39.47	5.966e-07	0.00092943	0.00070547	0.00022396	5.5145e-16
39.48	5.9543e-07	0.00092808	0.00070441	0.00022366	5.5173e-16
39.49	5.938e-07	0.00092601	0.00070263	0.00022338	5.5205e-16
39.5	5.9173e-07	0.00092325	0.00070015	0.0002231	5.5239e-16
39.51	5.8925e-07	0.00091985	0.00069701	0.00022284	5.5272e-16
39.52	5.8639e-07	0.00091585	0.00069326	0.00022259	5.5304e-16
39.53	5.832e-07	0.00091132	0.00068897	0.00022234	5.5332e-16
39.54	5.7972e-07	0.00090634	0.00068423	0.00022211	5.5355e-16
39.55	5.7601e-07	0.00090099	0.00067911	0.00022188	5.5371e-16
39.56	5.7214e-07	0.00089539	0.00067372	0.00022167	5.5379e-16
39.57	5.6817e-07	0.00088963	0.00066817	0.00022145	5.5378e-16
39.58	5.6417e-07	0.00088381	0.00066257	0.00022124	5.5369e-16
39.59	5.6021e-07	0.00087806	0.00065702	0.00022104	5.535e-16
39.6	5.5637e-07	0.00087247	0.00065163	0.00022084	5.5322e-16
39.61	5.5271e-07	0.00086717	0.00064653	0.00022064	5.5287e-16
39.62	5.4929e-07	0.00086225	0.0006418	0.00022045	5.5244e-16
39.63	5.4619e-07	0.00085781	0.00063754	0.00022026	5.5195e-16
39.64	5.4344e-07	0.00085392	0.00063384	0.00022008	5.5141e-16
39.65	5.411e-07	0.00085067	0.00063077	0.0002199	5.5082e-16
39.66	5.3919e-07	0.0008481	0.00062838	0.00021972	5.5021e-16
39.67	5.3775e-07	0.00084627	0.00062672	0.00021955	5.4956e-16
39.68	5.368e-07	0.00084519	0.0006258	0.00021939	5.489e-16
39.69	5.3632e-07	0.00084486	0.00062563	0.00021923	5.4822e-16
39.7	5.3631e-07	0.00084528	0.00062621	0.00021907	5.4753e-16
39.71	5.3676e-07	0.00084641	0.00062749	0.00021891	5.4683e-16
39.72	5.3762e-07	0.0008482	0.00062944	0.00021875	5.4613e-16
39.73	5.3887e-07	0.00085059	0.00063199	0.00021859	5.4542e-16
39.74	5.4044e-07	0.0008535	0.00063507	0.00021843	5.4471e-16
39.75	5.4228e-07	0.00085684	0.00063858	0.00021826	5.44e-16
39.76	5.4433e-07	0.00086051	0.00064242	0.00021808	5.4329e-16
39.77	5.4651e-07	0.00086439	0.00064649	0.0002179	5.426e-16
39.78	5.4876e-07	0.00086838	0.00065068	0.0002177	5.4192e-16
39.79	5.51e-07	0.00087236	0.00065488	0.00021748	5.4127e-16
39.8	5.5316e-07	0.00087622	0.00065897	0.00021726	5.4065e-16
39.81	5.5517e-07	0.00087985	0.00066284	0.00021701	5.4008e-16
39.82	5.5697e-07	0.00088315	0.00066639	0.00021676	5.3954e-16
39.83	5.585e-07	0.00088602	0.00066952	0.0002165	5.3906e-16
39.84	5.597e-07	0.00088838	0.00067216	0.00021622	5.3863e-16
39.85	5.6054e-07	0.00089015	0.00067422	0.00021593	5.3824e-16
39.86	5.6098e-07	0.0008913	0.00067566	0.00021564	5.379e-16
39.87	5.6099e-07	0.00089176	0.00067642	0.00021534	5.3758e-16
39.88	5.6056e-07	0.00089152	0.00067647	0.00021504	5.3729e-16
39.89	5.5967e-07	0.00089056	0.00067581	0.00021474	5.3699e-16
39.9	5.5834e-07	0.00088888	0.00067444	0.00021444	5.3667e-16
39.91	5.5657e-07	0.00088652	0.00067237	0.00021415	5.3632e-16
39.92	5.544e-07	0.00088349	0.00066963	0.00021386	5.3591e-16
39.93	5.5184e-07	0.00087985	0.00066628	0.00021357	5.3543e-16
39.94	5.4894e-07	0.00087567	0.00066237	0.00021329	5.3486e-16
39.95	5.4574e-07	0.000871	0.00065798	0.00021302	5.3419e-16
39.96	5.4229e-07	0.00086594	0.00065319	0.00021275	5.3342e-16
39.97	5.3866e-07	0.00086057	0.00064808	0.00021249	5.3254e-16
39.98	5.349e-07	0.00085499	0.00064276	0.00021223	5.3157e-16
39.99	5.3108e-07	0.00084931	0.00063733	0.00021197	5.3052e-16
40	5.2726e-07	0.00084362	0.0006319	0.00021172	5.294e-16
40.01	5.2351e-07	0.00083804	0.00062656	0.00021147	5.2824e-16
40.02	5.1989e-07	0.00083266	0.00062143	0.00021123	5.2706e-16
40.03	5.1647e-07	0.00082759	0.0006166	0.00021098	5.2589e-16
40.04	5.1329e-07	0.00082291	0.00061217	0.00021074	5.2475e-16
40.05	5.1042e-07	0.00081872	0.00060822	0.0002105	5.2366e-16
40.06	5.079e-07	0.00081508	0.00060482	0.00021026	5.2264e-16
40.07	5.0577e-07	0.00081207	0.00060204	0.00021003	5.2171e-16
40.08	5.0405e-07	0.00080972	0.00059992	0.0002098	5.2086e-16
40.09	5.0278e-07	0.00080807	0.00059849	0.00020957	5.201e-16
40.1	5.0195e-07	0.00080714	0.00059778	0.00020935	5.1942e-16
40.11	5.0156e-07	0.00080692	0.00059778	0.00020914	5.1879e-16
40.12	5.0162e-07	0.00080741	0.00059848	0.00020893	5.182e-16
40.13	5.0208e-07	0.00080856	0.00059984	0.00020872	5.1762e-16
40.14	5.0293e-07	0.00081033	0.00060182	0.00020852	5.1702e-16
40.15	5.0412e-07	0.00081266	0.00060434	0.00020832	5.1637e-16
40.16	5.0561e-07	0.00081546	0.00060734	0.00020812	5.1565e-16
40.17	5.0734e-07	0.00081866	0.00061073	0.00020793	5.1483e-16
40.18	5.0925e-07	0.00082215	0.00061442	0.00020773	5.139e-16
40.19	5.1127e-07	0.00082583	0.00061829	0.00020754	5.1286e-16
40.2	5.1335e-07	0.00082959	0.00062225	0.00020734	5.1169e-16
40.21	5.1541e-07	0.00083334	0.0006262	0.00020714	5.1041e-16
40.22	5.1739e-07	0.00083695	0.00063001	0.00020694	5.0903e-16
40.23	5.1922e-07	0.00084034	0.0006336	0.00020673	5.0759e-16
40.24	5.2085e-07	0.00084339	0.00063687	0.00020653	5.0611e-16
40.25	5.2223e-07	0.00084604	0.00063972	0.00020631	5.0463e-16
40.26	5.233e-07	0.00084819	0.00064209	0.0002061	5.0318e-16
40.27	5.2402e-07	0.00084979	0.00064391	0.00020589	5.018e-16
40.28	5.2438e-07	0.00085079	0.00064512	0.00020567	5.0053e-16
40.29	5.2433e-07	0.00085114	0.00064568	0.00020546	4.9939e-16
40.3	5.2387e-07	0.00085082	0.00064558	0.00020524	4.984e-16
40.31	5.23e-07	0.00084983	0.0006448	0.00020503	4.9758e-16
40.32	5.2172e-07	0.00084816	0.00064334	0.00020482	4.9692e-16
40.33	5.2004e-07	0.00084584	0.00064124	0.00020461	4.9643e-16
40.34	5.1798e-07	0.00084291	0.00063851	0.0002044	4.9608e-16
40.35	5.1557e-07	0.00083941	0.00063522	0.00020419	4.9585e-16
40.36	5.1285e-07	0.0008354	0.00063141	0.00020398	4.957e-16
40.37	5.0986e-07	0.00083094	0.00062717	0.00020377	4.9561e-16
40.38	5.0666e-07	0.00082612	0.00062256	0.00020356	4.9554e-16
40.39	5.0328e-07	0.00082103	0.00061769	0.00020334	4.9546e-16
40.4	4.9979e-07	0.00081574	0.00061263	0.00020312	4.9532e-16
40.41	4.9626e-07	0.00081037	0.00060749	0.00020289	4.951e-16
40.42	4.9273e-07	0.00080501	0.00060236	0.00020265	4.9479e-16
40.43	4.8927e-07	0.00079975	0.00059735	0.0002024	4.9436e-16
40.44	4.8594e-07	0.0007947	0.00059256	0.00020214	4.9383e-16
40.45	4.828e-07	0.00078996	0.00058808	0.00020188	4.9318e-16
40.46	4.799e-07	0.0007856	0.00058399	0.00020161	4.9244e-16
40.47	4.7729e-07	0.00078171	0.00058038	0.00020133	4.9163e-16
40.48	4.7501e-07	0.00077836	0.0005773	0.00020105	4.9078e-16
40.49	4.7309e-07	0.00077561	0.00057483	0.00020078	4.899e-16
40.5	4.7158e-07	0.00077351	0.00057301	0.0002005	4.8904e-16
40.51	4.7048e-07	0.00077208	0.00057186	0.00020022	4.8823e-16
40.52	4.698e-07	0.00077135	0.00057139	0.00019996	4.8748e-16
40.53	4.6954e-07	0.00077131	0.00057161	0.0001997	4.8683e-16
40.54	4.697e-07	0.00077195	0.0005725	0.00019945	4.8628e-16
40.55	4.7025e-07	0.00077323	0.00057402	0.00019922	4.8585e-16
40.56	4.7116e-07	0.00077512	0.00057612	0.000199	4.8553e-16
40.57	4.724e-07	0.00077753	0.00057874	0.00019879	4.8533e-16
40.58	4.7391e-07	0.0007804	0.00058181	0.0001986	4.8521e-16
40.59	4.7564e-07	0.00078364	0.00058523	0.00019842	4.8518e-16
40.6	4.7754e-07	0.00078716	0.00058891	0.00019825	4.8519e-16
40.61	4.7954e-07	0.00079084	0.00059275	0.00019809	4.8524e-16
40.62	4.8157e-07	0.00079458	0.00059665	0.00019793	4.853e-16
40.63	4.8357e-07	0.00079827	0.00060049	0.00019779	4.8533e-16
40.64	4.8547e-07	0.00080181	0.00060417	0.00019764	4.8533e-16
40.65	4.8721e-07	0.00080508	0.00060759	0.0001975	4.8528e-16
40.66	4.8874e-07	0.000808	0.00061065	0.00019735	4.8517e-16
40.67	4.8999e-07	0.00081047	0.00061327	0.0001972	4.8499e-16
40.68	4.9092e-07	0.00081241	0.00061536	0.00019704	4.8474e-16
40.69	4.9149e-07	0.00081375	0.00061688	0.00019688	4.8443e-16
40.7	4.9168e-07	0.00081446	0.00061776	0.0001967	4.8408e-16
40.71	4.9145e-07	0.00081448	0.00061797	0.00019651	4.8368e-16
40.72	4.908e-07	0.00081381	0.00061749	0.00019631	4.8326e-16
40.73	4.8973e-07	0.00081243	0.00061633	0.0001961	4.8284e-16
40.74	4.8824e-07	0.00081036	0.00061448	0.00019588	4.8242e-16
40.75	4.8636e-07	0.00080762	0.00061198	0.00019564	4.8202e-16
40.76	4.841e-07	0.00080427	0.00060888	0.00019539	4.8165e-16
40.77	4.815e-07	0.00080034	0.00060522	0.00019513	4.8132e-16
40.78	4.7861e-07	0.00079592	0.00060107	0.00019485	4.8103e-16
40.79	4.7546e-07	0.00079109	0.00059652	0.00019457	4.8078e-16
40.8	4.7213e-07	0.00078592	0.00059165	0.00019427	4.8056e-16
40.81	4.6865e-07	0.00078052	0.00058655	0.00019396	4.8037e-16
40.82	4.651e-07	0.00077498	0.00058133	0.00019365	4.8021e-16
40.83	4.6153e-07	0.00076942	0.00057609	0.00019333	4.8006e-16
40.84	4.5802e-07	0.00076393	0.00057093	0.000193	4.7992e-16
40.85	4.5461e-07	0.00075862	0.00056595	0.00019267	4.7978e-16
40.86	4.5137e-07	0.00075359	0.00056126	0.00019233	4.7964e-16
40.87	4.4836e-07	0.00074893	0.00055693	0.000192	4.7949e-16
40.88	4.4563e-07	0.00074472	0.00055305	0.00019167	4.7933e-16
40.89	4.4321e-07	0.00074104	0.0005497	0.00019134	4.7917e-16
40.9	4.4115e-07	0.00073796	0.00054693	0.00019103	4.79e-16
40.91	4.3948e-07	0.00073552	0.0005448	0.00019072	4.7884e-16
40.92	4.3821e-07	0.00073376	0.00054334	0.00019042	4.7869e-16
40.93	4.3736e-07	0.0007327	0.00054256	0.00019014	4.7855e-16
40.94	4.3693e-07	0.00073234	0.00054246	0.00018987	4.7843e-16
40.95	4.3691e-07	0.00073266	0.00054304	0.00018962	4.7833e-16
40.96	4.3728e-07	0.00073364	0.00054426	0.00018939	4.7825e-16
40.97	4.3802e-07	0.00073523	0.00054607	0.00018917	4.7818e-16
40.98	4.3908e-07	0.00073738	0.00054842	0.00018896	4.7813e-16
40.99	4.4043e-07	0.00074	0.00055123	0.00018877	4.7809e-16
41	4.4201e-07	0.00074301	0.00055442	0.00018859	4.7804e-16
41.01	4.4376e-07	0.00074633	0.0005579	0.00018843	4.7798e-16
41.02	4.4563e-07	0.00074984	0.00056157	0.00018827	4.7789e-16
41.03	4.4756e-07	0.00075345	0.00056534	0.00018812	4.7777e-16
41.04	4.4948e-07	0.00075705	0.00056908	0.00018797	4.7761e-16
41.05	4.5133e-07	0.00076053	0.00057271	0.00018782	4.7739e-16
41.06	4.5304e-07	0.0007638	0.00057613	0.00018767	4.7711e-16
41.07	4.5457e-07	0.00076675	0.00057923	0.00018752	4.7678e-16
41.08	4.5587e-07	0.00076931	0.00058194	0.00018737	4.7639e-16
41.09	4.5688e-07	0.00077139	0.00058418	0.00018721	4.7595e-16
41.1	4.5757e-07	0.00077293	0.00058589	0.00018705	4.7546e-16
41.11	4.5791e-07	0.00077389	0.00058701	0.00018688	4.7493e-16
41.12	4.5789e-07	0.00077422	0.00058752	0.0001867	4.7438e-16
41.13	4.5748e-07	0.00077391	0.00058738	0.00018652	4.7381e-16
41.14	4.5669e-07	0.00077294	0.0005866	0.00018634	4.7323e-16
41.15	4.5552e-07	0.00077134	0.00058518	0.00018615	4.7266e-16
41.16	4.5398e-07	0.00076911	0.00058315	0.00018596	4.721e-16
41.17	4.5211e-07	0.0007663	0.00058053	0.00018577	4.7155e-16
41.18	4.4992e-07	0.00076297	0.00057739	0.00018558	4.7102e-16
41.19	4.4745e-07	0.00075916	0.00057378	0.00018538	4.705e-16
41.2	4.4476e-07	0.00075495	0.00056977	0.00018518	4.6999e-16
41.21	4.4187e-07	0.00075042	0.00056543	0.00018498	4.6947e-16
41.22	4.3885e-07	0.00074565	0.00056087	0.00018478	4.6896e-16
41.23	4.3575e-07	0.00074073	0.00055615	0.00018458	4.6843e-16
41.24	4.3261e-07	0.00073576	0.00055139	0.00018437	4.6788e-16
41.25	4.295e-07	0.00073082	0.00054666	0.00018416	4.673e-16
41.26	4.2647e-07	0.00072601	0.00054206	0.00018394	4.6669e-16
41.27	4.2356e-07	0.00072142	0.00053769	0.00018373	4.6606e-16
41.28	4.2084e-07	0.00071712	0.00053362	0.0001835	4.6541e-16
41.29	4.1833e-07	0.0007132	0.00052993	0.00018327	4.6474e-16
41.3	4.1609e-07	0.00070973	0.00052669	0.00018304	4.6407e-16
41.31	4.1415e-07	0.00070676	0.00052396	0.0001828	4.6341e-16
41.32	4.1254e-07	0.00070434	0.00052179	0.00018255	4.6277e-16
41.33	4.1127e-07	0.00070252	0.00052021	0.00018231	4.6218e-16
41.34	4.1036e-07	0.0007013	0.00051924	0.00018206	4.6164e-16
41.35	4.0982e-07	0.00070071	0.0005189	0.00018182	4.6117e-16
41.36	4.0963e-07	0.00070074	0.00051917	0.00018157	4.6077e-16
41.37	4.098e-07	0.00070136	0.00052003	0.00018133	4.6046e-16
41.38	4.1029e-07	0.00070254	0.00052146	0.00018109	4.6023e-16
41.39	4.1109e-07	0.00070425	0.0005234	0.00018085	4.6007e-16
41.4	4.1215e-07	0.00070642	0.00052579	0.00018063	4.5997e-16
41.41	4.1345e-07	0.00070897	0.00052857	0.0001804	4.5992e-16
41.42	4.1492e-07	0.00071184	0.00053166	0.00018019	4.5989e-16
41.43	4.1652e-07	0.00071494	0.00053496	0.00017998	4.5986e-16
41.44	4.182e-07	0.00071817	0.0005384	0.00017977	4.5981e-16
41.45	4.199e-07	0.00072143	0.00054186	0.00017957	4.597e-16
41.46	4.2157e-07	0.00072464	0.00054527	0.00017938	4.5952e-16
41.47	4.2314e-07	0.0007277	0.00054851	0.00017918	4.5925e-16
41.48	4.2457e-07	0.00073051	0.00055152	0.000179	4.5887e-16
41.49	4.2581e-07	0.00073299	0.00055419	0.00017881	4.5838e-16
41.5	4.2681e-07	0.00073507	0.00055645	0.00017862	4.5777e-16
41.51	4.2754e-07	0.00073668	0.00055824	0.00017844	4.5706e-16
41.52	4.2796e-07	0.00073776	0.0005595	0.00017825	4.5626e-16
41.53	4.2804e-07	0.00073826	0.0005602	0.00017807	4.5538e-16
41.54	4.2778e-07	0.00073817	0.00056029	0.00017788	4.5446e-16
41.55	4.2717e-07	0.00073747	0.00055977	0.00017769	4.5353e-16
41.56	4.262e-07	0.00073614	0.00055864	0.0001775	4.526e-16
41.57	4.2488e-07	0.00073422	0.00055691	0.00017731	4.5172e-16
41.58	4.2323e-07	0.00073172	0.0005546	0.00017712	4.509e-16
41.59	4.2127e-07	0.00072868	0.00055176	0.00017693	4.5017e-16
41.6	4.1903e-07	0.00072516	0.00054843	0.00017673	4.4955e-16
41.61	4.1656e-07	0.00072122	0.00054469	0.00017653	4.4903e-16
41.62	4.1388e-07	0.00071693	0.0005406	0.00017633	4.4863e-16
41.63	4.1105e-07	0.00071237	0.00053624	0.00017613	4.4834e-16
41.64	4.0811e-07	0.00070761	0.0005317	0.00017592	4.4813e-16
41.65	4.0512e-07	0.00070276	0.00052706	0.00017571	4.4799e-16
41.66	4.0212e-07	0.00069791	0.00052242	0.00017549	4.479e-16
41.67	3.9918e-07	0.00069313	0.00051786	0.00017526	4.4782e-16
41.68	3.9634e-07	0.00068852	0.00051349	0.00017504	4.4773e-16
41.69	3.9364e-07	0.00068417	0.00050937	0.0001748	4.476e-16
41.7	3.9114e-07	0.00068016	0.00050559	0.00017457	4.474e-16
41.71	3.8888e-07	0.00067655	0.00050222	0.00017433	4.4711e-16
41.72	3.869e-07	0.00067342	0.00049933	0.00017408	4.4672e-16
41.73	3.8521e-07	0.00067081	0.00049697	0.00017383	4.4622e-16
41.74	3.8385e-07	0.00066876	0.00049518	0.00017359	4.4561e-16
41.75	3.8284e-07	0.00066732	0.00049398	0.00017334	4.449e-16
41.76	3.8218e-07	0.00066648	0.00049339	0.0001731	4.4411e-16
41.77	3.8187e-07	0.00066626	0.00049341	0.00017286	4.4326e-16
41.78	3.8191e-07	0.00066665	0.00049403	0.00017262	4.4237e-16
41.79	3.8228e-07	0.00066761	0.00049522	0.00017239	4.4147e-16
41.8	3.8295e-07	0.00066911	0.00049693	0.00017217	4.4059e-16
41.81	3.839e-07	0.00067109	0.00049913	0.00017196	4.3975e-16
41.82	3.8509e-07	0.00067349	0.00050173	0.00017176	4.3898e-16
41.83	3.8647e-07	0.00067623	0.00050467	0.00017156	4.3829e-16
41.84	3.88e-07	0.00067923	0.00050786	0.00017137	4.377e-16
41.85	3.8963e-07	0.00068241	0.00051122	0.00017119	4.3721e-16
41.86	3.913e-07	0.00068567	0.00051465	0.00017102	4.3683e-16
41.87	3.9296e-07	0.0006889	0.00051805	0.00017085	4.3655e-16
41.88	3.9455e-07	0.00069202	0.00052134	0.00017068	4.3634e-16
41.89	3.9603e-07	0.00069494	0.00052442	0.00017052	4.3621e-16
41.9	3.9733e-07	0.00069756	0.0005272	0.00017036	4.3612e-16
41.91	3.9842e-07	0.0006998	0.00052961	0.00017019	4.3605e-16
41.92	3.9925e-07	0.0007016	0.00053158	0.00017003	4.3598e-16
41.93	3.998e-07	0.0007029	0.00053304	0.00016986	4.359e-16
41.94	4.0003e-07	0.00070364	0.00053395	0.00016969	4.3577e-16
41.95	3.9993e-07	0.0007038	0.00053428	0.00016951	4.356e-16
41.96	3.9948e-07	0.00070334	0.00053401	0.00016934	4.3536e-16
41.97	3.9869e-07	0.00070228	0.00053313	0.00016915	4.3507e-16
41.98	3.9755e-07	0.00070061	0.00053165	0.00016897	4.3471e-16
41.99	3.9609e-07	0.00069837	0.00052959	0.00016878	4.3429e-16
42	3.9432e-07	0.00069557	0.00052699	0.00016859	4.3383e-16
42.01	3.9226e-07	0.00069228	0.00052389	0.00016839	4.3333e-16
42.02	3.8996e-07	0.00068855	0.00052036	0.00016819	4.3282e-16
42.03	3.8746e-07	0.00068445	0.00051646	0.00016799	4.323e-16
42.04	3.8479e-07	0.00068006	0.00051227	0.00016779	4.318e-16
42.05	3.82e-07	0.00067545	0.00050787	0.00016758	4.3133e-16
42.06	3.7914e-07	0.00067071	0.00050334	0.00016737	4.3089e-16
42.07	3.7625e-07	0.00066593	0.00049877	0.00016715	4.305e-16
42.08	3.734e-07	0.00066119	0.00049426	0.00016693	4.3016e-16
42.09	3.7063e-07	0.00065659	0.00048989	0.00016671	4.2986e-16
42.1	3.6798e-07	0.00065221	0.00048574	0.00016647	4.2961e-16
42.11	3.655e-07	0.00064813	0.00048189	0.00016624	4.294e-16
42.12	3.6323e-07	0.00064441	0.00047842	0.00016599	4.2923e-16
42.13	3.6121e-07	0.00064113	0.00047538	0.00016575	4.2907e-16
42.14	3.5947e-07	0.00063833	0.00047284	0.00016549	4.2892e-16
42.15	3.5802e-07	0.00063607	0.00047084	0.00016524	4.2877e-16
42.16	3.569e-07	0.00063438	0.0004694	0.00016498	4.2861e-16
42.17	3.5611e-07	0.00063328	0.00046856	0.00016472	4.2843e-16
42.18	3.5566e-07	0.00063277	0.00046831	0.00016446	4.2823e-16
42.19	3.5554e-07	0.00063286	0.00046865	0.0001642	4.2801e-16
42.2	3.5574e-07	0.00063351	0.00046956	0.00016395	4.2777e-16
42.21	3.5624e-07	0.00063471	0.00047101	0.00016371	4.2751e-16
42.22	3.5702e-07	0.00063641	0.00047294	0.00016347	4.2723e-16
42.23	3.5805e-07	0.00063854	0.0004753	0.00016324	4.2694e-16
42.24	3.5929e-07	0.00064104	0.00047803	0.00016301	4.2665e-16
42.25	3.6068e-07	0.00064384	0.00048105	0.0001628	4.2636e-16
42.26	3.622e-07	0.00064685	0.00048426	0.00016259	4.2608e-16
42.27	3.6378e-07	0.00064998	0.00048759	0.0001624	4.2582e-16
42.28	3.6537e-07	0.00065314	0.00049093	0.0001622	4.2557e-16
42.29	3.6692e-07	0.00065622	0.0004942	0.00016202	4.2535e-16
42.3	3.6838e-07	0.00065914	0.00049731	0.00016184	4.2515e-16
42.31	3.697e-07	0.00066181	0.00050015	0.00016166	4.2496e-16
42.32	3.7082e-07	0.00066413	0.00050266	0.00016148	4.2479e-16
42.33	3.7171e-07	0.00066604	0.00050475	0.00016129	4.2463e-16
42.34	3.7233e-07	0.00066746	0.00050636	0.00016111	4.2447e-16
42.35	3.7265e-07	0.00066835	0.00050744	0.00016091	4.2432e-16
42.36	3.7264e-07	0.00066866	0.00050794	0.00016072	4.2415e-16
42.37	3.723e-07	0.00066836	0.00050784	0.00016051	4.2397e-16
42.38	3.7161e-07	0.00066744	0.00050713	0.0001603	4.2378e-16
42.39	3.7058e-07	0.0006659	0.00050581	0.00016009	4.2357e-16
42.4	3.6922e-07	0.00066376	0.0005039	0.00015986	4.2333e-16
42.41	3.6754e-07	0.00066106	0.00050142	0.00015964	4.2308e-16
42.42	3.6558e-07	0.00065784	0.00049843	0.00015941	4.228e-16
42.43	3.6336e-07	0.00065415	0.00049498	0.00015917	4.225e-16
42.44	3.6092e-07	0.00065007	0.00049113	0.00015894	4.2219e-16
42.45	3.5831e-07	0.00064568	0.00048697	0.00015871	4.2186e-16
42.46	3.5558e-07	0.00064106	0.00048258	0.00015848	4.2151e-16
42.47	3.5277e-07	0.00063629	0.00047804	0.00015825	4.2115e-16
42.48	3.4994e-07	0.00063148	0.00047345	0.00015803	4.2078e-16
42.49	3.4714e-07	0.00062672	0.0004689	0.00015782	4.204e-16
42.5	3.4441e-07	0.00062209	0.00046449	0.00015761	4.2e-16
42.51	3.4182e-07	0.0006177	0.00046029	0.00015741	4.1958e-16
42.52	3.3939e-07	0.00061361	0.00045639	0.00015722	4.1915e-16
42.53	3.3719e-07	0.00060991	0.00045287	0.00015703	4.1869e-16
42.54	3.3523e-07	0.00060666	0.0004498	0.00015686	4.182e-16
42.55	3.3357e-07	0.00060392	0.00044723	0.00015669	4.1769e-16
42.56	3.322e-07	0.00060174	0.00044521	0.00015653	4.1714e-16
42.57	3.3117e-07	0.00060015	0.00044377	0.00015638	4.1656e-16
42.58	3.3047e-07	0.00059917	0.00044293	0.00015623	4.1596e-16
42.59	3.3012e-07	0.0005988	0.00044271	0.00015609	4.1532e-16
42.6	3.3009e-07	0.00059904	0.00044308	0.00015596	4.1466e-16
42.61	3.304e-07	0.00059987	0.00044404	0.00015583	4.1399e-16
42.62	3.31e-07	0.00060125	0.00044555	0.00015571	4.133e-16
42.63	3.3189e-07	0.00060315	0.00044756	0.00015559	4.1262e-16
42.64	3.3302e-07	0.00060548	0.00045001	0.00015547	4.1193e-16
42.65	3.3436e-07	0.0006082	0.00045285	0.00015535	4.1126e-16
42.66	3.3586e-07	0.00061122	0.00045599	0.00015524	4.1061e-16
42.67	3.3748e-07	0.00061446	0.00045934	0.00015512	4.0998e-16
42.68	3.3916e-07	0.00061782	0.00046282	0.000155	4.0938e-16
42.69	3.4087e-07	0.00062121	0.00046634	0.00015487	4.0881e-16
42.7	3.4253e-07	0.00062454	0.0004698	0.00015474	4.0827e-16
42.71	3.4411e-07	0.00062771	0.00047311	0.0001546	4.0776e-16
42.72	3.4555e-07	0.00063063	0.00047619	0.00015445	4.0727e-16
42.73	3.4681e-07	0.00063323	0.00047894	0.00015429	4.0679e-16
42.74	3.4785e-07	0.00063542	0.0004813	0.00015412	4.0632e-16
42.75	3.4862e-07	0.00063713	0.00048319	0.00015394	4.0585e-16
42.76	3.4911e-07	0.00063832	0.00048457	0.00015375	4.0538e-16
42.77	3.4928e-07	0.00063894	0.00048539	0.00015355	4.0489e-16
42.78	3.4913e-07	0.00063895	0.00048562	0.00015333	4.0438e-16
42.79	3.4864e-07	0.00063836	0.00048524	0.00015311	4.0384e-16
42.8	3.4782e-07	0.00063715	0.00048426	0.00015289	4.0327e-16
42.81	3.4667e-07	0.00063534	0.00048269	0.00015265	4.0268e-16
42.82	3.4521e-07	0.00063296	0.00048054	0.00015242	4.0206e-16
42.83	3.4346e-07	0.00063005	0.00047787	0.00015218	4.0142e-16
42.84	3.4146e-07	0.00062667	0.00047473	0.00015194	4.0076e-16
42.85	3.3923e-07	0.00062288	0.00047117	0.0001517	4.0009e-16
42.86	3.3683e-07	0.00061874	0.00046727	0.00015147	3.9941e-16
42.87	3.3428e-07	0.00061435	0.0004631	0.00015125	3.9873e-16
42.88	3.3164e-07	0.00060979	0.00045876	0.00015103	3.9807e-16
42.89	3.2896e-07	0.00060514	0.00045431	0.00015082	3.9741e-16
42.9	3.2628e-07	0.00060048	0.00044986	0.00015062	3.9677e-16
42.91	3.2364e-07	0.00059592	0.00044549	0.00015043	3.9615e-16
42.92	3.2111e-07	0.00059152	0.00044128	0.00015024	3.9555e-16
42.93	3.1871e-07	0.00058738	0.00043732	0.00015006	3.9496e-16
42.94	3.1649e-07	0.00058356	0.00043368	0.00014988	3.9438e-16
42.95	3.1448e-07	0.00058013	0.00043042	0.00014971	3.938e-16
42.96	3.1272e-07	0.00057714	0.0004276	0.00014954	3.9321e-16
42.97	3.1122e-07	0.00057464	0.00042527	0.00014937	3.9261e-16
42.98	3.1001e-07	0.00057267	0.00042347	0.0001492	3.9198e-16
42.99	3.091e-07	0.00057125	0.00042222	0.00014903	3.9132e-16
43	3.0849e-07	0.0005704	0.00042154	0.00014886	3.9062e-16
43.01	3.0819e-07	0.0005701	0.00042143	0.00014868	3.8988e-16
43.02	3.0818e-07	0.00057036	0.00042186	0.0001485	3.8909e-16
43.03	3.0846e-07	0.00057115	0.00042283	0.00014831	3.8826e-16
43.04	3.0901e-07	0.00057242	0.0004243	0.00014812	3.8738e-16
43.05	3.098e-07	0.00057415	0.00042622	0.00014793	3.8646e-16
43.06	3.108e-07	0.00057627	0.00042853	0.00014774	3.8552e-16
43.07	3.1197e-07	0.00057871	0.00043117	0.00014754	3.8455e-16
43.08	3.1328e-07	0.00058141	0.00043407	0.00014734	3.8358e-16
43.09	3.1468e-07	0.00058428	0.00043714	0.00014714	3.826e-16
43.1	3.1614e-07	0.00058726	0.00044031	0.00014694	3.8164e-16
43.11	3.1759e-07	0.00059024	0.0004435	0.00014674	3.807e-16
43.12	3.1901e-07	0.00059315	0.00044661	0.00014654	3.7979e-16
43.13	3.2034e-07	0.0005959	0.00044956	0.00014634	3.7893e-16
43.14	3.2154e-07	0.00059841	0.00045227	0.00014614	3.781e-16
43.15	3.2257e-07	0.00060061	0.00045466	0.00014594	3.7733e-16
43.16	3.234e-07	0.00060242	0.00045668	0.00014574	3.766e-16
43.17	3.2398e-07	0.00060379	0.00045824	0.00014555	3.7591e-16
43.18	3.243e-07	0.00060466	0.00045932	0.00014535	3.7526e-16
43.19	3.2433e-07	0.00060501	0.00045986	0.00014515	3.7464e-16
43.2	3.2407e-07	0.00060479	0.00045985	0.00014494	3.7404e-16
43.21	3.235e-07	0.000604	0.00045926	0.00014474	3.7346e-16
43.22	3.2262e-07	0.00060264	0.0004581	0.00014454	3.7287e-16
43.23	3.2144e-07	0.00060073	0.00045639	0.00014434	3.7228e-16
43.24	3.1999e-07	0.00059828	0.00045415	0.00014413	3.7167e-16
43.25	3.1827e-07	0.00059534	0.00045142	0.00014393	3.7103e-16
43.26	3.1632e-07	0.00059197	0.00044824	0.00014373	3.7036e-16
43.27	3.1417e-07	0.00058822	0.00044469	0.00014353	3.6965e-16
43.28	3.1186e-07	0.00058415	0.00044083	0.00014333	3.6891e-16
43.29	3.0942e-07	0.00057986	0.00043673	0.00014313	3.6814e-16
43.3	3.0691e-07	0.00057542	0.00043249	0.00014293	3.6733e-16
43.31	3.0436e-07	0.00057091	0.00042817	0.00014274	3.6649e-16
43.32	3.0183e-07	0.00056643	0.00042388	0.00014255	3.6563e-16
43.33	2.9936e-07	0.00056205	0.00041968	0.00014237	3.6475e-16
43.34	2.97e-07	0.00055786	0.00041568	0.00014218	3.6387e-16
43.35	2.9477e-07	0.00055395	0.00041194	0.000142	3.6299e-16
43.36	2.9274e-07	0.00055037	0.00040854	0.00014183	3.6212e-16
43.37	2.9092e-07	0.0005472	0.00040555	0.00014165	3.6127e-16
43.38	2.8934e-07	0.0005445	0.00040301	0.00014148	3.6044e-16
43.39	2.8804e-07	0.00054229	0.00040098	0.00014131	3.5964e-16
43.4	2.8703e-07	0.00054064	0.00039949	0.00014115	3.5887e-16
43.41	2.8631e-07	0.00053954	0.00039856	0.00014098	3.5813e-16
43.42	2.859e-07	0.00053901	0.00039819	0.00014082	3.5743e-16
43.43	2.858e-07	0.00053906	0.0003984	0.00014066	3.5676e-16
43.44	2.8598e-07	0.00053965	0.00039915	0.0001405	3.5611e-16
43.45	2.8644e-07	0.00054078	0.00040043	0.00014035	3.5548e-16
43.46	2.8716e-07	0.00054239	0.00040219	0.00014019	3.5487e-16
43.47	2.8811e-07	0.00054443	0.00040438	0.00014004	3.5427e-16
43.48	2.8926e-07	0.00054684	0.00040695	0.00013989	3.5367e-16
43.49	2.9056e-07	0.00054956	0.00040981	0.00013975	3.5306e-16
43.5	2.9198e-07	0.0005525	0.0004129	0.0001396	3.5244e-16
43.51	2.9347e-07	0.00055558	0.00041612	0.00013946	3.518e-16
43.52	2.95e-07	0.00055872	0.0004194	0.00013931	3.5114e-16
43.53	2.965e-07	0.00056182	0.00042265	0.00013917	3.5045e-16
43.54	2.9793e-07	0.0005648	0.00042578	0.00013902	3.4972e-16
43.55	2.9926e-07	0.00056757	0.0004287	0.00013887	3.4896e-16
43.56	3.0043e-07	0.00057005	0.00043134	0.00013871	3.4817e-16
43.57	3.014e-07	0.00057216	0.00043361	0.00013855	3.4735e-16
43.58	3.0215e-07	0.00057384	0.00043546	0.00013838	3.465e-16
43.59	3.0263e-07	0.00057503	0.00043682	0.00013821	3.4562e-16
43.6	3.0284e-07	0.00057568	0.00043766	0.00013802	3.4473e-16
43.61	3.0274e-07	0.00057576	0.00043793	0.00013783	3.4383e-16
43.62	3.0234e-07	0.00057525	0.00043763	0.00013763	3.4292e-16
43.63	3.0162e-07	0.00057415	0.00043674	0.00013742	3.4202e-16
43.64	3.006e-07	0.00057247	0.00043527	0.0001372	3.4113e-16
43.65	2.9928e-07	0.00057022	0.00043325	0.00013697	3.4026e-16
43.66	2.9769e-07	0.00056745	0.00043071	0.00013674	3.3942e-16
43.67	2.9585e-07	0.0005642	0.0004277	0.0001365	3.3861e-16
43.68	2.9379e-07	0.00056054	0.00042427	0.00013627	3.3783e-16
43.69	2.9155e-07	0.00055652	0.00042049	0.00013603	3.371e-16
43.7	2.8918e-07	0.00055224	0.00041645	0.00013579	3.364e-16
43.71	2.867e-07	0.00054776	0.00041221	0.00013556	3.3574e-16
43.72	2.8418e-07	0.00054319	0.00040786	0.00013533	3.3513e-16
43.73	2.8165e-07	0.0005386	0.00040349	0.0001351	3.3454e-16
43.74	2.7916e-07	0.00053408	0.00039919	0.00013489	3.3399e-16
43.75	2.7675e-07	0.00052972	0.00039504	0.00013468	3.3347e-16
43.76	2.7447e-07	0.0005256	0.00039113	0.00013447	3.3296e-16
43.77	2.7236e-07	0.0005218	0.00038752	0.00013427	3.3247e-16
43.78	2.7045e-07	0.00051837	0.00038429	0.00013408	3.3199e-16
43.79	2.6877e-07	0.00051539	0.00038149	0.0001339	3.315e-16
43.8	2.6735e-07	0.0005129	0.00037917	0.00013372	3.3102e-16
43.81	2.662e-07	0.00051093	0.00037738	0.00013355	3.3052e-16
43.82	2.6534e-07	0.00050951	0.00037613	0.00013338	3.3002e-16
43.83	2.6478e-07	0.00050866	0.00037544	0.00013322	3.295e-16
43.84	2.6451e-07	0.00050837	0.00037532	0.00013305	3.2897e-16
43.85	2.6453e-07	0.00050864	0.00037575	0.00013289	3.2843e-16
43.86	2.6482e-07	0.00050944	0.00037671	0.00013273	3.2787e-16
43.87	2.6538e-07	0.00051074	0.00037817	0.00013258	3.2731e-16
43.88	2.6617e-07	0.0005125	0.00038008	0.00013242	3.2674e-16
43.89	2.6717e-07	0.00051465	0.00038239	0.00013226	3.2618e-16
43.9	2.6834e-07	0.00051714	0.00038503	0.00013211	3.2562e-16
43.91	2.6964e-07	0.0005199	0.00038794	0.00013196	3.2507e-16
43.92	2.7105e-07	0.00052284	0.00039103	0.00013181	3.2453e-16
43.93	2.7251e-07	0.00052589	0.00039424	0.00013166	3.2402e-16
43.94	2.7398e-07	0.00052897	0.00039746	0.00013151	3.2352e-16
43.95	2.7541e-07	0.00053199	0.00040063	0.00013136	3.2305e-16
43.96	2.7678e-07	0.00053487	0.00040365	0.00013122	3.2259e-16
43.97	2.7802e-07	0.00053752	0.00040645	0.00013107	3.2217e-16
43.98	2.7912e-07	0.00053988	0.00040896	0.00013092	3.2176e-16
43.99	2.8002e-07	0.00054187	0.00041109	0.00013078	3.2137e-16
44	2.807e-07	0.00054344	0.00041281	0.00013063	3.2099e-16
44.01	2.8114e-07	0.00054453	0.00041405	0.00013048	3.2063e-16
44.02	2.8131e-07	0.0005451	0.00041477	0.00013033	3.2027e-16
44.03	2.8119e-07	0.00054513	0.00041496	0.00013018	3.1992e-16
44.04	2.8079e-07	0.0005446	0.00041458	0.00013002	3.1956e-16
44.05	2.8011e-07	0.00054352	0.00041365	0.00012986	3.1919e-16
44.06	2.7914e-07	0.00054188	0.00041218	0.0001297	3.1882e-16
44.07	2.779e-07	0.00053972	0.00041018	0.00012954	3.1843e-16
44.08	2.7641e-07	0.00053708	0.0004077	0.00012938	3.1802e-16
44.09	2.747e-07	0.000534	0.00040478	0.00012921	3.1759e-16
44.1	2.7279e-07	0.00053053	0.00040148	0.00012905	3.1714e-16
44.11	2.7073e-07	0.00052676	0.00039787	0.00012889	3.1668e-16
44.12	2.6855e-07	0.00052275	0.00039402	0.00012873	3.1619e-16
44.13	2.6628e-07	0.00051857	0.00039	0.00012857	3.1568e-16
44.14	2.6398e-07	0.00051432	0.00038591	0.00012841	3.1516e-16
44.15	2.6168e-07	0.00051008	0.00038182	0.00012826	3.1462e-16
44.16	2.5943e-07	0.00050592	0.00037781	0.00012811	3.1407e-16
44.17	2.5727e-07	0.00050194	0.00037398	0.00012796	3.1351e-16
44.18	2.5524e-07	0.0004982	0.00037038	0.00012782	3.1295e-16
44.19	2.5337e-07	0.00049478	0.0003671	0.00012768	3.1239e-16
44.2	2.517e-07	0.00049173	0.00036419	0.00012754	3.1183e-16
44.21	2.5025e-07	0.00048911	0.00036171	0.0001274	3.1128e-16
44.22	2.4904e-07	0.00048697	0.00035971	0.00012726	3.1074e-16
44.23	2.4808e-07	0.00048533	0.0003582	0.00012712	3.1021e-16
44.24	2.474e-07	0.00048421	0.00035723	0.00012698	3.097e-16
44.25	2.47e-07	0.00048363	0.0003568	0.00012684	3.0921e-16
44.26	2.4686e-07	0.00048359	0.0003569	0.00012669	3.0873e-16
44.27	2.4699e-07	0.00048406	0.00035752	0.00012654	3.0828e-16
44.28	2.4737e-07	0.00048503	0.00035864	0.00012639	3.0784e-16
44.29	2.4799e-07	0.00048645	0.00036022	0.00012624	3.0743e-16
44.3	2.4881e-07	0.00048829	0.00036221	0.00012608	3.0703e-16
44.31	2.4981e-07	0.00049048	0.00036456	0.00012592	3.0664e-16
44.32	2.5096e-07	0.00049296	0.0003672	0.00012575	3.0626e-16
44.33	2.5223e-07	0.00049566	0.00037007	0.00012559	3.0589e-16
44.34	2.5356e-07	0.00049851	0.00037309	0.00012542	3.0551e-16
44.35	2.5493e-07	0.00050143	0.00037618	0.00012525	3.0513e-16
44.36	2.5629e-07	0.00050433	0.00037925	0.00012508	3.0474e-16
44.37	2.576e-07	0.00050714	0.00038223	0.00012491	3.0434e-16
44.38	2.5882e-07	0.00050978	0.00038504	0.00012474	3.0391e-16
44.39	2.5992e-07	0.00051216	0.00038759	0.00012456	3.0347e-16
44.4	2.6085e-07	0.00051422	0.00038983	0.00012439	3.0301e-16
44.41	2.6158e-07	0.0005159	0.00039169	0.00012421	3.0252e-16
44.42	2.6209e-07	0.00051713	0.0003931	0.00012403	3.0202e-16
44.43	2.6235e-07	0.00051788	0.00039403	0.00012384	3.0149e-16
44.44	2.6234e-07	0.0005181	0.00039445	0.00012365	3.0095e-16
44.45	2.6206e-07	0.00051778	0.00039432	0.00012346	3.004e-16
44.46	2.615e-07	0.00051691	0.00039365	0.00012326	2.9985e-16
44.47	2.6067e-07	0.00051549	0.00039243	0.00012306	2.9929e-16
44.48	2.5956e-07	0.00051354	0.00039068	0.00012286	2.9874e-16
44.49	2.5821e-07	0.00051108	0.00038843	0.00012266	2.982e-16
44.5	2.5662e-07	0.00050817	0.00038572	0.00012245	2.9768e-16
44.51	2.5482e-07	0.00050484	0.0003826	0.00012224	2.9718e-16
44.52	2.5286e-07	0.00050117	0.00037913	0.00012204	2.9669e-16
44.53	2.5075e-07	0.00049722	0.00037539	0.00012183	2.9623e-16
44.54	2.4855e-07	0.00049308	0.00037145	0.00012164	2.9579e-16
44.55	2.4629e-07	0.00048882	0.00036738	0.00012144	2.9536e-16
44.56	2.4402e-07	0.00048453	0.00036327	0.00012125	2.9495e-16
44.57	2.4178e-07	0.00048028	0.00035921	0.00012107	2.9455e-16
44.58	2.396e-07	0.00047617	0.00035527	0.0001209	2.9415e-16
44.59	2.3753e-07	0.00047227	0.00035154	0.00012074	2.9374e-16
44.6	2.3561e-07	0.00046866	0.00034808	0.00012058	2.9332e-16
44.61	2.3386e-07	0.00046539	0.00034496	0.00012043	2.9289e-16
44.62	2.3231e-07	0.00046252	0.00034224	0.00012028	2.9243e-16
44.63	2.31e-07	0.00046011	0.00033997	0.00012014	2.9195e-16
44.64	2.2993e-07	0.00045818	0.00033818	0.00012	2.9144e-16
44.65	2.2911e-07	0.00045676	0.00033689	0.00011987	2.909e-16
44.66	2.2856e-07	0.00045587	0.00033613	0.00011973	2.9033e-16
44.67	2.2827e-07	0.0004555	0.0003359	0.0001196	2.8975e-16
44.68	2.2824e-07	0.00045564	0.00033618	0.00011946	2.8914e-16
44.69	2.2846e-07	0.00045627	0.00033696	0.00011931	2.8853e-16
44.7	2.289e-07	0.00045736	0.0003382	0.00011917	2.8792e-16
44.71	2.2955e-07	0.00045887	0.00033986	0.00011901	2.8731e-16
44.72	2.3039e-07	0.00046074	0.00034189	0.00011885	2.8672e-16
44.73	2.3137e-07	0.00046292	0.00034424	0.00011868	2.8615e-16
44.74	2.3248e-07	0.00046534	0.00034683	0.00011851	2.8561e-16
44.75	2.3367e-07	0.00046794	0.00034961	0.00011833	2.851e-16
44.76	2.3491e-07	0.00047063	0.00035249	0.00011814	2.8462e-16
44.77	2.3616e-07	0.00047336	0.0003554	0.00011796	2.8418e-16
44.78	2.3739e-07	0.00047603	0.00035826	0.00011776	2.8378e-16
44.79	2.3856e-07	0.00047858	0.00036101	0.00011757	2.8341e-16
44.8	2.3962e-07	0.00048093	0.00036356	0.00011737	2.8307e-16
44.81	2.4056e-07	0.00048303	0.00036585	0.00011718	2.8275e-16
44.82	2.4134e-07	0.00048481	0.00036782	0.00011698	2.8244e-16
44.83	2.4193e-07	0.00048621	0.00036942	0.00011679	2.8214e-16
44.84	2.4231e-07	0.00048719	0.00037059	0.0001166	2.8185e-16
44.85	2.4246e-07	0.00048772	0.00037131	0.00011642	2.8155e-16
44.86	2.4238e-07	0.00048777	0.00037154	0.00011623	2.8125e-16
44.87	2.4205e-07	0.00048733	0.00037127	0.00011606	2.8093e-16
44.88	2.4147e-07	0.00048638	0.0003705	0.00011589	2.806e-16
44.89	2.4066e-07	0.00048495	0.00036923	0.00011572	2.8026e-16
44.9	2.396e-07	0.00048304	0.00036749	0.00011556	2.7991e-16
44.91	2.3833e-07	0.0004807	0.0003653	0.0001154	2.7956e-16
44.92	2.3687e-07	0.00047795	0.0003627	0.00011525	2.792e-16
44.93	2.3523e-07	0.00047485	0.00035975	0.00011511	2.7885e-16
44.94	2.3344e-07	0.00047146	0.00035649	0.00011497	2.7851e-16
44.95	2.3155e-07	0.00046784	0.000353	0.00011484	2.7819e-16
44.96	2.2957e-07	0.00046405	0.00034935	0.00011471	2.7789e-16
44.97	2.2755e-07	0.00046018	0.0003456	0.00011458	2.7761e-16
44.98	2.2553e-07	0.00045629	0.00034183	0.00011446	2.7736e-16
44.99	2.2354e-07	0.00045246	0.00033812	0.00011434	2.7714e-16
45	2.2161e-07	0.00044876	0.00033454	0.00011423	2.7695e-16
45.01	2.1979e-07	0.00044526	0.00033115	0.00011411	2.7678e-16
45.02	2.1809e-07	0.00044203	0.00032804	0.00011399	2.7664e-16
45.03	2.1656e-07	0.00043912	0.00032524	0.00011387	2.7651e-16
45.04	2.1521e-07	0.00043658	0.00032282	0.00011375	2.7639e-16
45.05	2.1407e-07	0.00043445	0.00032082	0.00011363	2.7628e-16
45.06	2.1314e-07	0.00043277	0.00031927	0.0001135	2.7617e-16
45.07	2.1245e-07	0.00043155	0.00031819	0.00011336	2.7606e-16
45.08	2.1199e-07	0.00043081	0.00031759	0.00011322	2.7593e-16
45.09	2.1177e-07	0.00043055	0.00031748	0.00011307	2.758e-16
45.1	2.1178e-07	0.00043076	0.00031785	0.00011292	2.7566e-16
45.11	2.1201e-07	0.00043142	0.00031867	0.00011275	2.755e-16
45.12	2.1245e-07	0.00043251	0.00031993	0.00011258	2.7534e-16
45.13	2.1307e-07	0.00043397	0.00032157	0.00011241	2.7517e-16
45.14	2.1386e-07	0.00043577	0.00032355	0.00011222	2.75e-16
45.15	2.1479e-07	0.00043786	0.00032582	0.00011204	2.7484e-16
45.16	2.1583e-07	0.00044017	0.00032831	0.00011185	2.7468e-16
45.17	2.1694e-07	0.00044263	0.00033097	0.00011166	2.7455e-16
45.18	2.181e-07	0.00044519	0.00033372	0.00011148	2.7443e-16
45.19	2.1926e-07	0.00044777	0.00033648	0.00011129	2.7433e-16
45.2	2.204e-07	0.00045029	0.00033919	0.0001111	2.7426e-16
45.21	2.2148e-07	0.0004527	0.00034178	0.00011092	2.7421e-16
45.22	2.2247e-07	0.00045492	0.00034417	0.00011074	2.7419e-16
45.23	2.2333e-07	0.00045688	0.00034631	0.00011057	2.7418e-16
45.24	2.2404e-07	0.00045853	0.00034813	0.0001104	2.7419e-16
45.25	2.2457e-07	0.00045981	0.00034957	0.00011024	2.7421e-16
45.26	2.2489e-07	0.00046069	0.00035061	0.00011008	2.7424e-16
45.27	2.25e-07	0.00046112	0.00035119	0.00010993	2.7427e-16
45.28	2.2489e-07	0.00046108	0.0003513	0.00010977	2.7429e-16
45.29	2.2453e-07	0.00046055	0.00035092	0.00010962	2.743e-16
45.3	2.2393e-07	0.00045953	0.00035005	0.00010948	2.7429e-16
45.31	2.231e-07	0.00045803	0.0003487	0.00010933	2.7426e-16
45.32	2.2205e-07	0.00045607	0.00034688	0.00010918	2.7422e-16
45.33	2.2078e-07	0.00045367	0.00034464	0.00010903	2.7416e-16
45.34	2.1933e-07	0.00045088	0.00034199	0.00010889	2.7407e-16
45.35	2.1771e-07	0.00044775	0.00033901	0.00010874	2.7397e-16
45.36	2.1596e-07	0.00044433	0.00033575	0.00010859	2.7386e-16
45.37	2.141e-07	0.0004407	0.00033226	0.00010844	2.7374e-16
45.38	2.1217e-07	0.00043692	0.00032864	0.00010829	2.7361e-16
45.39	2.102e-07	0.00043307	0.00032493	0.00010814	2.7348e-16
45.4	2.0825e-07	0.00042923	0.00032124	0.00010799	2.7335e-16
45.41	2.0633e-07	0.00042546	0.00031762	0.00010785	2.7323e-16
45.42	2.0449e-07	0.00042186	0.00031415	0.0001077	2.7311e-16
45.43	2.0276e-07	0.00041847	0.00031091	0.00010756	2.73e-16
45.44	2.0117e-07	0.00041538	0.00030796	0.00010742	2.729e-16
45.45	1.9976e-07	0.00041264	0.00030535	0.00010729	2.7281e-16
45.46	1.9853e-07	0.00041029	0.00030314	0.00010716	2.7272e-16
45.47	1.9753e-07	0.00040839	0.00030136	0.00010703	2.7264e-16
45.48	1.9674e-07	0.00040695	0.00030005	0.0001069	2.7256e-16
45.49	1.962e-07	0.000406	0.00029922	0.00010678	2.7248e-16
45.5	1.9589e-07	0.00040554	0.00029889	0.00010665	2.724e-16
45.51	1.9582e-07	0.00040557	0.00029904	0.00010653	2.7231e-16
45.52	1.9597e-07	0.00040607	0.00029966	0.00010641	2.7223e-16
45.53	1.9635e-07	0.00040702	0.00030074	0.00010629	2.7214e-16
45.54	1.9692e-07	0.00040838	0.00030222	0.00010616	2.7206e-16
45.55	1.9766e-07	0.00041011	0.00030407	0.00010604	2.7198e-16
45.56	1.9856e-07	0.00041215	0.00030624	0.00010591	2.7189e-16
45.57	1.9957e-07	0.00041444	0.00030866	0.00010578	2.7182e-16
45.58	2.0068e-07	0.00041691	0.00031127	0.00010565	2.7175e-16
45.59	2.0184e-07	0.00041951	0.000314	0.00010551	2.7169e-16
45.6	2.0302e-07	0.00042215	0.00031678	0.00010537	2.7164e-16
45.61	2.0419e-07	0.00042476	0.00031953	0.00010523	2.716e-16
45.62	2.053e-07	0.00042728	0.00032219	0.00010509	2.7157e-16
45.63	2.0634e-07	0.00042962	0.00032468	0.00010494	2.7154e-16
45.64	2.0726e-07	0.00043173	0.00032694	0.00010479	2.7152e-16
45.65	2.0804e-07	0.00043355	0.0003289	0.00010464	2.715e-16
45.66	2.0866e-07	0.00043502	0.00033052	0.00010449	2.7147e-16
45.67	2.0908e-07	0.00043609	0.00033175	0.00010434	2.7144e-16
45.68	2.0929e-07	0.00043673	0.00033254	0.00010418	2.714e-16
45.69	2.0929e-07	0.00043691	0.00033288	0.00010403	2.7134e-16
45.7	2.0906e-07	0.00043661	0.00033274	0.00010387	2.7126e-16
45.71	2.0859e-07	0.00043583	0.00033212	0.00010371	2.7117e-16
45.72	2.079e-07	0.00043457	0.00033102	0.00010355	2.7107e-16
45.73	2.0698e-07	0.00043285	0.00032947	0.00010338	2.7094e-16
45.74	2.0586e-07	0.00043069	0.00032747	0.00010322	2.7081e-16
45.75	2.0455e-07	0.00042813	0.00032508	0.00010306	2.7068e-16
45.76	2.0307e-07	0.00042522	0.00032233	0.00010289	2.7054e-16
45.77	2.0145e-07	0.00042201	0.00031928	0.00010273	2.704e-16
45.78	1.9971e-07	0.00041856	0.000316	0.00010256	2.7028e-16
45.79	1.979e-07	0.00041494	0.00031254	0.0001024	2.7018e-16
45.8	1.9604e-07	0.00041121	0.00030897	0.00010224	2.7009e-16
45.81	1.9416e-07	0.00040746	0.00030537	0.00010208	2.7003e-16
45.82	1.923e-07	0.00040374	0.00030181	0.00010193	2.6999e-16
45.83	1.905e-07	0.00040013	0.00029836	0.00010177	2.6997e-16
45.84	1.8879e-07	0.00039671	0.00029509	0.00010162	2.6998e-16
45.85	1.872e-07	0.00039353	0.00029206	0.00010147	2.7001e-16
45.86	1.8574e-07	0.00039065	0.00028933	0.00010132	2.7005e-16
45.87	1.8446e-07	0.00038812	0.00028694	0.00010117	2.7009e-16
45.88	1.8336e-07	0.00038598	0.00028495	0.00010103	2.7013e-16
45.89	1.8247e-07	0.00038426	0.00028338	0.00010088	2.7016e-16
45.9	1.8179e-07	0.00038299	0.00028225	0.00010073	2.7017e-16
45.91	1.8132e-07	0.00038218	0.00028159	0.00010059	2.7016e-16
45.92	1.8107e-07	0.00038182	0.00028138	0.00010044	2.7012e-16
45.93	1.8104e-07	0.00038192	0.00028163	0.00010028	2.7005e-16
45.94	1.8121e-07	0.00038244	0.00028231	0.00010013	2.6995e-16
45.95	1.8157e-07	0.00038337	0.0002834	9.9968e-05	2.6981e-16
45.96	1.821e-07	0.00038466	0.00028486	9.9806e-05	2.6966e-16
45.97	1.8279e-07	0.00038628	0.00028664	9.964e-05	2.6948e-16
45.98	1.836e-07	0.00038816	0.00028869	9.9472e-05	2.6929e-16
45.99	1.8451e-07	0.00039026	0.00029096	9.9301e-05	2.6909e-16
46	1.855e-07	0.00039251	0.00029338	9.9128e-05	2.689e-16
46.01	1.8652e-07	0.00039485	0.00029589	9.8955e-05	2.6873e-16
46.02	1.8755e-07	0.00039721	0.00029843	9.8781e-05	2.6857e-16
46.03	1.8856e-07	0.00039952	0.00030091	9.8608e-05	2.6845e-16
46.04	1.8952e-07	0.00040172	0.00030328	9.8437e-05	2.6835e-16
46.05	1.9039e-07	0.00040375	0.00030548	9.8268e-05	2.6829e-16
46.06	1.9116e-07	0.00040555	0.00030744	9.8102e-05	2.6826e-16
46.07	1.9179e-07	0.00040705	0.00030912	9.7939e-05	2.6826e-16
46.08	1.9226e-07	0.00040823	0.00031045	9.7779e-05	2.6828e-16
46.09	1.9255e-07	0.00040903	0.00031141	9.7623e-05	2.6832e-16
46.1	1.9265e-07	0.00040942	0.00031195	9.747e-05	2.6837e-16
46.11	1.9255e-07	0.00040939	0.00031207	9.7321e-05	2.6842e-16
46.12	1.9224e-07	0.00040891	0.00031173	9.7175e-05	2.6846e-16
46.13	1.9172e-07	0.00040798	0.00031095	9.7031e-05	2.6848e-16
46.14	1.91e-07	0.00040662	0.00030973	9.6889e-05	2.6848e-16
46.15	1.9008e-07	0.00040483	0.00030808	9.6749e-05	2.6845e-16
46.16	1.8897e-07	0.00040265	0.00030604	9.661e-05	2.6838e-16
46.17	1.877e-07	0.00040011	0.00030364	9.6472e-05	2.6828e-16
46.18	1.8628e-07	0.00039726	0.00030093	9.6335e-05	2.6815e-16
46.19	1.8474e-07	0.00039415	0.00029796	9.6199e-05	2.68e-16
46.2	1.8311e-07	0.00039085	0.00029478	9.6063e-05	2.6782e-16
46.21	1.8142e-07	0.0003874	0.00029147	9.5929e-05	2.6763e-16
46.22	1.797e-07	0.00038389	0.00028809	9.5796e-05	2.6744e-16
46.23	1.7798e-07	0.00038038	0.00028471	9.5665e-05	2.6725e-16
46.24	1.7629e-07	0.00037693	0.0002814	9.5535e-05	2.6708e-16
46.25	1.7467e-07	0.00037363	0.00027822	9.5407e-05	2.6693e-16
46.26	1.7315e-07	0.00037053	0.00027525	9.5282e-05	2.668e-16
46.27	1.7174e-07	0.00036769	0.00027253	9.5159e-05	2.6671e-16
46.28	1.7049e-07	0.00036516	0.00027012	9.5038e-05	2.6665e-16
46.29	1.694e-07	0.00036299	0.00026807	9.4918e-05	2.6662e-16
46.3	1.685e-07	0.00036122	0.00026642	9.48e-05	2.6661e-16
46.31	1.678e-07	0.00035986	0.00026518	9.4683e-05	2.6663e-16
46.32	1.673e-07	0.00035895	0.00026438	9.4566e-05	2.6667e-16
46.33	1.6701e-07	0.00035847	0.00026403	9.4447e-05	2.6671e-16
46.34	1.6692e-07	0.00035844	0.00026411	9.4328e-05	2.6676e-16
46.35	1.6703e-07	0.00035883	0.00026463	9.4206e-05	2.6679e-16
46.36	1.6733e-07	0.00035963	0.00026554	9.4081e-05	2.6682e-16
46.37	1.6779e-07	0.00036079	0.00026683	9.3952e-05	2.6682e-16
46.38	1.6841e-07	0.00036227	0.00026846	9.3819e-05	2.668e-16
46.39	1.6916e-07	0.00036404	0.00027036	9.3681e-05	2.6675e-16
46.4	1.7002e-07	0.00036604	0.0002725	9.3539e-05	2.6667e-16
46.41	1.7095e-07	0.0003682	0.0002748	9.3393e-05	2.6657e-16
46.42	1.7192e-07	0.00037046	0.00027722	9.3243e-05	2.6645e-16
46.43	1.7292e-07	0.00037277	0.00027968	9.3089e-05	2.6632e-16
46.44	1.7391e-07	0.00037506	0.00028213	9.2933e-05	2.6617e-16
46.45	1.7485e-07	0.00037726	0.00028449	9.2776e-05	2.6602e-16
46.46	1.7573e-07	0.00037932	0.0002867	9.2618e-05	2.6586e-16
46.47	1.7651e-07	0.00038118	0.00028872	9.2459e-05	2.6571e-16
46.48	1.7718e-07	0.00038278	0.00029047	9.2303e-05	2.6557e-16
46.49	1.777e-07	0.00038407	0.00029192	9.2148e-05	2.6543e-16
46.5	1.7807e-07	0.00038502	0.00029303	9.1995e-05	2.6531e-16
46.51	1.7826e-07	0.0003856	0.00029375	9.1846e-05	2.6519e-16
46.52	1.7826e-07	0.00038578	0.00029408	9.17e-05	2.6508e-16
46.53	1.7807e-07	0.00038553	0.00029398	9.1558e-05	2.6496e-16
46.54	1.7769e-07	0.00038487	0.00029345	9.1419e-05	2.6484e-16
46.55	1.7711e-07	0.00038378	0.0002925	9.1284e-05	2.6472e-16
46.56	1.7634e-07	0.00038228	0.00029113	9.1151e-05	2.6457e-16
46.57	1.754e-07	0.0003804	0.00028938	9.1021e-05	2.6441e-16
46.58	1.7429e-07	0.00037815	0.00028726	9.0893e-05	2.6422e-16
46.59	1.7303e-07	0.00037559	0.00028482	9.0766e-05	2.6401e-16
46.6	1.7165e-07	0.00037275	0.00028211	9.064e-05	2.6377e-16
46.61	1.7017e-07	0.00036969	0.00027917	9.0514e-05	2.6351e-16
46.62	1.6861e-07	0.00036646	0.00027607	9.0388e-05	2.6323e-16
46.63	1.67e-07	0.00036312	0.00027286	9.0261e-05	2.6293e-16
46.64	1.6538e-07	0.00035975	0.00026962	9.0134e-05	2.6262e-16
46.65	1.6377e-07	0.0003564	0.00026639	9.0005e-05	2.6231e-16
46.66	1.622e-07	0.00035314	0.00026326	8.9875e-05	2.62e-16
46.67	1.607e-07	0.00035002	0.00026028	8.9744e-05	2.6169e-16
46.68	1.593e-07	0.00034712	0.00025751	8.9612e-05	2.6139e-16
46.69	1.5802e-07	0.00034448	0.000255	8.9478e-05	2.6111e-16
46.7	1.5689e-07	0.00034215	0.00025281	8.9343e-05	2.6085e-16
46.71	1.5591e-07	0.00034018	0.00025097	8.9206e-05	2.6061e-16
46.72	1.5512e-07	0.00033859	0.00024952	8.9069e-05	2.6038e-16
46.73	1.5451e-07	0.0003374	0.00024847	8.893e-05	2.6016e-16
46.74	1.541e-07	0.00033664	0.00024785	8.8791e-05	2.5995e-16
46.75	1.5388e-07	0.00033631	0.00024765	8.8651e-05	2.5975e-16
46.76	1.5385e-07	0.00033639	0.00024788	8.8509e-05	2.5954e-16
46.77	1.5401e-07	0.00033688	0.00024851	8.8367e-05	2.5932e-16
46.78	1.5434e-07	0.00033775	0.00024953	8.8225e-05	2.5909e-16
46.79	1.5483e-07	0.00033898	0.00025089	8.8083e-05	2.5883e-16
46.8	1.5547e-07	0.00034051	0.00025257	8.7941e-05	2.5855e-16
46.81	1.5622e-07	0.0003423	0.0002545	8.7799e-05	2.5825e-16
46.82	1.5706e-07	0.0003443	0.00025664	8.7658e-05	2.5791e-16
46.83	1.5798e-07	0.00034645	0.00025893	8.7519e-05	2.5755e-16
46.84	1.5893e-07	0.00034869	0.00026131	8.7381e-05	2.5716e-16
46.85	1.599e-07	0.00035096	0.00026372	8.7246e-05	2.5676e-16
46.86	1.6085e-07	0.0003532	0.00026609	8.7113e-05	2.5634e-16
46.87	1.6175e-07	0.00035534	0.00026836	8.6984e-05	2.5592e-16
46.88	1.6259e-07	0.00035733	0.00027047	8.6857e-05	2.5549e-16
46.89	1.6333e-07	0.0003591	0.00027236	8.6734e-05	2.5506e-16
46.9	1.6394e-07	0.0003606	0.00027399	8.6614e-05	2.5464e-16
46.91	1.6441e-07	0.0003618	0.0002753	8.6497e-05	2.5423e-16
46.92	1.6473e-07	0.00036264	0.00027626	8.6382e-05	2.5384e-16
46.93	1.6487e-07	0.00036311	0.00027684	8.6268e-05	2.5345e-16
46.94	1.6482e-07	0.00036316	0.000277	8.6156e-05	2.5308e-16
46.95	1.6458e-07	0.00036279	0.00027675	8.6043e-05	2.5272e-16
46.96	1.6416e-07	0.000362	0.00027607	8.5929e-05	2.5236e-16
46.97	1.6354e-07	0.00036079	0.00027498	8.5813e-05	2.52e-16
46.98	1.6273e-07	0.00035917	0.00027348	8.5695e-05	2.5164e-16
46.99	1.6176e-07	0.00035717	0.0002716	8.5572e-05	2.5127e-16
47	1.6062e-07	0.00035482	0.00026937	8.5446e-05	2.5089e-16
47.01	1.5935e-07	0.00035215	0.00026684	8.5315e-05	2.5048e-16
47.02	1.5796e-07	0.00034923	0.00026405	8.5179e-05	2.5006e-16
47.03	1.5648e-07	0.00034611	0.00026107	8.5039e-05	2.4962e-16
47.04	1.5494e-07	0.00034284	0.00025795	8.4895e-05	2.4916e-16
47.05	1.5336e-07	0.0003395	0.00025475	8.4748e-05	2.4868e-16
47.06	1.5178e-07	0.00033614	0.00025154	8.4598e-05	2.4819e-16
47.07	1.5022e-07	0.00033284	0.00024839	8.4447e-05	2.4768e-16
47.08	1.4873e-07	0.00032966	0.00024536	8.4295e-05	2.4717e-16
47.09	1.4731e-07	0.00032666	0.00024252	8.4145e-05	2.4666e-16
47.1	1.4601e-07	0.00032391	0.00023992	8.3997e-05	2.4615e-16
47.11	1.4484e-07	0.00032146	0.00023761	8.3852e-05	2.4564e-16
47.12	1.4383e-07	0.00031936	0.00023564	8.3712e-05	2.4515e-16
47.13	1.43e-07	0.00031763	0.00023406	8.3576e-05	2.4467e-16
47.14	1.4235e-07	0.00031632	0.00023287	8.3446e-05	2.4419e-16
47.15	1.4189e-07	0.00031544	0.00023211	8.3322e-05	2.4373e-16
47.16	1.4163e-07	0.00031499	0.00023179	8.3203e-05	2.4328e-16
47.17	1.4156e-07	0.00031497	0.00023189	8.3088e-05	2.4283e-16
47.18	1.4168e-07	0.00031538	0.0002324	8.2978e-05	2.4237e-16
47.19	1.4198e-07	0.00031618	0.00023331	8.2872e-05	2.4192e-16
47.2	1.4244e-07	0.00031734	0.00023457	8.2767e-05	2.4145e-16
47.21	1.4305e-07	0.00031882	0.00023616	8.2663e-05	2.4097e-16
47.22	1.4377e-07	0.00032057	0.00023802	8.2558e-05	2.4048e-16
47.23	1.4459e-07	0.00032254	0.00024009	8.2451e-05	2.3997e-16
47.24	1.4548e-07	0.00032466	0.00024232	8.234e-05	2.3943e-16
47.25	1.4641e-07	0.00032687	0.00024465	8.2225e-05	2.3889e-16
47.26	1.4735e-07	0.00032911	0.00024701	8.2105e-05	2.3832e-16
47.27	1.4827e-07	0.00033131	0.00024933	8.1978e-05	2.3775e-16
47.28	1.4915e-07	0.0003334	0.00025156	8.1845e-05	2.3716e-16
47.29	1.4994e-07	0.00033533	0.00025362	8.1704e-05	2.3658e-16
47.3	1.5064e-07	0.00033703	0.00025548	8.1556e-05	2.3599e-16
47.31	1.5122e-07	0.00033847	0.00025706	8.1401e-05	2.3542e-16
47.32	1.5165e-07	0.00033958	0.00025834	8.124e-05	2.3486e-16
47.33	1.5193e-07	0.00034034	0.00025927	8.1073e-05	2.3432e-16
47.34	1.5203e-07	0.00034071	0.00025981	8.0901e-05	2.3379e-16
47.35	1.5195e-07	0.00034068	0.00025996	8.0724e-05	2.3329e-16
47.36	1.5169e-07	0.00034024	0.00025969	8.0545e-05	2.328e-16
47.37	1.5124e-07	0.00033937	0.00025901	8.0363e-05	2.3234e-16
47.38	1.5061e-07	0.0003381	0.00025792	8.0181e-05	2.3189e-16
47.39	1.4981e-07	0.00033644	0.00025644	7.9998e-05	2.3145e-16
47.4	1.4884e-07	0.00033441	0.00025459	7.9817e-05	2.3101e-16
47.41	1.4773e-07	0.00033205	0.00025241	7.9637e-05	2.3058e-16
47.42	1.4649e-07	0.0003294	0.00024994	7.9461e-05	2.3014e-16
47.43	1.4514e-07	0.00032651	0.00024722	7.9288e-05	2.2969e-16
47.44	1.4371e-07	0.00032344	0.00024432	7.912e-05	2.2923e-16
47.45	1.4223e-07	0.00032023	0.00024127	7.8958e-05	2.2875e-16
47.46	1.4072e-07	0.00031695	0.00023815	7.88e-05	2.2826e-16
47.47	1.392e-07	0.00031367	0.00023502	7.8649e-05	2.2775e-16
47.48	1.3771e-07	0.00031045	0.00023194	7.8505e-05	2.2723e-16
47.49	1.3627e-07	0.00030734	0.00022897	7.8366e-05	2.2669e-16
47.5	1.3492e-07	0.0003044	0.00022617	7.8234e-05	2.2614e-16
47.51	1.3366e-07	0.0003017	0.00022359	7.8109e-05	2.2559e-16
47.52	1.3253e-07	0.00029927	0.00022128	7.7989e-05	2.2504e-16
47.53	1.3154e-07	0.00029716	0.00021929	7.7874e-05	2.245e-16
47.54	1.3071e-07	0.00029541	0.00021765	7.7764e-05	2.2396e-16
47.55	1.3005e-07	0.00029404	0.00021638	7.7658e-05	2.2344e-16
47.56	1.2956e-07	0.00029307	0.00021551	7.7556e-05	2.2294e-16
47.57	1.2926e-07	0.0002925	0.00021505	7.7455e-05	2.2246e-16
47.58	1.2914e-07	0.00029235	0.00021499	7.7355e-05	2.2199e-16
47.59	1.2919e-07	0.00029259	0.00021533	7.7255e-05	2.2155e-16
47.6	1.2941e-07	0.00029321	0.00021605	7.7154e-05	2.2113e-16
47.61	1.2978e-07	0.00029418	0.00021712	7.7052e-05	2.2073e-16
47.62	1.3029e-07	0.00029546	0.00021851	7.6947e-05	2.2035e-16
47.63	1.3093e-07	0.00029702	0.00022018	7.6839e-05	2.1999e-16
47.64	1.3166e-07	0.00029881	0.00022208	7.6728e-05	2.1965e-16
47.65	1.3247e-07	0.00030078	0.00022416	7.6614e-05	2.1932e-16
47.66	1.3333e-07	0.00030287	0.00022637	7.6497e-05	2.19e-16
47.67	1.3423e-07	0.00030502	0.00022864	7.6377e-05	2.187e-16
47.68	1.3512e-07	0.00030718	0.00023092	7.6254e-05	2.1841e-16
47.69	1.3599e-07	0.00030928	0.00023315	7.613e-05	2.1814e-16
47.7	1.3681e-07	0.00031128	0.00023528	7.6006e-05	2.1788e-16
47.71	1.3756e-07	0.00031312	0.00023724	7.5882e-05	2.1763e-16
47.72	1.3822e-07	0.00031475	0.000239	7.5759e-05	2.1739e-16
47.73	1.3877e-07	0.00031613	0.00024049	7.5638e-05	2.1717e-16
47.74	1.3918e-07	0.00031721	0.00024169	7.5521e-05	2.1696e-16
47.75	1.3946e-07	0.00031797	0.00024256	7.5407e-05	2.1676e-16
47.76	1.3958e-07	0.00031837	0.00024308	7.5297e-05	2.1657e-16
47.77	1.3953e-07	0.00031841	0.00024322	7.5192e-05	2.1638e-16
47.78	1.3932e-07	0.00031807	0.00024298	7.5092e-05	2.162e-16
47.79	1.3895e-07	0.00031735	0.00024235	7.4996e-05	2.1602e-16
47.8	1.3841e-07	0.00031625	0.00024135	7.4904e-05	2.1584e-16
47.81	1.3772e-07	0.00031479	0.00023998	7.4816e-05	2.1564e-16
47.82	1.3688e-07	0.000313	0.00023827	7.473e-05	2.1544e-16
47.83	1.359e-07	0.0003109	0.00023625	7.4646e-05	2.1522e-16
47.84	1.3481e-07	0.00030853	0.00023397	7.4562e-05	2.1498e-16
47.85	1.3362e-07	0.00030593	0.00023145	7.4479e-05	2.1473e-16
47.86	1.3235e-07	0.00030315	0.00022876	7.4394e-05	2.1446e-16
47.87	1.3102e-07	0.00030024	0.00022594	7.4306e-05	2.1418e-16
47.88	1.2967e-07	0.00029726	0.00022305	7.4216e-05	2.1388e-16
47.89	1.2831e-07	0.00029427	0.00022015	7.4123e-05	2.1357e-16
47.9	1.2697e-07	0.00029132	0.00021729	7.4025e-05	2.1327e-16
47.91	1.2567e-07	0.00028847	0.00021455	7.3924e-05	2.1296e-16
47.92	1.2445e-07	0.00028577	0.00021196	7.3818e-05	2.1265e-16
47.93	1.2331e-07	0.00028329	0.00020958	7.3707e-05	2.1236e-16
47.94	1.2229e-07	0.00028106	0.00020746	7.3593e-05	2.1208e-16
47.95	1.214e-07	0.00027912	0.00020565	7.3476e-05	2.1181e-16
47.96	1.2065e-07	0.00027752	0.00020417	7.3355e-05	2.1156e-16
47.97	1.2006e-07	0.00027628	0.00020305	7.3231e-05	2.1133e-16
47.98	1.1964e-07	0.00027541	0.00020231	7.3106e-05	2.1112e-16
47.99	1.1938e-07	0.00027494	0.00020196	7.2978e-05	2.1091e-16
48	1.1929e-07	0.00027485	0.000202	7.285e-05	2.1072e-16
48.01	1.1937e-07	0.00027514	0.00020242	7.272e-05	2.1053e-16
48.02	1.196e-07	0.00027579	0.0002032	7.2591e-05	2.1033e-16
48.03	1.1998e-07	0.00027678	0.00020431	7.2461e-05	2.1014e-16
48.04	1.2049e-07	0.00027807	0.00020573	7.2331e-05	2.0993e-16
48.05	1.2111e-07	0.00027962	0.00020741	7.2202e-05	2.097e-16
48.06	1.2182e-07	0.00028138	0.00020931	7.2072e-05	2.0946e-16
48.07	1.2261e-07	0.00028331	0.00021136	7.1944e-05	2.092e-16
48.08	1.2343e-07	0.00028534	0.00021353	7.1816e-05	2.0892e-16
48.09	1.2428e-07	0.00028742	0.00021574	7.1688e-05	2.0863e-16
48.1	1.2513e-07	0.00028949	0.00021793	7.1561e-05	2.0832e-16
48.11	1.2594e-07	0.0002915	0.00022006	7.1435e-05	2.0801e-16
48.12	1.267e-07	0.00029337	0.00022206	7.131e-05	2.0769e-16
48.13	1.2738e-07	0.00029507	0.00022388	7.1185e-05	2.0738e-16
48.14	1.2795e-07	0.00029653	0.00022547	7.1061e-05	2.0708e-16
48.15	1.2841e-07	0.00029772	0.00022678	7.0937e-05	2.0679e-16
48.16	1.2874e-07	0.00029859	0.00022778	7.0814e-05	2.0652e-16
48.17	1.2891e-07	0.00029912	0.00022843	7.0691e-05	2.0627e-16
48.18	1.2893e-07	0.00029929	0.00022872	7.0569e-05	2.0604e-16
48.19	1.2878e-07	0.00029906	0.00022862	7.0446e-05	2.0583e-16
48.2	1.2846e-07	0.00029845	0.00022813	7.0323e-05	2.0564e-16
48.21	1.2798e-07	0.00029745	0.00022725	7.0198e-05	2.0547e-16
48.22	1.2733e-07	0.00029607	0.00022599	7.0073e-05	2.053e-16
48.23	1.2653e-07	0.00029433	0.00022438	6.9947e-05	2.0513e-16
48.24	1.2559e-07	0.00029226	0.00022244	6.9818e-05	2.0495e-16
48.25	1.2452e-07	0.00028989	0.0002202	6.9688e-05	2.0476e-16
48.26	1.2334e-07	0.00028727	0.00021772	6.9556e-05	2.0455e-16
48.27	1.2208e-07	0.00028445	0.00021503	6.9421e-05	2.0431e-16
48.28	1.2075e-07	0.00028147	0.00021219	6.9286e-05	2.0405e-16
48.29	1.1939e-07	0.0002784	0.00020925	6.9148e-05	2.0375e-16
48.3	1.1801e-07	0.0002753	0.00020629	6.901e-05	2.0342e-16
48.31	1.1664e-07	0.00027222	0.00020335	6.8872e-05	2.0306e-16
48.32	1.1531e-07	0.00026922	0.00020049	6.8734e-05	2.0267e-16
48.33	1.1404e-07	0.00026638	0.00019778	6.8598e-05	2.0227e-16
48.34	1.1286e-07	0.00026373	0.00019527	6.8464e-05	2.0186e-16
48.35	1.1179e-07	0.00026134	0.00019301	6.8333e-05	2.0144e-16
48.36	1.1085e-07	0.00025924	0.00019104	6.8206e-05	2.0102e-16
48.37	1.1005e-07	0.00025749	0.0001894	6.8084e-05	2.0062e-16
48.38	1.0942e-07	0.0002561	0.00018813	6.7968e-05	2.0023e-16
48.39	1.0895e-07	0.00025511	0.00018725	6.7858e-05	1.9986e-16
48.4	1.0865e-07	0.00025452	0.00018676	6.7754e-05	1.9951e-16
48.41	1.0853e-07	0.00025433	0.00018668	6.7656e-05	1.9919e-16
48.42	1.0857e-07	0.00025455	0.00018699	6.7565e-05	1.989e-16
48.43	1.0879e-07	0.00025516	0.00018768	6.7479e-05	1.9862e-16
48.44	1.0915e-07	0.00025612	0.00018872	6.7398e-05	1.9836e-16
48.45	1.0966e-07	0.00025741	0.00019009	6.732e-05	1.9811e-16
48.46	1.1029e-07	0.00025899	0.00019175	6.7246e-05	1.9787e-16
48.47	1.1101e-07	0.00026081	0.00019364	6.7173e-05	1.9762e-16
48.48	1.1182e-07	0.00026281	0.00019571	6.7101e-05	1.9737e-16
48.49	1.1268e-07	0.00026494	0.00019791	6.7029e-05	1.9711e-16
48.5	1.1357e-07	0.00026714	0.00020019	6.6954e-05	1.9684e-16
48.51	1.1446e-07	0.00026935	0.00020247	6.6877e-05	1.9655e-16
48.52	1.1532e-07	0.0002715	0.0002047	6.6795e-05	1.9625e-16
48.53	1.1614e-07	0.00027353	0.00020682	6.6709e-05	1.9594e-16
48.54	1.1689e-07	0.0002754	0.00020878	6.6618e-05	1.9562e-16
48.55	1.1753e-07	0.00027704	0.00021052	6.6521e-05	1.9531e-16
48.56	1.1807e-07	0.00027841	0.00021199	6.6419e-05	1.95e-16
48.57	1.1847e-07	0.00027947	0.00021316	6.631e-05	1.9472e-16
48.58	1.1872e-07	0.00028019	0.000214	6.6195e-05	1.9445e-16
48.59	1.1882e-07	0.00028054	0.00021447	6.6075e-05	1.9421e-16
48.6	1.1876e-07	0.0002805	0.00021455	6.595e-05	1.9401e-16
48.61	1.1853e-07	0.00028007	0.00021425	6.5819e-05	1.9385e-16
48.62	1.1813e-07	0.00027925	0.00021356	6.5685e-05	1.9373e-16
48.63	1.1757e-07	0.00027803	0.00021249	6.5546e-05	1.9365e-16
48.64	1.1685e-07	0.00027646	0.00021105	6.5404e-05	1.936e-16
48.65	1.1599e-07	0.00027454	0.00020928	6.526e-05	1.9359e-16
48.66	1.1501e-07	0.00027231	0.0002072	6.5113e-05	1.9361e-16
48.67	1.1391e-07	0.00026982	0.00020485	6.4965e-05	1.9365e-16
48.68	1.1271e-07	0.0002671	0.00020229	6.4816e-05	1.937e-16
48.69	1.1145e-07	0.00026422	0.00019955	6.4666e-05	1.9376e-16
48.7	1.1014e-07	0.00026121	0.0001967	6.4517e-05	1.9382e-16
48.71	1.088e-07	0.00025815	0.00019378	6.4369e-05	1.9387e-16
48.72	1.0747e-07	0.00025509	0.00019087	6.4222e-05	1.9391e-16
48.73	1.0616e-07	0.0002521	0.00018802	6.4078e-05	1.9394e-16
48.74	1.0491e-07	0.00024921	0.00018528	6.3937e-05	1.9395e-16
48.75	1.0372e-07	0.0002465	0.00018271	6.3799e-05	1.9395e-16
48.76	1.0264e-07	0.00024402	0.00018035	6.3665e-05	1.9394e-16
48.77	1.0166e-07	0.0002418	0.00017827	6.3536e-05	1.9393e-16
48.78	1.0082e-07	0.0002399	0.00017649	6.3411e-05	1.9391e-16
48.79	1.0012e-07	0.00023834	0.00017505	6.3292e-05	1.939e-16
48.8	9.9579e-08	0.00023714	0.00017396	6.3178e-05	1.939e-16
48.81	9.9197e-08	0.00023633	0.00017326	6.3069e-05	1.9391e-16
48.82	9.898e-08	0.00023591	0.00017294	6.2965e-05	1.9394e-16
48.83	9.8926e-08	0.00023588	0.00017301	6.2865e-05	1.9399e-16
48.84	9.9029e-08	0.00023622	0.00017345	6.2769e-05	1.9406e-16
48.85	9.9282e-08	0.00023692	0.00017424	6.2676e-05	1.9415e-16
48.86	9.9673e-08	0.00023795	0.00017536	6.2586e-05	1.9426e-16
48.87	1.0019e-07	0.00023927	0.00017677	6.2496e-05	1.9437e-16
48.88	1.008e-07	0.00024084	0.00017843	6.2406e-05	1.9449e-16
48.89	1.015e-07	0.00024261	0.0001803	6.2315e-05	1.9461e-16
48.9	1.0226e-07	0.00024453	0.00018231	6.2222e-05	1.9471e-16
48.91	1.0306e-07	0.00024654	0.00018441	6.2126e-05	1.9481e-16
48.92	1.0387e-07	0.00024858	0.00018656	6.2027e-05	1.9488e-16
48.93	1.0467e-07	0.0002506	0.00018868	6.1922e-05	1.9492e-16
48.94	1.0544e-07	0.00025254	0.00019073	6.1814e-05	1.9494e-16
48.95	1.0615e-07	0.00025434	0.00019264	6.17e-05	1.9494e-16
48.96	1.0678e-07	0.00025596	0.00019438	6.1581e-05	1.9491e-16
48.97	1.0731e-07	0.00025734	0.00019588	6.1459e-05	1.9485e-16
48.98	1.0773e-07	0.00025845	0.00019712	6.1332e-05	1.9478e-16
48.99	1.0802e-07	0.00025926	0.00019805	6.1202e-05	1.947e-16
49	1.0817e-07	0.00025973	0.00019866	6.107e-05	1.9461e-16
49.01	1.0818e-07	0.00025985	0.00019891	6.0937e-05	1.9453e-16
49.02	1.0803e-07	0.0002596	0.0001988	6.0803e-05	1.9446e-16
49.03	1.0774e-07	0.000259	0.00019833	6.067e-05	1.944e-16
49.04	1.0729e-07	0.00025803	0.00019749	6.0539e-05	1.9436e-16
49.05	1.067e-07	0.00025672	0.00019631	6.041e-05	1.9434e-16
49.06	1.0598e-07	0.00025509	0.0001948	6.0285e-05	1.9435e-16
49.07	1.0514e-07	0.00025316	0.000193	6.0163e-05	1.9439e-16
49.08	1.0419e-07	0.00025097	0.00019093	6.0045e-05	1.9444e-16
49.09	1.0315e-07	0.00024857	0.00018863	5.9931e-05	1.9452e-16
49.1	1.0203e-07	0.00024598	0.00018616	5.9822e-05	1.9461e-16
49.11	1.0087e-07	0.00024328	0.00018356	5.9717e-05	1.9471e-16
49.12	9.9675e-08	0.00024049	0.00018088	5.9616e-05	1.9482e-16
49.13	9.8472e-08	0.00023769	0.00017817	5.9519e-05	1.9493e-16
49.14	9.7284e-08	0.00023492	0.00017549	5.9425e-05	1.9504e-16
49.15	9.6132e-08	0.00023223	0.00017289	5.9335e-05	1.9514e-16
49.16	9.5038e-08	0.00022968	0.00017043	5.9246e-05	1.9525e-16
49.17	9.402e-08	0.00022731	0.00016815	5.916e-05	1.9535e-16
49.18	9.3097e-08	0.00022517	0.0001661	5.9075e-05	1.9546e-16
49.19	9.2286e-08	0.0002233	0.00016431	5.8992e-05	1.9557e-16
49.2	9.16e-08	0.00022173	0.00016282	5.891e-05	1.9569e-16
49.21	9.1049e-08	0.00022049	0.00016166	5.8828e-05	1.9583e-16
49.22	9.0643e-08	0.00021959	0.00016085	5.8746e-05	1.96e-16
49.23	9.0384e-08	0.00021905	0.00016039	5.8665e-05	1.9619e-16
49.24	9.0275e-08	0.00021888	0.00016029	5.8584e-05	1.9642e-16
49.25	9.0313e-08	0.00021906	0.00016056	5.8502e-05	1.9669e-16
49.26	9.0494e-08	0.00021959	0.00016117	5.842e-05	1.9699e-16
49.27	9.0808e-08	0.00022044	0.0001621	5.8338e-05	1.9734e-16
49.28	9.1244e-08	0.00022159	0.00016333	5.8255e-05	1.9772e-16
49.29	9.1787e-08	0.000223	0.00016483	5.8171e-05	1.9814e-16
49.3	9.2421e-08	0.00022463	0.00016654	5.8086e-05	1.9859e-16
49.31	9.3126e-08	0.00022643	0.00016843	5.8e-05	1.9905e-16
49.32	9.3884e-08	0.00022837	0.00017046	5.7914e-05	1.9953e-16
49.33	9.4672e-08	0.00023038	0.00017255	5.7826e-05	2.0002e-16
49.34	9.5467e-08	0.00023241	0.00017467	5.7738e-05	2.005e-16
49.35	9.6249e-08	0.00023441	0.00017676	5.7649e-05	2.0098e-16
49.36	9.6996e-08	0.00023632	0.00017876	5.756e-05	2.0143e-16
49.37	9.7687e-08	0.0002381	0.00018063	5.7471e-05	2.0187e-16
49.38	9.8302e-08	0.0002397	0.00018232	5.7381e-05	2.0228e-16
49.39	9.8825e-08	0.00024107	0.00018378	5.7293e-05	2.0267e-16
49.4	9.9239e-08	0.00024218	0.00018498	5.7205e-05	2.0303e-16
49.41	9.9533e-08	0.000243	0.00018588	5.7118e-05	2.0337e-16
49.42	9.9696e-08	0.00024349	0.00018646	5.7033e-05	2.0369e-16
49.43	9.9721e-08	0.00024365	0.0001867	5.695e-05	2.04e-16
49.44	9.9605e-08	0.00024346	0.0001866	5.6868e-05	2.043e-16
49.45	9.9345e-08	0.00024293	0.00018614	5.6789e-05	2.046e-16
49.46	9.8945e-08	0.00024205	0.00018534	5.6711e-05	2.0489e-16
49.47	9.8409e-08	0.00024083	0.0001842	5.6634e-05	2.0519e-16
49.48	9.7746e-08	0.00023931	0.00018275	5.6558e-05	2.055e-16
49.49	9.6967e-08	0.0002375	0.00018101	5.6483e-05	2.0581e-16
49.5	9.6084e-08	0.00023543	0.00017902	5.6407e-05	2.0613e-16
49.51	9.5114e-08	0.00023315	0.00017682	5.6331e-05	2.0646e-16
49.52	9.4074e-08	0.00023069	0.00017444	5.6253e-05	2.0679e-16
49.53	9.2983e-08	0.00022811	0.00017193	5.6172e-05	2.0712e-16
49.54	9.186e-08	0.00022544	0.00016935	5.6089e-05	2.0744e-16
49.55	9.0726e-08	0.00022275	0.00016675	5.6001e-05	2.0774e-16
49.56	8.9603e-08	0.00022008	0.00016417	5.591e-05	2.0804e-16
49.57	8.851e-08	0.00021749	0.00016167	5.5814e-05	2.0831e-16
49.58	8.7469e-08	0.00021501	0.0001593	5.5713e-05	2.0856e-16
49.59	8.6497e-08	0.00021271	0.0001571	5.5607e-05	2.0879e-16
49.6	8.5612e-08	0.00021062	0.00015512	5.5496e-05	2.0899e-16
49.61	8.483e-08	0.00020878	0.0001534	5.5381e-05	2.0917e-16
49.62	8.4163e-08	0.00020722	0.00015196	5.5262e-05	2.0933e-16
49.63	8.3624e-08	0.00020598	0.00015084	5.514e-05	2.0947e-16
49.64	8.3218e-08	0.00020506	0.00015004	5.5016e-05	2.096e-16
49.65	8.2951e-08	0.00020448	0.0001496	5.4889e-05	2.0972e-16
49.66	8.2825e-08	0.00020426	0.00014949	5.4762e-05	2.0984e-16
49.67	8.2837e-08	0.00020437	0.00014973	5.4634e-05	2.0995e-16
49.68	8.2982e-08	0.00020481	0.0001503	5.4507e-05	2.1007e-16
49.69	8.3253e-08	0.00020556	0.00015118	5.4381e-05	2.102e-16
49.7	8.3639e-08	0.00020659	0.00015234	5.4256e-05	2.1033e-16
49.71	8.4124e-08	0.00020788	0.00015374	5.4134e-05	2.1047e-16
49.72	8.4694e-08	0.00020937	0.00015536	5.4013e-05	2.1062e-16
49.73	8.5329e-08	0.00021103	0.00015713	5.3896e-05	2.1077e-16
49.74	8.6011e-08	0.0002128	0.00015902	5.378e-05	2.1092e-16
49.75	8.6719e-08	0.00021463	0.00016097	5.3668e-05	2.1107e-16
49.76	8.743e-08	0.00021648	0.00016292	5.3557e-05	2.1121e-16
49.77	8.8124e-08	0.00021829	0.00016484	5.3449e-05	2.1135e-16
49.78	8.878e-08	0.00022	0.00016666	5.3342e-05	2.1147e-16
49.79	8.9378e-08	0.00022157	0.00016834	5.3237e-05	2.1158e-16
49.8	8.9899e-08	0.00022295	0.00016982	5.3134e-05	2.1167e-16
49.81	9.0327e-08	0.0002241	0.00017107	5.3031e-05	2.1175e-16
49.82	9.0647e-08	0.00022499	0.00017206	5.293e-05	2.1183e-16
49.83	9.0848e-08	0.00022558	0.00017275	5.2829e-05	2.1189e-16
49.84	9.092e-08	0.00022585	0.00017312	5.2729e-05	2.1195e-16
49.85	9.0858e-08	0.00022578	0.00017315	5.263e-05	2.12e-16
49.86	9.0659e-08	0.00022538	0.00017285	5.2531e-05	2.1206e-16
49.87	9.0322e-08	0.00022463	0.0001722	5.2432e-05	2.1212e-16
49.88	8.9853e-08	0.00022356	0.00017122	5.2334e-05	2.122e-16
49.89	8.9257e-08	0.00022216	0.00016993	5.2236e-05	2.1228e-16
49.9	8.8544e-08	0.00022048	0.00016834	5.2138e-05	2.1238e-16
49.91	8.7727e-08	0.00021853	0.00016649	5.2041e-05	2.1249e-16
49.92	8.6819e-08	0.00021635	0.00016441	5.1944e-05	2.1261e-16
49.93	8.5837e-08	0.00021399	0.00016214	5.1847e-05	2.1273e-16
49.94	8.4799e-08	0.00021149	0.00015974	5.175e-05	2.1285e-16
49.95	8.3726e-08	0.0002089	0.00015724	5.1653e-05	2.1296e-16
49.96	8.2637e-08	0.00020626	0.00015471	5.1557e-05	2.1306e-16
49.97	8.1554e-08	0.00020364	0.00015218	5.1461e-05	2.1315e-16
49.98	8.0496e-08	0.00020108	0.00014971	5.1365e-05	2.132e-16
49.99	7.9484e-08	0.00019863	0.00014736	5.1271e-05	2.1323e-16
50	7.8537e-08	0.00019634	0.00014517	5.1177e-05	2.1322e-16
50.01	7.7672e-08	0.00019426	0.00014317	5.1084e-05	2.1318e-16
50.02	7.6906e-08	0.00019242	0.00014143	5.0993e-05	2.1309e-16
50.03	7.6253e-08	0.00019086	0.00013996	5.0903e-05	2.1297e-16
50.04	7.5722e-08	0.00018961	0.00013879	5.0815e-05	2.1282e-16
50.05	7.5322e-08	0.00018868	0.00013795	5.0729e-05	2.1263e-16
50.06	7.5059e-08	0.0001881	0.00013745	5.0646e-05	2.1242e-16
50.07	7.4934e-08	0.00018786	0.0001373	5.0565e-05	2.1219e-16
50.08	7.4947e-08	0.00018797	0.00013748	5.0486e-05	2.1195e-16
50.09	7.5092e-08	0.00018841	0.000138	5.0409e-05	2.117e-16
50.1	7.5363e-08	0.00018916	0.00013883	5.0335e-05	2.1144e-16
50.11	7.5748e-08	0.0001902	0.00013994	5.0261e-05	2.1119e-16
50.12	7.6235e-08	0.0001915	0.00014131	5.0189e-05	2.1095e-16
50.13	7.6808e-08	0.00019302	0.0001429	5.0118e-05	2.1071e-16
50.14	7.745e-08	0.00019471	0.00014466	5.0046e-05	2.1048e-16
50.15	7.814e-08	0.00019652	0.00014655	4.9973e-05	2.1025e-16
50.16	7.8859e-08	0.00019841	0.00014851	4.9898e-05	2.1003e-16
50.17	7.9586e-08	0.00020032	0.0001505	4.9821e-05	2.0981e-16
50.18	8.03e-08	0.0002022	0.00015246	4.9741e-05	2.0958e-16
50.19	8.098e-08	0.00020399	0.00015433	4.9658e-05	2.0935e-16
50.2	8.1606e-08	0.00020565	0.00015608	4.957e-05	2.0909e-16
50.21	8.2159e-08	0.00020713	0.00015765	4.9478e-05	2.0882e-16
50.22	8.2624e-08	0.00020838	0.000159	4.9382e-05	2.0852e-16
50.23	8.2986e-08	0.00020938	0.0001601	4.9281e-05	2.082e-16
50.24	8.3232e-08	0.00021008	0.00016091	4.9176e-05	2.0784e-16
50.25	8.3354e-08	0.00021047	0.00016141	4.9068e-05	2.0746e-16
50.26	8.3344e-08	0.00021053	0.00016158	4.8956e-05	2.0706e-16
50.27	8.3201e-08	0.00021025	0.00016141	4.8841e-05	2.0662e-16
50.28	8.2923e-08	0.00020964	0.00016091	4.8724e-05	2.0617e-16
50.29	8.2514e-08	0.00020869	0.00016008	4.8606e-05	2.057e-16
50.3	8.1979e-08	0.00020742	0.00015893	4.8488e-05	2.0522e-16
50.31	8.1328e-08	0.00020585	0.00015748	4.8369e-05	2.0472e-16
50.32	8.057e-08	0.00020401	0.00015576	4.8252e-05	2.0422e-16
50.33	7.9721e-08	0.00020194	0.00015381	4.8135e-05	2.0372e-16
50.34	7.8794e-08	0.00019967	0.00015165	4.8021e-05	2.0322e-16
50.35	7.7808e-08	0.00019725	0.00014934	4.7909e-05	2.0271e-16
50.36	7.6781e-08	0.00019473	0.00014693	4.78e-05	2.022e-16
50.37	7.5732e-08	0.00019214	0.00014445	4.7693e-05	2.0168e-16
50.38	7.468e-08	0.00018955	0.00014196	4.759e-05	2.0115e-16
50.39	7.3646e-08	0.000187	0.00013951	4.749e-05	2.0061e-16
50.4	7.2648e-08	0.00018454	0.00013714	4.7392e-05	2.0005e-16
50.41	7.1704e-08	0.00018221	0.00013491	4.7298e-05	1.9946e-16
50.42	7.0833e-08	0.00018007	0.00013286	4.7207e-05	1.9884e-16
50.43	7.0049e-08	0.00017815	0.00013103	4.7119e-05	1.9818e-16
50.44	6.9366e-08	0.00017648	0.00012945	4.7033e-05	1.9749e-16
50.45	6.8795e-08	0.0001751	0.00012815	4.695e-05	1.9675e-16
50.46	6.8345e-08	0.00017402	0.00012715	4.687e-05	1.9596e-16
50.47	6.8023e-08	0.00017327	0.00012648	4.6791e-05	1.9512e-16
50.48	6.783e-08	0.00017285	0.00012613	4.6715e-05	1.9424e-16
50.49	6.7769e-08	0.00017276	0.00012612	4.6641e-05	1.9331e-16
50.5	6.7835e-08	0.000173	0.00012643	4.6568e-05	1.9233e-16
50.51	6.8024e-08	0.00017355	0.00012705	4.6496e-05	1.9131e-16
50.52	6.8326e-08	0.00017439	0.00012796	4.6426e-05	1.9025e-16
50.53	6.8732e-08	0.00017549	0.00012914	4.6355e-05	1.8915e-16
50.54	6.9227e-08	0.00017683	0.00013054	4.6285e-05	1.8802e-16
50.55	6.9797e-08	0.00017835	0.00013214	4.6215e-05	1.8685e-16
50.56	7.0424e-08	0.00018003	0.00013388	4.6143e-05	1.8565e-16
50.57	7.109e-08	0.0001818	0.00013573	4.6071e-05	1.8443e-16
50.58	7.1775e-08	0.00018363	0.00013763	4.5996e-05	1.8317e-16
50.59	7.2461e-08	0.00018545	0.00013953	4.592e-05	1.8189e-16
50.6	7.3128e-08	0.00018723	0.00014139	4.584e-05	1.8057e-16
50.61	7.3757e-08	0.00018892	0.00014316	4.5759e-05	1.7924e-16
50.62	7.4329e-08	0.00019046	0.00014479	4.5675e-05	1.7787e-16
50.63	7.483e-08	0.00019182	0.00014623	4.5588e-05	1.7649e-16
50.64	7.5243e-08	0.00019295	0.00014746	4.5499e-05	1.7508e-16
50.65	7.5557e-08	0.00019384	0.00014843	4.5407e-05	1.7364e-16
50.66	7.5762e-08	0.00019444	0.00014912	4.5314e-05	1.7219e-16
50.67	7.5849e-08	0.00019474	0.00014952	4.5221e-05	1.7072e-16
50.68	7.5815e-08	0.00019473	0.0001496	4.5126e-05	1.6924e-16
50.69	7.5657e-08	0.0001944	0.00014937	4.5032e-05	1.6775e-16
50.7	7.5377e-08	0.00019375	0.00014882	4.4938e-05	1.6626e-16
50.71	7.4977e-08	0.0001928	0.00014796	4.4846e-05	1.6477e-16
50.72	7.4465e-08	0.00019156	0.00014681	4.4756e-05	1.6329e-16
50.73	7.385e-08	0.00019005	0.00014539	4.4668e-05	1.6182e-16
50.74	7.3141e-08	0.00018831	0.00014372	4.4583e-05	1.6036e-16
50.75	7.2353e-08	0.00018635	0.00014185	4.45e-05	1.5892e-16
50.76	7.15e-08	0.00018423	0.0001398	4.4421e-05	1.575e-16
50.77	7.0598e-08	0.00018197	0.00013763	4.4344e-05	1.561e-16
50.78	6.9664e-08	0.00017964	0.00013537	4.4269e-05	1.5472e-16
50.79	6.8715e-08	0.00017726	0.00013306	4.4197e-05	1.5336e-16
50.8	6.7769e-08	0.00017489	0.00013076	4.4126e-05	1.5203e-16
50.81	6.6845e-08	0.00017257	0.00012851	4.4057e-05	1.5071e-16
50.82	6.5958e-08	0.00017035	0.00012636	4.3988e-05	1.4941e-16
50.83	6.5125e-08	0.00016826	0.00012434	4.3918e-05	1.4813e-16
50.84	6.4361e-08	0.00016635	0.00012251	4.3849e-05	1.4687e-16
50.85	6.368e-08	0.00016466	0.00012088	4.3778e-05	1.4562e-16
50.86	6.3092e-08	0.0001632	0.0001195	4.3706e-05	1.4439e-16
50.87	6.2608e-08	0.00016202	0.00011838	4.3632e-05	1.4317e-16
50.88	6.2235e-08	0.00016111	0.00011756	4.3556e-05	1.4198e-16
50.89	6.1978e-08	0.00016051	0.00011703	4.3479e-05	1.408e-16
50.9	6.184e-08	0.00016021	0.00011681	4.34e-05	1.3965e-16
50.91	6.1819e-08	0.00016022	0.0001169	4.3319e-05	1.3852e-16
50.92	6.1913e-08	0.00016053	0.00011729	4.3238e-05	1.3743e-16
50.93	6.2117e-08	0.00016112	0.00011797	4.3155e-05	1.3637e-16
50.94	6.2423e-08	0.00016198	0.00011891	4.3072e-05	1.3534e-16
50.95	6.282e-08	0.00016307	0.00012009	4.2989e-05	1.3436e-16
50.96	6.3297e-08	0.00016438	0.00012147	4.2907e-05	1.3341e-16
50.97	6.3839e-08	0.00016585	0.00012302	4.2825e-05	1.3251e-16
50.98	6.443e-08	0.00016745	0.00012471	4.2743e-05	1.3164e-16
50.99	6.5055e-08	0.00016914	0.00012648	4.2663e-05	1.3081e-16
51	6.5695e-08	0.00017087	0.00012829	4.2585e-05	1.3002e-16
51.01	6.6333e-08	0.0001726	0.00013009	4.2507e-05	1.2927e-16
51.02	6.695e-08	0.00017427	0.00013184	4.2431e-05	1.2854e-16
51.03	6.753e-08	0.00017585	0.0001335	4.2356e-05	1.2784e-16
51.04	6.8056e-08	0.00017729	0.00013501	4.2282e-05	1.2716e-16
51.05	6.8513e-08	0.00017855	0.00013634	4.2209e-05	1.2651e-16
51.06	6.8887e-08	0.0001796	0.00013746	4.2137e-05	1.2587e-16
51.07	6.9166e-08	0.00018039	0.00013833	4.2066e-05	1.2525e-16
51.08	6.9341e-08	0.00018092	0.00013893	4.1994e-05	1.2465e-16
51.09	6.9404e-08	0.00018116	0.00013924	4.1923e-05	1.2406e-16
51.1	6.9352e-08	0.00018109	0.00013924	4.1852e-05	1.2348e-16
51.11	6.9182e-08	0.00018072	0.00013894	4.1779e-05	1.2293e-16
51.12	6.8895e-08	0.00018004	0.00013833	4.1707e-05	1.2239e-16
51.13	6.8494e-08	0.00017906	0.00013743	4.1633e-05	1.2187e-16
51.14	6.7986e-08	0.0001778	0.00013625	4.1557e-05	1.2138e-16
51.15	6.7377e-08	0.00017628	0.0001348	4.148e-05	1.2092e-16
51.16	6.668e-08	0.00017452	0.00013312	4.1401e-05	1.2048e-16
51.17	6.5905e-08	0.00017256	0.00013124	4.132e-05	1.2008e-16
51.18	6.5068e-08	0.00017044	0.0001292	4.1236e-05	1.197e-16
51.19	6.4183e-08	0.00016819	0.00012704	4.1149e-05	1.1935e-16
51.2	6.3267e-08	0.00016585	0.00012479	4.1059e-05	1.1903e-16
51.21	6.2337e-08	0.00016348	0.00012251	4.0965e-05	1.1873e-16
51.22	6.141e-08	0.00016111	0.00012024	4.0869e-05	1.1846e-16
51.23	6.0504e-08	0.00015879	0.00011803	4.0769e-05	1.1821e-16
51.24	5.9635e-08	0.00015657	0.00011591	4.0666e-05	1.1798e-16
51.25	5.8819e-08	0.00015449	0.00011393	4.0559e-05	1.1775e-16
51.26	5.8071e-08	0.00015259	0.00011214	4.0451e-05	1.1754e-16
51.27	5.7404e-08	0.00015089	0.00011055	4.034e-05	1.1734e-16
51.28	5.6829e-08	0.00014944	0.00010921	4.0227e-05	1.1715e-16
51.29	5.6356e-08	0.00014825	0.00010814	4.0114e-05	1.1696e-16
51.3	5.5993e-08	0.00014736	0.00010736	4.0001e-05	1.1679e-16
51.31	5.5744e-08	0.00014676	0.00010687	3.9888e-05	1.1662e-16
51.32	5.561e-08	0.00014646	0.00010669	3.9777e-05	1.1646e-16
51.33	5.5593e-08	0.00014647	0.00010681	3.9669e-05	1.1631e-16
51.34	5.5688e-08	0.00014678	0.00010722	3.9564e-05	1.1618e-16
51.35	5.5891e-08	0.00014737	0.00010791	3.9463e-05	1.1607e-16
51.36	5.6192e-08	0.00014823	0.00010886	3.9366e-05	1.1598e-16
51.37	5.6582e-08	0.00014931	0.00011004	3.9274e-05	1.1591e-16
51.38	5.7048e-08	0.0001506	0.00011141	3.9187e-05	1.1586e-16
51.39	5.7576e-08	0.00015205	0.00011295	3.9106e-05	1.1583e-16
51.4	5.815e-08	0.00015363	0.0001146	3.9029e-05	1.1583e-16
51.41	5.8752e-08	0.00015528	0.00011633	3.8956e-05	1.1584e-16
51.42	5.9367e-08	0.00015697	0.00011808	3.8888e-05	1.1587e-16
51.43	5.9975e-08	0.00015864	0.00011981	3.8823e-05	1.1591e-16
51.44	6.0559e-08	0.00016024	0.00012148	3.876e-05	1.1595e-16
51.45	6.1102e-08	0.00016174	0.00012304	3.8699e-05	1.16e-16
51.46	6.1587e-08	0.00016309	0.00012445	3.8639e-05	1.1605e-16
51.47	6.2001e-08	0.00016425	0.00012567	3.8579e-05	1.1608e-16
51.48	6.2329e-08	0.00016518	0.00012667	3.8519e-05	1.1611e-16
51.49	6.2562e-08	0.00016587	0.00012741	3.8457e-05	1.1613e-16
51.5	6.2691e-08	0.00016627	0.00012788	3.8393e-05	1.1614e-16
51.51	6.271e-08	0.00016639	0.00012806	3.8327e-05	1.1613e-16
51.52	6.2615e-08	0.0001662	0.00012794	3.8259e-05	1.1611e-16
51.53	6.2406e-08	0.00016571	0.00012752	3.8188e-05	1.1608e-16
51.54	6.2086e-08	0.00016492	0.00012681	3.8115e-05	1.1604e-16
51.55	6.166e-08	0.00016385	0.00012581	3.8039e-05	1.1601e-16
51.56	6.1134e-08	0.00016252	0.00012456	3.7962e-05	1.1597e-16
51.57	6.0518e-08	0.00016095	0.00012306	3.7883e-05	1.1594e-16
51.58	5.9825e-08	0.00015916	0.00012136	3.7804e-05	1.1592e-16
51.59	5.9068e-08	0.00015721	0.00011949	3.7724e-05	1.1592e-16
51.6	5.8261e-08	0.00015512	0.00011748	3.7644e-05	1.1592e-16
51.61	5.7421e-08	0.00015295	0.00011538	3.7564e-05	1.1595e-16
51.62	5.6565e-08	0.00015072	0.00011324	3.7486e-05	1.1599e-16
51.63	5.5709e-08	0.0001485	0.00011109	3.7409e-05	1.1604e-16
51.64	5.487e-08	0.00014632	0.00010899	3.7334e-05	1.1611e-16
51.65	5.4064e-08	0.00014423	0.00010697	3.726e-05	1.1618e-16
51.66	5.3307e-08	0.00014226	0.00010507	3.7189e-05	1.1626e-16
51.67	5.2613e-08	0.00014046	0.00010335	3.7119e-05	1.1634e-16
51.68	5.1994e-08	0.00013887	0.00010181	3.7051e-05	1.1641e-16
51.69	5.1461e-08	0.0001375	0.00010051	3.6985e-05	1.1647e-16
51.7	5.1023e-08	0.00013638	9.9459e-05	3.6919e-05	1.1652e-16
51.71	5.0687e-08	0.00013553	9.8677e-05	3.6855e-05	1.1656e-16
51.72	5.0456e-08	0.00013497	9.8176e-05	3.6792e-05	1.1658e-16
51.73	5.0333e-08	0.00013469	9.7961e-05	3.6729e-05	1.1658e-16
51.74	5.0316e-08	0.0001347	9.8032e-05	3.6666e-05	1.1656e-16
51.75	5.0404e-08	0.00013498	9.8382e-05	3.6603e-05	1.1654e-16
51.76	5.0589e-08	0.00013553	9.8995e-05	3.6539e-05	1.165e-16
51.77	5.0865e-08	0.00013633	9.9852e-05	3.6474e-05	1.1645e-16
51.78	5.1222e-08	0.00013734	0.00010093	3.6408e-05	1.164e-16
51.79	5.1648e-08	0.00013853	0.00010219	3.634e-05	1.1635e-16
51.8	5.213e-08	0.00013988	0.00010361	3.627e-05	1.1631e-16
51.81	5.2655e-08	0.00014134	0.00010514	3.6198e-05	1.1627e-16
51.82	5.3205e-08	0.00014287	0.00010675	3.6123e-05	1.1624e-16
51.83	5.3766e-08	0.00014444	0.00010839	3.6047e-05	1.1622e-16
51.84	5.4323e-08	0.00014599	0.00011002	3.5968e-05	1.1621e-16
51.85	5.4858e-08	0.00014748	0.00011159	3.5886e-05	1.1621e-16
51.86	5.5356e-08	0.00014888	0.00011308	3.5802e-05	1.1622e-16
51.87	5.5804e-08	0.00015014	0.00011443	3.5716e-05	1.1624e-16
51.88	5.6189e-08	0.00015123	0.00011561	3.5628e-05	1.1625e-16
51.89	5.6498e-08	0.00015212	0.00011659	3.5538e-05	1.1627e-16
51.9	5.6722e-08	0.00015279	0.00011734	3.5447e-05	1.1628e-16
51.91	5.6853e-08	0.0001532	0.00011784	3.5356e-05	1.1628e-16
51.92	5.6887e-08	0.00015335	0.00011808	3.5264e-05	1.1628e-16
51.93	5.6819e-08	0.00015322	0.00011805	3.5173e-05	1.1626e-16
51.94	5.6648e-08	0.00015282	0.00011774	3.5083e-05	1.1623e-16
51.95	5.6377e-08	0.00015215	0.00011716	3.4994e-05	1.162e-16
51.96	5.6009e-08	0.00015122	0.00011631	3.4907e-05	1.1616e-16
51.97	5.5551e-08	0.00015004	0.00011521	3.4824e-05	1.1611e-16
51.98	5.5009e-08	0.00014863	0.00011389	3.4743e-05	1.1606e-16
51.99	5.4395e-08	0.00014703	0.00011236	3.4665e-05	1.1601e-16
52	5.3719e-08	0.00014526	0.00011067	3.4591e-05	1.1597e-16
52.01	5.2995e-08	0.00014335	0.00010883	3.4521e-05	1.1594e-16
52.02	5.2235e-08	0.00014135	0.0001069	3.4453e-05	1.1592e-16
52.03	5.1455e-08	0.00013929	0.0001049	3.439e-05	1.1592e-16
52.04	5.0668e-08	0.00013722	0.00010289	3.4329e-05	1.1594e-16
52.05	4.9891e-08	0.00013516	0.00010089	3.427e-05	1.1598e-16
52.06	4.9136e-08	0.00013317	9.8958e-05	3.4214e-05	1.1603e-16
52.07	4.8419e-08	0.00013128	9.712e-05	3.4158e-05	1.161e-16
52.08	4.7752e-08	0.00012952	9.5416e-05	3.4103e-05	1.1619e-16
52.09	4.7147e-08	0.00012793	9.3879e-05	3.4048e-05	1.1628e-16
52.1	4.6614e-08	0.00012653	9.2537e-05	3.3993e-05	1.1639e-16
52.11	4.6163e-08	0.00012535	9.1416e-05	3.3936e-05	1.165e-16
52.12	4.5799e-08	0.00012441	9.0536e-05	3.3877e-05	1.166e-16
52.13	4.5529e-08	0.00012373	8.991e-05	3.3817e-05	1.1671e-16
52.14	4.5355e-08	0.0001233	8.9547e-05	3.3754e-05	1.168e-16
52.15	4.5278e-08	0.00012314	8.9451e-05	3.3689e-05	1.1688e-16
52.16	4.5298e-08	0.00012324	8.9619e-05	3.3621e-05	1.1695e-16
52.17	4.541e-08	0.00012359	9.0042e-05	3.3551e-05	1.1701e-16
52.18	4.561e-08	0.00012418	9.0705e-05	3.3479e-05	1.1705e-16
52.19	4.589e-08	0.00012499	9.159e-05	3.3405e-05	1.1708e-16
52.2	4.6241e-08	0.000126	9.267e-05	3.3329e-05	1.171e-16
52.21	4.6653e-08	0.00012717	9.3918e-05	3.3253e-05	1.1711e-16
52.22	4.7114e-08	0.00012848	9.53e-05	3.3176e-05	1.1712e-16
52.23	4.761e-08	0.00012988	9.678e-05	3.3098e-05	1.1712e-16
52.24	4.8128e-08	0.00013134	9.8321e-05	3.3021e-05	1.1712e-16
52.25	4.8653e-08	0.00013283	9.9883e-05	3.2944e-05	1.1712e-16
52.26	4.9171e-08	0.00013429	0.00010142	3.2868e-05	1.1713e-16
52.27	4.9668e-08	0.0001357	0.00010291	3.2792e-05	1.1714e-16
52.28	5.0128e-08	0.00013701	0.00010429	3.2718e-05	1.1716e-16
52.29	5.054e-08	0.00013819	0.00010555	3.2644e-05	1.1719e-16
52.3	5.0891e-08	0.0001392	0.00010663	3.2572e-05	1.1722e-16
52.31	5.1171e-08	0.00014002	0.00010752	3.2501e-05	1.1727e-16
52.32	5.137e-08	0.00014062	0.00010819	3.2431e-05	1.1732e-16
52.33	5.1482e-08	0.00014098	0.00010862	3.2362e-05	1.1738e-16
52.34	5.1501e-08	0.00014109	0.00010879	3.2294e-05	1.1745e-16
52.35	5.1425e-08	0.00014093	0.00010871	3.2227e-05	1.1752e-16
52.36	5.1253e-08	0.00014051	0.00010835	3.2161e-05	1.176e-16
52.37	5.0986e-08	0.00013984	0.00010774	3.2096e-05	1.1768e-16
52.38	5.0629e-08	0.00013891	0.00010688	3.2032e-05	1.1778e-16
52.39	5.0187e-08	0.00013775	0.00010578	3.1968e-05	1.1787e-16
52.4	4.9667e-08	0.00013637	0.00010447	3.1906e-05	1.1797e-16
52.41	4.908e-08	0.00013481	0.00010297	3.1844e-05	1.1808e-16
52.42	4.8436e-08	0.0001331	0.00010131	3.1783e-05	1.182e-16
52.43	4.7748e-08	0.00013125	9.9533e-05	3.1722e-05	1.1832e-16
52.44	4.7029e-08	0.00012933	9.7665e-05	3.1662e-05	1.1845e-16
52.45	4.6292e-08	0.00012735	9.5748e-05	3.1601e-05	1.1858e-16
52.46	4.5552e-08	0.00012536	9.382e-05	3.1541e-05	1.1873e-16
52.47	4.4823e-08	0.0001234	9.1921e-05	3.1481e-05	1.1888e-16
52.48	4.4119e-08	0.00012151	9.009e-05	3.142e-05	1.1904e-16
52.49	4.3453e-08	0.00011972	8.8362e-05	3.1359e-05	1.192e-16
52.5	4.2837e-08	0.00011807	8.6773e-05	3.1296e-05	1.1937e-16
52.51	4.2282e-08	0.00011659	8.5353e-05	3.1233e-05	1.1954e-16
52.52	4.1799e-08	0.0001153	8.413e-05	3.1168e-05	1.1971e-16
52.53	4.1396e-08	0.00011423	8.3126e-05	3.1102e-05	1.1989e-16
52.54	4.1078e-08	0.00011339	8.2359e-05	3.1034e-05	1.2007e-16
52.55	4.085e-08	0.00011281	8.1842e-05	3.0966e-05	1.2025e-16
52.56	4.0715e-08	0.00011248	8.1581e-05	3.0896e-05	1.2043e-16
52.57	4.0672e-08	0.0001124	8.1578e-05	3.0825e-05	1.2061e-16
52.58	4.0721e-08	0.00011258	8.1827e-05	3.0753e-05	1.208e-16
52.59	4.0858e-08	0.000113	8.2319e-05	3.0681e-05	1.2099e-16
52.6	4.1076e-08	0.00011365	8.3038e-05	3.0609e-05	1.2119e-16
52.61	4.1368e-08	0.0001145	8.3963e-05	3.0537e-05	1.2139e-16
52.62	4.1726e-08	0.00011553	8.5067e-05	3.0465e-05	1.2159e-16
52.63	4.2137e-08	0.00011672	8.6323e-05	3.0394e-05	1.218e-16
52.64	4.2591e-08	0.00011802	8.7695e-05	3.0324e-05	1.2202e-16
52.65	4.3075e-08	0.0001194	8.9149e-05	3.0255e-05	1.2223e-16
52.66	4.3574e-08	0.00012083	9.0646e-05	3.0188e-05	1.2245e-16
52.67	4.4075e-08	0.00012227	9.2148e-05	3.0121e-05	1.2267e-16
52.68	4.4563e-08	0.00012367	9.3615e-05	3.0056e-05	1.2289e-16
52.69	4.5025e-08	0.000125	9.5009e-05	2.9991e-05	1.2309e-16
52.7	4.5447e-08	0.00012622	9.6293e-05	2.9927e-05	1.2329e-16
52.71	4.5817e-08	0.0001273	9.7433e-05	2.9863e-05	1.2348e-16
52.72	4.6124e-08	0.0001282	9.8398e-05	2.9799e-05	1.2366e-16
52.73	4.6358e-08	0.0001289	9.9161e-05	2.9735e-05	1.2382e-16
52.74	4.6511e-08	0.00012937	9.9699e-05	2.967e-05	1.2396e-16
52.75	4.6576e-08	0.0001296	9.9996e-05	2.9604e-05	1.2409e-16
52.76	4.655e-08	0.00012958	0.00010004	2.9537e-05	1.242e-16
52.77	4.643e-08	0.00012929	9.9823e-05	2.9468e-05	1.243e-16
52.78	4.6216e-08	0.00012875	9.9349e-05	2.9398e-05	1.2439e-16
52.79	4.5912e-08	0.00012795	9.8622e-05	2.9325e-05	1.2447e-16
52.8	4.5521e-08	0.00012691	9.7655e-05	2.9251e-05	1.2455e-16
52.81	4.5051e-08	0.00012564	9.6466e-05	2.9175e-05	1.2464e-16
52.82	4.4508e-08	0.00012418	9.5078e-05	2.9097e-05	1.2473e-16
52.83	4.3904e-08	0.00012254	9.3517e-05	2.9018e-05	1.2484e-16
52.84	4.3249e-08	0.00012075	9.1816e-05	2.8938e-05	1.2496e-16
52.85	4.2557e-08	0.00011887	9.0009e-05	2.8857e-05	1.251e-16
52.86	4.184e-08	0.00011691	8.8133e-05	2.8776e-05	1.2526e-16
52.87	4.1113e-08	0.00011492	8.6226e-05	2.8694e-05	1.2545e-16
52.88	4.0389e-08	0.00011294	8.4327e-05	2.8613e-05	1.2566e-16
52.89	3.9682e-08	0.00011101	8.2475e-05	2.8531e-05	1.2589e-16
52.9	3.9007e-08	0.00010916	8.0707e-05	2.8451e-05	1.2615e-16
52.91	3.8375e-08	0.00010743	7.9059e-05	2.8371e-05	1.2642e-16
52.92	3.7798e-08	0.00010585	7.7563e-05	2.8292e-05	1.267e-16
52.93	3.7287e-08	0.00010446	7.6249e-05	2.8215e-05	1.2699e-16
52.94	3.6851e-08	0.00010328	7.5141e-05	2.8139e-05	1.2728e-16
52.95	3.6497e-08	0.00010233	7.426e-05	2.8066e-05	1.2758e-16
52.96	3.623e-08	0.00010162	7.3621e-05	2.7994e-05	1.2786e-16
52.97	3.6053e-08	0.00010116	7.3234e-05	2.7924e-05	1.2814e-16
52.98	3.5969e-08	0.00010096	7.3103e-05	2.7857e-05	1.2841e-16
52.99	3.5976e-08	0.00010102	7.3225e-05	2.7792e-05	1.2866e-16
53	3.6071e-08	0.00010132	7.3594e-05	2.773e-05	1.289e-16
53.01	3.6251e-08	0.00010187	7.4197e-05	2.767e-05	1.2913e-16
53.02	3.6508e-08	0.00010263	7.5014e-05	2.7613e-05	1.2935e-16
53.03	3.6834e-08	0.00010358	7.6024e-05	2.7558e-05	1.2955e-16
53.04	3.7219e-08	0.00010471	7.7199e-05	2.7507e-05	1.2975e-16
53.05	3.7652e-08	0.00010596	7.8507e-05	2.7457e-05	1.2994e-16
53.06	3.8121e-08	0.00010732	7.9914e-05	2.741e-05	1.3013e-16
53.07	3.8612e-08	0.00010875	8.1384e-05	2.7364e-05	1.3031e-16
53.08	3.9112e-08	0.0001102	8.2879e-05	2.732e-05	1.305e-16
53.09	3.9608e-08	0.00011164	8.436e-05	2.7276e-05	1.3068e-16
53.1	4.0084e-08	0.00011302	8.5789e-05	2.7233e-05	1.3086e-16
53.11	4.0529e-08	0.00011432	8.7129e-05	2.719e-05	1.3105e-16
53.12	4.0929e-08	0.00011549	8.8345e-05	2.7146e-05	1.3123e-16
53.13	4.1273e-08	0.00011651	8.9404e-05	2.7101e-05	1.314e-16
53.14	4.1551e-08	0.00011733	9.0279e-05	2.7054e-05	1.3157e-16
53.15	4.1754e-08	0.00011795	9.0945e-05	2.7005e-05	1.3173e-16
53.16	4.1875e-08	0.00011834	9.1384e-05	2.6954e-05	1.3188e-16
53.17	4.191e-08	0.00011848	9.1581e-05	2.69e-05	1.3201e-16
53.18	4.1855e-08	0.00011837	9.1528e-05	2.6843e-05	1.3214e-16
53.19	4.171e-08	0.00011801	9.1223e-05	2.6783e-05	1.3226e-16
53.2	4.1477e-08	0.00011739	9.067e-05	2.672e-05	1.3236e-16
53.21	4.1159e-08	0.00011653	8.9879e-05	2.6655e-05	1.3246e-16
53.22	4.0762e-08	0.00011545	8.8864e-05	2.6588e-05	1.3255e-16
53.23	4.0293e-08	0.00011417	8.7647e-05	2.652e-05	1.3265e-16
53.24	3.9761e-08	0.0001127	8.6251e-05	2.645e-05	1.3275e-16
53.25	3.9176e-08	0.00011109	8.4707e-05	2.638e-05	1.3285e-16
53.26	3.8552e-08	0.00010936	8.3047e-05	2.631e-05	1.3297e-16
53.27	3.7899e-08	0.00010755	8.1306e-05	2.624e-05	1.3311e-16
53.28	3.7232e-08	0.00010569	7.952e-05	2.6172e-05	1.3326e-16
53.29	3.6563e-08	0.00010383	7.7726e-05	2.6106e-05	1.3344e-16
53.3	3.5906e-08	0.000102	7.5963e-05	2.6041e-05	1.3364e-16
53.31	3.5273e-08	0.00010024	7.4266e-05	2.5978e-05	1.3385e-16
53.32	3.4677e-08	9.8587e-05	7.2669e-05	2.5918e-05	1.3409e-16
53.33	3.4129e-08	9.7065e-05	7.1206e-05	2.586e-05	1.3434e-16
53.34	3.3638e-08	9.5706e-05	6.9903e-05	2.5803e-05	1.346e-16
53.35	3.3214e-08	9.4535e-05	6.8786e-05	2.5749e-05	1.3486e-16
53.36	3.2863e-08	9.3571e-05	6.7875e-05	2.5695e-05	1.3513e-16
53.37	3.259e-08	9.2828e-05	6.7186e-05	2.5643e-05	1.3539e-16
53.38	3.2399e-08	9.2318e-05	6.6728e-05	2.559e-05	1.3564e-16
53.39	3.2291e-08	9.2044e-05	6.6506e-05	2.5538e-05	1.3588e-16
53.4	3.2265e-08	9.2005e-05	6.652e-05	2.5485e-05	1.3609e-16
53.41	3.232e-08	9.2196e-05	6.6765e-05	2.5431e-05	1.3629e-16
53.42	3.245e-08	9.2604e-05	6.7228e-05	2.5375e-05	1.3647e-16
53.43	3.2652e-08	9.3213e-05	6.7895e-05	2.5318e-05	1.3663e-16
53.44	3.2917e-08	9.4004e-05	6.8745e-05	2.5259e-05	1.3677e-16
53.45	3.3236e-08	9.4952e-05	6.9754e-05	2.5198e-05	1.369e-16
53.46	3.3601e-08	9.6029e-05	7.0895e-05	2.5135e-05	1.3701e-16
53.47	3.3999e-08	9.7206e-05	7.2136e-05	2.507e-05	1.3712e-16
53.48	3.4421e-08	9.8448e-05	7.3446e-05	2.5003e-05	1.3723e-16
53.49	3.4854e-08	9.9724e-05	7.479e-05	2.4934e-05	1.3734e-16
53.5	3.5286e-08	0.000101	7.6134e-05	2.4864e-05	1.3745e-16
53.51	3.5706e-08	0.00010224	7.7443e-05	2.4794e-05	1.3758e-16
53.52	3.6101e-08	0.00010341	7.8684e-05	2.4722e-05	1.3771e-16
53.53	3.6461e-08	0.00010448	7.9826e-05	2.4651e-05	1.3786e-16
53.54	3.6775e-08	0.00010542	8.0837e-05	2.4579e-05	1.3802e-16
53.55	3.7035e-08	0.0001062	8.1693e-05	2.4508e-05	1.3818e-16
53.56	3.7232e-08	0.00010681	8.2369e-05	2.4438e-05	1.3836e-16
53.57	3.7361e-08	0.00010722	8.2847e-05	2.4369e-05	1.3853e-16
53.58	3.7416e-08	0.00010741	8.3113e-05	2.4301e-05	1.3871e-16
53.59	3.7394e-08	0.00010739	8.3157e-05	2.4235e-05	1.3888e-16
53.6	3.7295e-08	0.00010715	8.2975e-05	2.4171e-05	1.3905e-16
53.61	3.7118e-08	0.00010668	8.2568e-05	2.4109e-05	1.3921e-16
53.62	3.6865e-08	0.00010599	8.1941e-05	2.405e-05	1.3935e-16
53.63	3.6541e-08	0.0001051	8.1106e-05	2.3992e-05	1.3948e-16
53.64	3.6151e-08	0.00010401	8.0078e-05	2.3937e-05	1.396e-16
53.65	3.5702e-08	0.00010276	7.8877e-05	2.3883e-05	1.3971e-16
53.66	3.5202e-08	0.00010136	7.7528e-05	2.3832e-05	1.3981e-16
53.67	3.4661e-08	9.9841e-05	7.6057e-05	2.3783e-05	1.399e-16
53.68	3.409e-08	9.8231e-05	7.4495e-05	2.3736e-05	1.3999e-16
53.69	3.3498e-08	9.6563e-05	7.2872e-05	2.369e-05	1.4008e-16
53.7	3.2899e-08	9.4869e-05	7.1223e-05	2.3646e-05	1.4017e-16
53.71	3.2302e-08	9.3184e-05	6.9582e-05	2.3602e-05	1.4028e-16
53.72	3.172e-08	9.154e-05	6.798e-05	2.3559e-05	1.4039e-16
53.73	3.1164e-08	8.9968e-05	6.6451e-05	2.3516e-05	1.4052e-16
53.74	3.0644e-08	8.8499e-05	6.5026e-05	2.3473e-05	1.4066e-16
53.75	3.0169e-08	8.7161e-05	6.3732e-05	2.3429e-05	1.4082e-16
53.76	2.9749e-08	8.5978e-05	6.2594e-05	2.3384e-05	1.4098e-16
53.77	2.9389e-08	8.4971e-05	6.1633e-05	2.3337e-05	1.4116e-16
53.78	2.9097e-08	8.4157e-05	6.0868e-05	2.3289e-05	1.4134e-16
53.79	2.8877e-08	8.355e-05	6.0312e-05	2.3239e-05	1.4153e-16
53.8	2.873e-08	8.3158e-05	5.9972e-05	2.3186e-05	1.4171e-16
53.81	2.8659e-08	8.2983e-05	5.9852e-05	2.3131e-05	1.4189e-16
53.82	2.8663e-08	8.3026e-05	5.9951e-05	2.3075e-05	1.4206e-16
53.83	2.874e-08	8.3278e-05	6.0262e-05	2.3016e-05	1.4222e-16
53.84	2.8885e-08	8.3731e-05	6.0776e-05	2.2955e-05	1.4236e-16
53.85	2.9094e-08	8.4369e-05	6.1475e-05	2.2894e-05	1.4248e-16
53.86	2.9361e-08	8.5173e-05	6.2342e-05	2.2831e-05	1.4259e-16
53.87	2.9676e-08	8.6119e-05	6.3352e-05	2.2767e-05	1.4269e-16
53.88	3.0032e-08	8.7184e-05	6.448e-05	2.2703e-05	1.4278e-16
53.89	3.0418e-08	8.8337e-05	6.5696e-05	2.264e-05	1.4285e-16
53.9	3.0823e-08	8.9548e-05	6.697e-05	2.2578e-05	1.4293e-16
53.91	3.1238e-08	9.0786e-05	6.8269e-05	2.2517e-05	1.43e-16
53.92	3.165e-08	9.2018e-05	6.9561e-05	2.2457e-05	1.4308e-16
53.93	3.2048e-08	9.3211e-05	7.0812e-05	2.2399e-05	1.4316e-16
53.94	3.2422e-08	9.4334e-05	7.1991e-05	2.2343e-05	1.4326e-16
53.95	3.2762e-08	9.5356e-05	7.3067e-05	2.2289e-05	1.4337e-16
53.96	3.3056e-08	9.6249e-05	7.4012e-05	2.2237e-05	1.435e-16
53.97	3.3298e-08	9.6989e-05	7.4802e-05	2.2187e-05	1.4364e-16
53.98	3.3479e-08	9.7552e-05	7.5413e-05	2.2138e-05	1.438e-16
53.99	3.3593e-08	9.7921e-05	7.5829e-05	2.2091e-05	1.4397e-16
54	3.3636e-08	9.8082e-05	7.6037e-05	2.2045e-05	1.4415e-16
54.01	3.3604e-08	9.8027e-05	7.6027e-05	2.2e-05	1.4434e-16
54.02	3.3498e-08	9.7751e-05	7.5796e-05	2.1955e-05	1.4453e-16
54.03	3.3316e-08	9.7256e-05	7.5347e-05	2.191e-05	1.4473e-16
54.04	3.3061e-08	9.6549e-05	7.4684e-05	2.1864e-05	1.4491e-16
54.05	3.2737e-08	9.5639e-05	7.3821e-05	2.1818e-05	1.451e-16
54.06	3.2351e-08	9.4544e-05	7.2773e-05	2.1771e-05	1.4527e-16
54.07	3.1908e-08	9.3284e-05	7.1561e-05	2.1723e-05	1.4543e-16
54.08	3.1417e-08	9.1882e-05	7.0209e-05	2.1674e-05	1.4559e-16
54.09	3.0887e-08	9.0368e-05	6.8745e-05	2.1623e-05	1.4573e-16
54.1	3.033e-08	8.8769e-05	6.7198e-05	2.1571e-05	1.4586e-16
54.11	2.9755e-08	8.712e-05	6.5602e-05	2.1518e-05	1.4599e-16
54.12	2.9175e-08	8.5452e-05	6.3989e-05	2.1463e-05	1.4611e-16
54.13	2.86e-08	8.38e-05	6.2392e-05	2.1408e-05	1.4623e-16
54.14	2.8042e-08	8.2196e-05	6.0844e-05	2.1352e-05	1.4636e-16
54.15	2.7513e-08	8.0673e-05	5.9378e-05	2.1295e-05	1.4648e-16
54.16	2.7021e-08	7.926e-05	5.8023e-05	2.1237e-05	1.4662e-16
54.17	2.6576e-08	7.7985e-05	5.6806e-05	2.1179e-05	1.4676e-16
54.18	2.6187e-08	7.6871e-05	5.5751e-05	2.112e-05	1.4691e-16
54.19	2.586e-08	7.5938e-05	5.4878e-05	2.1061e-05	1.4708e-16
54.2	2.56e-08	7.5203e-05	5.4202e-05	2.1001e-05	1.4725e-16
54.21	2.5411e-08	7.4677e-05	5.3735e-05	2.0942e-05	1.4744e-16
54.22	2.5296e-08	7.4365e-05	5.3484e-05	2.0882e-05	1.4763e-16
54.23	2.5255e-08	7.4271e-05	5.3449e-05	2.0822e-05	1.4783e-16
54.24	2.5285e-08	7.4389e-05	5.3627e-05	2.0762e-05	1.4804e-16
54.25	2.5386e-08	7.4713e-05	5.401e-05	2.0703e-05	1.4825e-16
54.26	2.5552e-08	7.5228e-05	5.4585e-05	2.0643e-05	1.4846e-16
54.27	2.5777e-08	7.5918e-05	5.5334e-05	2.0584e-05	1.4867e-16
54.28	2.6054e-08	7.6762e-05	5.6237e-05	2.0526e-05	1.4888e-16
54.29	2.6374e-08	7.7736e-05	5.7268e-05	2.0468e-05	1.4908e-16
54.3	2.6729e-08	7.8811e-05	5.84e-05	2.041e-05	1.4929e-16
54.31	2.7108e-08	7.9958e-05	5.9604e-05	2.0354e-05	1.4949e-16
54.32	2.7501e-08	8.1146e-05	6.0849e-05	2.0297e-05	1.497e-16
54.33	2.7896e-08	8.2343e-05	6.2101e-05	2.0242e-05	1.499e-16
54.34	2.8283e-08	8.3516e-05	6.3329e-05	2.0188e-05	1.501e-16
54.35	2.8651e-08	8.4634e-05	6.45e-05	2.0134e-05	1.503e-16
54.36	2.899e-08	8.5666e-05	6.5585e-05	2.0081e-05	1.5051e-16
54.37	2.929e-08	8.6583e-05	6.6555e-05	2.0028e-05	1.5071e-16
54.38	2.9541e-08	8.736e-05	6.7384e-05	1.9976e-05	1.5092e-16
54.39	2.9738e-08	8.7973e-05	6.8049e-05	1.9924e-05	1.5113e-16
54.4	2.9873e-08	8.8403e-05	6.8531e-05	1.9872e-05	1.5134e-16
54.41	2.994e-08	8.8637e-05	6.8816e-05	1.982e-05	1.5154e-16
54.42	2.9938e-08	8.8662e-05	6.8894e-05	1.9768e-05	1.5175e-16
54.43	2.9864e-08	8.8475e-05	6.876e-05	1.9715e-05	1.5194e-16
54.44	2.9717e-08	8.8073e-05	6.8412e-05	1.9662e-05	1.5213e-16
54.45	2.95e-08	8.7463e-05	6.7855e-05	1.9608e-05	1.5232e-16
54.46	2.9216e-08	8.6652e-05	6.7099e-05	1.9553e-05	1.5249e-16
54.47	2.887e-08	8.5655e-05	6.6158e-05	1.9498e-05	1.5265e-16
54.48	2.8467e-08	8.4491e-05	6.505e-05	1.9442e-05	1.5281e-16
54.49	2.8015e-08	8.3182e-05	6.3797e-05	1.9385e-05	1.5295e-16
54.5	2.7524e-08	8.1753e-05	6.2425e-05	1.9329e-05	1.5308e-16
54.51	2.7003e-08	8.0234e-05	6.0962e-05	1.9272e-05	1.5321e-16
54.52	2.6461e-08	7.8654e-05	5.9439e-05	1.9215e-05	1.5334e-16
54.53	2.5911e-08	7.7046e-05	5.7887e-05	1.9159e-05	1.5346e-16
54.54	2.5362e-08	7.5443e-05	5.6339e-05	1.9104e-05	1.5359e-16
54.55	2.4827e-08	7.3877e-05	5.4827e-05	1.9049e-05	1.5372e-16
54.56	2.4314e-08	7.2379e-05	5.3383e-05	1.8996e-05	1.5386e-16
54.57	2.3836e-08	7.098e-05	5.2035e-05	1.8945e-05	1.5401e-16
54.58	2.34e-08	6.9707e-05	5.0812e-05	1.8895e-05	1.5418e-16
54.59	2.3014e-08	6.8584e-05	4.9738e-05	1.8846e-05	1.5436e-16
54.6	2.2687e-08	6.7633e-05	4.8834e-05	1.88e-05	1.5456e-16
54.61	2.2423e-08	6.6872e-05	4.8117e-05	1.8755e-05	1.5478e-16
54.62	2.2227e-08	6.6311e-05	4.76e-05	1.8711e-05	1.5502e-16
54.63	2.2101e-08	6.596e-05	4.729e-05	1.867e-05	1.5527e-16
54.64	2.2047e-08	6.5821e-05	4.7192e-05	1.8629e-05	1.5554e-16
54.65	2.2063e-08	6.5893e-05	4.7303e-05	1.859e-05	1.5583e-16
54.66	2.2148e-08	6.617e-05	4.7618e-05	1.8553e-05	1.5613e-16
54.67	2.2297e-08	6.6641e-05	4.8125e-05	1.8516e-05	1.5645e-16
54.68	2.2506e-08	6.729e-05	4.8811e-05	1.848e-05	1.5678e-16
54.69	2.2768e-08	6.8099e-05	4.9655e-05	1.8444e-05	1.5713e-16
54.7	2.3075e-08	6.9043e-05	5.0635e-05	1.8409e-05	1.5748e-16
54.71	2.3419e-08	7.0098e-05	5.1725e-05	1.8373e-05	1.5785e-16
54.72	2.3791e-08	7.1236e-05	5.2898e-05	1.8338e-05	1.5823e-16
54.73	2.4179e-08	7.2426e-05	5.4123e-05	1.8303e-05	1.5862e-16
54.74	2.4575e-08	7.3637e-05	5.537e-05	1.8267e-05	1.5902e-16
54.75	2.4966e-08	7.4838e-05	5.6608e-05	1.823e-05	1.5944e-16
54.76	2.5344e-08	7.5997e-05	5.7804e-05	1.8193e-05	1.5987e-16
54.77	2.5697e-08	7.7083e-05	5.8929e-05	1.8154e-05	1.6032e-16
54.78	2.6016e-08	7.8069e-05	5.9954e-05	1.8115e-05	1.6078e-16
54.79	2.6292e-08	7.8927e-05	6.0853e-05	1.8074e-05	1.6125e-16
54.8	2.6518e-08	7.9633e-05	6.1602e-05	1.8031e-05	1.6173e-16
54.81	2.6686e-08	8.0169e-05	6.2182e-05	1.7987e-05	1.6223e-16
54.82	2.6792e-08	8.0516e-05	6.2575e-05	1.7941e-05	1.6273e-16
54.83	2.6831e-08	8.0664e-05	6.2771e-05	1.7893e-05	1.6324e-16
54.84	2.6802e-08	8.0604e-05	6.2762e-05	1.7843e-05	1.6375e-16
54.85	2.6703e-08	8.0335e-05	6.2544e-05	1.7791e-05	1.6427e-16
54.86	2.6534e-08	7.9859e-05	6.2121e-05	1.7737e-05	1.6479e-16
54.87	2.63e-08	7.9181e-05	6.1499e-05	1.7682e-05	1.653e-16
54.88	2.6003e-08	7.8315e-05	6.069e-05	1.7625e-05	1.6582e-16
54.89	2.5648e-08	7.7276e-05	5.9709e-05	1.7567e-05	1.6633e-16
54.9	2.5244e-08	7.6085e-05	5.8577e-05	1.7508e-05	1.6684e-16
54.91	2.4796e-08	7.4764e-05	5.7316e-05	1.7448e-05	1.6736e-16
54.92	2.4316e-08	7.3341e-05	5.5952e-05	1.7389e-05	1.6787e-16
54.93	2.3811e-08	7.1845e-05	5.4515e-05	1.733e-05	1.6839e-16
54.94	2.3292e-08	7.0306e-05	5.3034e-05	1.7271e-05	1.6891e-16
54.95	2.277e-08	6.8755e-05	5.1541e-05	1.7214e-05	1.6945e-16
54.96	2.2255e-08	6.7224e-05	5.0066e-05	1.7158e-05	1.7e-16
54.97	2.1757e-08	6.5745e-05	4.864e-05	1.7105e-05	1.7056e-16
54.98	2.1287e-08	6.4346e-05	4.7293e-05	1.7053e-05	1.7114e-16
54.99	2.0852e-08	6.3054e-05	4.6051e-05	1.7003e-05	1.7174e-16
55	2.0461e-08	6.1896e-05	4.494e-05	1.6956e-05	1.7236e-16
55.01	2.0122e-08	6.0891e-05	4.398e-05	1.6911e-05	1.73e-16
55.02	1.984e-08	6.0059e-05	4.3191e-05	1.6868e-05	1.7366e-16
55.03	1.9619e-08	5.9411e-05	4.2585e-05	1.6826e-05	1.7434e-16
55.04	1.9462e-08	5.8958e-05	4.2173e-05	1.6786e-05	1.7503e-16
55.05	1.9371e-08	5.8705e-05	4.1958e-05	1.6746e-05	1.7573e-16
55.06	1.9346e-08	5.865e-05	4.1943e-05	1.6707e-05	1.7644e-16
55.07	1.9385e-08	5.879e-05	4.2122e-05	1.6669e-05	1.7715e-16
55.08	1.9486e-08	5.9116e-05	4.2486e-05	1.6629e-05	1.7787e-16
55.09	1.9643e-08	5.9614e-05	4.3025e-05	1.659e-05	1.7857e-16
55.1	1.9851e-08	6.0269e-05	4.372e-05	1.6549e-05	1.7928e-16
55.11	2.0104e-08	6.106e-05	4.4553e-05	1.6507e-05	1.7997e-16
55.12	2.0395e-08	6.1963e-05	4.55e-05	1.6463e-05	1.8065e-16
55.13	2.0714e-08	6.2955e-05	4.6537e-05	1.6418e-05	1.8132e-16
55.14	2.1052e-08	6.4008e-05	4.7636e-05	1.6371e-05	1.8198e-16
55.15	2.1401e-08	6.5093e-05	4.877e-05	1.6323e-05	1.8263e-16
55.16	2.1752e-08	6.6183e-05	4.9909e-05	1.6274e-05	1.8327e-16
55.17	2.2094e-08	6.7249e-05	5.1026e-05	1.6223e-05	1.839e-16
55.18	2.2419e-08	6.8263e-05	5.2091e-05	1.6172e-05	1.8452e-16
55.19	2.2719e-08	6.92e-05	5.3079e-05	1.6121e-05	1.8513e-16
55.2	2.2984e-08	7.0033e-05	5.3964e-05	1.6069e-05	1.8574e-16
55.21	2.3208e-08	7.0743e-05	5.4724e-05	1.6018e-05	1.8635e-16
55.22	2.3385e-08	7.1308e-05	5.534e-05	1.5968e-05	1.8695e-16
55.23	2.351e-08	7.1714e-05	5.5796e-05	1.5918e-05	1.8755e-16
55.24	2.3578e-08	7.1948e-05	5.6078e-05	1.587e-05	1.8814e-16
55.25	2.3587e-08	7.2001e-05	5.6178e-05	1.5823e-05	1.8873e-16
55.26	2.3535e-08	7.1869e-05	5.6091e-05	1.5778e-05	1.893e-16
55.27	2.3423e-08	7.1553e-05	5.5818e-05	1.5734e-05	1.8987e-16
55.28	2.3252e-08	7.1055e-05	5.5362e-05	1.5693e-05	1.9042e-16
55.29	2.3024e-08	7.0384e-05	5.4731e-05	1.5653e-05	1.9096e-16
55.3	2.2743e-08	6.9551e-05	5.3937e-05	1.5614e-05	1.9148e-16
55.31	2.2415e-08	6.8573e-05	5.2995e-05	1.5578e-05	1.9199e-16
55.32	2.2046e-08	6.7467e-05	5.1925e-05	1.5542e-05	1.9247e-16
55.33	2.1642e-08	6.6256e-05	5.0747e-05	1.5508e-05	1.9294e-16
55.34	2.1212e-08	6.4963e-05	4.9487e-05	1.5475e-05	1.934e-16
55.35	2.0764e-08	6.3614e-05	4.8171e-05	1.5443e-05	1.9384e-16
55.36	2.0307e-08	6.2236e-05	4.6825e-05	1.5412e-05	1.9427e-16
55.37	1.985e-08	6.0858e-05	4.5477e-05	1.5381e-05	1.947e-16
55.38	1.9402e-08	5.9505e-05	4.4155e-05	1.535e-05	1.9512e-16
55.39	1.8972e-08	5.8206e-05	4.2887e-05	1.5319e-05	1.9555e-16
55.4	1.8567e-08	5.6985e-05	4.1698e-05	1.5287e-05	1.9598e-16
55.41	1.8196e-08	5.5866e-05	4.0612e-05	1.5254e-05	1.9642e-16
55.42	1.7865e-08	5.4871e-05	3.965e-05	1.5221e-05	1.9688e-16
55.43	1.7581e-08	5.4018e-05	3.8832e-05	1.5186e-05	1.9735e-16
55.44	1.7349e-08	5.3322e-05	3.8172e-05	1.515e-05	1.9783e-16
55.45	1.7171e-08	5.2795e-05	3.7682e-05	1.5112e-05	1.9833e-16
55.46	1.705e-08	5.2443e-05	3.7371e-05	1.5073e-05	1.9884e-16
55.47	1.6988e-08	5.2271e-05	3.724e-05	1.5031e-05	1.9937e-16
55.48	1.6984e-08	5.2279e-05	3.7291e-05	1.4988e-05	1.999e-16
55.49	1.7037e-08	5.2461e-05	3.7518e-05	1.4942e-05	2.0044e-16
55.5	1.7144e-08	5.2809e-05	3.7914e-05	1.4895e-05	2.0099e-16
55.51	1.7301e-08	5.3312e-05	3.8466e-05	1.4846e-05	2.0153e-16
55.52	1.7504e-08	5.3954e-05	3.9158e-05	1.4796e-05	2.0207e-16
55.53	1.7745e-08	5.4717e-05	3.9973e-05	1.4744e-05	2.0261e-16
55.54	1.8018e-08	5.5579e-05	4.0888e-05	1.4692e-05	2.0314e-16
55.55	1.8316e-08	5.6519e-05	4.1879e-05	1.4639e-05	2.0367e-16
55.56	1.863e-08	5.751e-05	4.2923e-05	1.4587e-05	2.0419e-16
55.57	1.8953e-08	5.8527e-05	4.3993e-05	1.4534e-05	2.047e-16
55.58	1.9275e-08	5.9544e-05	4.5061e-05	1.4483e-05	2.0521e-16
55.59	1.9589e-08	6.0535e-05	4.6102e-05	1.4433e-05	2.0572e-16
55.6	1.9885e-08	6.1473e-05	4.7089e-05	1.4384e-05	2.0623e-16
55.61	2.0157e-08	6.2334e-05	4.7998e-05	1.4337e-05	2.0675e-16
55.62	2.0396e-08	6.3096e-05	4.8804e-05	1.4292e-05	2.0727e-16
55.63	2.0596e-08	6.3737e-05	4.9488e-05	1.4249e-05	2.0781e-16
55.64	2.075e-08	6.424e-05	5.0031e-05	1.4208e-05	2.0835e-16
55.65	2.0856e-08	6.4588e-05	5.0419e-05	1.4169e-05	2.0891e-16
55.66	2.0907e-08	6.4771e-05	5.0639e-05	1.4132e-05	2.0949e-16
55.67	2.0903e-08	6.4781e-05	5.0684e-05	1.4097e-05	2.1008e-16
55.68	2.0841e-08	6.4612e-05	5.0549e-05	1.4063e-05	2.1068e-16
55.69	2.0722e-08	6.4266e-05	5.0236e-05	1.403e-05	2.113e-16
55.7	2.0546e-08	6.3745e-05	4.9748e-05	1.3997e-05	2.1193e-16
55.71	2.0318e-08	6.3058e-05	4.9093e-05	1.3965e-05	2.1256e-16
55.72	2.0039e-08	6.2215e-05	4.8283e-05	1.3932e-05	2.132e-16
55.73	1.9715e-08	6.1233e-05	4.7334e-05	1.3899e-05	2.1385e-16
55.74	1.9353e-08	6.0129e-05	4.6264e-05	1.3865e-05	2.145e-16
55.75	1.8959e-08	5.8924e-05	4.5095e-05	1.3829e-05	2.1515e-16
55.76	1.854e-08	5.7643e-05	4.3851e-05	1.3793e-05	2.158e-16
55.77	1.8105e-08	5.6311e-05	4.2556e-05	1.3755e-05	2.1646e-16
55.78	1.7662e-08	5.4954e-05	4.1239e-05	1.3715e-05	2.1712e-16
55.79	1.7221e-08	5.36e-05	3.9927e-05	1.3674e-05	2.1778e-16
55.8	1.679e-08	5.2276e-05	3.8646e-05	1.3631e-05	2.1846e-16
55.81	1.6377e-08	5.1009e-05	3.7423e-05	1.3587e-05	2.1914e-16
55.82	1.5991e-08	4.9824e-05	3.6283e-05	1.3542e-05	2.1984e-16
55.83	1.5639e-08	4.8745e-05	3.5249e-05	1.3496e-05	2.2056e-16
55.84	1.5327e-08	4.7792e-05	3.4343e-05	1.3449e-05	2.213e-16
55.85	1.5063e-08	4.6984e-05	3.3582e-05	1.3401e-05	2.2207e-16
55.86	1.4849e-08	4.6334e-05	3.298e-05	1.3354e-05	2.2286e-16
55.87	1.469e-08	4.5854e-05	3.2548e-05	1.3306e-05	2.2368e-16
55.88	1.4588e-08	4.5551e-05	3.2293e-05	1.3258e-05	2.2453e-16
55.89	1.4543e-08	4.5428e-05	3.2217e-05	1.3211e-05	2.2541e-16
55.9	1.4555e-08	4.5482e-05	3.2318e-05	1.3164e-05	2.2631e-16
55.91	1.4623e-08	4.5709e-05	3.2592e-05	1.3118e-05	2.2724e-16
55.92	1.4742e-08	4.6099e-05	3.3028e-05	1.3072e-05	2.2819e-16
55.93	1.4909e-08	4.6639e-05	3.3613e-05	1.3027e-05	2.2916e-16
55.94	1.5119e-08	4.7312e-05	3.433e-05	1.2982e-05	2.3015e-16
55.95	1.5365e-08	4.8099e-05	3.516e-05	1.2938e-05	2.3114e-16
55.96	1.564e-08	4.8977e-05	3.6082e-05	1.2895e-05	2.3215e-16
55.97	1.5936e-08	4.9922e-05	3.7069e-05	1.2853e-05	2.3316e-16
55.98	1.6246e-08	5.091e-05	3.8099e-05	1.2811e-05	2.3418e-16
55.99	1.656e-08	5.1914e-05	3.9143e-05	1.2771e-05	2.352e-16
56	1.6871e-08	5.2906e-05	4.0176e-05	1.2731e-05	2.3622e-16
56.01	1.7169e-08	5.3862e-05	4.1171e-05	1.2691e-05	2.3723e-16
56.02	1.7448e-08	5.4756e-05	4.2103e-05	1.2653e-05	2.3825e-16
56.03	1.7699e-08	5.5563e-05	4.2948e-05	1.2615e-05	2.3927e-16
56.04	1.7915e-08	5.6263e-05	4.3685e-05	1.2578e-05	2.4028e-16
56.05	1.8092e-08	5.6836e-05	4.4295e-05	1.2541e-05	2.4129e-16
56.06	1.8222e-08	5.7266e-05	4.4761e-05	1.2505e-05	2.4229e-16
56.07	1.8303e-08	5.7541e-05	4.5071e-05	1.247e-05	2.433e-16
56.08	1.8331e-08	5.7649e-05	4.5214e-05	1.2435e-05	2.4429e-16
56.09	1.8304e-08	5.7587e-05	4.5187e-05	1.24e-05	2.4528e-16
56.1	1.8223e-08	5.7352e-05	4.4987e-05	1.2365e-05	2.4627e-16
56.11	1.8088e-08	5.6946e-05	4.4616e-05	1.233e-05	2.4724e-16
56.12	1.7901e-08	5.6377e-05	4.4081e-05	1.2295e-05	2.4819e-16
56.13	1.7664e-08	5.5653e-05	4.3393e-05	1.2261e-05	2.4914e-16
56.14	1.7384e-08	5.4789e-05	4.2563e-05	1.2225e-05	2.5006e-16
56.15	1.7064e-08	5.3801e-05	4.1611e-05	1.219e-05	2.5096e-16
56.16	1.6712e-08	5.2708e-05	4.0554e-05	1.2155e-05	2.5184e-16
56.17	1.6334e-08	5.1534e-05	3.9415e-05	1.2119e-05	2.527e-16
56.18	1.5938e-08	5.0302e-05	3.8218e-05	1.2084e-05	2.5353e-16
56.19	1.5531e-08	4.9037e-05	3.6989e-05	1.2048e-05	2.5434e-16
56.2	1.5123e-08	4.7766e-05	3.5753e-05	1.2013e-05	2.5512e-16
56.21	1.4722e-08	4.6514e-05	3.4536e-05	1.1978e-05	2.5588e-16
56.22	1.4335e-08	4.5308e-05	3.3364e-05	1.1944e-05	2.5661e-16
56.23	1.397e-08	4.4172e-05	3.2262e-05	1.191e-05	2.5733e-16
56.24	1.3636e-08	4.3129e-05	3.1252e-05	1.1877e-05	2.5802e-16
56.25	1.3337e-08	4.22e-05	3.0356e-05	1.1844e-05	2.587e-16
56.26	1.3081e-08	4.1403e-05	2.959e-05	1.1813e-05	2.5936e-16
56.27	1.2871e-08	4.0753e-05	2.897e-05	1.1782e-05	2.6001e-16
56.28	1.2711e-08	4.0261e-05	2.8508e-05	1.1753e-05	2.6064e-16
56.29	1.2603e-08	3.9934e-05	2.8211e-05	1.1724e-05	2.6127e-16
56.3	1.2549e-08	3.9778e-05	2.8082e-05	1.1695e-05	2.6187e-16
56.31	1.2549e-08	3.979e-05	2.8123e-05	1.1667e-05	2.6247e-16
56.32	1.2601e-08	3.9968e-05	2.8329e-05	1.164e-05	2.6305e-16
56.33	1.2702e-08	4.0303e-05	2.8691e-05	1.1612e-05	2.6361e-16
56.34	1.2849e-08	4.0784e-05	2.92e-05	1.1584e-05	2.6415e-16
56.35	1.3037e-08	4.1396e-05	2.984e-05	1.1556e-05	2.6466e-16
56.36	1.326e-08	4.212e-05	3.0594e-05	1.1526e-05	2.6515e-16
56.37	1.3513e-08	4.2937e-05	3.1441e-05	1.1496e-05	2.6561e-16
56.38	1.3787e-08	4.3825e-05	3.2359e-05	1.1465e-05	2.6604e-16
56.39	1.4076e-08	4.4759e-05	3.3326e-05	1.1433e-05	2.6644e-16
56.4	1.4371e-08	4.5714e-05	3.4316e-05	1.1399e-05	2.6679e-16
56.41	1.4666e-08	4.6667e-05	3.5303e-05	1.1364e-05	2.6711e-16
56.42	1.4951e-08	4.7591e-05	3.6265e-05	1.1327e-05	2.6738e-16
56.43	1.5219e-08	4.8464e-05	3.7175e-05	1.1289e-05	2.6761e-16
56.44	1.5464e-08	4.9261e-05	3.8012e-05	1.1249e-05	2.678e-16
56.45	1.5679e-08	4.9963e-05	3.8754e-05	1.1209e-05	2.6795e-16
56.46	1.5857e-08	5.0549e-05	3.9382e-05	1.1167e-05	2.6805e-16
56.47	1.5995e-08	5.1005e-05	3.9881e-05	1.1125e-05	2.681e-16
56.48	1.6087e-08	5.1318e-05	4.0236e-05	1.1082e-05	2.6811e-16
56.49	1.6131e-08	5.1477e-05	4.0439e-05	1.1038e-05	2.6807e-16
56.5	1.6125e-08	5.1476e-05	4.0482e-05	1.0994e-05	2.6798e-16
56.51	1.6068e-08	5.1313e-05	4.0362e-05	1.095e-05	2.6783e-16
56.52	1.5961e-08	5.0988e-05	4.0082e-05	1.0907e-05	2.6764e-16
56.53	1.5805e-08	5.0508e-05	3.9644e-05	1.0863e-05	2.6739e-16
56.54	1.5603e-08	4.9878e-05	3.9058e-05	1.082e-05	2.6708e-16
56.55	1.5358e-08	4.9113e-05	3.8334e-05	1.0778e-05	2.6672e-16
56.56	1.5075e-08	4.8225e-05	3.7488e-05	1.0737e-05	2.663e-16
56.57	1.476e-08	4.7233e-05	3.6536e-05	1.0698e-05	2.6582e-16
56.58	1.4418e-08	4.6157e-05	3.5498e-05	1.0659e-05	2.6528e-16
56.59	1.4057e-08	4.5017e-05	3.4396e-05	1.0622e-05	2.6469e-16
56.6	1.3684e-08	4.3838e-05	3.3252e-05	1.0586e-05	2.6404e-16
56.61	1.3306e-08	4.2643e-05	3.2092e-05	1.0552e-05	2.6334e-16
56.62	1.2932e-08	4.1457e-05	3.0938e-05	1.0519e-05	2.6259e-16
56.63	1.2567e-08	4.0303e-05	2.9815e-05	1.0488e-05	2.618e-16
56.64	1.222e-08	3.9204e-05	2.8746e-05	1.0459e-05	2.6097e-16
56.65	1.1898e-08	3.8183e-05	2.7753e-05	1.0431e-05	2.601e-16
56.66	1.1606e-08	3.726e-05	2.6856e-05	1.0404e-05	2.592e-16
56.67	1.135e-08	3.6451e-05	2.6072e-05	1.0379e-05	2.5828e-16
56.68	1.1135e-08	3.5772e-05	2.5417e-05	1.0354e-05	2.5734e-16
56.69	1.0964e-08	3.5234e-05	2.4903e-05	1.0331e-05	2.5638e-16
56.7	1.0839e-08	3.4846e-05	2.4539e-05	1.0307e-05	2.554e-16
56.71	1.0763e-08	3.4613e-05	2.4329e-05	1.0284e-05	2.5442e-16
56.72	1.0735e-08	3.4536e-05	2.4275e-05	1.026e-05	2.5341e-16
56.73	1.0755e-08	3.4612e-05	2.4376e-05	1.0236e-05	2.524e-16
56.74	1.0821e-08	3.4836e-05	2.4626e-05	1.0211e-05	2.5138e-16
56.75	1.0929e-08	3.5199e-05	2.5015e-05	1.0184e-05	2.5035e-16
56.76	1.1078e-08	3.5689e-05	2.5533e-05	1.0156e-05	2.493e-16
56.77	1.126e-08	3.629e-05	2.6164e-05	1.0126e-05	2.4824e-16
56.78	1.1472e-08	3.6986e-05	2.6892e-05	1.0094e-05	2.4717e-16
56.79	1.1707e-08	3.7757e-05	2.7697e-05	1.006e-05	2.4608e-16
56.8	1.1959e-08	3.8583e-05	2.8558e-05	1.0025e-05	2.4497e-16
56.81	1.2221e-08	3.9441e-05	2.9454e-05	9.9873e-06	2.4386e-16
56.82	1.2486e-08	4.0311e-05	3.0362e-05	9.9484e-06	2.4273e-16
56.83	1.2747e-08	4.1168e-05	3.126e-05	9.9082e-06	2.416e-16
56.84	1.2998e-08	4.1993e-05	3.2125e-05	9.8672e-06	2.4045e-16
56.85	1.3231e-08	4.2763e-05	3.2937e-05	9.8257e-06	2.3931e-16
56.86	1.3442e-08	4.3459e-05	3.3675e-05	9.7841e-06	2.3817e-16
56.87	1.3625e-08	4.4065e-05	3.4322e-05	9.7429e-06	2.3703e-16
56.88	1.3774e-08	4.4564e-05	3.4861e-05	9.7025e-06	2.359e-16
56.89	1.3886e-08	4.4943e-05	3.5279e-05	9.6633e-06	2.3478e-16
56.9	1.3958e-08	4.5192e-05	3.5566e-05	9.6257e-06	2.3367e-16
56.91	1.3988e-08	4.5303e-05	3.5713e-05	9.5899e-06	2.3258e-16
56.92	1.3973e-08	4.5272e-05	3.5716e-05	9.5563e-06	2.3151e-16
56.93	1.3915e-08	4.5097e-05	3.5573e-05	9.5248e-06	2.3046e-16
56.94	1.3812e-08	4.4781e-05	3.5285e-05	9.4956e-06	2.2942e-16
56.95	1.3667e-08	4.4327e-05	3.4859e-05	9.4685e-06	2.2839e-16
56.96	1.3483e-08	4.3745e-05	3.4301e-05	9.4435e-06	2.2738e-16
56.97	1.3262e-08	4.3043e-05	3.3623e-05	9.4202e-06	2.2638e-16
56.98	1.3009e-08	4.2236e-05	3.2837e-05	9.3985e-06	2.2538e-16
56.99	1.2728e-08	4.1338e-05	3.196e-05	9.378e-06	2.2439e-16
57	1.2424e-08	4.0367e-05	3.1009e-05	9.3583e-06	2.234e-16
57.01	1.2105e-08	3.9342e-05	3.0003e-05	9.3389e-06	2.2242e-16
57.02	1.1775e-08	3.8282e-05	2.8963e-05	9.3195e-06	2.2143e-16
57.03	1.1441e-08	3.721e-05	2.791e-05	9.2997e-06	2.2045e-16
57.04	1.1109e-08	3.6145e-05	2.6866e-05	9.279e-06	2.1947e-16
57.05	1.0787e-08	3.5109e-05	2.5852e-05	9.2572e-06	2.185e-16
57.06	1.048e-08	3.4122e-05	2.4888e-05	9.2339e-06	2.1754e-16
57.07	1.0194e-08	3.3203e-05	2.3994e-05	9.2089e-06	2.1659e-16
57.08	9.9353e-09	3.237e-05	2.3188e-05	9.182e-06	2.1566e-16
57.09	9.7074e-09	3.1639e-05	2.2486e-05	9.1532e-06	2.1475e-16
57.1	9.5149e-09	3.1023e-05	2.19e-05	9.1223e-06	2.1387e-16
57.11	9.3612e-09	3.0532e-05	2.1443e-05	9.0893e-06	2.1302e-16
57.12	9.2486e-09	3.0175e-05	2.1121e-05	9.0543e-06	2.122e-16
57.13	9.1786e-09	2.9957e-05	2.094e-05	9.0175e-06	2.1141e-16
57.14	9.1516e-09	2.988e-05	2.0901e-05	8.979e-06	2.1066e-16
57.15	9.1673e-09	2.9942e-05	2.1003e-05	8.939e-06	2.0994e-16
57.16	9.2242e-09	3.0138e-05	2.124e-05	8.8978e-06	2.0926e-16
57.17	9.3199e-09	3.0461e-05	2.1606e-05	8.8556e-06	2.086e-16
57.18	9.4513e-09	3.0902e-05	2.2089e-05	8.8128e-06	2.0797e-16
57.19	9.6143e-09	3.1445e-05	2.2676e-05	8.7696e-06	2.0736e-16
57.2	9.8041e-09	3.2078e-05	2.3351e-05	8.7265e-06	2.0677e-16
57.21	1.0016e-08	3.2781e-05	2.4097e-05	8.6838e-06	2.0619e-16
57.22	1.0243e-08	3.3536e-05	2.4895e-05	8.6417e-06	2.0562e-16
57.23	1.048e-08	3.4324e-05	2.5724e-05	8.6005e-06	2.0506e-16
57.24	1.072e-08	3.5124e-05	2.6563e-05	8.5607e-06	2.045e-16
57.25	1.0958e-08	3.5915e-05	2.7392e-05	8.5223e-06	2.0395e-16
57.26	1.1186e-08	3.6675e-05	2.819e-05	8.4856e-06	2.0341e-16
57.27	1.1399e-08	3.7386e-05	2.8936e-05	8.4507e-06	2.0287e-16
57.28	1.1591e-08	3.8029e-05	2.9611e-05	8.4177e-06	2.0234e-16
57.29	1.1756e-08	3.8586e-05	3.0199e-05	8.3867e-06	2.0183e-16
57.3	1.1891e-08	3.9042e-05	3.0685e-05	8.3576e-06	2.0133e-16
57.31	1.1991e-08	3.9384e-05	3.1054e-05	8.3303e-06	2.0085e-16
57.32	1.2053e-08	3.9602e-05	3.1298e-05	8.3046e-06	2.004e-16
57.33	1.2075e-08	3.9688e-05	3.1407e-05	8.2804e-06	1.9998e-16
57.34	1.2055e-08	3.9637e-05	3.138e-05	8.2573e-06	1.9958e-16
57.35	1.1994e-08	3.9447e-05	3.1212e-05	8.235e-06	1.9922e-16
57.36	1.189e-08	3.9121e-05	3.0907e-05	8.2133e-06	1.9889e-16
57.37	1.1747e-08	3.8662e-05	3.047e-05	8.1917e-06	1.9859e-16
57.38	1.1565e-08	3.8078e-05	2.9908e-05	8.1699e-06	1.9831e-16
57.39	1.1349e-08	3.738e-05	2.9233e-05	8.1476e-06	1.9806e-16
57.4	1.1103e-08	3.6581e-05	2.8457e-05	8.1245e-06	1.9783e-16
57.41	1.0831e-08	3.5697e-05	2.7596e-05	8.1005e-06	1.9762e-16
57.42	1.0538e-08	3.4744e-05	2.6669e-05	8.0752e-06	1.9742e-16
57.43	1.023e-08	3.3742e-05	2.5693e-05	8.0487e-06	1.9722e-16
57.44	9.9146e-09	3.2712e-05	2.4691e-05	8.0208e-06	1.9702e-16
57.45	9.5968e-09	3.1674e-05	2.3683e-05	7.9916e-06	1.9683e-16
57.46	9.2835e-09	3.0651e-05	2.269e-05	7.9613e-06	1.9663e-16
57.47	8.981e-09	2.9662e-05	2.1733e-05	7.9299e-06	1.9642e-16
57.48	8.6955e-09	2.873e-05	2.0832e-05	7.8978e-06	1.9621e-16
57.49	8.4328e-09	2.7871e-05	2.0006e-05	7.8651e-06	1.9599e-16
57.5	8.1981e-09	2.7105e-05	1.9273e-05	7.8321e-06	1.9577e-16
57.51	7.996e-09	2.6446e-05	1.8647e-05	7.7992e-06	1.9556e-16
57.52	7.8303e-09	2.5907e-05	1.814e-05	7.7666e-06	1.9535e-16
57.53	7.704e-09	2.5498e-05	1.7763e-05	7.7345e-06	1.9515e-16
57.54	7.619e-09	2.5225e-05	1.7522e-05	7.7032e-06	1.9496e-16
57.55	7.5764e-09	2.5093e-05	1.742e-05	7.6728e-06	1.948e-16
57.56	7.5762e-09	2.5101e-05	1.7458e-05	7.6434e-06	1.9466e-16
57.57	7.6174e-09	2.5246e-05	1.7631e-05	7.6151e-06	1.9454e-16
57.58	7.698e-09	2.5522e-05	1.7935e-05	7.5879e-06	1.9446e-16
57.59	7.8152e-09	2.592e-05	1.8358e-05	7.5617e-06	1.944e-16
57.6	7.9652e-09	2.6427e-05	1.889e-05	7.5363e-06	1.9437e-16
57.61	8.1435e-09	2.7028e-05	1.9516e-05	7.5117e-06	1.9437e-16
57.62	8.345e-09	2.7706e-05	2.0218e-05	7.4876e-06	1.944e-16
57.63	8.5641e-09	2.8443e-05	2.0979e-05	7.4639e-06	1.9445e-16
57.64	8.7946e-09	2.9219e-05	2.1779e-05	7.4403e-06	1.9451e-16
57.65	9.0305e-09	3.0013e-05	2.2596e-05	7.4166e-06	1.9459e-16
57.66	9.2653e-09	3.0804e-05	2.3411e-05	7.3928e-06	1.9468e-16
57.67	9.493e-09	3.1572e-05	2.4203e-05	7.3686e-06	1.9478e-16
57.68	9.7074e-09	3.2296e-05	2.4952e-05	7.344e-06	1.9488e-16
57.69	9.9031e-09	3.2959e-05	2.564e-05	7.319e-06	1.9497e-16
57.7	1.0075e-08	3.3542e-05	2.6249e-05	7.2935e-06	1.9507e-16
57.71	1.0218e-08	3.4031e-05	2.6763e-05	7.2676e-06	1.9516e-16
57.72	1.0329e-08	3.4413e-05	2.7171e-05	7.2414e-06	1.9525e-16
57.73	1.0405e-08	3.4677e-05	2.7462e-05	7.2149e-06	1.9533e-16
57.74	1.0443e-08	3.4816e-05	2.7628e-05	7.1885e-06	1.954e-16
57.75	1.0443e-08	3.4826e-05	2.7664e-05	7.1621e-06	1.9548e-16
57.76	1.0403e-08	3.4706e-05	2.757e-05	7.136e-06	1.9555e-16
57.77	1.0324e-08	3.4455e-05	2.7345e-05	7.1104e-06	1.9562e-16
57.78	1.0208e-08	3.408e-05	2.6995e-05	7.0853e-06	1.9569e-16
57.79	1.0057e-08	3.3587e-05	2.6526e-05	7.061e-06	1.9575e-16
57.8	9.8734e-09	3.2985e-05	2.5948e-05	7.0375e-06	1.9582e-16
57.81	9.6612e-09	3.2288e-05	2.5273e-05	7.0148e-06	1.9589e-16
57.82	9.4248e-09	3.1509e-05	2.4515e-05	6.9931e-06	1.9595e-16
57.83	9.1688e-09	3.0663e-05	2.3691e-05	6.9722e-06	1.9602e-16
57.84	8.8985e-09	2.977e-05	2.2817e-05	6.9523e-06	1.9608e-16
57.85	8.6194e-09	2.8846e-05	2.1913e-05	6.9331e-06	1.9613e-16
57.86	8.3371e-09	2.7911e-05	2.0996e-05	6.9146e-06	1.9618e-16
57.87	8.0573e-09	2.6983e-05	2.0087e-05	6.8966e-06	1.9621e-16
57.88	7.7856e-09	2.6082e-05	1.9203e-05	6.879e-06	1.9624e-16
57.89	7.5273e-09	2.5226e-05	1.8364e-05	6.8616e-06	1.9626e-16
57.9	7.2875e-09	2.4431e-05	1.7587e-05	6.8442e-06	1.9627e-16
57.91	7.0708e-09	2.3712e-05	1.6886e-05	6.8265e-06	1.9627e-16
57.92	6.8811e-09	2.3084e-05	1.6276e-05	6.8085e-06	1.9627e-16
57.93	6.7219e-09	2.2558e-05	1.5768e-05	6.7898e-06	1.9626e-16
57.94	6.5958e-09	2.2142e-05	1.5372e-05	6.7702e-06	1.9624e-16
57.95	6.5046e-09	2.1844e-05	1.5094e-05	6.7497e-06	1.9623e-16
57.96	6.4496e-09	2.1666e-05	1.4939e-05	6.7279e-06	1.9622e-16
57.97	6.4308e-09	2.1611e-05	1.4906e-05	6.7047e-06	1.9621e-16
57.98	6.4477e-09	2.1675e-05	1.4995e-05	6.68e-06	1.962e-16
57.99	6.4989e-09	2.1855e-05	1.5201e-05	6.6537e-06	1.9621e-16
58	6.5822e-09	2.2143e-05	1.5517e-05	6.6258e-06	1.9622e-16
58.01	6.6948e-09	2.2529e-05	1.5933e-05	6.5961e-06	1.9625e-16
58.02	6.833e-09	2.3002e-05	1.6437e-05	6.5648e-06	1.9628e-16
58.03	6.9928e-09	2.3548e-05	1.7016e-05	6.5318e-06	1.9632e-16
58.04	7.1697e-09	2.4152e-05	1.7655e-05	6.4974e-06	1.9637e-16
58.05	7.3588e-09	2.4798e-05	1.8336e-05	6.4617e-06	1.9643e-16
58.06	7.5548e-09	2.5467e-05	1.9042e-05	6.4248e-06	1.9649e-16
58.07	7.7527e-09	2.6143e-05	1.9756e-05	6.3871e-06	1.9656e-16
58.08	7.9471e-09	2.6808e-05	2.0459e-05	6.3489e-06	1.9663e-16
58.09	8.133e-09	2.7444e-05	2.1134e-05	6.3104e-06	1.967e-16
58.1	8.3055e-09	2.8036e-05	2.1764e-05	6.2721e-06	1.9677e-16
58.11	8.46e-09	2.8568e-05	2.2333e-05	6.2342e-06	1.9684e-16
58.12	8.5925e-09	2.9025e-05	2.2828e-05	6.1973e-06	1.9691e-16
58.13	8.6995e-09	2.9397e-05	2.3235e-05	6.1615e-06	1.9698e-16
58.14	8.778e-09	2.9672e-05	2.3545e-05	6.1272e-06	1.9705e-16
58.15	8.8257e-09	2.9843e-05	2.3749e-05	6.0947e-06	1.9712e-16
58.16	8.8409e-09	2.9905e-05	2.3841e-05	6.0642e-06	1.972e-16
58.17	8.8228e-09	2.9854e-05	2.3818e-05	6.0358e-06	1.9728e-16
58.18	8.7713e-09	2.969e-05	2.3681e-05	6.0097e-06	1.9737e-16
58.19	8.6871e-09	2.9415e-05	2.3429e-05	5.9859e-06	1.9747e-16
58.2	8.5713e-09	2.9033e-05	2.3069e-05	5.9643e-06	1.9757e-16
58.21	8.4261e-09	2.8551e-05	2.2606e-05	5.9448e-06	1.9768e-16
58.22	8.2541e-09	2.7978e-05	2.2051e-05	5.9272e-06	1.9779e-16
58.23	8.0586e-09	2.7324e-05	2.1413e-05	5.9114e-06	1.9791e-16
58.24	7.8433e-09	2.6604e-05	2.0707e-05	5.8971e-06	1.9804e-16
58.25	7.6124e-09	2.5829e-05	1.9946e-05	5.8838e-06	1.9816e-16
58.26	7.3705e-09	2.5017e-05	1.9146e-05	5.8714e-06	1.9829e-16
58.27	7.1224e-09	2.4183e-05	1.8324e-05	5.8596e-06	1.984e-16
58.28	6.8729e-09	2.3344e-05	1.7496e-05	5.8478e-06	1.9852e-16
58.29	6.6271e-09	2.2517e-05	1.6681e-05	5.836e-06	1.9862e-16
58.3	6.3897e-09	2.1718e-05	1.5894e-05	5.8237e-06	1.9871e-16
58.31	6.1655e-09	2.0963e-05	1.5152e-05	5.8108e-06	1.988e-16
58.32	5.9589e-09	2.0267e-05	1.447e-05	5.797e-06	1.9886e-16
58.33	5.7738e-09	1.9645e-05	1.3863e-05	5.7822e-06	1.9892e-16
58.34	5.6138e-09	1.9107e-05	1.3341e-05	5.7663e-06	1.9896e-16
58.35	5.4818e-09	1.8664e-05	1.2915e-05	5.7491e-06	1.9899e-16
58.36	5.3802e-09	1.8324e-05	1.2594e-05	5.7307e-06	1.99e-16
58.37	5.3104e-09	1.8093e-05	1.2382e-05	5.711e-06	1.99e-16
58.38	5.2735e-09	1.7973e-05	1.2283e-05	5.69e-06	1.9899e-16
58.39	5.2695e-09	1.7966e-05	1.2298e-05	5.6679e-06	1.9897e-16
58.4	5.2979e-09	1.8069e-05	1.2424e-05	5.6447e-06	1.9894e-16
58.41	5.3572e-09	1.8277e-05	1.2657e-05	5.6205e-06	1.989e-16
58.42	5.4454e-09	1.8585e-05	1.2989e-05	5.5954e-06	1.9885e-16
58.43	5.5598e-09	1.8982e-05	1.3412e-05	5.5694e-06	1.9878e-16
58.44	5.697e-09	1.9457e-05	1.3914e-05	5.5428e-06	1.9871e-16
58.45	5.8532e-09	1.9997e-05	1.4481e-05	5.5156e-06	1.9861e-16
58.46	6.0242e-09	2.0588e-05	1.51e-05	5.488e-06	1.9849e-16
58.47	6.2052e-09	2.1214e-05	1.5754e-05	5.46e-06	1.9836e-16
58.48	6.3916e-09	2.1859e-05	1.6427e-05	5.4319e-06	1.982e-16
58.49	6.5784e-09	2.2505e-05	1.7102e-05	5.4037e-06	1.9801e-16
58.5	6.7608e-09	2.3137e-05	1.7762e-05	5.3755e-06	1.978e-16
58.51	6.9339e-09	2.3738e-05	1.839e-05	5.3476e-06	1.9756e-16
58.52	7.0934e-09	2.4292e-05	1.8972e-05	5.32e-06	1.9728e-16
58.53	7.2349e-09	2.4785e-05	1.9492e-05	5.2928e-06	1.9698e-16
58.54	7.3547e-09	2.5204e-05	1.9938e-05	5.2662e-06	1.9665e-16
58.55	7.4497e-09	2.5538e-05	2.0298e-05	5.2403e-06	1.963e-16
58.56	7.5171e-09	2.5778e-05	2.0563e-05	5.2152e-06	1.9592e-16
58.57	7.5549e-09	2.5917e-05	2.0726e-05	5.1909e-06	1.9552e-16
58.58	7.5617e-09	2.5949e-05	2.0782e-05	5.1675e-06	1.9511e-16
58.59	7.537e-09	2.5873e-05	2.0728e-05	5.1449e-06	1.9468e-16
58.6	7.4808e-09	2.5689e-05	2.0566e-05	5.1233e-06	1.9424e-16
58.61	7.3939e-09	2.5399e-05	2.0297e-05	5.1025e-06	1.9379e-16
58.62	7.2777e-09	2.5008e-05	1.9926e-05	5.0825e-06	1.9334e-16
58.63	7.1344e-09	2.4524e-05	1.9461e-05	5.0632e-06	1.9288e-16
58.64	6.9665e-09	2.3955e-05	1.8911e-05	5.0444e-06	1.9243e-16
58.65	6.7774e-09	2.3313e-05	1.8287e-05	5.0261e-06	1.9197e-16
58.66	6.5708e-09	2.261e-05	1.7602e-05	5.008e-06	1.9151e-16
58.67	6.3508e-09	2.186e-05	1.687e-05	4.99e-06	1.9104e-16
58.68	6.1216e-09	2.1079e-05	1.6107e-05	4.972e-06	1.9057e-16
58.69	5.8879e-09	2.0281e-05	1.5327e-05	4.9539e-06	1.9009e-16
58.7	5.6544e-09	1.9483e-05	1.4548e-05	4.9353e-06	1.896e-16
58.71	5.4256e-09	1.8701e-05	1.3785e-05	4.9164e-06	1.891e-16
58.72	5.2062e-09	1.7951e-05	1.3054e-05	4.897e-06	1.8859e-16
58.73	5.0004e-09	1.7248e-05	1.2371e-05	4.8769e-06	1.8807e-16
58.74	4.8123e-09	1.6604e-05	1.1748e-05	4.8563e-06	1.8754e-16
58.75	4.6454e-09	1.6034e-05	1.1199e-05	4.8351e-06	1.8699e-16
58.76	4.5029e-09	1.5547e-05	1.0734e-05	4.8133e-06	1.8643e-16
58.77	4.3874e-09	1.5154e-05	1.0363e-05	4.791e-06	1.8587e-16
58.78	4.3008e-09	1.486e-05	1.0091e-05	4.7683e-06	1.853e-16
58.79	4.2445e-09	1.467e-05	9.9248e-06	4.7453e-06	1.8472e-16
58.8	4.219e-09	1.4587e-05	9.8648e-06	4.7221e-06	1.8415e-16
58.81	4.2242e-09	1.461e-05	9.9111e-06	4.6987e-06	1.8358e-16
58.82	4.2594e-09	1.4736e-05	1.0061e-05	4.6754e-06	1.8303e-16
58.83	4.323e-09	1.4962e-05	1.031e-05	4.6522e-06	1.8248e-16
58.84	4.413e-09	1.5278e-05	1.0649e-05	4.6291e-06	1.8194e-16
58.85	4.5265e-09	1.5677e-05	1.1071e-05	4.6064e-06	1.8142e-16
58.86	4.6605e-09	1.6146e-05	1.1562e-05	4.584e-06	1.8091e-16
58.87	4.811e-09	1.6674e-05	1.2112e-05	4.562e-06	1.8042e-16
58.88	4.9742e-09	1.7245e-05	1.2704e-05	4.5404e-06	1.7993e-16
58.89	5.1455e-09	1.7845e-05	1.3325e-05	4.5193e-06	1.7946e-16
58.9	5.3205e-09	1.8458e-05	1.3959e-05	4.4987e-06	1.79e-16
58.91	5.4945e-09	1.9068e-05	1.459e-05	4.4785e-06	1.7855e-16
58.92	5.6631e-09	1.966e-05	1.5201e-05	4.4587e-06	1.781e-16
58.93	5.8219e-09	2.0218e-05	1.5778e-05	4.4394e-06	1.7766e-16
58.94	5.9666e-09	2.0728e-05	1.6307e-05	4.4204e-06	1.7722e-16
58.95	6.0935e-09	2.1176e-05	1.6774e-05	4.4017e-06	1.7678e-16
58.96	6.1993e-09	2.1551e-05	1.7167e-05	4.3834e-06	1.7634e-16
58.97	6.281e-09	2.1842e-05	1.7477e-05	4.3653e-06	1.759e-16
58.98	6.3364e-09	2.2042e-05	1.7694e-05	4.3475e-06	1.7548e-16
58.99	6.3637e-09	2.2144e-05	1.7815e-05	4.3298e-06	1.7505e-16
59	6.3619e-09	2.2146e-05	1.7834e-05	4.3122e-06	1.7464e-16
59.01	6.3306e-09	2.2044e-05	1.775e-05	4.2947e-06	1.7424e-16
59.02	6.2702e-09	2.1841e-05	1.7564e-05	4.2772e-06	1.7386e-16
59.03	6.1815e-09	2.154e-05	1.728e-05	4.2596e-06	1.735e-16
59.04	6.0662e-09	2.1145e-05	1.6903e-05	4.242e-06	1.7316e-16
59.05	5.9265e-09	2.0665e-05	1.6441e-05	4.2241e-06	1.7284e-16
59.06	5.7651e-09	2.0109e-05	1.5903e-05	4.2061e-06	1.7255e-16
59.07	5.5852e-09	1.9488e-05	1.53e-05	4.1878e-06	1.7228e-16
59.08	5.3905e-09	1.8815e-05	1.4646e-05	4.1692e-06	1.7204e-16
59.09	5.1849e-09	1.8104e-05	1.3953e-05	4.1504e-06	1.7182e-16
59.1	4.9727e-09	1.7369e-05	1.3237e-05	4.1313e-06	1.7161e-16
59.11	4.7582e-09	1.6625e-05	1.2513e-05	4.1121e-06	1.7142e-16
59.12	4.5459e-09	1.5889e-05	1.1796e-05	4.0926e-06	1.7124e-16
59.13	4.3401e-09	1.5175e-05	1.1102e-05	4.0731e-06	1.7107e-16
59.14	4.1451e-09	1.4498e-05	1.0444e-05	4.0536e-06	1.7089e-16
59.15	3.9648e-09	1.3872e-05	9.8373e-06	4.0343e-06	1.7071e-16
59.16	3.8028e-09	1.3309e-05	9.2942e-06	4.0152e-06	1.7052e-16
59.17	3.6624e-09	1.2822e-05	8.8258e-06	3.9966e-06	1.7032e-16
59.18	3.5463e-09	1.242e-05	8.4416e-06	3.9785e-06	1.7011e-16
59.19	3.4567e-09	1.211e-05	8.1492e-06	3.961e-06	1.6988e-16
59.2	3.395e-09	1.1898e-05	7.954e-06	3.9444e-06	1.6964e-16
59.21	3.3623e-09	1.1788e-05	7.8591e-06	3.9285e-06	1.6939e-16
59.22	3.3587e-09	1.1779e-05	7.8653e-06	3.9136e-06	1.6913e-16
59.23	3.3838e-09	1.1871e-05	7.9713e-06	3.8996e-06	1.6886e-16
59.24	3.4364e-09	1.206e-05	8.1731e-06	3.8865e-06	1.6858e-16
59.25	3.5148e-09	1.2339e-05	8.4646e-06	3.8742e-06	1.6831e-16
59.26	3.6166e-09	1.27e-05	8.8379e-06	3.8626e-06	1.6804e-16
59.27	3.7389e-09	1.3134e-05	9.2828e-06	3.8516e-06	1.6778e-16
59.28	3.8783e-09	1.3629e-05	9.7878e-06	3.841e-06	1.6752e-16
59.29	4.0311e-09	1.417e-05	1.034e-05	3.8306e-06	1.6728e-16
59.3	4.1931e-09	1.4745e-05	1.0925e-05	3.8203e-06	1.6705e-16
59.31	4.3601e-09	1.5337e-05	1.1528e-05	3.8097e-06	1.6683e-16
59.32	4.5278e-09	1.5933e-05	1.2134e-05	3.7986e-06	1.6662e-16
59.33	4.6918e-09	1.6515e-05	1.2728e-05	3.787e-06	1.6642e-16
59.34	4.8478e-09	1.707e-05	1.3296e-05	3.7745e-06	1.6623e-16
59.35	4.9919e-09	1.7584e-05	1.3822e-05	3.7611e-06	1.6605e-16
59.36	5.1203e-09	1.8042e-05	1.4295e-05	3.7466e-06	1.6587e-16
59.37	5.2297e-09	1.8434e-05	1.4703e-05	3.7309e-06	1.6569e-16
59.38	5.3173e-09	1.8749e-05	1.5035e-05	3.7141e-06	1.6551e-16
59.39	5.3807e-09	1.8979e-05	1.5283e-05	3.6962e-06	1.6532e-16
59.4	5.4183e-09	1.9118e-05	1.544e-05	3.6773e-06	1.6512e-16
59.41	5.4289e-09	1.9161e-05	1.5504e-05	3.6573e-06	1.6492e-16
59.42	5.4119e-09	1.9108e-05	1.5471e-05	3.6366e-06	1.6471e-16
59.43	5.3676e-09	1.8958e-05	1.5343e-05	3.6152e-06	1.6449e-16
59.44	5.2966e-09	1.8714e-05	1.512e-05	3.5933e-06	1.6427e-16
59.45	5.2004e-09	1.838e-05	1.4809e-05	3.5711e-06	1.6403e-16
59.46	5.0809e-09	1.7963e-05	1.4415e-05	3.5488e-06	1.6378e-16
59.47	4.9404e-09	1.7473e-05	1.3946e-05	3.5266e-06	1.6353e-16
59.48	4.7819e-09	1.6918e-05	1.3413e-05	3.5045e-06	1.6328e-16
59.49	4.6085e-09	1.631e-05	1.2827e-05	3.4828e-06	1.6302e-16
59.5	4.4239e-09	1.5662e-05	1.22e-05	3.4616e-06	1.6276e-16
59.51	4.2317e-09	1.4986e-05	1.1545e-05	3.4409e-06	1.6249e-16
59.52	4.0359e-09	1.4298e-05	1.0877e-05	3.4207e-06	1.6222e-16
59.53	3.8404e-09	1.361e-05	1.0208e-05	3.4012e-06	1.6195e-16
59.54	3.6491e-09	1.2936e-05	9.5538e-06	3.3823e-06	1.6167e-16
59.55	3.4657e-09	1.229e-05	8.9263e-06	3.3639e-06	1.6138e-16
59.56	3.2939e-09	1.1685e-05	8.3387e-06	3.3461e-06	1.6109e-16
59.57	3.1369e-09	1.1132e-05	7.8028e-06	3.3288e-06	1.6079e-16
59.58	2.9976e-09	1.0641e-05	7.329e-06	3.3118e-06	1.6048e-16
59.59	2.8785e-09	1.0222e-05	6.9264e-06	3.2952e-06	1.6016e-16
59.6	2.7817e-09	9.8812e-06	6.6023e-06	3.2789e-06	1.5983e-16
59.61	2.7087e-09	9.6251e-06	6.3625e-06	3.2626e-06	1.5949e-16
59.62	2.6605e-09	9.4569e-06	6.2104e-06	3.2465e-06	1.5914e-16
59.63	2.6375e-09	9.3783e-06	6.1479e-06	3.2303e-06	1.5878e-16
59.64	2.6396e-09	9.3887e-06	6.1746e-06	3.2141e-06	1.5841e-16
59.65	2.666e-09	9.4859e-06	6.2881e-06	3.1977e-06	1.5803e-16
59.66	2.7155e-09	9.6654e-06	6.4842e-06	3.1812e-06	1.5764e-16
59.67	2.7864e-09	9.9211e-06	6.7567e-06	3.1644e-06	1.5724e-16
59.68	2.8765e-09	1.0245e-05	7.0978e-06	3.1473e-06	1.5684e-16
59.69	2.9831e-09	1.0628e-05	7.4983e-06	3.13e-06	1.5643e-16
59.7	3.1032e-09	1.106e-05	7.9476e-06	3.1124e-06	1.5602e-16
59.71	3.2335e-09	1.1529e-05	8.434e-06	3.0946e-06	1.5561e-16
59.72	3.3707e-09	1.2022e-05	8.9452e-06	3.0765e-06	1.5519e-16
59.73	3.5111e-09	1.2527e-05	9.4683e-06	3.0582e-06	1.5477e-16
59.74	3.6511e-09	1.303e-05	9.9905e-06	3.0398e-06	1.5433e-16
59.75	3.7871e-09	1.352e-05	1.0499e-05	3.0214e-06	1.539e-16
59.76	3.9156e-09	1.3984e-05	1.098e-05	3.003e-06	1.5345e-16
59.77	4.0333e-09	1.4409e-05	1.1424e-05	2.9848e-06	1.5299e-16
59.78	4.1374e-09	1.4786e-05	1.1819e-05	2.9668e-06	1.5252e-16
59.79	4.2251e-09	1.5104e-05	1.2155e-05	2.9492e-06	1.5203e-16
59.8	4.2942e-09	1.5356e-05	1.2424e-05	2.9321e-06	1.5153e-16
59.81	4.3429e-09	1.5536e-05	1.262e-05	2.9155e-06	1.5102e-16
59.82	4.3699e-09	1.5637e-05	1.2738e-05	2.8997e-06	1.5049e-16
59.83	4.3743e-09	1.5658e-05	1.2774e-05	2.8846e-06	1.4994e-16
59.84	4.3558e-09	1.5597e-05	1.2727e-05	2.8703e-06	1.4938e-16
59.85	4.3147e-09	1.5455e-05	1.2598e-05	2.8568e-06	1.4881e-16
59.86	4.2515e-09	1.5234e-05	1.239e-05	2.8443e-06	1.4822e-16
59.87	4.1676e-09	1.4938e-05	1.2106e-05	2.8325e-06	1.4763e-16
59.88	4.0645e-09	1.4574e-05	1.1752e-05	2.8215e-06	1.4703e-16
59.89	3.9444e-09	1.4148e-05	1.1336e-05	2.8112e-06	1.4643e-16
59.9	3.8095e-09	1.3669e-05	1.0867e-05	2.8015e-06	1.4583e-16
59.91	3.6627e-09	1.3146e-05	1.0354e-05	2.7922e-06	1.4522e-16
59.92	3.5068e-09	1.2591e-05	9.8077e-06	2.7832e-06	1.4462e-16
59.93	3.3451e-09	1.2014e-05	9.24e-06	2.7742e-06	1.4402e-16
59.94	3.1807e-09	1.1428e-05	8.6626e-06	2.7652e-06	1.4343e-16
59.95	3.0171e-09	1.0843e-05	8.0875e-06	2.756e-06	1.4283e-16
59.96	2.8574e-09	1.0273e-05	7.5266e-06	2.7463e-06	1.4225e-16
59.97	2.7048e-09	9.7276e-06	6.9915e-06	2.7361e-06	1.4166e-16
59.98	2.5623e-09	9.2183e-06	6.493e-06	2.7253e-06	1.4108e-16
59.99	2.4328e-09	8.7551e-06	6.0414e-06	2.7136e-06	1.4049e-16
60	2.3186e-09	8.3468e-06	5.6456e-06	2.7012e-06	1.3991e-16
60.01	2.2219e-09	8.0013e-06	5.3134e-06	2.6879e-06	1.3932e-16
60.02	2.1444e-09	7.7249e-06	5.0512e-06	2.6738e-06	1.3873e-16
60.03	2.0875e-09	7.5224e-06	4.8635e-06	2.6589e-06	1.3814e-16
60.04	2.052e-09	7.3969e-06	4.7536e-06	2.6433e-06	1.3754e-16
60.05	2.0382e-09	7.3499e-06	4.7228e-06	2.6271e-06	1.3694e-16
60.06	2.0462e-09	7.3809e-06	4.7705e-06	2.6104e-06	1.3634e-16
60.07	2.0751e-09	7.488e-06	4.8947e-06	2.5933e-06	1.3574e-16
60.08	2.1241e-09	7.6672e-06	5.0912e-06	2.576e-06	1.3513e-16
60.09	2.1915e-09	7.9132e-06	5.3545e-06	2.5587e-06	1.3452e-16
60.1	2.2754e-09	8.2189e-06	5.6776e-06	2.5413e-06	1.3392e-16
60.11	2.3735e-09	8.5761e-06	6.052e-06	2.5241e-06	1.3331e-16
60.12	2.4832e-09	8.9753e-06	6.468e-06	2.5072e-06	1.3271e-16
60.13	2.6015e-09	9.4059e-06	6.9153e-06	2.4906e-06	1.3211e-16
60.14	2.7253e-09	9.857e-06	7.3825e-06	2.4745e-06	1.3152e-16
60.15	2.8515e-09	1.0317e-05	7.8581e-06	2.4587e-06	1.3093e-16
60.16	2.9768e-09	1.0774e-05	8.3302e-06	2.4434e-06	1.3035e-16
60.17	3.0979e-09	1.1216e-05	8.7872e-06	2.4286e-06	1.2977e-16
60.18	3.2118e-09	1.1632e-05	9.2179e-06	2.4142e-06	1.292e-16
60.19	3.3155e-09	1.2012e-05	9.6114e-06	2.4003e-06	1.2862e-16
60.2	3.4064e-09	1.2345e-05	9.9582e-06	2.3867e-06	1.2805e-16
60.21	3.482e-09	1.2623e-05	1.025e-05	2.3734e-06	1.2749e-16
60.22	3.5403e-09	1.2839e-05	1.0478e-05	2.3604e-06	1.2692e-16
60.23	3.5798e-09	1.2986e-05	1.0639e-05	2.3477e-06	1.2635e-16
60.24	3.5992e-09	1.3061e-05	1.0726e-05	2.3351e-06	1.2579e-16
60.25	3.5979e-09	1.3061e-05	1.0738e-05	2.3227e-06	1.2523e-16
60.26	3.5757e-09	1.2984e-05	1.0674e-05	2.3103e-06	1.2467e-16
60.27	3.5327e-09	1.2833e-05	1.0535e-05	2.298e-06	1.2412e-16
60.28	3.4699e-09	1.2608e-05	1.0323e-05	2.2857e-06	1.2357e-16
60.29	3.3882e-09	1.2316e-05	1.0042e-05	2.2734e-06	1.2302e-16
60.3	3.2894e-09	1.1961e-05	9.6997e-06	2.2609e-06	1.2248e-16
60.31	3.1755e-09	1.155e-05	9.3017e-06	2.2484e-06	1.2196e-16
60.32	3.0487e-09	1.1093e-05	8.8567e-06	2.2358e-06	1.2144e-16
60.33	2.9116e-09	1.0597e-05	8.3743e-06	2.223e-06	1.2093e-16
60.34	2.7671e-09	1.0075e-05	7.8645e-06	2.2101e-06	1.2044e-16
60.35	2.618e-09	9.5352e-06	7.3382e-06	2.197e-06	1.1995e-16
60.36	2.4676e-09	8.9902e-06	6.8065e-06	2.1837e-06	1.1948e-16
60.37	2.3187e-09	8.4508e-06	6.2806e-06	2.1702e-06	1.1901e-16
60.38	2.1746e-09	7.9279e-06	5.7714e-06	2.1565e-06	1.1856e-16
60.39	2.0379e-09	7.4321e-06	5.2895e-06	2.1427e-06	1.1812e-16
60.4	1.9115e-09	6.9735e-06	4.8448e-06	2.1287e-06	1.1768e-16
60.41	1.7979e-09	6.561e-06	4.4464e-06	2.1147e-06	1.1725e-16
60.42	1.6991e-09	6.2028e-06	4.1022e-06	2.1006e-06	1.1683e-16
60.43	1.6172e-09	5.9055e-06	3.8189e-06	2.0866e-06	1.1641e-16
60.44	1.5534e-09	5.6746e-06	3.6019e-06	2.0727e-06	1.16e-16
60.45	1.5089e-09	5.514e-06	3.455e-06	2.0589e-06	1.1559e-16
60.46	1.4844e-09	5.4259e-06	3.3805e-06	2.0455e-06	1.1518e-16
60.47	1.4798e-09	5.4112e-06	3.3788e-06	2.0323e-06	1.1478e-16
60.48	1.4951e-09	5.4687e-06	3.4491e-06	2.0196e-06	1.1439e-16
60.49	1.5293e-09	5.5959e-06	3.5886e-06	2.0073e-06	1.1401e-16
60.5	1.5815e-09	5.7886e-06	3.793e-06	1.9956e-06	1.1363e-16
60.51	1.6499e-09	6.0411e-06	4.0568e-06	1.9844e-06	1.1326e-16
60.52	1.7328e-09	6.3465e-06	4.3728e-06	1.9737e-06	1.1291e-16
60.53	1.8277e-09	6.6966e-06	4.7329e-06	1.9637e-06	1.1256e-16
60.54	1.9323e-09	7.0821e-06	5.128e-06	1.9541e-06	1.1223e-16
60.55	2.0438e-09	7.4932e-06	5.5481e-06	1.9451e-06	1.1191e-16
60.56	2.1593e-09	7.9193e-06	5.9829e-06	1.9364e-06	1.1161e-16
60.57	2.2759e-09	8.3496e-06	6.4215e-06	1.9281e-06	1.1131e-16
60.58	2.3906e-09	8.7732e-06	6.8531e-06	1.9201e-06	1.1102e-16
60.59	2.5005e-09	9.1796e-06	7.2674e-06	1.9122e-06	1.1074e-16
60.6	2.6028e-09	9.5584e-06	7.654e-06	1.9044e-06	1.1047e-16
60.61	2.695e-09	9.9001e-06	8.0036e-06	1.8965e-06	1.102e-16
60.62	2.7746e-09	1.0196e-05	8.3078e-06	1.8884e-06	1.0994e-16
60.63	2.8398e-09	1.0439e-05	8.559e-06	1.8802e-06	1.0968e-16
60.64	2.8888e-09	1.0623e-05	8.7511e-06	1.8716e-06	1.0942e-16
60.65	2.9202e-09	1.0742e-05	8.8793e-06	1.8626e-06	1.0915e-16
60.66	2.9333e-09	1.0794e-05	8.9404e-06	1.8532e-06	1.0889e-16
60.67	2.9276e-09	1.0776e-05	8.9326e-06	1.8433e-06	1.0862e-16
60.68	2.9029e-09	1.0689e-05	8.8558e-06	1.833e-06	1.0836e-16
60.69	2.8599e-09	1.0534e-05	8.7115e-06	1.8222e-06	1.081e-16
60.7	2.7992e-09	1.0314e-05	8.5027e-06	1.811e-06	1.0784e-16
60.71	2.7222e-09	1.0033e-05	8.2338e-06	1.7993e-06	1.0759e-16
60.72	2.6303e-09	9.6978e-06	7.9105e-06	1.7873e-06	1.0735e-16
60.73	2.5256e-09	9.3149e-06	7.54e-06	1.775e-06	1.0712e-16
60.74	2.4103e-09	8.8924e-06	7.1301e-06	1.7624e-06	1.0691e-16
60.75	2.2867e-09	8.4393e-06	6.6897e-06	1.7496e-06	1.067e-16
60.76	2.1575e-09	7.9651e-06	6.2284e-06	1.7367e-06	1.0652e-16
60.77	2.0254e-09	7.4797e-06	5.7559e-06	1.7238e-06	1.0635e-16
60.78	1.8931e-09	6.9934e-06	5.2825e-06	1.7109e-06	1.062e-16
60.79	1.7633e-09	6.5161e-06	4.8181e-06	1.6981e-06	1.0607e-16
60.8	1.6388e-09	6.0579e-06	4.3725e-06	1.6855e-06	1.0595e-16
60.81	1.522e-09	5.6281e-06	3.955e-06	1.6731e-06	1.0584e-16
60.82	1.4153e-09	5.2352e-06	3.5742e-06	1.661e-06	1.0575e-16
60.83	1.3207e-09	4.8871e-06	3.2378e-06	1.6493e-06	1.0567e-16
60.84	1.2402e-09	4.5906e-06	2.9525e-06	1.6381e-06	1.0559e-16
60.85	1.1751e-09	4.3511e-06	2.7239e-06	1.6273e-06	1.0551e-16
60.86	1.1266e-09	4.1729e-06	2.5559e-06	1.617e-06	1.0544e-16
60.87	1.0954e-09	4.0587e-06	2.4515e-06	1.6072e-06	1.0536e-16
60.88	1.0819e-09	4.0099e-06	2.4119e-06	1.598e-06	1.0528e-16
60.89	1.0859e-09	4.0262e-06	2.437e-06	1.5892e-06	1.052e-16
60.9	1.1071e-09	4.106e-06	2.525e-06	1.581e-06	1.0511e-16
60.91	1.1445e-09	4.2462e-06	2.6729e-06	1.5733e-06	1.0501e-16
60.92	1.197e-09	4.4422e-06	2.8763e-06	1.5659e-06	1.0492e-16
60.93	1.2629e-09	4.6883e-06	3.1295e-06	1.5588e-06	1.0481e-16
60.94	1.3403e-09	4.9776e-06	3.4256e-06	1.552e-06	1.0471e-16
60.95	1.4273e-09	5.3022e-06	3.7569e-06	1.5453e-06	1.046e-16
60.96	1.5213e-09	5.6534e-06	4.1148e-06	1.5386e-06	1.045e-16
60.97	1.62e-09	6.022e-06	4.4903e-06	1.5317e-06	1.044e-16
60.98	1.7207e-09	6.3984e-06	4.8738e-06	1.5246e-06	1.043e-16
60.99	1.8208e-09	6.773e-06	5.2559e-06	1.5171e-06	1.042e-16
61	1.9178e-09	7.136e-06	5.6269e-06	1.509e-06	1.0411e-16
61.01	2.0091e-09	7.4782e-06	5.9778e-06	1.5004e-06	1.0402e-16
61.02	2.0924e-09	7.7909e-06	6.2999e-06	1.491e-06	1.0394e-16
61.03	2.1656e-09	8.066e-06	6.5853e-06	1.4808e-06	1.0386e-16
61.04	2.2268e-09	8.2967e-06	6.8269e-06	1.4698e-06	1.0378e-16
61.05	2.2744e-09	8.4768e-06	7.0189e-06	1.4579e-06	1.037e-16
61.06	2.3071e-09	8.6017e-06	7.1565e-06	1.4452e-06	1.0362e-16
61.07	2.3242e-09	8.6681e-06	7.2363e-06	1.4318e-06	1.0353e-16
61.08	2.325e-09	8.6739e-06	7.2562e-06	1.4177e-06	1.0344e-16
61.09	2.3094e-09	8.6187e-06	7.2157e-06	1.403e-06	1.0335e-16
61.1	2.2777e-09	8.5033e-06	7.1154e-06	1.3879e-06	1.0324e-16
61.11	2.2306e-09	8.3299e-06	6.9575e-06	1.3725e-06	1.0313e-16
61.12	2.1689e-09	8.1022e-06	6.7453e-06	1.3569e-06	1.0301e-16
61.13	2.094e-09	7.825e-06	6.4836e-06	1.3414e-06	1.0288e-16
61.14	2.0075e-09	7.5042e-06	6.178e-06	1.3261e-06	1.0274e-16
61.15	1.9112e-09	7.1465e-06	5.8353e-06	1.3112e-06	1.026e-16
61.16	1.8071e-09	6.7595e-06	5.4628e-06	1.2967e-06	1.0246e-16
61.17	1.6975e-09	6.3515e-06	5.0686e-06	1.2829e-06	1.0231e-16
61.18	1.5845e-09	5.9309e-06	4.6611e-06	1.2698e-06	1.0215e-16
61.19	1.4706e-09	5.5064e-06	4.249e-06	1.2575e-06	1.02e-16
61.2	1.3581e-09	5.0869e-06	3.8409e-06	1.246e-06	1.0186e-16
61.21	1.2493e-09	4.6806e-06	3.4453e-06	1.2354e-06	1.0171e-16
61.22	1.1462e-09	4.2959e-06	3.0703e-06	1.2256e-06	1.0157e-16
61.23	1.0509e-09	3.9401e-06	2.7235e-06	1.2166e-06	1.0144e-16
61.24	9.6526e-10	3.62e-06	2.4117e-06	1.2084e-06	1.0131e-16
61.25	8.9075e-10	3.3417e-06	2.1409e-06	1.2008e-06	1.0119e-16
61.26	8.2872e-10	3.11e-06	1.9161e-06	1.1939e-06	1.0107e-16
61.27	7.8018e-10	2.9288e-06	1.7414e-06	1.1874e-06	1.0097e-16
61.28	7.4583e-10	2.8008e-06	1.6195e-06	1.1813e-06	1.0087e-16
61.29	7.2607e-10	2.7275e-06	1.5521e-06	1.1754e-06	1.0077e-16
61.3	7.2097e-10	2.7092e-06	1.5395e-06	1.1697e-06	1.0069e-16
61.31	7.3025e-10	2.745e-06	1.5809e-06	1.1641e-06	1.0061e-16
61.32	7.5336e-10	2.8328e-06	1.6743e-06	1.1584e-06	1.0053e-16
61.33	7.8943e-10	2.9693e-06	1.8166e-06	1.1527e-06	1.0047e-16
61.34	8.3731e-10	3.1505e-06	2.0037e-06	1.1468e-06	1.004e-16
61.35	8.9562e-10	3.3709e-06	2.2303e-06	1.1406e-06	1.0034e-16
61.36	9.6275e-10	3.6248e-06	2.4905e-06	1.1342e-06	1.0028e-16
61.37	1.0369e-09	3.9053e-06	2.7777e-06	1.1276e-06	1.0022e-16
61.38	1.1162e-09	4.2053e-06	3.0847e-06	1.1206e-06	1.0017e-16
61.39	1.1986e-09	4.5173e-06	3.4039e-06	1.1134e-06	1.0011e-16
61.4	1.2821e-09	4.8334e-06	3.7275e-06	1.1059e-06	1.0005e-16
61.41	1.3645e-09	5.146e-06	4.0478e-06	1.0982e-06	9.999e-17
61.42	1.444e-09	5.4473e-06	4.3571e-06	1.0902e-06	9.9924e-17
61.43	1.5185e-09	5.7302e-06	4.6481e-06	1.0821e-06	9.9851e-17
61.44	1.5862e-09	5.9878e-06	4.9139e-06	1.0739e-06	9.9771e-17
61.45	1.6456e-09	6.2139e-06	5.1483e-06	1.0657e-06	9.9682e-17
61.46	1.6952e-09	6.4032e-06	5.3458e-06	1.0574e-06	9.9582e-17
61.47	1.7338e-09	6.5512e-06	5.5019e-06	1.0492e-06	9.947e-17
61.48	1.7604e-09	6.6541e-06	5.613e-06	1.0411e-06	9.9345e-17
61.49	1.7746e-09	6.7096e-06	5.6765e-06	1.0332e-06	9.9207e-17
61.5	1.7757e-09	6.7162e-06	5.6908e-06	1.0254e-06	9.9056e-17
61.51	1.7639e-09	6.6735e-06	5.6556e-06	1.0179e-06	9.8891e-17
61.52	1.7392e-09	6.5823e-06	5.5717e-06	1.0107e-06	9.8715e-17
61.53	1.7022e-09	6.4444e-06	5.4408e-06	1.0037e-06	9.8527e-17
61.54	1.6536e-09	6.2626e-06	5.2657e-06	9.9691e-07	9.8329e-17
61.55	1.5945e-09	6.0407e-06	5.0503e-06	9.904e-07	9.8123e-17
61.56	1.5261e-09	5.7832e-06	4.7992e-06	9.8408e-07	9.7909e-17
61.57	1.4497e-09	5.4956e-06	4.5176e-06	9.7792e-07	9.7691e-17
61.58	1.3669e-09	5.1836e-06	4.2117e-06	9.7185e-07	9.7469e-17
61.59	1.2795e-09	4.8537e-06	3.8879e-06	9.658e-07	9.7244e-17
61.6	1.1892e-09	4.5127e-06	3.553e-06	9.597e-07	9.7017e-17
61.61	1.0979e-09	4.1673e-06	3.2139e-06	9.5346e-07	9.6789e-17
61.62	1.0073e-09	3.8247e-06	2.8777e-06	9.47e-07	9.656e-17
61.63	9.1921e-10	3.4914e-06	2.5512e-06	9.4025e-07	9.633e-17
61.64	8.3542e-10	3.1742e-06	2.241e-06	9.3314e-07	9.6097e-17
61.65	7.575e-10	2.879e-06	1.9534e-06	9.2562e-07	9.5862e-17
61.66	6.8693e-10	2.6117e-06	1.694e-06	9.1765e-07	9.5622e-17
61.67	6.2502e-10	2.3771e-06	1.4679e-06	9.0921e-07	9.5377e-17
61.68	5.7287e-10	2.1794e-06	1.2791e-06	9.003e-07	9.5125e-17
61.69	5.3137e-10	2.0222e-06	1.1313e-06	8.9096e-07	9.4865e-17
61.7	5.0119e-10	1.908e-06	1.0267e-06	8.8121e-07	9.4596e-17
61.71	4.8272e-10	1.8383e-06	9.6711e-07	8.7115e-07	9.4318e-17
61.72	4.7612e-10	1.8137e-06	9.5287e-07	8.6084e-07	9.4031e-17
61.73	4.8129e-10	1.834e-06	9.836e-07	8.504e-07	9.3736e-17
61.74	4.9786e-10	1.8978e-06	1.0578e-06	8.3993e-07	9.3432e-17
61.75	5.2524e-10	2.0028e-06	1.1732e-06	8.2956e-07	9.3122e-17
61.76	5.6257e-10	2.1458e-06	1.3264e-06	8.1939e-07	9.2807e-17
61.77	6.088e-10	2.3229e-06	1.5133e-06	8.0955e-07	9.2489e-17
61.78	6.6268e-10	2.5293e-06	1.7292e-06	8.0014e-07	9.2171e-17
61.79	7.2281e-10	2.7597e-06	1.9684e-06	7.9125e-07	9.1855e-17
61.8	7.8762e-10	3.0081e-06	2.2252e-06	7.8294e-07	9.1542e-17
61.81	8.5548e-10	3.2683e-06	2.4931e-06	7.7526e-07	9.1236e-17
61.82	9.2467e-10	3.5338e-06	2.7656e-06	7.6824e-07	9.0936e-17
61.83	9.9346e-10	3.7979e-06	3.0361e-06	7.6186e-07	9.0645e-17
61.84	1.0601e-09	4.0541e-06	3.298e-06	7.5612e-07	9.0363e-17
61.85	1.123e-09	4.296e-06	3.5451e-06	7.5095e-07	9.0089e-17
61.86	1.1805e-09	4.5176e-06	3.7713e-06	7.4629e-07	8.9824e-17
61.87	1.2313e-09	4.7132e-06	3.9712e-06	7.4205e-07	8.9566e-17
61.88	1.2739e-09	4.8781e-06	4.14e-06	7.3812e-07	8.9313e-17
61.89	1.3075e-09	5.008e-06	4.2736e-06	7.3441e-07	8.9065e-17
61.9	1.3309e-09	5.0996e-06	4.3688e-06	7.3079e-07	8.882e-17
61.91	1.3437e-09	5.1503e-06	4.4232e-06	7.2716e-07	8.8575e-17
61.92	1.3455e-09	5.1588e-06	4.4354e-06	7.2342e-07	8.833e-17
61.93	1.3361e-09	5.1244e-06	4.4049e-06	7.1946e-07	8.8082e-17
61.94	1.3157e-09	5.0476e-06	4.3324e-06	7.152e-07	8.7831e-17
61.95	1.2846e-09	4.93e-06	4.2195e-06	7.1057e-07	8.7577e-17
61.96	1.2435e-09	4.7739e-06	4.0684e-06	7.0553e-07	8.7319e-17
61.97	1.1933e-09	4.5826e-06	3.8826e-06	7.0004e-07	8.7057e-17
61.98	1.135e-09	4.3602e-06	3.6661e-06	6.9409e-07	8.6794e-17
61.99	1.0699e-09	4.1114e-06	3.4237e-06	6.8768e-07	8.6529e-17
62	9.9936e-10	3.8415e-06	3.1607e-06	6.8084e-07	8.6265e-17
62.01	9.249e-10	3.5565e-06	2.8829e-06	6.736e-07	8.6003e-17
62.02	8.4811e-10	3.2622e-06	2.5962e-06	6.66e-07	8.5744e-17
62.03	7.7061e-10	2.9651e-06	2.307e-06	6.5812e-07	8.5491e-17
62.04	6.9404e-10	2.6713e-06	2.0213e-06	6.5002e-07	8.5244e-17
62.05	6.1998e-10	2.387e-06	1.7453e-06	6.4179e-07	8.5005e-17
62.06	5.4997e-10	2.1182e-06	1.4847e-06	6.3349e-07	8.4774e-17
62.07	4.8541e-10	1.8701e-06	1.2449e-06	6.2522e-07	8.4551e-17
62.08	4.2759e-10	1.6479e-06	1.0309e-06	6.1704e-07	8.4336e-17
62.09	3.7763e-10	1.4558e-06	8.4676e-07	6.0906e-07	8.4128e-17
62.1	3.3645e-10	1.2975e-06	6.9616e-07	6.0132e-07	8.3927e-17
62.11	3.0477e-10	1.1757e-06	5.8178e-07	5.9391e-07	8.3731e-17
62.12	2.8309e-10	1.0924e-06	5.0554e-07	5.8687e-07	8.3539e-17
62.13	2.7168e-10	1.0487e-06	4.6846e-07	5.8026e-07	8.3349e-17
62.14	2.7057e-10	1.0448e-06	4.7068e-07	5.741e-07	8.3161e-17
62.15	2.7957e-10	1.0799e-06	5.1142e-07	5.6843e-07	8.2972e-17
62.16	2.9823e-10	1.1523e-06	5.8908e-07	5.6325e-07	8.2782e-17
62.17	3.2593e-10	1.2598e-06	7.0121e-07	5.5855e-07	8.2591e-17
62.18	3.6182e-10	1.3989e-06	8.4461e-07	5.5432e-07	8.2398e-17
62.19	4.0488e-10	1.5659e-06	1.0154e-06	5.5052e-07	8.2203e-17
62.2	4.5393e-10	1.7562e-06	1.2091e-06	5.471e-07	8.2006e-17
62.21	5.0768e-10	1.9648e-06	1.4208e-06	5.44e-07	8.1808e-17
62.22	5.6474e-10	2.1863e-06	1.6451e-06	5.4116e-07	8.161e-17
62.23	6.2363e-10	2.4151e-06	1.8766e-06	5.3849e-07	8.1413e-17
62.24	6.8288e-10	2.6454e-06	2.1095e-06	5.359e-07	8.1218e-17
62.25	7.4101e-10	2.8715e-06	2.3382e-06	5.3331e-07	8.1024e-17
62.26	7.9658e-10	3.0878e-06	2.5572e-06	5.3063e-07	8.0834e-17
62.27	8.4823e-10	3.2891e-06	2.7613e-06	5.2778e-07	8.0647e-17
62.28	8.9469e-10	3.4703e-06	2.9456e-06	5.2466e-07	8.0463e-17
62.29	9.3483e-10	3.6272e-06	3.106e-06	5.2122e-07	8.0283e-17
62.3	9.6769e-10	3.7559e-06	3.2385e-06	5.174e-07	8.0106e-17
62.31	9.9247e-10	3.8533e-06	3.3402e-06	5.1315e-07	7.9931e-17
62.32	1.0086e-09	3.9171e-06	3.4087e-06	5.0844e-07	7.9758e-17
62.33	1.0156e-09	3.9458e-06	3.4425e-06	5.0327e-07	7.9586e-17
62.34	1.0135e-09	3.9387e-06	3.441e-06	4.9765e-07	7.9413e-17
62.35	1.0021e-09	3.8958e-06	3.4042e-06	4.9159e-07	7.924e-17
62.36	9.8183e-10	3.8181e-06	3.333e-06	4.8515e-07	7.9064e-17
62.37	9.5306e-10	3.7074e-06	3.229e-06	4.7837e-07	7.8887e-17
62.38	9.1645e-10	3.5662e-06	3.0948e-06	4.7133e-07	7.8706e-17
62.39	8.7283e-10	3.3975e-06	2.9334e-06	4.6409e-07	7.8523e-17
62.4	8.2315e-10	3.2051e-06	2.7484e-06	4.5674e-07	7.8337e-17
62.41	7.685e-10	2.9933e-06	2.5439e-06	4.4936e-07	7.8149e-17
62.42	7.1006e-10	2.7666e-06	2.3245e-06	4.4204e-07	7.796e-17
62.43	6.4908e-10	2.5298e-06	2.095e-06	4.3484e-07	7.777e-17
62.44	5.8685e-10	2.288e-06	1.8601e-06	4.2783e-07	7.7581e-17
62.45	5.2466e-10	2.0462e-06	1.6251e-06	4.2108e-07	7.7393e-17
62.46	4.6378e-10	1.8093e-06	1.3947e-06	4.1463e-07	7.7208e-17
62.47	4.0542e-10	1.5822e-06	1.1737e-06	4.0851e-07	7.7026e-17
62.48	3.5074e-10	1.3692e-06	9.6647e-07	4.0274e-07	7.6849e-17
62.49	3.0077e-10	1.1745e-06	7.7719e-07	3.9733e-07	7.6677e-17
62.5	2.5643e-10	1.0017e-06	6.094e-07	3.9226e-07	7.651e-17
62.51	2.1848e-10	8.5371e-07	4.6619e-07	3.8753e-07	7.6348e-17
62.52	1.8756e-10	7.3311e-07	3.5001e-07	3.831e-07	7.6192e-17
62.53	1.641e-10	6.4164e-07	2.6272e-07	3.7893e-07	7.6041e-17
62.54	1.484e-10	5.8045e-07	2.0547e-07	3.7498e-07	7.5895e-17
62.55	1.4056e-10	5.4996e-07	1.7875e-07	3.7121e-07	7.5754e-17
62.56	1.4051e-10	5.4993e-07	1.8236e-07	3.6757e-07	7.5616e-17
62.57	1.4801e-10	5.7945e-07	2.1545e-07	3.64e-07	7.5482e-17
62.58	1.6265e-10	6.3698e-07	2.7651e-07	3.6046e-07	7.5351e-17
62.59	1.8389e-10	7.2037e-07	3.6346e-07	3.5692e-07	7.5223e-17
62.6	2.1103e-10	8.2697e-07	4.7365e-07	3.5332e-07	7.5097e-17
62.61	2.4327e-10	9.5362e-07	6.0398e-07	3.4964e-07	7.4974e-17
62.62	2.7971e-10	1.0968e-06	7.5096e-07	3.4585e-07	7.4853e-17
62.63	3.1936e-10	1.2527e-06	9.1076e-07	3.4192e-07	7.4735e-17
62.64	3.6118e-10	1.4172e-06	1.0793e-06	3.3784e-07	7.4619e-17
62.65	4.0411e-10	1.5861e-06	1.2525e-06	3.336e-07	7.4507e-17
62.66	4.4706e-10	1.7553e-06	1.4261e-06	3.2919e-07	7.4398e-17
62.67	4.8899e-10	1.9205e-06	1.5959e-06	3.2463e-07	7.4292e-17
62.68	5.2886e-10	2.0778e-06	1.7579e-06	3.1991e-07	7.4189e-17
62.69	5.6573e-10	2.2233e-06	1.9083e-06	3.1505e-07	7.409e-17
62.7	5.9872e-10	2.3537e-06	2.0437e-06	3.1006e-07	7.3995e-17
62.71	6.2705e-10	2.4659e-06	2.1609e-06	3.0498e-07	7.3903e-17
62.72	6.5006e-10	2.5572e-06	2.2574e-06	2.9983e-07	7.3813e-17
62.73	6.6723e-10	2.6256e-06	2.331e-06	2.9463e-07	7.3726e-17
62.74	6.7818e-10	2.6695e-06	2.3801e-06	2.8943e-07	7.3641e-17
62.75	6.8266e-10	2.688e-06	2.4038e-06	2.8426e-07	7.3557e-17
62.76	6.8059e-10	2.6807e-06	2.4016e-06	2.7915e-07	7.3474e-17
62.77	6.7201e-10	2.6478e-06	2.3736e-06	2.7415e-07	7.3391e-17
62.78	6.5715e-10	2.59e-06	2.3208e-06	2.693e-07	7.3309e-17
62.79	6.3634e-10	2.5088e-06	2.2442e-06	2.6462e-07	7.3226e-17
62.8	6.1005e-10	2.4059e-06	2.1458e-06	2.6015e-07	7.3144e-17
62.81	5.7888e-10	2.2837e-06	2.0278e-06	2.5593e-07	7.3062e-17
62.82	5.435e-10	2.1448e-06	1.8929e-06	2.5197e-07	7.2981e-17
62.83	5.0469e-10	1.9923e-06	1.7441e-06	2.4828e-07	7.2901e-17
62.84	4.6329e-10	1.8295e-06	1.5846e-06	2.4489e-07	7.2823e-17
62.85	4.2017e-10	1.6597e-06	1.4179e-06	2.4177e-07	7.2747e-17
62.86	3.7622e-10	1.4866e-06	1.2476e-06	2.3894e-07	7.2674e-17
62.87	3.3236e-10	1.3137e-06	1.0773e-06	2.3637e-07	7.2605e-17
62.88	2.8946e-10	1.1445e-06	9.1046e-07	2.3403e-07	7.254e-17
62.89	2.4838e-10	9.8236e-07	7.5046e-07	2.319e-07	7.2479e-17
62.9	2.099e-10	8.3046e-07	6.0052e-07	2.2994e-07	7.2424e-17
62.91	1.7476e-10	6.9165e-07	4.6354e-07	2.2811e-07	7.2373e-17
62.92	1.4359e-10	5.6848e-07	3.4211e-07	2.2637e-07	7.2328e-17
62.93	1.1694e-10	4.6311e-07	2.3843e-07	2.2467e-07	7.2287e-17
62.94	9.5239e-11	3.7729e-07	1.5431e-07	2.2298e-07	7.225e-17
62.95	7.8813e-11	3.1231e-07	9.1068e-08	2.2124e-07	7.2216e-17
62.96	6.7868e-11	2.6902e-07	4.9583e-08	2.1944e-07	7.2186e-17
62.97	6.2489e-11	2.4778e-07	3.0244e-08	2.1754e-07	7.2158e-17
62.98	6.2644e-11	2.4848e-07	3.296e-08	2.1552e-07	7.2131e-17
62.99	6.8183e-11	2.7053e-07	5.7174e-08	2.1336e-07	7.2106e-17
63	7.8845e-11	3.1294e-07	1.0188e-07	2.1106e-07	7.208e-17
63.01	9.4267e-11	3.7427e-07	1.6565e-07	2.0862e-07	7.2055e-17
63.02	1.1399e-10	4.5272e-07	2.4667e-07	2.0605e-07	7.2029e-17
63.03	1.3747e-10	5.4615e-07	3.4279e-07	2.0336e-07	7.2003e-17
63.04	1.641e-10	6.5215e-07	4.5158e-07	2.0057e-07	7.1976e-17
63.05	1.9321e-10	7.6807e-07	5.7036e-07	1.977e-07	7.1948e-17
63.06	2.2408e-10	8.9108e-07	6.963e-07	1.9478e-07	7.192e-17
63.07	2.5599e-10	1.0183e-06	8.2644e-07	1.9183e-07	7.1892e-17
63.08	2.8817e-10	1.1466e-06	9.5777e-07	1.8887e-07	7.1864e-17
63.09	3.1989e-10	1.2733e-06	1.0873e-06	1.8593e-07	7.1836e-17
63.1	3.5042e-10	1.3952e-06	1.2122e-06	1.8302e-07	7.181e-17
63.11	3.7907e-10	1.5098e-06	1.3297e-06	1.8015e-07	7.1785e-17
63.12	4.0522e-10	1.6145e-06	1.4371e-06	1.7735e-07	7.1761e-17
63.13	4.2828e-10	1.7069e-06	1.5323e-06	1.7461e-07	7.174e-17
63.14	4.4776e-10	1.7851e-06	1.6131e-06	1.7194e-07	7.1721e-17
63.15	4.6323e-10	1.8473e-06	1.678e-06	1.6933e-07	7.1704e-17
63.16	4.7438e-10	1.8924e-06	1.7256e-06	1.6677e-07	7.169e-17
63.17	4.8098e-10	1.9193e-06	1.7551e-06	1.6427e-07	7.1678e-17
63.18	4.8291e-10	1.9276e-06	1.7658e-06	1.618e-07	7.1669e-17
63.19	4.8013e-10	1.9172e-06	1.7578e-06	1.5935e-07	7.1663e-17
63.2	4.7274e-10	1.8882e-06	1.7313e-06	1.5691e-07	7.1659e-17
63.21	4.6091e-10	1.8416e-06	1.6871e-06	1.5447e-07	7.1658e-17
63.22	4.4491e-10	1.7782e-06	1.6262e-06	1.5201e-07	7.166e-17
63.23	4.251e-10	1.6995e-06	1.55e-06	1.4952e-07	7.1665e-17
63.24	4.019e-10	1.6073e-06	1.4603e-06	1.4699e-07	7.1672e-17
63.25	3.7582e-10	1.5035e-06	1.3591e-06	1.4442e-07	7.1682e-17
63.26	3.4741e-10	1.3903e-06	1.2485e-06	1.4179e-07	7.1693e-17
63.27	3.1725e-10	1.27e-06	1.1309e-06	1.3912e-07	7.1706e-17
63.28	2.8597e-10	1.1451e-06	1.0087e-06	1.3639e-07	7.172e-17
63.29	2.542e-10	1.0182e-06	8.8463e-07	1.336e-07	7.1735e-17
63.3	2.2257e-10	8.9181e-07	7.6104e-07	1.3077e-07	7.175e-17
63.31	1.9169e-10	7.6833e-07	6.4042e-07	1.2791e-07	7.1764e-17
63.32	1.6216e-10	6.5015e-07	5.2515e-07	1.2501e-07	7.1777e-17
63.33	1.3451e-10	5.395e-07	4.174e-07	1.2209e-07	7.1788e-17
63.34	1.0927e-10	4.3837e-07	3.192e-07	1.1917e-07	7.1797e-17
63.35	8.6849e-11	3.4855e-07	2.3229e-07	1.1626e-07	7.1803e-17
63.36	6.764e-11	2.7154e-07	1.5816e-07	1.1338e-07	7.1806e-17
63.37	5.1935e-11	2.0856e-07	9.8016e-08	1.1054e-07	7.1806e-17
63.38	3.9958e-11	1.6051e-07	5.2735e-08	1.0778e-07	7.1802e-17
63.39	3.1846e-11	1.2797e-07	2.2871e-08	1.0509e-07	7.1797e-17
63.4	2.7657e-11	1.1117e-07	8.6476e-09	1.0252e-07	7.1789e-17
63.41	2.7365e-11	1.1003e-07	9.9595e-09	1.0007e-07	7.1781e-17
63.42	3.0867e-11	1.2415e-07	2.6381e-08	9.7768e-08	7.1773e-17
63.43	3.798e-11	1.5281e-07	5.7181e-08	9.5625e-08	7.1766e-17
63.44	4.8452e-11	1.95e-07	1.0135e-07	9.3655e-08	7.1762e-17
63.45	6.1967e-11	2.4947e-07	1.576e-07	9.1868e-08	7.1763e-17
63.46	7.8151e-11	3.1473e-07	2.2446e-07	9.027e-08	7.1768e-17
63.47	9.6584e-11	3.8908e-07	3.0022e-07	8.8862e-08	7.178e-17
63.48	1.1681e-10	4.707e-07	3.8306e-07	8.7639e-08	7.1799e-17
63.49	1.3833e-10	5.5761e-07	4.7102e-07	8.6593e-08	7.1826e-17
63.5	1.6065e-10	6.4779e-07	5.6208e-07	8.5708e-08	7.1861e-17
63.51	1.8326e-10	7.3917e-07	6.5421e-07	8.4966e-08	7.1903e-17
63.52	2.0564e-10	8.2972e-07	7.4538e-07	8.4342e-08	7.1952e-17
63.53	2.2731e-10	9.1744e-07	8.3363e-07	8.3808e-08	7.2007e-17
63.54	2.478e-10	1.0004e-06	9.171e-07	8.3334e-08	7.2068e-17
63.55	2.6667e-10	1.077e-06	9.9407e-07	8.2888e-08	7.2132e-17
63.56	2.8353e-10	1.1454e-06	1.063e-06	8.2435e-08	7.2198e-17
63.57	2.9804e-10	1.2044e-06	1.1225e-06	8.1945e-08	7.2264e-17
63.58	3.0993e-10	1.2529e-06	1.1715e-06	8.1385e-08	7.233e-17
63.59	3.1896e-10	1.2898e-06	1.209e-06	8.073e-08	7.2392e-17
63.6	3.2498e-10	1.3145e-06	1.2346e-06	7.9955e-08	7.2451e-17
63.61	3.2789e-10	1.3267e-06	1.2477e-06	7.9042e-08	7.2505e-17
63.62	3.2768e-10	1.3263e-06	1.2483e-06	7.7978e-08	7.2555e-17
63.63	3.2439e-10	1.3134e-06	1.2366e-06	7.6758e-08	7.2598e-17
63.64	3.1813e-10	1.2884e-06	1.2131e-06	7.5381e-08	7.2636e-17
63.65	3.0905e-10	1.2521e-06	1.1782e-06	7.3853e-08	7.2669e-17
63.66	2.9739e-10	1.2052e-06	1.133e-06	7.2186e-08	7.2698e-17
63.67	2.8341e-10	1.1489e-06	1.0785e-06	7.0398e-08	7.2722e-17
63.68	2.6742e-10	1.0844e-06	1.0159e-06	6.8511e-08	7.2744e-17
63.69	2.4978e-10	1.0132e-06	9.4665e-07	6.655e-08	7.2763e-17
63.7	2.3084e-10	9.3667e-07	8.7213e-07	6.4543e-08	7.2781e-17
63.71	2.11e-10	8.5643e-07	7.9391e-07	6.252e-08	7.2797e-17
63.72	1.9065e-10	7.7407e-07	7.1356e-07	6.051e-08	7.2812e-17
63.73	1.7018e-10	6.9119e-07	6.3265e-07	5.8542e-08	7.2826e-17
63.74	1.4999e-10	6.0937e-07	5.5272e-07	5.6643e-08	7.2838e-17
63.75	1.3044e-10	5.301e-07	4.7526e-07	5.4838e-08	7.2848e-17
63.76	1.1188e-10	4.5481e-07	4.0167e-07	5.3148e-08	7.2855e-17
63.77	9.4623e-11	3.848e-07	3.3321e-07	5.159e-08	7.2857e-17
63.78	7.8963e-11	3.2121e-07	2.7103e-07	5.0177e-08	7.2854e-17
63.79	6.5139e-11	2.6506e-07	2.1614e-07	4.8919e-08	7.2845e-17
63.8	5.3355e-11	2.1718e-07	1.6936e-07	4.7819e-08	7.2829e-17
63.81	4.3768e-11	1.7821e-07	1.3133e-07	4.6879e-08	7.2805e-17
63.82	3.6492e-11	1.4863e-07	1.0254e-07	4.6096e-08	7.2773e-17
63.83	3.1593e-11	1.2872e-07	8.3256e-08	4.5462e-08	7.2732e-17
63.84	2.909e-11	1.1856e-07	7.3591e-08	4.4968e-08	7.2684e-17
63.85	2.896e-11	1.1807e-07	7.3463e-08	4.4603e-08	7.263e-17
63.86	3.1136e-11	1.2698e-07	8.2625e-08	4.4352e-08	7.257e-17
63.87	3.5512e-11	1.4487e-07	1.0067e-07	4.42e-08	7.2506e-17
63.88	4.1945e-11	1.7116e-07	1.2703e-07	4.413e-08	7.2441e-17
63.89	5.026e-11	2.0516e-07	1.6103e-07	4.4127e-08	7.2377e-17
63.9	6.0253e-11	2.4602e-07	2.0185e-07	4.4172e-08	7.2315e-17
63.91	7.1696e-11	2.9284e-07	2.4859e-07	4.425e-08	7.2257e-17
63.92	8.4344e-11	3.4461e-07	3.0026e-07	4.4345e-08	7.2207e-17
63.93	9.7935e-11	4.0026e-07	3.5582e-07	4.4441e-08	7.2164e-17
63.94	1.122e-10	4.587e-07	4.1418e-07	4.4524e-08	7.213e-17
63.95	1.2686e-10	5.1881e-07	4.7423e-07	4.4582e-08	7.2106e-17
63.96	1.4164e-10	5.7945e-07	5.3485e-07	4.4603e-08	7.2091e-17
63.97	1.5628e-10	6.3953e-07	5.9495e-07	4.4577e-08	7.2086e-17
63.98	1.7051e-10	6.9797e-07	6.5348e-07	4.4498e-08	7.2089e-17
63.99	1.8408e-10	7.5377e-07	7.0941e-07	4.4358e-08	7.2099e-17
64	1.9677e-10	8.0595e-07	7.618e-07	4.4153e-08	7.2114e-17
64.01	2.0835e-10	8.5367e-07	8.0979e-07	4.3883e-08	7.2134e-17
64.02	2.1865e-10	8.9613e-07	8.5258e-07	4.3546e-08	7.2155e-17
64.03	2.2749e-10	9.3267e-07	8.8952e-07	4.3145e-08	7.2175e-17
64.04	2.3474e-10	9.6271e-07	9.2002e-07	4.2685e-08	7.2194e-17
64.05	2.403e-10	9.8581e-07	9.4364e-07	4.217e-08	7.221e-17
64.06	2.4409e-10	1.0017e-06	9.6004e-07	4.161e-08	7.2222e-17
64.07	2.4605e-10	1.01e-06	9.6902e-07	4.1014e-08	7.223e-17
64.08	2.4618e-10	1.0109e-06	9.7047e-07	4.0393e-08	7.2232e-17
64.09	2.4448e-10	1.0042e-06	9.6444e-07	3.9759e-08	7.2229e-17
64.1	2.41e-10	9.9021e-07	9.5109e-07	3.9124e-08	7.2223e-17
64.11	2.358e-10	9.6917e-07	9.3067e-07	3.8502e-08	7.2213e-17
64.12	2.2899e-10	9.4148e-07	9.0358e-07	3.7906e-08	7.22e-17
64.13	2.2069e-10	9.0763e-07	8.7028e-07	3.7348e-08	7.2187e-17
64.14	2.1104e-10	8.6819e-07	8.3135e-07	3.6839e-08	7.2174e-17
64.15	2.002e-10	8.2385e-07	7.8746e-07	3.6391e-08	7.2162e-17
64.16	1.8835e-10	7.7534e-07	7.3933e-07	3.6011e-08	7.2152e-17
64.17	1.7569e-10	7.2347e-07	6.8776e-07	3.5706e-08	7.2145e-17
64.18	1.6243e-10	6.6908e-07	6.336e-07	3.5481e-08	7.2141e-17
64.19	1.4879e-10	6.1306e-07	5.7772e-07	3.5337e-08	7.214e-17
64.2	1.3498e-10	5.5632e-07	5.2105e-07	3.5275e-08	7.2142e-17
64.21	1.2122e-10	4.9979e-07	4.645e-07	3.5293e-08	7.2145e-17
64.22	1.0775e-10	4.4438e-07	4.09e-07	3.5384e-08	7.215e-17
64.23	9.4778e-11	3.91e-07	3.5546e-07	3.5544e-08	7.2154e-17
64.24	8.2518e-11	3.4053e-07	3.0477e-07	3.5763e-08	7.2157e-17
64.25	7.1174e-11	2.9381e-07	2.5778e-07	3.6034e-08	7.2157e-17
64.26	6.0935e-11	2.5162e-07	2.1528e-07	3.6345e-08	7.2154e-17
64.27	5.1977e-11	2.147e-07	1.7801e-07	3.6687e-08	7.2145e-17
64.28	4.4455e-11	1.8368e-07	1.4663e-07	3.7049e-08	7.2131e-17
64.29	3.8505e-11	1.5915e-07	1.2173e-07	3.7422e-08	7.211e-17
64.3	3.4241e-11	1.4157e-07	1.0377e-07	3.7797e-08	7.2083e-17
64.31	3.1751e-11	1.3132e-07	9.3149e-08	3.8168e-08	7.2049e-17
64.32	3.1097e-11	1.2865e-07	9.0124e-08	3.8528e-08	7.2008e-17
64.33	3.2312e-11	1.3372e-07	9.4846e-08	3.8874e-08	7.1962e-17
64.34	3.54e-11	1.4654e-07	1.0734e-07	3.9204e-08	7.191e-17
64.35	4.0335e-11	1.6702e-07	1.2751e-07	3.9518e-08	7.1854e-17
64.36	4.7059e-11	1.9493e-07	1.5511e-07	3.9817e-08	7.1795e-17
64.37	5.5483e-11	2.299e-07	1.8979e-07	4.0105e-08	7.1733e-17
64.38	6.549e-11	2.7144e-07	2.3106e-07	4.0386e-08	7.167e-17
64.39	7.6932e-11	3.1897e-07	2.783e-07	4.0667e-08	7.1606e-17
64.4	8.9632e-11	3.7174e-07	3.3078e-07	4.0953e-08	7.1543e-17
64.41	1.0339e-10	4.2892e-07	3.8767e-07	4.1251e-08	7.148e-17
64.42	1.1798e-10	4.8959e-07	4.4802e-07	4.1567e-08	7.1419e-17
64.43	1.3315e-10	5.5273e-07	5.1082e-07	4.1909e-08	7.136e-17
64.44	1.4864e-10	6.1725e-07	5.7497e-07	4.2282e-08	7.1304e-17
64.45	1.6419e-10	6.8202e-07	6.3933e-07	4.2691e-08	7.1249e-17
64.46	1.7951e-10	7.4587e-07	7.0273e-07	4.3142e-08	7.1198e-17
64.47	1.9431e-10	8.0761e-07	7.6398e-07	4.3637e-08	7.115e-17
64.48	2.0831e-10	8.6609e-07	8.2191e-07	4.4178e-08	7.1104e-17
64.49	2.2124e-10	9.2015e-07	8.7538e-07	4.4769e-08	7.1062e-17
64.5	2.3285e-10	9.6871e-07	9.233e-07	4.5409e-08	7.1022e-17
64.51	2.4289e-10	1.0108e-06	9.6468e-07	4.6099e-08	7.0986e-17
64.52	2.5114e-10	1.0455e-06	9.9862e-07	4.684e-08	7.0953e-17
64.53	2.5743e-10	1.072e-06	1.0243e-06	4.763e-08	7.0923e-17
64.54	2.6159e-10	1.0897e-06	1.0412e-06	4.847e-08	7.0896e-17
64.55	2.6353e-10	1.0981e-06	1.0487e-06	4.9359e-08	7.0873e-17
64.56	2.6317e-10	1.0969e-06	1.0466e-06	5.0295e-08	7.0852e-17
64.57	2.6047e-10	1.086e-06	1.0347e-06	5.1279e-08	7.0835e-17
64.58	2.5548e-10	1.0655e-06	1.0132e-06	5.231e-08	7.0819e-17
64.59	2.4824e-10	1.0356e-06	9.8222e-07	5.3388e-08	7.0805e-17
64.6	2.3887e-10	9.9686e-07	9.4234e-07	5.4511e-08	7.0792e-17
64.61	2.2754e-10	9.4987e-07	8.942e-07	5.5679e-08	7.078e-17
64.62	2.1446e-10	8.9551e-07	8.3862e-07	5.6889e-08	7.0767e-17
64.63	1.9985e-10	8.3479e-07	7.7665e-07	5.814e-08	7.0753e-17
64.64	1.8401e-10	7.6888e-07	7.0945e-07	5.943e-08	7.0738e-17
64.65	1.6726e-10	6.9908e-07	6.3833e-07	6.0755e-08	7.072e-17
64.66	1.4993e-10	6.2683e-07	5.6472e-07	6.2111e-08	7.0699e-17
64.67	1.3238e-10	5.5362e-07	4.9013e-07	6.3495e-08	7.0675e-17
64.68	1.1498e-10	4.8103e-07	4.1613e-07	6.4902e-08	7.0646e-17
64.69	9.813e-11	4.1065e-07	3.4433e-07	6.6327e-08	7.0614e-17
64.7	8.2195e-11	3.4408e-07	2.7631e-07	6.7766e-08	7.0578e-17
64.71	6.7548e-11	2.8285e-07	2.1364e-07	6.9214e-08	7.0538e-17
64.72	5.4543e-11	2.2846e-07	1.5779e-07	7.0669e-08	7.0495e-17
64.73	4.3507e-11	1.823e-07	1.1017e-07	7.2127e-08	7.0448e-17
64.74	3.4738e-11	1.456e-07	7.2009e-08	7.3586e-08	7.0399e-17
64.75	2.8491e-11	1.1945e-07	4.4403e-08	7.5045e-08	7.0347e-17
64.76	2.4977e-11	1.0475e-07	2.8244e-08	7.6506e-08	7.0293e-17
64.77	2.4357e-11	1.0218e-07	2.4213e-08	7.7969e-08	7.0237e-17
64.78	2.6735e-11	1.1219e-07	3.2754e-08	7.9437e-08	7.018e-17
64.79	3.2153e-11	1.3497e-07	5.4059e-08	8.0912e-08	7.0121e-17
64.8	4.0594e-11	1.7046e-07	8.8058e-08	8.2399e-08	7.006e-17
64.81	5.1975e-11	2.1831e-07	1.3441e-07	8.3902e-08	6.9998e-17
64.82	6.615e-11	2.7794e-07	1.9251e-07	8.5423e-08	6.9934e-17
64.83	8.2909e-11	3.4846e-07	2.6149e-07	8.6965e-08	6.9869e-17
64.84	1.0198e-10	4.2876e-07	3.4023e-07	8.8531e-08	6.9801e-17
64.85	1.2305e-10	5.1748e-07	4.2736e-07	9.0121e-08	6.9731e-17
64.86	1.4573e-10	6.1306e-07	5.2133e-07	9.1735e-08	6.9659e-17
64.87	1.6961e-10	7.1374e-07	6.2038e-07	9.3369e-08	6.9585e-17
64.88	1.9424e-10	8.1763e-07	7.226e-07	9.5022e-08	6.9509e-17
64.89	2.1913e-10	9.2269e-07	8.2601e-07	9.6687e-08	6.9432e-17
64.9	2.4379e-10	1.0269e-06	9.285e-07	9.836e-08	6.9354e-17
64.91	2.6773e-10	1.128e-06	1.028e-06	1.0003e-07	6.9276e-17
64.92	2.9044e-10	1.2241e-06	1.1224e-06	1.017e-07	6.92e-17
64.93	3.1144e-10	1.313e-06	1.2096e-06	1.0335e-07	6.9125e-17
64.94	3.3029e-10	1.3929e-06	1.2879e-06	1.0499e-07	6.9054e-17
64.95	3.4657e-10	1.462e-06	1.3554e-06	1.0661e-07	6.8985e-17
64.96	3.5993e-10	1.5188e-06	1.4106e-06	1.082e-07	6.8921e-17
64.97	3.7004e-10	1.562e-06	1.4522e-06	1.0976e-07	6.8861e-17
64.98	3.7668e-10	1.5905e-06	1.4792e-06	1.113e-07	6.8806e-17
64.99	3.7967e-10	1.6036e-06	1.4908e-06	1.1282e-07	6.8756e-17
65	3.7892e-10	1.6009e-06	1.4866e-06	1.1433e-07	6.8709e-17
65.01	3.7443e-10	1.5824e-06	1.4666e-06	1.1583e-07	6.8665e-17
65.02	3.6625e-10	1.5484e-06	1.431e-06	1.1734e-07	6.8624e-17
65.03	3.5456e-10	1.4994e-06	1.3805e-06	1.1885e-07	6.8584e-17
65.04	3.3957e-10	1.4365e-06	1.3161e-06	1.2039e-07	6.8543e-17
65.05	3.216e-10	1.3609e-06	1.2389e-06	1.2195e-07	6.8501e-17
65.06	3.0103e-10	1.2742e-06	1.1506e-06	1.2356e-07	6.8456e-17
65.07	2.783e-10	1.1783e-06	1.0531e-06	1.2521e-07	6.8407e-17
65.08	2.539e-10	1.0754e-06	9.4845e-07	1.2692e-07	6.8353e-17
65.09	2.2837e-10	9.6755e-07	8.3888e-07	1.2868e-07	6.8294e-17
65.1	2.023e-10	8.5733e-07	7.2684e-07	1.305e-07	6.823e-17
65.11	1.7626e-10	7.4722e-07	6.1484e-07	1.3237e-07	6.816e-17
65.12	1.5086e-10	6.3975e-07	5.0545e-07	1.343e-07	6.8086e-17
65.13	1.2671e-10	5.3748e-07	4.012e-07	1.3628e-07	6.8007e-17
65.14	1.0437e-10	4.4287e-07	3.0457e-07	1.383e-07	6.7927e-17
65.15	8.4405e-11	3.5826e-07	2.179e-07	1.4036e-07	6.7844e-17
65.16	6.7315e-11	2.8581e-07	1.4336e-07	1.4245e-07	6.7763e-17
65.17	5.3554e-11	2.2745e-07	8.2887e-08	1.4456e-07	6.7682e-17
65.18	4.3512e-11	1.8486e-07	3.8159e-08	1.467e-07	6.7605e-17
65.19	3.7501e-11	1.5937e-07	1.0524e-08	1.4885e-07	6.7531e-17
65.2	3.5754e-11	1.5199e-07	9.8528e-10	1.51e-07	6.7463e-17
65.21	3.8412e-11	1.6334e-07	1.0165e-08	1.5317e-07	6.7399e-17
65.22	4.5524e-11	1.9364e-07	3.8289e-08	1.5535e-07	6.7341e-17
65.23	5.7042e-11	2.4271e-07	8.517e-08	1.5754e-07	6.7288e-17
65.24	7.2822e-11	3.0995e-07	1.502e-07	1.5974e-07	6.724e-17
65.25	9.2621e-11	3.9434e-07	2.3238e-07	1.6196e-07	6.7195e-17
65.26	1.1611e-10	4.9448e-07	3.3029e-07	1.642e-07	6.7154e-17
65.27	1.4286e-10	6.086e-07	4.4215e-07	1.6645e-07	6.7113e-17
65.28	1.7238e-10	7.3458e-07	5.6585e-07	1.6872e-07	6.7073e-17
65.29	2.0409e-10	8.6999e-07	6.9897e-07	1.7102e-07	6.7032e-17
65.3	2.3737e-10	1.0122e-06	8.3885e-07	1.7333e-07	6.699e-17
65.31	2.7155e-10	1.1583e-06	9.8262e-07	1.7567e-07	6.6946e-17
65.32	3.0593e-10	1.3053e-06	1.1273e-06	1.7801e-07	6.6899e-17
65.33	3.3978e-10	1.4502e-06	1.2698e-06	1.8037e-07	6.685e-17
65.34	3.7239e-10	1.5899e-06	1.4071e-06	1.8273e-07	6.6799e-17
65.35	4.0306e-10	1.7213e-06	1.5362e-06	1.8509e-07	6.6748e-17
65.36	4.3113e-10	1.8418e-06	1.6543e-06	1.8745e-07	6.6696e-17
65.37	4.5598e-10	1.9485e-06	1.7587e-06	1.898e-07	6.6646e-17
65.38	4.7706e-10	2.0392e-06	1.8471e-06	1.9214e-07	6.6598e-17
65.39	4.9389e-10	2.1118e-06	1.9173e-06	1.9448e-07	6.6553e-17
65.4	5.061e-10	2.1647e-06	1.9679e-06	1.9681e-07	6.6513e-17
65.41	5.1341e-10	2.1966e-06	1.9974e-06	1.9915e-07	6.6479e-17
65.42	5.1563e-10	2.2068e-06	2.0053e-06	2.015e-07	6.645e-17
65.43	5.1272e-10	2.195e-06	1.9911e-06	2.0388e-07	6.6427e-17
65.44	5.0472e-10	2.1614e-06	1.9551e-06	2.0629e-07	6.641e-17
65.45	4.9182e-10	2.1068e-06	1.898e-06	2.0875e-07	6.6398e-17
65.46	4.7429e-10	2.0323e-06	1.821e-06	2.1129e-07	6.6389e-17
65.47	4.5253e-10	1.9397e-06	1.7258e-06	2.1391e-07	6.6384e-17
65.48	4.2704e-10	1.831e-06	1.6144e-06	2.1662e-07	6.6379e-17
65.49	3.9841e-10	1.7087e-06	1.4893e-06	2.1945e-07	6.6374e-17
65.5	3.6729e-10	1.5758e-06	1.3533e-06	2.224e-07	6.6368e-17
65.51	3.3441e-10	1.4351e-06	1.2096e-06	2.2548e-07	6.6358e-17
65.52	3.0054e-10	1.2902e-06	1.0615e-06	2.2869e-07	6.6345e-17
65.53	2.6649e-10	1.1444e-06	9.1234e-07	2.3202e-07	6.6327e-17
65.54	2.3308e-10	1.0012e-06	7.6571e-07	2.3548e-07	6.6304e-17
65.55	2.0111e-10	8.6413e-07	6.2509e-07	2.3905e-07	6.6277e-17
65.56	1.7138e-10	7.366e-07	4.9389e-07	2.4271e-07	6.6245e-17
65.57	1.4462e-10	6.218e-07	3.7534e-07	2.4646e-07	6.621e-17
65.58	1.2154e-10	5.2271e-07	2.7244e-07	2.5027e-07	6.6173e-17
65.59	1.0274e-10	4.4198e-07	1.8787e-07	2.5411e-07	6.6135e-17
65.6	8.874e-11	3.8188e-07	1.2391e-07	2.5797e-07	6.6097e-17
65.61	7.9974e-11	3.4426e-07	8.2433e-08	2.6183e-07	6.606e-17
65.62	7.6749e-11	3.3048e-07	6.483e-08	2.6565e-07	6.6026e-17
65.63	7.9258e-11	3.4139e-07	7.1965e-08	2.6942e-07	6.5995e-17
65.64	8.7566e-11	3.7729e-07	1.0416e-07	2.7312e-07	6.5968e-17
65.65	1.0161e-10	4.3792e-07	1.6119e-07	2.7673e-07	6.5943e-17
65.66	1.2119e-10	5.2249e-07	2.4225e-07	2.8024e-07	6.5922e-17
65.67	1.46e-10	6.2963e-07	3.4601e-07	2.8362e-07	6.5902e-17
65.68	1.7559e-10	7.5745e-07	4.7059e-07	2.8686e-07	6.5882e-17
65.69	2.094e-10	9.036e-07	6.1364e-07	2.8996e-07	6.5862e-17
65.7	2.4679e-10	1.0653e-06	7.7234e-07	2.9291e-07	6.584e-17
65.71	2.87e-10	1.2392e-06	9.4351e-07	2.957e-07	6.5813e-17
65.72	3.2922e-10	1.4219e-06	1.1236e-06	2.9833e-07	6.5781e-17
65.73	3.7258e-10	1.6097e-06	1.3089e-06	3.0079e-07	6.5742e-17
65.74	4.1617e-10	1.7986e-06	1.4955e-06	3.0309e-07	6.5696e-17
65.75	4.5907e-10	1.9846e-06	1.6793e-06	3.0523e-07	6.5642e-17
65.76	5.0035e-10	2.1637e-06	1.8565e-06	3.0722e-07	6.558e-17
65.77	5.3913e-10	2.3321e-06	2.0231e-06	3.0907e-07	6.5512e-17
65.78	5.7457e-10	2.4862e-06	2.1754e-06	3.108e-07	6.5437e-17
65.79	6.0589e-10	2.6225e-06	2.3101e-06	3.1242e-07	6.5359e-17
65.8	6.324e-10	2.7381e-06	2.4241e-06	3.1396e-07	6.5277e-17
65.81	6.5352e-10	2.8303e-06	2.5149e-06	3.1545e-07	6.5195e-17
65.82	6.6877e-10	2.8973e-06	2.5804e-06	3.1692e-07	6.5115e-17
65.83	6.7783e-10	2.9375e-06	2.619e-06	3.1841e-07	6.5038e-17
65.84	6.805e-10	2.9499e-06	2.63e-06	3.1995e-07	6.4965e-17
65.85	6.7672e-10	2.9344e-06	2.6128e-06	3.2159e-07	6.4898e-17
65.86	6.6659e-10	2.8914e-06	2.568e-06	3.2337e-07	6.4838e-17
65.87	6.5034e-10	2.8217e-06	2.4964e-06	3.2533e-07	6.4785e-17
65.88	6.2836e-10	2.7272e-06	2.3997e-06	3.275e-07	6.4737e-17
65.89	6.0115e-10	2.6099e-06	2.28e-06	3.2992e-07	6.4696e-17
65.9	5.6936e-10	2.4726e-06	2.14e-06	3.3262e-07	6.4658e-17
65.91	5.3372e-10	2.3186e-06	1.983e-06	3.3561e-07	6.4623e-17
65.92	4.9507e-10	2.1513e-06	1.8124e-06	3.389e-07	6.4588e-17
65.93	4.5432e-10	1.9748e-06	1.6323e-06	3.425e-07	6.4552e-17
65.94	4.1242e-10	1.7932e-06	1.4468e-06	3.4639e-07	6.4511e-17
65.95	3.7037e-10	1.6109e-06	1.2603e-06	3.5056e-07	6.4465e-17
65.96	3.2916e-10	1.4321e-06	1.0771e-06	3.5498e-07	6.4412e-17
65.97	2.8979e-10	1.2612e-06	9.0156e-07	3.596e-07	6.4351e-17
65.98	2.532e-10	1.1023e-06	7.3788e-07	3.6439e-07	6.4281e-17
65.99	2.203e-10	9.5933e-07	5.9004e-07	3.6928e-07	6.4202e-17
66	1.919e-10	8.3593e-07	4.6169e-07	3.7424e-07	6.4115e-17
66.01	1.6874e-10	7.3526e-07	3.5606e-07	3.792e-07	6.4021e-17
66.02	1.5143e-10	6.6004e-07	2.7594e-07	3.841e-07	6.3921e-17
66.03	1.4047e-10	6.1244e-07	2.2353e-07	3.8891e-07	6.3816e-17
66.04	1.3621e-10	5.9403e-07	2.0047e-07	3.9356e-07	6.371e-17
66.05	1.3886e-10	6.0577e-07	2.0774e-07	3.9803e-07	6.3602e-17
66.06	1.4848e-10	6.4796e-07	2.4568e-07	4.0228e-07	6.3496e-17
66.07	1.6499e-10	7.2023e-07	3.1393e-07	4.063e-07	6.3392e-17
66.08	1.8814e-10	8.2154e-07	4.1148e-07	4.1006e-07	6.3293e-17
66.09	2.1754e-10	9.5021e-07	5.3663e-07	4.1358e-07	6.3198e-17
66.1	2.5266e-10	1.1039e-06	6.8707e-07	4.1685e-07	6.3108e-17
66.11	2.9283e-10	1.2798e-06	8.5992e-07	4.199e-07	6.3023e-17
66.12	3.3727e-10	1.4745e-06	1.0517e-06	4.2276e-07	6.2943e-17
66.13	3.851e-10	1.6841e-06	1.2587e-06	4.2544e-07	6.2867e-17
66.14	4.3535e-10	1.9044e-06	1.4764e-06	4.2799e-07	6.2793e-17
66.15	4.8698e-10	2.131e-06	1.7005e-06	4.3046e-07	6.2721e-17
66.16	5.3894e-10	2.359e-06	1.9262e-06	4.3287e-07	6.2649e-17
66.17	5.9014e-10	2.5839e-06	2.1486e-06	4.3527e-07	6.2576e-17
66.18	6.3948e-10	2.8008e-06	2.3631e-06	4.3771e-07	6.25e-17
66.19	6.8593e-10	3.0051e-06	2.5649e-06	4.4022e-07	6.2423e-17
66.2	7.2849e-10	3.1926e-06	2.7497e-06	4.4284e-07	6.2342e-17
66.21	7.6625e-10	3.359e-06	2.9134e-06	4.456e-07	6.2258e-17
66.22	7.9838e-10	3.501e-06	3.0524e-06	4.4853e-07	6.2171e-17
66.23	8.2421e-10	3.6153e-06	3.1636e-06	4.5166e-07	6.2083e-17
66.24	8.4316e-10	3.6996e-06	3.2445e-06	4.5501e-07	6.1993e-17
66.25	8.5483e-10	3.7519e-06	3.2933e-06	4.5858e-07	6.1902e-17
66.26	8.5898e-10	3.7713e-06	3.3089e-06	4.6239e-07	6.1813e-17
66.27	8.5553e-10	3.7573e-06	3.2908e-06	4.6645e-07	6.1726e-17
66.28	8.4458e-10	3.7103e-06	3.2395e-06	4.7076e-07	6.1641e-17
66.29	8.2639e-10	3.6315e-06	3.1562e-06	4.753e-07	6.1561e-17
66.3	8.014e-10	3.5227e-06	3.0426e-06	4.8007e-07	6.1484e-17
66.31	7.7019e-10	3.3865e-06	2.9015e-06	4.8506e-07	6.1412e-17
66.32	7.335e-10	3.2262e-06	2.736e-06	4.9023e-07	6.1345e-17
66.33	6.922e-10	3.0455e-06	2.5499e-06	4.9557e-07	6.1281e-17
66.34	6.4726e-10	2.8486e-06	2.3476e-06	5.0104e-07	6.122e-17
66.35	5.9975e-10	2.6403e-06	2.1337e-06	5.0661e-07	6.1161e-17
66.36	5.5078e-10	2.4255e-06	1.9132e-06	5.1224e-07	6.1104e-17
66.37	5.0154e-10	2.2093e-06	1.6914e-06	5.1787e-07	6.1046e-17
66.38	4.5321e-10	1.997e-06	1.4735e-06	5.2348e-07	6.0988e-17
66.39	4.0696e-10	1.7937e-06	1.2647e-06	5.2901e-07	6.0927e-17
66.4	3.6393e-10	1.6045e-06	1.0701e-06	5.3443e-07	6.0865e-17
66.41	3.2518e-10	1.4341e-06	8.9443e-07	5.397e-07	6.0799e-17
66.42	2.917e-10	1.2869e-06	7.4209e-07	5.4477e-07	6.0731e-17
66.43	2.6436e-10	1.1666e-06	6.1698e-07	5.4963e-07	6.066e-17
66.44	2.4391e-10	1.0767e-06	5.2242e-07	5.5425e-07	6.0587e-17
66.45	2.3093e-10	1.0197e-06	4.6109e-07	5.5862e-07	6.0512e-17
66.46	2.2587e-10	9.9766e-07	4.3493e-07	5.6273e-07	6.0437e-17
66.47	2.2898e-10	1.0117e-06	4.4511e-07	5.666e-07	6.0363e-17
66.48	2.4035e-10	1.0622e-06	4.92e-07	5.7025e-07	6.029e-17
66.49	2.5986e-10	1.1488e-06	5.7516e-07	5.7368e-07	6.0218e-17
66.5	2.8724e-10	1.2703e-06	6.9331e-07	5.7695e-07	6.015e-17
66.51	3.2201e-10	1.4245e-06	8.4438e-07	5.8007e-07	6.0084e-17
66.52	3.6355e-10	1.6087e-06	1.0256e-06	5.8311e-07	6.0021e-17
66.53	4.1105e-10	1.8194e-06	1.2333e-06	5.8609e-07	5.996e-17
66.54	4.6357e-10	2.0525e-06	1.4634e-06	5.8907e-07	5.9901e-17
66.55	5.2007e-10	2.3033e-06	1.7112e-06	5.9208e-07	5.9842e-17
66.56	5.7937e-10	2.5667e-06	1.9716e-06	5.9516e-07	5.9784e-17
66.57	6.4024e-10	2.8373e-06	2.2389e-06	5.9835e-07	5.9723e-17
66.58	7.014e-10	3.1092e-06	2.5075e-06	6.0167e-07	5.966e-17
66.59	7.6153e-10	3.3768e-06	2.7717e-06	6.0513e-07	5.9593e-17
66.6	8.1936e-10	3.6343e-06	3.0256e-06	6.0875e-07	5.9521e-17
66.61	8.7361e-10	3.8761e-06	3.2636e-06	6.1253e-07	5.9443e-17
66.62	9.2311e-10	4.097e-06	3.4805e-06	6.1645e-07	5.936e-17
66.63	9.6676e-10	4.292e-06	3.6715e-06	6.2052e-07	5.9272e-17
66.64	1.0036e-09	4.4569e-06	3.8322e-06	6.247e-07	5.9178e-17
66.65	1.0328e-09	4.588e-06	3.9591e-06	6.2898e-07	5.908e-17
66.66	1.0538e-09	4.6825e-06	4.0491e-06	6.3334e-07	5.8979e-17
66.67	1.066e-09	4.7381e-06	4.1004e-06	6.3776e-07	5.8877e-17
66.68	1.0692e-09	4.7538e-06	4.1116e-06	6.422e-07	5.8775e-17
66.69	1.0633e-09	4.7292e-06	4.0825e-06	6.4667e-07	5.8674e-17
66.7	1.0486e-09	4.6649e-06	4.0138e-06	6.5113e-07	5.8577e-17
66.71	1.0252e-09	4.5625e-06	3.9069e-06	6.5558e-07	5.8485e-17
66.72	9.9392e-10	4.4245e-06	3.7645e-06	6.6001e-07	5.8399e-17
66.73	9.5535e-10	4.2541e-06	3.5897e-06	6.6443e-07	5.8319e-17
66.74	9.1046e-10	4.0554e-06	3.3866e-06	6.6882e-07	5.8247e-17
66.75	8.6031e-10	3.8331e-06	3.1599e-06	6.732e-07	5.8181e-17
66.76	8.0609e-10	3.5927e-06	2.9151e-06	6.7757e-07	5.8121e-17
66.77	7.4912e-10	3.3397e-06	2.6578e-06	6.8194e-07	5.8067e-17
66.78	6.9076e-10	3.0805e-06	2.3942e-06	6.8632e-07	5.8016e-17
66.79	6.3242e-10	2.8212e-06	2.1304e-06	6.9071e-07	5.7969e-17
66.8	5.7552e-10	2.5681e-06	1.873e-06	6.9512e-07	5.7922e-17
66.81	5.2145e-10	2.3275e-06	1.628e-06	6.9956e-07	5.7874e-17
66.82	4.7155e-10	2.1054e-06	1.4014e-06	7.0402e-07	5.7825e-17
66.83	4.2706e-10	1.9074e-06	1.1988e-06	7.0851e-07	5.7771e-17
66.84	3.8912e-10	1.7384e-06	1.0254e-06	7.1302e-07	5.7713e-17
66.85	3.587e-10	1.603e-06	8.8546e-07	7.1756e-07	5.765e-17
66.86	3.3665e-10	1.5049e-06	7.8278e-07	7.2211e-07	5.7581e-17
66.87	3.2358e-10	1.4469e-06	7.2024e-07	7.2667e-07	5.7506e-17
66.88	3.1994e-10	1.4311e-06	6.9984e-07	7.3125e-07	5.7426e-17
66.89	3.2596e-10	1.4585e-06	7.2261e-07	7.3584e-07	5.7342e-17
66.9	3.4165e-10	1.5291e-06	7.8866e-07	7.4044e-07	5.7255e-17
66.91	3.668e-10	1.6421e-06	8.9709e-07	7.4505e-07	5.7166e-17
66.92	4.0099e-10	1.7957e-06	1.046e-06	7.4968e-07	5.7077e-17
66.93	4.4358e-10	1.9871e-06	1.2327e-06	7.5434e-07	5.6989e-17
66.94	4.9376e-10	2.2125e-06	1.4535e-06	7.5902e-07	5.6902e-17
66.95	5.5053e-10	2.4676e-06	1.7039e-06	7.6374e-07	5.6819e-17
66.96	6.1273e-10	2.7472e-06	1.9787e-06	7.685e-07	5.674e-17
66.97	6.7908e-10	3.0456e-06	2.2723e-06	7.7332e-07	5.6666e-17
66.98	7.4819e-10	3.3566e-06	2.5784e-06	7.7819e-07	5.6597e-17
66.99	8.186e-10	3.6736e-06	2.8905e-06	7.8312e-07	5.6532e-17
67	8.8883e-10	3.9899e-06	3.2018e-06	7.8811e-07	5.6472e-17
67.01	9.5735e-10	4.2988e-06	3.5057e-06	7.9315e-07	5.6416e-17
67.02	1.0227e-09	4.5936e-06	3.7954e-06	7.9824e-07	5.6364e-17
67.03	1.0835e-09	4.868e-06	4.0647e-06	8.0338e-07	5.6313e-17
67.04	1.1383e-09	5.1161e-06	4.3075e-06	8.0855e-07	5.6264e-17
67.05	1.1861e-09	5.3324e-06	4.5187e-06	8.1374e-07	5.6214e-17
67.06	1.2258e-09	5.5123e-06	4.6934e-06	8.1896e-07	5.6165e-17
67.07	1.2564e-09	5.652e-06	4.8278e-06	8.2418e-07	5.6114e-17
67.08	1.2775e-09	5.7484e-06	4.919e-06	8.294e-07	5.6061e-17
67.09	1.2885e-09	5.7996e-06	4.9649e-06	8.3463e-07	5.6005e-17
67.1	1.2892e-09	5.8045e-06	4.9647e-06	8.3986e-07	5.5948e-17
67.11	1.2797e-09	5.7634e-06	4.9183e-06	8.451e-07	5.5887e-17
67.12	1.2602e-09	5.6773e-06	4.827e-06	8.5035e-07	5.5824e-17
67.13	1.2312e-09	5.5485e-06	4.6929e-06	8.5564e-07	5.5759e-17
67.14	1.1935e-09	5.3801e-06	4.5192e-06	8.6096e-07	5.5692e-17
67.15	1.148e-09	5.1764e-06	4.31e-06	8.6634e-07	5.5623e-17
67.16	1.0957e-09	4.9421e-06	4.0703e-06	8.718e-07	5.5553e-17
67.17	1.038e-09	4.6831e-06	3.8058e-06	8.7734e-07	5.5482e-17
67.18	9.7616e-10	4.4056e-06	3.5226e-06	8.8297e-07	5.5411e-17
67.19	9.1178e-10	4.1162e-06	3.2275e-06	8.8871e-07	5.5339e-17
67.2	8.4637e-10	3.8221e-06	2.9276e-06	8.9454e-07	5.5268e-17
67.21	7.8152e-10	3.5303e-06	2.6298e-06	9.0046e-07	5.5197e-17
67.22	7.188e-10	3.2479e-06	2.3415e-06	9.0646e-07	5.5126e-17
67.23	6.5973e-10	2.9819e-06	2.0694e-06	9.1251e-07	5.5056e-17
67.24	6.0577e-10	2.7388e-06	1.8202e-06	9.1858e-07	5.4987e-17
67.25	5.5823e-10	2.5246e-06	1.6e-06	9.2464e-07	5.4919e-17
67.26	5.1831e-10	2.3448e-06	1.4142e-06	9.3064e-07	5.4851e-17
67.27	4.8704e-10	2.204e-06	1.2674e-06	9.3655e-07	5.4786e-17
67.28	4.6522e-10	2.1059e-06	1.1636e-06	9.4232e-07	5.4722e-17
67.29	4.5348e-10	2.0534e-06	1.1054e-06	9.4791e-07	5.466e-17
67.3	4.5221e-10	2.0482e-06	1.0949e-06	9.5329e-07	5.4602e-17
67.31	4.6154e-10	2.0911e-06	1.1327e-06	9.5841e-07	5.4546e-17
67.32	4.8141e-10	2.1817e-06	1.2185e-06	9.6325e-07	5.4494e-17
67.33	5.1146e-10	2.3186e-06	1.3508e-06	9.6781e-07	5.4447e-17
67.34	5.5117e-10	2.4994e-06	1.5273e-06	9.7206e-07	5.4405e-17
67.35	5.9974e-10	2.7204e-06	1.7444e-06	9.7601e-07	5.4367e-17
67.36	6.5619e-10	2.9774e-06	1.9977e-06	9.7968e-07	5.4335e-17
67.37	7.1938e-10	3.2651e-06	2.282e-06	9.8309e-07	5.4307e-17
67.38	7.8799e-10	3.5775e-06	2.5912e-06	9.8627e-07	5.4285e-17
67.39	8.6056e-10	3.9082e-06	2.9189e-06	9.8926e-07	5.4267e-17
67.4	9.3557e-10	4.2501e-06	3.258e-06	9.9209e-07	5.4253e-17
67.41	1.0114e-09	4.5959e-06	3.6011e-06	9.9482e-07	5.4243e-17
67.42	1.0864e-09	4.9384e-06	3.9409e-06	9.9751e-07	5.4235e-17
67.43	1.1591e-09	5.27e-06	4.2699e-06	1.0002e-06	5.4229e-17
67.44	1.2277e-09	5.5838e-06	4.5808e-06	1.0029e-06	5.4223e-17
67.45	1.2909e-09	5.8727e-06	4.867e-06	1.0057e-06	5.4217e-17
67.46	1.3472e-09	6.1307e-06	5.122e-06	1.0087e-06	5.421e-17
67.47	1.3954e-09	6.3521e-06	5.3402e-06	1.0119e-06	5.4201e-17
67.48	1.4345e-09	6.5321e-06	5.5168e-06	1.0152e-06	5.419e-17
67.49	1.4636e-09	6.6668e-06	5.6479e-06	1.0188e-06	5.4175e-17
67.5	1.4822e-09	6.7533e-06	5.7306e-06	1.0227e-06	5.4158e-17
67.51	1.4898e-09	6.79e-06	5.763e-06	1.0269e-06	5.4138e-17
67.52	1.4863e-09	6.7761e-06	5.7446e-06	1.0315e-06	5.4116e-17
67.53	1.4719e-09	6.7121e-06	5.6758e-06	1.0363e-06	5.409e-17
67.54	1.4468e-09	6.5998e-06	5.5583e-06	1.0415e-06	5.4063e-17
67.55	1.4118e-09	6.4419e-06	5.3948e-06	1.0471e-06	5.4035e-17
67.56	1.3676e-09	6.2422e-06	5.1893e-06	1.0529e-06	5.4005e-17
67.57	1.3154e-09	6.0056e-06	4.9465e-06	1.0592e-06	5.3976e-17
67.58	1.2564e-09	5.7379e-06	4.6722e-06	1.0657e-06	5.3948e-17
67.59	1.1919e-09	5.4453e-06	4.3728e-06	1.0725e-06	5.3922e-17
67.6	1.1237e-09	5.1349e-06	4.0554e-06	1.0795e-06	5.3897e-17
67.61	1.0532e-09	4.8143e-06	3.7274e-06	1.0868e-06	5.3875e-17
67.62	9.8219e-10	4.491e-06	3.3968e-06	1.0943e-06	5.3855e-17
67.63	9.1237e-10	4.173e-06	3.0712e-06	1.1018e-06	5.3839e-17
67.64	8.4543e-10	3.868e-06	2.7586e-06	1.1094e-06	5.3826e-17
67.65	7.8298e-10	3.5833e-06	2.4663e-06	1.117e-06	5.3816e-17
67.66	7.2656e-10	3.3261e-06	2.2016e-06	1.1245e-06	5.3808e-17
67.67	6.7757e-10	3.1028e-06	1.9709e-06	1.1319e-06	5.3804e-17
67.68	6.3725e-10	2.919e-06	1.7799e-06	1.1391e-06	5.3801e-17
67.69	6.0662e-10	2.7795e-06	1.6335e-06	1.146e-06	5.38e-17
67.7	5.8653e-10	2.6882e-06	1.5357e-06	1.1525e-06	5.38e-17
67.71	5.7757e-10	2.648e-06	1.4892e-06	1.1587e-06	5.3801e-17
67.72	5.8009e-10	2.6603e-06	1.4957e-06	1.1646e-06	5.3802e-17
67.73	5.9418e-10	2.7257e-06	1.5557e-06	1.17e-06	5.3803e-17
67.74	6.1968e-10	2.8435e-06	1.6685e-06	1.175e-06	5.3803e-17
67.75	6.5617e-10	3.0119e-06	1.8322e-06	1.1797e-06	5.3801e-17
67.76	7.0299e-10	3.2277e-06	2.0437e-06	1.184e-06	5.3798e-17
67.77	7.5923e-10	3.487e-06	2.299e-06	1.188e-06	5.3792e-17
67.78	8.238e-10	3.7846e-06	2.5929e-06	1.1917e-06	5.3784e-17
67.79	8.9537e-10	4.1147e-06	2.9194e-06	1.1953e-06	5.3773e-17
67.8	9.725e-10	4.4704e-06	3.2717e-06	1.1988e-06	5.376e-17
67.81	1.0536e-09	4.8446e-06	3.6423e-06	1.2022e-06	5.3743e-17
67.82	1.1369e-09	5.2293e-06	4.0236e-06	1.2058e-06	5.3724e-17
67.83	1.2208e-09	5.6166e-06	4.4072e-06	1.2094e-06	5.3702e-17
67.84	1.3033e-09	5.9983e-06	4.7849e-06	1.2133e-06	5.3677e-17
67.85	1.3829e-09	6.3661e-06	5.1487e-06	1.2175e-06	5.3649e-17
67.86	1.4576e-09	6.7124e-06	5.4905e-06	1.2219e-06	5.362e-17
67.87	1.5261e-09	7.0296e-06	5.8028e-06	1.2267e-06	5.3589e-17
67.88	1.5867e-09	7.3108e-06	6.0789e-06	1.2319e-06	5.3556e-17
67.89	1.6381e-09	7.5501e-06	6.3126e-06	1.2375e-06	5.3523e-17
67.9	1.6793e-09	7.7421e-06	6.4987e-06	1.2434e-06	5.349e-17
67.91	1.7093e-09	7.8828e-06	6.6331e-06	1.2496e-06	5.3456e-17
67.92	1.7275e-09	7.969e-06	6.7129e-06	1.2561e-06	5.3423e-17
67.93	1.7335e-09	7.9991e-06	6.7362e-06	1.2629e-06	5.339e-17
67.94	1.7272e-09	7.9724e-06	6.7026e-06	1.2698e-06	5.3358e-17
67.95	1.7088e-09	7.8898e-06	6.6128e-06	1.2769e-06	5.3326e-17
67.96	1.6787e-09	7.7531e-06	6.4691e-06	1.2841e-06	5.3295e-17
67.97	1.6377e-09	7.5658e-06	6.2746e-06	1.2913e-06	5.3265e-17
67.98	1.5867e-09	7.3324e-06	6.034e-06	1.2984e-06	5.3234e-17
67.99	1.5269e-09	7.0583e-06	5.7528e-06	1.3054e-06	5.3203e-17
68	1.4598e-09	6.7501e-06	5.4377e-06	1.3124e-06	5.3171e-17
68.01	1.387e-09	6.4152e-06	5.0961e-06	1.3191e-06	5.3138e-17
68.02	1.3101e-09	6.0617e-06	4.736e-06	1.3257e-06	5.3102e-17
68.03	1.2312e-09	5.698e-06	4.3659e-06	1.3321e-06	5.3063e-17
68.04	1.1519e-09	5.3329e-06	3.9946e-06	1.3383e-06	5.3022e-17
68.05	1.0744e-09	4.9753e-06	3.6311e-06	1.3443e-06	5.2977e-17
68.06	1.0004e-09	4.634e-06	3.284e-06	1.35e-06	5.2929e-17
68.07	9.3178e-10	4.3174e-06	2.9618e-06	1.3556e-06	5.2878e-17
68.08	8.7024e-10	4.0335e-06	2.6724e-06	1.3611e-06	5.2823e-17
68.09	8.1732e-10	3.7893e-06	2.4229e-06	1.3664e-06	5.2765e-17
68.1	7.7438e-10	3.5913e-06	2.2197e-06	1.3716e-06	5.2705e-17
68.11	7.4255e-10	3.4447e-06	2.068e-06	1.3767e-06	5.2643e-17
68.12	7.2272e-10	3.3537e-06	1.9719e-06	1.3818e-06	5.258e-17
68.13	7.155e-10	3.3211e-06	1.9343e-06	1.3868e-06	5.2517e-17
68.14	7.2121e-10	3.3486e-06	1.9568e-06	1.3918e-06	5.2455e-17
68.15	7.399e-10	3.4364e-06	2.0395e-06	1.3969e-06	5.2394e-17
68.16	7.713e-10	3.5833e-06	2.1813e-06	1.402e-06	5.2334e-17
68.17	8.1486e-10	3.7868e-06	2.3795e-06	1.4073e-06	5.2277e-17
68.18	8.6976e-10	4.0431e-06	2.6304e-06	1.4126e-06	5.2223e-17
68.19	9.3488e-10	4.3471e-06	2.9289e-06	1.4182e-06	5.2171e-17
68.2	1.0089e-09	4.6927e-06	3.2689e-06	1.4238e-06	5.2122e-17
68.21	1.0903e-09	5.0727e-06	3.6431e-06	1.4297e-06	5.2075e-17
68.22	1.1773e-09	5.4793e-06	4.0436e-06	1.4357e-06	5.203e-17
68.23	1.2682e-09	5.9037e-06	4.4619e-06	1.4419e-06	5.1986e-17
68.24	1.3608e-09	6.3369e-06	4.8887e-06	1.4482e-06	5.1943e-17
68.25	1.4533e-09	6.7696e-06	5.315e-06	1.4547e-06	5.1899e-17
68.26	1.5436e-09	7.1924e-06	5.7312e-06	1.4613e-06	5.1855e-17
68.27	1.6298e-09	7.5961e-06	6.1282e-06	1.4679e-06	5.1809e-17
68.28	1.7099e-09	7.9718e-06	6.4972e-06	1.4746e-06	5.1762e-17
68.29	1.7822e-09	8.3113e-06	6.83e-06	1.4813e-06	5.1712e-17
68.3	1.8451e-09	8.6072e-06	7.1193e-06	1.4879e-06	5.1661e-17
68.31	1.8972e-09	8.8528e-06	7.3585e-06	1.4944e-06	5.1607e-17
68.32	1.9374e-09	9.0429e-06	7.5423e-06	1.5007e-06	5.1552e-17
68.33	1.9647e-09	9.1733e-06	7.6666e-06	1.5068e-06	5.1495e-17
68.34	1.9787e-09	9.2412e-06	7.7286e-06	1.5126e-06	5.1437e-17
68.35	1.979e-09	9.2453e-06	7.7271e-06	1.5182e-06	5.1378e-17
68.36	1.9656e-09	9.1856e-06	7.6621e-06	1.5235e-06	5.1319e-17
68.37	1.939e-09	9.0638e-06	7.5353e-06	1.5285e-06	5.1261e-17
68.38	1.8998e-09	8.8829e-06	7.3497e-06	1.5332e-06	5.1204e-17
68.39	1.8489e-09	8.6475e-06	7.1098e-06	1.5377e-06	5.1147e-17
68.4	1.7876e-09	8.3632e-06	6.8212e-06	1.542e-06	5.1092e-17
68.41	1.7173e-09	8.037e-06	6.4908e-06	1.5462e-06	5.1037e-17
68.42	1.6399e-09	7.6768e-06	6.1264e-06	1.5504e-06	5.0984e-17
68.43	1.5571e-09	7.2913e-06	5.7368e-06	1.5545e-06	5.093e-17
68.44	1.4709e-09	6.89e-06	5.3312e-06	1.5588e-06	5.0875e-17
68.45	1.3836e-09	6.4825e-06	4.9193e-06	1.5632e-06	5.082e-17
68.46	1.297e-09	6.0789e-06	4.511e-06	1.5679e-06	5.0763e-17
68.47	1.2135e-09	5.689e-06	4.1162e-06	1.5728e-06	5.0704e-17
68.48	1.135e-09	5.3224e-06	3.7443e-06	1.5782e-06	5.0642e-17
68.49	1.0634e-09	4.9882e-06	3.4043e-06	1.5839e-06	5.0576e-17
68.5	1.0005e-09	4.6948e-06	3.1047e-06	1.59e-06	5.0508e-17
68.51	9.4797e-10	4.4494e-06	2.8528e-06	1.5966e-06	5.0437e-17
68.52	9.0703e-10	4.2585e-06	2.6549e-06	1.6036e-06	5.0363e-17
68.53	8.7878e-10	4.1271e-06	2.5161e-06	1.611e-06	5.0287e-17
68.54	8.64e-10	4.0588e-06	2.4402e-06	1.6186e-06	5.0209e-17
68.55	8.6316e-10	4.0561e-06	2.4295e-06	1.6266e-06	5.0132e-17
68.56	8.764e-10	4.1195e-06	2.4847e-06	1.6348e-06	5.0055e-17
68.57	9.0356e-10	4.2484e-06	2.6053e-06	1.6431e-06	4.998e-17
68.58	9.4415e-10	4.4405e-06	2.7891e-06	1.6515e-06	4.9908e-17
68.59	9.9736e-10	4.6922e-06	3.0324e-06	1.6598e-06	4.984e-17
68.6	1.0621e-09	4.9984e-06	3.3303e-06	1.6681e-06	4.9776e-17
68.61	1.1371e-09	5.3528e-06	3.6766e-06	1.6762e-06	4.9717e-17
68.62	1.2207e-09	5.7481e-06	4.064e-06	1.6841e-06	4.9664e-17
68.63	1.3112e-09	6.176e-06	4.4842e-06	1.6917e-06	4.9616e-17
68.64	1.4067e-09	6.6274e-06	4.9283e-06	1.6991e-06	4.9573e-17
68.65	1.505e-09	7.0928e-06	5.3866e-06	1.7062e-06	4.9534e-17
68.66	1.6041e-09	7.5622e-06	5.8492e-06	1.713e-06	4.9499e-17
68.67	1.7019e-09	8.0256e-06	6.3062e-06	1.7194e-06	4.9467e-17
68.68	1.7963e-09	8.4731e-06	6.7475e-06	1.7256e-06	4.9436e-17
68.69	1.8852e-09	8.8951e-06	7.1636e-06	1.7315e-06	4.9407e-17
68.7	1.9668e-09	9.2825e-06	7.5454e-06	1.7372e-06	4.9377e-17
68.71	2.0392e-09	9.6272e-06	7.8845e-06	1.7427e-06	4.9346e-17
68.72	2.1009e-09	9.9216e-06	8.1736e-06	1.748e-06	4.9315e-17
68.73	2.1507e-09	1.016e-05	8.4065e-06	1.7531e-06	4.9281e-17
68.74	2.1875e-09	1.0336e-05	8.5779e-06	1.7582e-06	4.9246e-17
68.75	2.2104e-09	1.0448e-05	8.6844e-06	1.7632e-06	4.921e-17
68.76	2.2191e-09	1.0492e-05	8.7236e-06	1.7682e-06	4.9173e-17
68.77	2.2134e-09	1.0468e-05	8.6949e-06	1.7732e-06	4.9137e-17
68.78	2.1936e-09	1.0377e-05	8.599e-06	1.7782e-06	4.9101e-17
68.79	2.1601e-09	1.0222e-05	8.4384e-06	1.7832e-06	4.9068e-17
68.8	2.1137e-09	1.0005e-05	8.2169e-06	1.7883e-06	4.9038e-17
68.81	2.0557e-09	9.7331e-06	7.9396e-06	1.7935e-06	4.9011e-17
68.82	1.9872e-09	9.4119e-06	7.6132e-06	1.7987e-06	4.8989e-17
68.83	1.9101e-09	9.0492e-06	7.2451e-06	1.8041e-06	4.8973e-17
68.84	1.8261e-09	8.6537e-06	6.8441e-06	1.8095e-06	4.8962e-17
68.85	1.7372e-09	8.2347e-06	6.4196e-06	1.8151e-06	4.8957e-17
68.86	1.6454e-09	7.8021e-06	5.9814e-06	1.8207e-06	4.8958e-17
68.87	1.5531e-09	7.3663e-06	5.5398e-06	1.8265e-06	4.8963e-17
68.88	1.4622e-09	6.9375e-06	5.1053e-06	1.8322e-06	4.8972e-17
68.89	1.3751e-09	6.5262e-06	4.6881e-06	1.8381e-06	4.8985e-17
68.9	1.2938e-09	6.1421e-06	4.2981e-06	1.844e-06	4.9e-17
68.91	1.2203e-09	5.7945e-06	3.9446e-06	1.8499e-06	4.9017e-17
68.92	1.1562e-09	5.4919e-06	3.6361e-06	1.8557e-06	4.9034e-17
68.93	1.1032e-09	5.2416e-06	3.3801e-06	1.8615e-06	4.905e-17
68.94	1.0626e-09	5.0502e-06	3.1829e-06	1.8673e-06	4.9065e-17
68.95	1.0354e-09	4.9224e-06	3.0494e-06	1.8729e-06	4.9078e-17
68.96	1.0224e-09	4.8618e-06	2.9834e-06	1.8784e-06	4.909e-17
68.97	1.0239e-09	4.8705e-06	2.9867e-06	1.8838e-06	4.9099e-17
68.98	1.0401e-09	4.949e-06	3.0599e-06	1.889e-06	4.9107e-17
68.99	1.0707e-09	5.0961e-06	3.202e-06	1.8941e-06	4.9113e-17
69	1.1152e-09	5.3093e-06	3.4102e-06	1.899e-06	4.9118e-17
69.01	1.1726e-09	5.5844e-06	3.6805e-06	1.9038e-06	4.9124e-17
69.02	1.2419e-09	5.9159e-06	4.0073e-06	1.9086e-06	4.9129e-17
69.03	1.3215e-09	6.297e-06	4.3838e-06	1.9133e-06	4.9137e-17
69.04	1.4098e-09	6.72e-06	4.802e-06	1.9179e-06	4.9145e-17
69.05	1.505e-09	7.1758e-06	5.2531e-06	1.9227e-06	4.9156e-17
69.06	1.605e-09	7.6548e-06	5.7273e-06	1.9276e-06	4.917e-17
69.07	1.7077e-09	8.147e-06	6.2144e-06	1.9326e-06	4.9186e-17
69.08	1.8109e-09	8.6418e-06	6.7039e-06	1.9379e-06	4.9204e-17
69.09	1.9124e-09	9.1287e-06	7.1852e-06	1.9435e-06	4.9224e-17
69.1	2.01e-09	9.5972e-06	7.6477e-06	1.9495e-06	4.9246e-17
69.11	2.1015e-09	1.0037e-05	8.0814e-06	1.9558e-06	4.9269e-17
69.12	2.1851e-09	1.0439e-05	8.4768e-06	1.9626e-06	4.9292e-17
69.13	2.2588e-09	1.0795e-05	8.8252e-06	1.9697e-06	4.9315e-17
69.14	2.3212e-09	1.1096e-05	9.1189e-06	1.9773e-06	4.9337e-17
69.15	2.3708e-09	1.1337e-05	9.3515e-06	1.9852e-06	4.9358e-17
69.16	2.4067e-09	1.1511e-05	9.518e-06	1.9935e-06	4.9378e-17
69.17	2.428e-09	1.1617e-05	9.6146e-06	2.0021e-06	4.9396e-17
69.18	2.4343e-09	1.165e-05	9.6395e-06	2.0109e-06	4.9413e-17
69.19	2.4256e-09	1.1612e-05	9.592e-06	2.0199e-06	4.9428e-17
69.2	2.4021e-09	1.1503e-05	9.4736e-06	2.029e-06	4.9444e-17
69.21	2.3643e-09	1.1325e-05	9.287e-06	2.0381e-06	4.9459e-17
69.22	2.3132e-09	1.1084e-05	9.0366e-06	2.0471e-06	4.9474e-17
69.23	2.2501e-09	1.0784e-05	8.7284e-06	2.056e-06	4.9491e-17
69.24	2.1765e-09	1.0434e-05	8.3697e-06	2.0647e-06	4.9509e-17
69.25	2.094e-09	1.0042e-05	7.9688e-06	2.0732e-06	4.9529e-17
69.26	2.0047e-09	9.6166e-06	7.5353e-06	2.0813e-06	4.9552e-17
69.27	1.9108e-09	9.1685e-06	7.0793e-06	2.0892e-06	4.9576e-17
69.28	1.8144e-09	8.7085e-06	6.6118e-06	2.0968e-06	4.9603e-17
69.29	1.7179e-09	8.2478e-06	6.1438e-06	2.104e-06	4.9631e-17
69.3	1.6236e-09	7.7974e-06	5.6865e-06	2.1109e-06	4.966e-17
69.31	1.5338e-09	7.3684e-06	5.2509e-06	2.1174e-06	4.9689e-17
69.32	1.4508e-09	6.9713e-06	4.8476e-06	2.1237e-06	4.9718e-17
69.33	1.3764e-09	6.616e-06	4.4862e-06	2.1297e-06	4.9745e-17
69.34	1.3126e-09	6.3113e-06	4.1758e-06	2.1355e-06	4.977e-17
69.35	1.2611e-09	6.065e-06	3.9239e-06	2.141e-06	4.9792e-17
69.36	1.223e-09	5.8835e-06	3.7371e-06	2.1464e-06	4.9811e-17
69.37	1.1994e-09	5.7718e-06	3.6203e-06	2.1515e-06	4.9825e-17
69.38	1.191e-09	5.7332e-06	3.5767e-06	2.1566e-06	4.9835e-17
69.39	1.1982e-09	5.7695e-06	3.608e-06	2.1615e-06	4.9842e-17
69.4	1.2209e-09	5.8805e-06	3.7142e-06	2.1663e-06	4.9845e-17
69.41	1.2588e-09	6.0645e-06	3.8935e-06	2.171e-06	4.9845e-17
69.42	1.311e-09	6.3181e-06	4.1424e-06	2.1757e-06	4.9844e-17
69.43	1.3767e-09	6.6363e-06	4.4559e-06	2.1804e-06	4.9841e-17
69.44	1.4543e-09	7.0126e-06	4.8275e-06	2.1851e-06	4.984e-17
69.45	1.5423e-09	7.439e-06	5.2492e-06	2.1898e-06	4.9839e-17
69.46	1.6388e-09	7.9066e-06	5.7121e-06	2.1946e-06	4.9841e-17
69.47	1.7417e-09	8.4055e-06	6.206e-06	2.1994e-06	4.9847e-17
69.48	1.8488e-09	8.9248e-06	6.7204e-06	2.2044e-06	4.9856e-17
69.49	1.9577e-09	9.4535e-06	7.244e-06	2.2095e-06	4.987e-17
69.5	2.0662e-09	9.9801e-06	7.7652e-06	2.2148e-06	4.9889e-17
69.51	2.1717e-09	1.0493e-05	8.2727e-06	2.2204e-06	4.9911e-17
69.52	2.2722e-09	1.0981e-05	8.7553e-06	2.2261e-06	4.9938e-17
69.53	2.3652e-09	1.1434e-05	9.2024e-06	2.2321e-06	4.9967e-17
69.54	2.4489e-09	1.1842e-05	9.604e-06	2.2383e-06	4.9998e-17
69.55	2.5213e-09	1.2196e-05	9.9514e-06	2.2448e-06	5.0029e-17
69.56	2.581e-09	1.2488e-05	1.0237e-05	2.2515e-06	5.006e-17
69.57	2.6265e-09	1.2712e-05	1.0454e-05	2.2584e-06	5.0088e-17
69.58	2.657e-09	1.2864e-05	1.0598e-05	2.2655e-06	5.0114e-17
69.59	2.6718e-09	1.2939e-05	1.0666e-05	2.2728e-06	5.0135e-17
69.6	2.6706e-09	1.2937e-05	1.0657e-05	2.2802e-06	5.015e-17
69.61	2.6535e-09	1.2858e-05	1.057e-05	2.2876e-06	5.016e-17
69.62	2.6209e-09	1.2703e-05	1.0408e-05	2.2951e-06	5.0164e-17
69.63	2.5737e-09	1.2478e-05	1.0176e-05	2.3026e-06	5.0161e-17
69.64	2.513e-09	1.2187e-05	9.8771e-06	2.31e-06	5.0152e-17
69.65	2.4401e-09	1.1837e-05	9.52e-06	2.3174e-06	5.0137e-17
69.66	2.357e-09	1.1437e-05	9.1127e-06	2.3247e-06	5.0117e-17
69.67	2.2655e-09	1.0996e-05	8.6646e-06	2.3318e-06	5.0093e-17
69.68	2.1678e-09	1.0525e-05	8.1865e-06	2.3388e-06	5.0065e-17
69.69	2.0663e-09	1.0035e-05	7.6896e-06	2.3456e-06	5.0035e-17
69.7	1.9633e-09	9.538e-06	7.1856e-06	2.3524e-06	5.0003e-17
69.71	1.8614e-09	9.0456e-06	6.6866e-06	2.359e-06	4.9971e-17
69.72	1.763e-09	8.5698e-06	6.2043e-06	2.3655e-06	4.9938e-17
69.73	1.6705e-09	8.1223e-06	5.7505e-06	2.3719e-06	4.9906e-17
69.74	1.5861e-09	7.7141e-06	5.3359e-06	2.3782e-06	4.9875e-17
69.75	1.5118e-09	7.3552e-06	4.9706e-06	2.3845e-06	4.9845e-17
69.76	1.4496e-09	7.0545e-06	4.6637e-06	2.3908e-06	4.9817e-17
69.77	1.401e-09	6.8198e-06	4.4228e-06	2.397e-06	4.979e-17
69.78	1.3672e-09	6.6571e-06	4.2539e-06	2.4032e-06	4.9765e-17
69.79	1.3491e-09	6.571e-06	4.1616e-06	2.4094e-06	4.974e-17
69.8	1.3473e-09	6.5643e-06	4.1486e-06	2.4156e-06	4.9717e-17
69.81	1.362e-09	6.6378e-06	4.2159e-06	2.4218e-06	4.9695e-17
69.82	1.393e-09	6.7906e-06	4.3626e-06	2.428e-06	4.9673e-17
69.83	1.4397e-09	7.0202e-06	4.586e-06	2.4342e-06	4.9652e-17
69.84	1.5011e-09	7.3218e-06	4.8816e-06	2.4403e-06	4.963e-17
69.85	1.576e-09	7.6895e-06	5.2432e-06	2.4463e-06	4.9609e-17
69.86	1.6629e-09	8.1155e-06	5.6632e-06	2.4523e-06	4.9587e-17
69.87	1.7598e-09	8.591e-06	6.1326e-06	2.4583e-06	4.9565e-17
69.88	1.8647e-09	9.1056e-06	6.6414e-06	2.4642e-06	4.9542e-17
69.89	1.9753e-09	9.6485e-06	7.1784e-06	2.4701e-06	4.952e-17
69.9	2.0892e-09	1.0208e-05	7.7319e-06	2.476e-06	4.9496e-17
69.91	2.204e-09	1.0772e-05	8.2898e-06	2.4819e-06	4.9472e-17
69.92	2.3171e-09	1.1328e-05	8.8399e-06	2.4878e-06	4.9447e-17
69.93	2.4261e-09	1.1864e-05	9.3701e-06	2.4938e-06	4.9422e-17
69.94	2.5285e-09	1.2369e-05	9.8688e-06	2.4998e-06	4.9395e-17
69.95	2.6223e-09	1.2831e-05	1.0325e-05	2.5059e-06	4.9367e-17
69.96	2.7053e-09	1.3241e-05	1.0728e-05	2.5122e-06	4.9337e-17
69.97	2.7757e-09	1.3589e-05	1.1071e-05	2.5186e-06	4.9306e-17
69.98	2.832e-09	1.3869e-05	1.1344e-05	2.525e-06	4.9273e-17
69.99	2.873e-09	1.4074e-05	1.1542e-05	2.5317e-06	4.9238e-17
70	2.8978e-09	1.4199e-05	1.1661e-05	2.5385e-06	4.9201e-17
70.01	2.906e-09	1.4244e-05	1.1698e-05	2.5453e-06	4.9163e-17
70.02	2.8974e-09	1.4205e-05	1.1653e-05	2.5523e-06	4.9123e-17
70.03	2.8723e-09	1.4086e-05	1.1527e-05	2.5594e-06	4.9082e-17
70.04	2.8313e-09	1.3889e-05	1.1323e-05	2.5666e-06	4.904e-17
70.05	2.7754e-09	1.3619e-05	1.1045e-05	2.5738e-06	4.8997e-17
70.06	2.7059e-09	1.3282e-05	1.0701e-05	2.5811e-06	4.8954e-17
70.07	2.6246e-09	1.2886e-05	1.0298e-05	2.5883e-06	4.8912e-17
70.08	2.5333e-09	1.2442e-05	9.846e-06	2.5956e-06	4.8869e-17
70.09	2.4342e-09	1.1958e-05	9.3556e-06	2.6028e-06	4.8828e-17
70.1	2.3297e-09	1.1448e-05	8.8383e-06	2.6101e-06	4.8788e-17
70.11	2.2223e-09	1.0924e-05	8.3062e-06	2.6173e-06	4.8749e-17
70.12	2.1145e-09	1.0396e-05	7.7719e-06	2.6246e-06	4.8711e-17
70.13	2.0088e-09	9.8799e-06	7.2481e-06	2.6318e-06	4.8675e-17
70.14	1.9079e-09	9.3863e-06	6.7473e-06	2.639e-06	4.8639e-17
70.15	1.8142e-09	8.9277e-06	6.2814e-06	2.6462e-06	4.8604e-17
70.16	1.7299e-09	8.5151e-06	5.8616e-06	2.6535e-06	4.8568e-17
70.17	1.657e-09	8.1588e-06	5.4981e-06	2.6607e-06	4.8533e-17
70.18	1.5974e-09	7.8677e-06	5.1998e-06	2.6679e-06	4.8496e-17
70.19	1.5526e-09	7.6491e-06	4.974e-06	2.675e-06	4.8458e-17
70.2	1.5237e-09	7.5087e-06	4.8266e-06	2.6821e-06	4.8418e-17
70.21	1.5114e-09	7.4505e-06	4.7614e-06	2.6891e-06	4.8376e-17
70.22	1.5163e-09	7.4765e-06	4.7806e-06	2.6959e-06	4.8332e-17
70.23	1.5382e-09	7.5869e-06	4.8843e-06	2.7026e-06	4.8285e-17
70.24	1.5769e-09	7.7797e-06	5.0707e-06	2.709e-06	4.8236e-17
70.25	1.6314e-09	8.0513e-06	5.3361e-06	2.7152e-06	4.8184e-17
70.26	1.7008e-09	8.3961e-06	5.675e-06	2.7211e-06	4.8131e-17
70.27	1.7835e-09	8.8069e-06	6.0803e-06	2.7267e-06	4.8077e-17
70.28	1.8778e-09	9.2751e-06	6.5432e-06	2.7319e-06	4.8021e-17
70.29	1.9816e-09	9.7905e-06	7.0537e-06	2.7368e-06	4.7966e-17
70.3	2.0927e-09	1.0342e-05	7.6007e-06	2.7414e-06	4.791e-17
70.31	2.2086e-09	1.0918e-05	8.1722e-06	2.7457e-06	4.7855e-17
70.32	2.3268e-09	1.1506e-05	8.7558e-06	2.7498e-06	4.7802e-17
70.33	2.4447e-09	1.2092e-05	9.3386e-06	2.7537e-06	4.775e-17
70.34	2.5598e-09	1.2665e-05	9.9079e-06	2.7575e-06	4.7699e-17
70.35	2.6696e-09	1.3212e-05	1.0451e-05	2.7612e-06	4.765e-17
70.36	2.7717e-09	1.3721e-05	1.0956e-05	2.765e-06	4.7603e-17
70.37	2.8638e-09	1.4181e-05	1.1413e-05	2.7689e-06	4.7556e-17
70.38	2.944e-09	1.4583e-05	1.181e-05	2.773e-06	4.751e-17
70.39	3.0106e-09	1.4917e-05	1.2139e-05	2.7775e-06	4.7465e-17
70.4	3.0621e-09	1.5176e-05	1.2394e-05	2.7822e-06	4.7418e-17
70.41	3.0974e-09	1.5355e-05	1.2568e-05	2.7875e-06	4.7371e-17
70.42	3.1158e-09	1.5451e-05	1.2658e-05	2.7932e-06	4.7323e-17
70.43	3.1171e-09	1.5462e-05	1.2663e-05	2.7994e-06	4.7272e-17
70.44	3.1012e-09	1.5387e-05	1.2581e-05	2.8061e-06	4.722e-17
70.45	3.0685e-09	1.523e-05	1.2416e-05	2.8133e-06	4.7164e-17
70.46	3.0199e-09	1.4993e-05	1.2172e-05	2.821e-06	4.7106e-17
70.47	2.9566e-09	1.4682e-05	1.1853e-05	2.8291e-06	4.7046e-17
70.48	2.88e-09	1.4306e-05	1.1468e-05	2.8376e-06	4.6982e-17
70.49	2.7919e-09	1.3873e-05	1.1026e-05	2.8465e-06	4.6917e-17
70.5	2.6945e-09	1.3392e-05	1.0537e-05	2.8556e-06	4.685e-17
70.51	2.59e-09	1.2877e-05	1.0012e-05	2.8649e-06	4.6782e-17
70.52	2.4809e-09	1.2338e-05	9.4634e-06	2.8744e-06	4.6714e-17
70.53	2.3698e-09	1.1788e-05	8.9045e-06	2.8839e-06	4.6645e-17
70.54	2.2592e-09	1.1241e-05	8.3481e-06	2.8933e-06	4.6577e-17
70.55	2.1518e-09	1.071e-05	7.8074e-06	2.9026e-06	4.651e-17
70.56	2.0501e-09	1.0207e-05	7.2952e-06	2.9118e-06	4.6444e-17
70.57	1.9567e-09	9.7444e-06	6.8236e-06	2.9208e-06	4.638e-17
70.58	1.8736e-09	9.3334e-06	6.404e-06	2.9294e-06	4.6318e-17
70.59	1.803e-09	8.9842e-06	6.0464e-06	2.9378e-06	4.6258e-17
70.6	1.7465e-09	8.7054e-06	5.7596e-06	2.9457e-06	4.6201e-17
70.61	1.7057e-09	8.5042e-06	5.5508e-06	2.9533e-06	4.6145e-17
70.62	1.6815e-09	8.3859e-06	5.4254e-06	2.9605e-06	4.6092e-17
70.63	1.6746e-09	8.354e-06	5.3868e-06	2.9673e-06	4.6042e-17
70.64	1.6854e-09	8.4102e-06	5.4366e-06	2.9736e-06	4.5993e-17
70.65	1.7137e-09	8.5538e-06	5.5742e-06	2.9795e-06	4.5947e-17
70.66	1.759e-09	8.7824e-06	5.7974e-06	2.985e-06	4.5902e-17
70.67	1.8204e-09	9.0916e-06	6.1015e-06	2.9902e-06	4.5859e-17
70.68	1.8967e-09	9.4753e-06	6.4803e-06	2.995e-06	4.5818e-17
70.69	1.9862e-09	9.9254e-06	6.9259e-06	2.9995e-06	4.5779e-17
70.7	2.0871e-09	1.0433e-05	7.4287e-06	3.0038e-06	4.5741e-17
70.71	2.1972e-09	1.0986e-05	7.9779e-06	3.008e-06	4.5705e-17
70.72	2.3141e-09	1.1574e-05	8.5616e-06	3.0121e-06	4.567e-17
70.73	2.4353e-09	1.2183e-05	9.1672e-06	3.0162e-06	4.5637e-17
70.74	2.5582e-09	1.2802e-05	9.7814e-06	3.0204e-06	4.5605e-17
70.75	2.6801e-09	1.3416e-05	1.0391e-05	3.0248e-06	4.5574e-17
70.76	2.7984e-09	1.4012e-05	1.0982e-05	3.0294e-06	4.5544e-17
70.77	2.9105e-09	1.4577e-05	1.1542e-05	3.0345e-06	4.5514e-17
70.78	3.014e-09	1.5099e-05	1.2059e-05	3.04e-06	4.5485e-17
70.79	3.1066e-09	1.5568e-05	1.2522e-05	3.0459e-06	4.5457e-17
70.8	3.1863e-09	1.5972e-05	1.292e-05	3.0525e-06	4.5428e-17
70.81	3.2515e-09	1.6303e-05	1.3244e-05	3.0596e-06	4.5398e-17
70.82	3.3008e-09	1.6555e-05	1.3488e-05	3.0673e-06	4.5369e-17
70.83	3.3331e-09	1.6722e-05	1.3646e-05	3.0755e-06	4.5338e-17
70.84	3.3477e-09	1.68e-05	1.3715e-05	3.0844e-06	4.5307e-17
70.85	3.3445e-09	1.6788e-05	1.3695e-05	3.0937e-06	4.5276e-17
70.86	3.3234e-09	1.6687e-05	1.3584e-05	3.1034e-06	4.5244e-17
70.87	3.2852e-09	1.65e-05	1.3387e-05	3.1135e-06	4.5212e-17
70.88	3.2307e-09	1.6231e-05	1.3107e-05	3.1238e-06	4.5179e-17
70.89	3.1613e-09	1.5887e-05	1.2752e-05	3.1342e-06	4.5148e-17
70.9	3.0784e-09	1.5475e-05	1.233e-05	3.1447e-06	4.5117e-17
70.91	2.9842e-09	1.5005e-05	1.185e-05	3.1551e-06	4.5087e-17
70.92	2.8809e-09	1.449e-05	1.1324e-05	3.1653e-06	4.5059e-17
70.93	2.7708e-09	1.394e-05	1.0765e-05	3.1752e-06	4.5033e-17
70.94	2.6565e-09	1.3369e-05	1.0184e-05	3.1848e-06	4.5009e-17
70.95	2.5408e-09	1.279e-05	9.5963e-06	3.1939e-06	4.4988e-17
70.96	2.4264e-09	1.2218e-05	9.0151e-06	3.2026e-06	4.4969e-17
70.97	2.316e-09	1.1665e-05	8.4542e-06	3.2107e-06	4.4952e-17
70.98	2.2122e-09	1.1145e-05	7.927e-06	3.2183e-06	4.4938e-17
70.99	2.1175e-09	1.0671e-05	7.446e-06	3.2254e-06	4.4925e-17
71	2.0342e-09	1.0255e-05	7.0227e-06	3.2319e-06	4.4913e-17
71.01	1.9644e-09	9.9052e-06	6.6674e-06	3.2378e-06	4.4902e-17
71.02	1.9097e-09	9.6321e-06	6.3888e-06	3.2433e-06	4.4892e-17
71.03	1.8715e-09	9.4422e-06	6.1938e-06	3.2484e-06	4.4881e-17
71.04	1.8509e-09	9.3407e-06	6.0877e-06	3.253e-06	4.4869e-17
71.05	1.8483e-09	9.3305e-06	6.0733e-06	3.2572e-06	4.4856e-17
71.06	1.8641e-09	9.4128e-06	6.1516e-06	3.2611e-06	4.4841e-17
71.07	1.8979e-09	9.5863e-06	6.3215e-06	3.2648e-06	4.4824e-17
71.08	1.9492e-09	9.8479e-06	6.5797e-06	3.2682e-06	4.4805e-17
71.09	2.0167e-09	1.0192e-05	6.9207e-06	3.2714e-06	4.4784e-17
71.1	2.0992e-09	1.0612e-05	7.3374e-06	3.2745e-06	4.4761e-17
71.11	2.1948e-09	1.1098e-05	7.8209e-06	3.2775e-06	4.4736e-17
71.12	2.3015e-09	1.1641e-05	8.3605e-06	3.2804e-06	4.471e-17
71.13	2.4168e-09	1.2228e-05	8.9445e-06	3.2834e-06	4.4682e-17
71.14	2.5384e-09	1.2846e-05	9.56e-06	3.2864e-06	4.4654e-17
71.15	2.6634e-09	1.3483e-05	1.0194e-05	3.2895e-06	4.4626e-17
71.16	2.7892e-09	1.4124e-05	1.0831e-05	3.2928e-06	4.4598e-17
71.17	2.913e-09	1.4755e-05	1.1458e-05	3.2964e-06	4.4571e-17
71.18	3.032e-09	1.5362e-05	1.2062e-05	3.3003e-06	4.4544e-17
71.19	3.1437e-09	1.5932e-05	1.2628e-05	3.3045e-06	4.4518e-17
71.2	3.2456e-09	1.6453e-05	1.3144e-05	3.3091e-06	4.4493e-17
71.21	3.3354e-09	1.6913e-05	1.3599e-05	3.3141e-06	4.447e-17
71.22	3.4112e-09	1.7303e-05	1.3983e-05	3.3197e-06	4.4447e-17
71.23	3.4714e-09	1.7613e-05	1.4287e-05	3.3258e-06	4.4425e-17
71.24	3.5146e-09	1.7837e-05	1.4505e-05	3.3324e-06	4.4404e-17
71.25	3.5401e-09	1.7971e-05	1.4632e-05	3.3395e-06	4.4383e-17
71.26	3.5471e-09	1.8012e-05	1.4665e-05	3.3472e-06	4.4363e-17
71.27	3.5358e-09	1.796e-05	1.4604e-05	3.3553e-06	4.4343e-17
71.28	3.5063e-09	1.7815e-05	1.4451e-05	3.3639e-06	4.4323e-17
71.29	3.4594e-09	1.7582e-05	1.4209e-05	3.3728e-06	4.4303e-17
71.3	3.3963e-09	1.7266e-05	1.3884e-05	3.382e-06	4.4283e-17
71.31	3.3184e-09	1.6874e-05	1.3483e-05	3.3915e-06	4.4263e-17
71.32	3.2276e-09	1.6417e-05	1.3016e-05	3.401e-06	4.4244e-17
71.33	3.126e-09	1.5905e-05	1.2494e-05	3.4106e-06	4.4226e-17
71.34	3.0159e-09	1.5349e-05	1.1929e-05	3.4202e-06	4.4208e-17
71.35	2.9001e-09	1.4764e-05	1.1334e-05	3.4296e-06	4.4191e-17
71.36	2.7811e-09	1.4162e-05	1.0723e-05	3.4388e-06	4.4175e-17
71.37	2.6618e-09	1.3558e-05	1.011e-05	3.4477e-06	4.416e-17
71.38	2.5449e-09	1.2967e-05	9.5105e-06	3.4563e-06	4.4146e-17
71.39	2.4334e-09	1.2402e-05	8.9373e-06	3.4645e-06	4.4133e-17
71.4	2.3298e-09	1.1877e-05	8.4047e-06	3.4724e-06	4.412e-17
71.41	2.2365e-09	1.1405e-05	7.9251e-06	3.4798e-06	4.4106e-17
71.42	2.156e-09	1.0997e-05	7.5103e-06	3.4868e-06	4.4093e-17
71.43	2.09e-09	1.0664e-05	7.1703e-06	3.4935e-06	4.4078e-17
71.44	2.0404e-09	1.0413e-05	6.9135e-06	3.4998e-06	4.4061e-17
71.45	2.0082e-09	1.0252e-05	6.7464e-06	3.5058e-06	4.4042e-17
71.46	1.9945e-09	1.0185e-05	6.6735e-06	3.5115e-06	4.402e-17
71.47	1.9997e-09	1.0214e-05	6.6973e-06	3.5169e-06	4.3995e-17
71.48	2.0237e-09	1.034e-05	6.8177e-06	3.5221e-06	4.3966e-17
71.49	2.0662e-09	1.056e-05	7.0328e-06	3.5271e-06	4.3933e-17
71.5	2.1263e-09	1.087e-05	7.3383e-06	3.532e-06	4.3897e-17
71.51	2.2028e-09	1.1265e-05	7.7278e-06	3.5368e-06	4.3856e-17
71.52	2.2941e-09	1.1735e-05	8.1932e-06	3.5416e-06	4.3813e-17
71.53	2.3982e-09	1.227e-05	8.7242e-06	3.5462e-06	4.3766e-17
71.54	2.5128e-09	1.286e-05	9.3095e-06	3.5509e-06	4.3718e-17
71.55	2.6354e-09	1.3492e-05	9.9361e-06	3.5556e-06	4.3667e-17
71.56	2.7633e-09	1.4151e-05	1.059e-05	3.5603e-06	4.3616e-17
71.57	2.8938e-09	1.4823e-05	1.1258e-05	3.565e-06	4.3565e-17
71.58	3.0238e-09	1.5493e-05	1.1923e-05	3.5699e-06	4.3514e-17
71.59	3.1506e-09	1.6147e-05	1.2572e-05	3.5748e-06	4.3464e-17
71.6	3.2713e-09	1.6771e-05	1.3191e-05	3.5799e-06	4.3416e-17
71.61	3.3833e-09	1.735e-05	1.3765e-05	3.585e-06	4.3369e-17
71.62	3.4841e-09	1.7872e-05	1.4281e-05	3.5904e-06	4.3324e-17
71.63	3.5715e-09	1.8325e-05	1.4729e-05	3.5958e-06	4.3281e-17
71.64	3.6435e-09	1.87e-05	1.5098e-05	3.6015e-06	4.3239e-17
71.65	3.6986e-09	1.8988e-05	1.5381e-05	3.6073e-06	4.3198e-17
71.66	3.7356e-09	1.9183e-05	1.557e-05	3.6133e-06	4.3158e-17
71.67	3.7537e-09	1.9281e-05	1.5662e-05	3.6194e-06	4.3117e-17
71.68	3.7526e-09	1.9281e-05	1.5655e-05	3.6257e-06	4.3075e-17
71.69	3.7323e-09	1.9182e-05	1.555e-05	3.632e-06	4.3032e-17
71.7	3.6933e-09	1.8987e-05	1.5349e-05	3.6385e-06	4.2987e-17
71.71	3.6367e-09	1.8701e-05	1.5056e-05	3.645e-06	4.2939e-17
71.72	3.5637e-09	1.8331e-05	1.4679e-05	3.6516e-06	4.2888e-17
71.73	3.476e-09	1.7885e-05	1.4227e-05	3.6583e-06	4.2834e-17
71.74	3.3758e-09	1.7374e-05	1.3709e-05	3.6649e-06	4.2776e-17
71.75	3.2654e-09	1.6811e-05	1.3139e-05	3.6715e-06	4.2716e-17
71.76	3.1474e-09	1.6208e-05	1.253e-05	3.6782e-06	4.2654e-17
71.77	3.0246e-09	1.5579e-05	1.1895e-05	3.6848e-06	4.2589e-17
71.78	2.8998e-09	1.4941e-05	1.125e-05	3.6914e-06	4.2523e-17
71.79	2.7761e-09	1.4307e-05	1.0609e-05	3.6981e-06	4.2456e-17
71.8	2.6563e-09	1.3694e-05	9.989e-06	3.7048e-06	4.239e-17
71.81	2.5433e-09	1.3115e-05	9.4035e-06	3.7116e-06	4.2324e-17
71.82	2.4399e-09	1.2585e-05	8.8667e-06	3.7186e-06	4.226e-17
71.83	2.3485e-09	1.2117e-05	8.3914e-06	3.7257e-06	4.2198e-17
71.84	2.2713e-09	1.1722e-05	7.9891e-06	3.733e-06	4.2138e-17
71.85	2.2103e-09	1.141e-05	7.6698e-06	3.7405e-06	4.2082e-17
71.86	2.1669e-09	1.1189e-05	7.4412e-06	3.7482e-06	4.2028e-17
71.87	2.1423e-09	1.1066e-05	7.3095e-06	3.7562e-06	4.1977e-17
71.88	2.1372e-09	1.1042e-05	7.278e-06	3.7644e-06	4.1929e-17
71.89	2.1519e-09	1.1121e-05	7.3484e-06	3.7728e-06	4.1883e-17
71.9	2.186e-09	1.1301e-05	7.5194e-06	3.7813e-06	4.1838e-17
71.91	2.239e-09	1.1578e-05	7.7878e-06	3.79e-06	4.1795e-17
71.92	2.3096e-09	1.1947e-05	8.1479e-06	3.7986e-06	4.1751e-17
71.93	2.3965e-09	1.2399e-05	8.5922e-06	3.8072e-06	4.1707e-17
71.94	2.4977e-09	1.2926e-05	9.1108e-06	3.8157e-06	4.1663e-17
71.95	2.6109e-09	1.3516e-05	9.6924e-06	3.8239e-06	4.1616e-17
71.96	2.7337e-09	1.4156e-05	1.0324e-05	3.8318e-06	4.1567e-17
71.97	2.8634e-09	1.4831e-05	1.0992e-05	3.8393e-06	4.1515e-17
71.98	2.9969e-09	1.5528e-05	1.1681e-05	3.8463e-06	4.1461e-17
71.99	3.1315e-09	1.6229e-05	1.2376e-05	3.8528e-06	4.1403e-17
72	3.264e-09	1.6921e-05	1.3062e-05	3.8587e-06	4.1343e-17
72.01	3.3916e-09	1.7587e-05	1.3723e-05	3.8641e-06	4.128e-17
72.02	3.5113e-09	1.8213e-05	1.4344e-05	3.8689e-06	4.1216e-17
72.03	3.6207e-09	1.8785e-05	1.4912e-05	3.8732e-06	4.1149e-17
72.04	3.7172e-09	1.9291e-05	1.5414e-05	3.877e-06	4.1082e-17
72.05	3.7988e-09	1.972e-05	1.584e-05	3.8804e-06	4.1014e-17
72.06	3.8637e-09	2.0063e-05	1.6179e-05	3.8836e-06	4.0947e-17
72.07	3.9105e-09	2.0312e-05	1.6425e-05	3.8865e-06	4.0881e-17
72.08	3.9383e-09	2.0462e-05	1.6572e-05	3.8894e-06	4.0817e-17
72.09	3.9466e-09	2.051e-05	1.6618e-05	3.8922e-06	4.0755e-17
72.1	3.9351e-09	2.0456e-05	1.6561e-05	3.8952e-06	4.0696e-17
72.11	3.9044e-09	2.0302e-05	1.6404e-05	3.8985e-06	4.064e-17
72.12	3.8552e-09	2.0052e-05	1.615e-05	3.902e-06	4.0588e-17
72.13	3.7886e-09	1.9711e-05	1.5805e-05	3.906e-06	4.0539e-17
72.14	3.7064e-09	1.9289e-05	1.5378e-05	3.9104e-06	4.0493e-17
72.15	3.6104e-09	1.8794e-05	1.4879e-05	3.9153e-06	4.0451e-17
72.16	3.5029e-09	1.824e-05	1.4319e-05	3.9207e-06	4.0411e-17
72.17	3.3864e-09	1.7638e-05	1.3711e-05	3.9267e-06	4.0374e-17
72.18	3.2636e-09	1.7003e-05	1.307e-05	3.9332e-06	4.0338e-17
72.19	3.1375e-09	1.6351e-05	1.241e-05	3.9401e-06	4.0304e-17
72.2	3.0108e-09	1.5695e-05	1.1747e-05	3.9475e-06	4.027e-17
72.21	2.8867e-09	1.5052e-05	1.1097e-05	3.9553e-06	4.0236e-17
72.22	2.768e-09	1.4437e-05	1.0474e-05	3.9635e-06	4.0202e-17
72.23	2.6575e-09	1.3865e-05	9.8925e-06	3.972e-06	4.0166e-17
72.24	2.5577e-09	1.3348e-05	9.3672e-06	3.9807e-06	4.0129e-17
72.25	2.4712e-09	1.29e-05	8.9102e-06	3.9896e-06	4.009e-17
72.26	2.3999e-09	1.2531e-05	8.5323e-06	3.9986e-06	4.0049e-17
72.27	2.3455e-09	1.225e-05	8.2428e-06	4.0077e-06	4.0006e-17
72.28	2.3095e-09	1.2066e-05	8.0489e-06	4.0168e-06	3.9961e-17
72.29	2.2927e-09	1.1981e-05	7.9556e-06	4.0258e-06	3.9915e-17
72.3	2.2957e-09	1.2e-05	7.9656e-06	4.0348e-06	3.9867e-17
72.31	2.3186e-09	1.2123e-05	8.0794e-06	4.0437e-06	3.9818e-17
72.32	2.3608e-09	1.2348e-05	8.295e-06	4.0525e-06	3.977e-17
72.33	2.4217e-09	1.2669e-05	8.6083e-06	4.0611e-06	3.9721e-17
72.34	2.4999e-09	1.3082e-05	9.0127e-06	4.0695e-06	3.9674e-17
72.35	2.5938e-09	1.3577e-05	9.4996e-06	4.0777e-06	3.9628e-17
72.36	2.7014e-09	1.4144e-05	1.0059e-05	4.0857e-06	3.9585e-17
72.37	2.8203e-09	1.4771e-05	1.0678e-05	4.0934e-06	3.9545e-17
72.38	2.948e-09	1.5444e-05	1.1343e-05	4.101e-06	3.9507e-17
72.39	3.0817e-09	1.6149e-05	1.2041e-05	4.1083e-06	3.9473e-17
72.4	3.2185e-09	1.687e-05	1.2755e-05	4.1154e-06	3.9443e-17
72.41	3.3553e-09	1.7592e-05	1.347e-05	4.1223e-06	3.9416e-17
72.42	3.4892e-09	1.8299e-05	1.417e-05	4.129e-06	3.9393e-17
72.43	3.6171e-09	1.8976e-05	1.484e-05	4.1355e-06	3.9373e-17
72.44	3.7364e-09	1.9607e-05	1.5465e-05	4.1419e-06	3.9355e-17
72.45	3.8444e-09	2.0179e-05	1.6031e-05	4.1481e-06	3.934e-17
72.46	3.9387e-09	2.068e-05	1.6526e-05	4.1543e-06	3.9326e-17
72.47	4.0172e-09	2.1098e-05	1.6938e-05	4.1603e-06	3.9313e-17
72.48	4.0783e-09	2.1425e-05	1.7259e-05	4.1662e-06	3.9301e-17
72.49	4.1206e-09	2.1653e-05	1.7481e-05	4.172e-06	3.9289e-17
72.5	4.1432e-09	2.1778e-05	1.76e-05	4.1777e-06	3.9276e-17
72.51	4.1457e-09	2.1797e-05	1.7614e-05	4.1833e-06	3.9264e-17
72.52	4.128e-09	2.171e-05	1.7521e-05	4.1887e-06	3.925e-17
72.53	4.0906e-09	2.1519e-05	1.7325e-05	4.1939e-06	3.9236e-17
72.54	4.0343e-09	2.1229e-05	1.703e-05	4.199e-06	3.9221e-17
72.55	3.9605e-09	2.0846e-05	1.6642e-05	4.2037e-06	3.9205e-17
72.56	3.8708e-09	2.038e-05	1.6171e-05	4.2081e-06	3.919e-17
72.57	3.7674e-09	1.984e-05	1.5628e-05	4.2122e-06	3.9175e-17
72.58	3.6525e-09	1.9241e-05	1.5025e-05	4.2159e-06	3.916e-17
72.59	3.5288e-09	1.8595e-05	1.4375e-05	4.2192e-06	3.9147e-17
72.6	3.3993e-09	1.7917e-05	1.3695e-05	4.2221e-06	3.9135e-17
72.61	3.2668e-09	1.7223e-05	1.2998e-05	4.2247e-06	3.9125e-17
72.62	3.1344e-09	1.653e-05	1.2303e-05	4.2269e-06	3.9117e-17
72.63	3.0053e-09	1.5853e-05	1.1624e-05	4.2288e-06	3.911e-17
72.64	2.8823e-09	1.5209e-05	1.0978e-05	4.2305e-06	3.9106e-17
72.65	2.7685e-09	1.4612e-05	1.038e-05	4.232e-06	3.9103e-17
72.66	2.6665e-09	1.4078e-05	9.8439e-06	4.2336e-06	3.9102e-17
72.67	2.5787e-09	1.3618e-05	9.3825e-06	4.2352e-06	3.9102e-17
72.68	2.5072e-09	1.3244e-05	9.0071e-06	4.2372e-06	3.9102e-17
72.69	2.4539e-09	1.2966e-05	8.7268e-06	4.2394e-06	3.9103e-17
72.7	2.4201e-09	1.2791e-05	8.5487e-06	4.2422e-06	3.9104e-17
72.71	2.4066e-09	1.2723e-05	8.4775e-06	4.2457e-06	3.9104e-17
72.72	2.414e-09	1.2766e-05	8.5157e-06	4.2498e-06	3.9104e-17
72.73	2.4421e-09	1.2918e-05	8.663e-06	4.2548e-06	3.9102e-17
72.74	2.4905e-09	1.3177e-05	8.9168e-06	4.2607e-06	3.9099e-17
72.75	2.5582e-09	1.3539e-05	9.2718e-06	4.2675e-06	3.9095e-17
72.76	2.6437e-09	1.3996e-05	9.7207e-06	4.2752e-06	3.9091e-17
72.77	2.7453e-09	1.4538e-05	1.0254e-05	4.2838e-06	3.9085e-17
72.78	2.8606e-09	1.5153e-05	1.0859e-05	4.2932e-06	3.908e-17
72.79	2.9873e-09	1.5828e-05	1.1524e-05	4.3033e-06	3.9074e-17
72.8	3.1223e-09	1.6548e-05	1.2234e-05	4.3141e-06	3.907e-17
72.81	3.2628e-09	1.7297e-05	1.2972e-05	4.3254e-06	3.9066e-17
72.82	3.4057e-09	1.8059e-05	1.3722e-05	4.337e-06	3.9064e-17
72.83	3.5476e-09	1.8817e-05	1.4468e-05	4.3488e-06	3.9063e-17
72.84	3.6855e-09	1.9554e-05	1.5193e-05	4.3606e-06	3.9065e-17
72.85	3.8162e-09	2.0253e-05	1.5881e-05	4.3723e-06	3.9068e-17
72.86	3.9369e-09	2.0899e-05	1.6515e-05	4.3838e-06	3.9073e-17
72.87	4.0448e-09	2.1478e-05	1.7083e-05	4.3947e-06	3.908e-17
72.88	4.1376e-09	2.1977e-05	1.7572e-05	4.4052e-06	3.9088e-17
72.89	4.2132e-09	2.2385e-05	1.797e-05	4.4149e-06	3.9096e-17
72.9	4.27e-09	2.2692e-05	1.8268e-05	4.424e-06	3.9104e-17
72.91	4.3067e-09	2.2894e-05	1.8462e-05	4.4322e-06	3.9111e-17
72.92	4.3226e-09	2.2985e-05	1.8545e-05	4.4397e-06	3.9117e-17
72.93	4.3174e-09	2.2964e-05	1.8517e-05	4.4462e-06	3.912e-17
72.94	4.2914e-09	2.2831e-05	1.8379e-05	4.452e-06	3.9121e-17
72.95	4.2451e-09	2.2591e-05	1.8134e-05	4.4569e-06	3.9118e-17
72.96	4.1797e-09	2.2249e-05	1.7788e-05	4.461e-06	3.9111e-17
72.97	4.0968e-09	2.1814e-05	1.7349e-05	4.4645e-06	3.9101e-17
72.98	3.9983e-09	2.1295e-05	1.6828e-05	4.4672e-06	3.9087e-17
72.99	3.8866e-09	2.0706e-05	1.6237e-05	4.4695e-06	3.9069e-17
73	3.7643e-09	2.006e-05	1.5589e-05	4.4712e-06	3.9048e-17
73.01	3.6342e-09	1.9372e-05	1.4899e-05	4.4726e-06	3.9025e-17
73.02	3.4994e-09	1.8659e-05	1.4185e-05	4.4738e-06	3.8999e-17
73.03	3.363e-09	1.7936e-05	1.3462e-05	4.4747e-06	3.8972e-17
73.04	3.2283e-09	1.7222e-05	1.2747e-05	4.4756e-06	3.8943e-17
73.05	3.0982e-09	1.6533e-05	1.2056e-05	4.4766e-06	3.8915e-17
73.06	2.976e-09	1.5885e-05	1.1407e-05	4.4778e-06	3.8888e-17
73.07	2.8643e-09	1.5293e-05	1.0814e-05	4.4792e-06	3.8861e-17
73.08	2.766e-09	1.4772e-05	1.0291e-05	4.481e-06	3.8836e-17
73.09	2.6833e-09	1.4334e-05	9.8511e-06	4.4833e-06	3.8813e-17
73.1	2.6181e-09	1.399e-05	9.5039e-06	4.4862e-06	3.8792e-17
73.11	2.5721e-09	1.3748e-05	9.2583e-06	4.4896e-06	3.8774e-17
73.12	2.5463e-09	1.3614e-05	9.1202e-06	4.4938e-06	3.8757e-17
73.13	2.5415e-09	1.3592e-05	9.0935e-06	4.4986e-06	3.8744e-17
73.14	2.5579e-09	1.3683e-05	9.1791e-06	4.5043e-06	3.8732e-17
73.15	2.5951e-09	1.3886e-05	9.3758e-06	4.5106e-06	3.8722e-17
73.16	2.6525e-09	1.4197e-05	9.6794e-06	4.5177e-06	3.8714e-17
73.17	2.7287e-09	1.4609e-05	1.0084e-05	4.5254e-06	3.8707e-17
73.18	2.8221e-09	1.5113e-05	1.058e-05	4.5338e-06	3.8702e-17
73.19	2.9307e-09	1.5699e-05	1.1156e-05	4.5427e-06	3.8698e-17
73.2	3.0521e-09	1.6354e-05	1.1802e-05	4.5521e-06	3.8695e-17
73.21	3.1835e-09	1.7062e-05	1.2501e-05	4.5618e-06	3.8694e-17
73.22	3.322e-09	1.781e-05	1.3238e-05	4.5717e-06	3.8693e-17
73.23	3.4646e-09	1.8579e-05	1.3998e-05	4.5817e-06	3.8693e-17
73.24	3.608e-09	1.9354e-05	1.4762e-05	4.5917e-06	3.8694e-17
73.25	3.7491e-09	2.0116e-05	1.5514e-05	4.6015e-06	3.8695e-17
73.26	3.8847e-09	2.0849e-05	1.6238e-05	4.6111e-06	3.8698e-17
73.27	4.0117e-09	2.1537e-05	1.6917e-05	4.6204e-06	3.8701e-17
73.28	4.1274e-09	2.2164e-05	1.7535e-05	4.6292e-06	3.8704e-17
73.29	4.2293e-09	2.2717e-05	1.808e-05	4.6376e-06	3.8708e-17
73.3	4.315e-09	2.3184e-05	1.8538e-05	4.6454e-06	3.8711e-17
73.31	4.3827e-09	2.3554e-05	1.8901e-05	4.6526e-06	3.8714e-17
73.32	4.4309e-09	2.382e-05	1.916e-05	4.6593e-06	3.8717e-17
73.33	4.4586e-09	2.3975e-05	1.931e-05	4.6654e-06	3.8718e-17
73.34	4.4653e-09	2.4018e-05	1.9347e-05	4.6709e-06	3.8718e-17
73.35	4.4509e-09	2.3947e-05	1.9271e-05	4.6759e-06	3.8717e-17
73.36	4.4159e-09	2.3765e-05	1.9085e-05	4.6804e-06	3.8713e-17
73.37	4.361e-09	2.3476e-05	1.8792e-05	4.6844e-06	3.8707e-17
73.38	4.2877e-09	2.3088e-05	1.84e-05	4.6881e-06	3.87e-17
73.39	4.1976e-09	2.2609e-05	1.7918e-05	4.6914e-06	3.869e-17
73.4	4.093e-09	2.2051e-05	1.7357e-05	4.6945e-06	3.8679e-17
73.41	3.9762e-09	2.1428e-05	1.673e-05	4.6974e-06	3.8665e-17
73.42	3.8499e-09	2.0753e-05	1.6053e-05	4.7001e-06	3.8651e-17
73.43	3.7172e-09	2.0043e-05	1.534e-05	4.7027e-06	3.8636e-17
73.44	3.5811e-09	1.9314e-05	1.4609e-05	4.7054e-06	3.8621e-17
73.45	3.4448e-09	1.8584e-05	1.3876e-05	4.7081e-06	3.8606e-17
73.46	3.3113e-09	1.7869e-05	1.3158e-05	4.7109e-06	3.8591e-17
73.47	3.184e-09	1.7187e-05	1.2473e-05	4.7138e-06	3.8578e-17
73.48	3.0656e-09	1.6552e-05	1.1835e-05	4.7171e-06	3.8566e-17
73.49	2.9591e-09	1.5981e-05	1.1261e-05	4.7206e-06	3.8556e-17
73.5	2.8668e-09	1.5487e-05	1.0763e-05	4.7244e-06	3.8549e-17
73.51	2.7911e-09	1.5082e-05	1.0353e-05	4.7287e-06	3.8543e-17
73.52	2.7336e-09	1.4776e-05	1.0042e-05	4.7334e-06	3.854e-17
73.53	2.6958e-09	1.4575e-05	9.8366e-06	4.7386e-06	3.8539e-17
73.54	2.6786e-09	1.4486e-05	9.742e-06	4.7444e-06	3.854e-17
73.55	2.6826e-09	1.4512e-05	9.7611e-06	4.7506e-06	3.8542e-17
73.56	2.7076e-09	1.4651e-05	9.8938e-06	4.7574e-06	3.8547e-17
73.57	2.7533e-09	1.4902e-05	1.0138e-05	4.7646e-06	3.8552e-17
73.58	2.8186e-09	1.526e-05	1.0488e-05	4.7724e-06	3.8559e-17
73.59	2.9021e-09	1.5716e-05	1.0936e-05	4.7805e-06	3.8566e-17
73.6	3.0021e-09	1.6262e-05	1.1473e-05	4.789e-06	3.8574e-17
73.61	3.1161e-09	1.6885e-05	1.2087e-05	4.7977e-06	3.8582e-17
73.62	3.2419e-09	1.7571e-05	1.2764e-05	4.8065e-06	3.8591e-17
73.63	3.3764e-09	1.8305e-05	1.3489e-05	4.8154e-06	3.86e-17
73.64	3.5166e-09	1.907e-05	1.4246e-05	4.8242e-06	3.861e-17
73.65	3.6596e-09	1.9851e-05	1.5018e-05	4.8328e-06	3.862e-17
73.66	3.8019e-09	2.0628e-05	1.5787e-05	4.8411e-06	3.8631e-17
73.67	3.9404e-09	2.1386e-05	1.6537e-05	4.849e-06	3.8642e-17
73.68	4.072e-09	2.2106e-05	1.7249e-05	4.8564e-06	3.8655e-17
73.69	4.1938e-09	2.2773e-05	1.791e-05	4.8633e-06	3.8668e-17
73.7	4.3029e-09	2.3372e-05	1.8503e-05	4.8696e-06	3.8682e-17
73.71	4.3971e-09	2.389e-05	1.9015e-05	4.8752e-06	3.8697e-17
73.72	4.4742e-09	2.4316e-05	1.9436e-05	4.8803e-06	3.8713e-17
73.73	4.5326e-09	2.464e-05	1.9755e-05	4.8847e-06	3.8729e-17
73.74	4.5709e-09	2.4855e-05	1.9966e-05	4.8886e-06	3.8746e-17
73.75	4.5885e-09	2.4957e-05	2.0065e-05	4.8921e-06	3.8764e-17
73.76	4.5849e-09	2.4944e-05	2.0049e-05	4.8951e-06	3.8781e-17
73.77	4.5604e-09	2.4818e-05	1.992e-05	4.8979e-06	3.8799e-17
73.78	4.5156e-09	2.4581e-05	1.968e-05	4.9004e-06	3.8817e-17
73.79	4.4517e-09	2.4239e-05	1.9336e-05	4.9029e-06	3.8835e-17
73.8	4.3701e-09	2.3801e-05	1.8896e-05	4.9053e-06	3.8852e-17
73.81	4.2728e-09	2.3278e-05	1.837e-05	4.9079e-06	3.8869e-17
73.82	4.1621e-09	2.2681e-05	1.777e-05	4.9106e-06	3.8886e-17
73.83	4.0407e-09	2.2025e-05	1.7112e-05	4.9136e-06	3.8903e-17
73.84	3.9113e-09	2.1325e-05	1.6409e-05	4.9169e-06	3.8921e-17
73.85	3.7769e-09	2.0598e-05	1.5678e-05	4.9206e-06	3.8938e-17
73.86	3.6406e-09	1.9861e-05	1.4936e-05	4.9245e-06	3.8955e-17
73.87	3.5057e-09	1.913e-05	1.4201e-05	4.9289e-06	3.8973e-17
73.88	3.3753e-09	1.8423e-05	1.349e-05	4.9336e-06	3.8991e-17
73.89	3.2523e-09	1.7757e-05	1.2818e-05	4.9387e-06	3.9009e-17
73.9	3.1396e-09	1.7146e-05	1.2202e-05	4.9441e-06	3.9028e-17
73.91	3.0398e-09	1.6606e-05	1.1656e-05	4.9498e-06	3.9046e-17
73.92	2.9553e-09	1.6148e-05	1.1193e-05	4.9557e-06	3.9065e-17
73.93	2.888e-09	1.5785e-05	1.0823e-05	4.9618e-06	3.9084e-17
73.94	2.8396e-09	1.5524e-05	1.0556e-05	4.9681e-06	3.9102e-17
73.95	2.8111e-09	1.5373e-05	1.0398e-05	4.9745e-06	3.9119e-17
73.96	2.8033e-09	1.5335e-05	1.0354e-05	4.981e-06	3.9136e-17
73.97	2.8165e-09	1.5411e-05	1.0423e-05	4.9876e-06	3.9151e-17
73.98	2.8504e-09	1.5601e-05	1.0606e-05	4.9942e-06	3.9166e-17
73.99	2.9044e-09	1.59e-05	1.0899e-05	5.0008e-06	3.9179e-17
74	2.9772e-09	1.6303e-05	1.1296e-05	5.0073e-06	3.9191e-17
74.01	3.0673e-09	1.6801e-05	1.1787e-05	5.0139e-06	3.9203e-17
74.02	3.1726e-09	1.7383e-05	1.2363e-05	5.0203e-06	3.9214e-17
74.03	3.291e-09	1.8036e-05	1.301e-05	5.0266e-06	3.9224e-17
74.04	3.4197e-09	1.8746e-05	1.3714e-05	5.0328e-06	3.9236e-17
74.05	3.5559e-09	1.9498e-05	1.4459e-05	5.0389e-06	3.9247e-17
74.06	3.6965e-09	2.0275e-05	1.523e-05	5.0448e-06	3.926e-17
74.07	3.8383e-09	2.1059e-05	1.6008e-05	5.0505e-06	3.9275e-17
74.08	3.9783e-09	2.1833e-05	1.6777e-05	5.056e-06	3.9292e-17
74.09	4.1133e-09	2.2579e-05	1.7518e-05	5.0612e-06	3.931e-17
74.1	4.2402e-09	2.3282e-05	1.8216e-05	5.0663e-06	3.9332e-17
74.11	4.3563e-09	2.3926e-05	1.8855e-05	5.0712e-06	3.9355e-17
74.12	4.4588e-09	2.4496e-05	1.942e-05	5.0758e-06	3.9381e-17
74.13	4.5456e-09	2.4979e-05	1.9899e-05	5.0803e-06	3.9409e-17
74.14	4.6147e-09	2.5366e-05	2.0281e-05	5.0845e-06	3.9438e-17
74.15	4.6646e-09	2.5647e-05	2.0558e-05	5.0887e-06	3.9468e-17
74.16	4.6942e-09	2.5817e-05	2.0724e-05	5.0927e-06	3.9499e-17
74.17	4.7029e-09	2.5872e-05	2.0775e-05	5.0966e-06	3.9529e-17
74.18	4.6905e-09	2.581e-05	2.071e-05	5.1004e-06	3.9558e-17
74.19	4.6575e-09	2.5635e-05	2.0531e-05	5.1042e-06	3.9586e-17
74.2	4.6045e-09	2.5351e-05	2.0242e-05	5.1081e-06	3.9613e-17
74.21	4.5328e-09	2.4963e-05	1.9851e-05	5.112e-06	3.9637e-17
74.22	4.4442e-09	2.4481e-05	1.9366e-05	5.1159e-06	3.966e-17
74.23	4.3407e-09	2.3918e-05	1.8798e-05	5.1199e-06	3.968e-17
74.24	4.2247e-09	2.3285e-05	1.8161e-05	5.124e-06	3.9699e-17
74.25	4.0989e-09	2.2598e-05	1.7469e-05	5.1283e-06	3.9717e-17
74.26	3.9663e-09	2.1872e-05	1.6739e-05	5.1326e-06	3.9734e-17
74.27	3.8298e-09	2.1125e-05	1.5988e-05	5.1371e-06	3.975e-17
74.28	3.6926e-09	2.0374e-05	1.5232e-05	5.1417e-06	3.9768e-17
74.29	3.558e-09	1.9637e-05	1.449e-05	5.1464e-06	3.9786e-17
74.3	3.4291e-09	1.893e-05	1.3779e-05	5.1513e-06	3.9806e-17
74.31	3.3089e-09	1.8271e-05	1.3115e-05	5.1563e-06	3.9828e-17
74.32	3.2001e-09	1.7676e-05	1.2514e-05	5.1614e-06	3.9853e-17
74.33	3.1054e-09	1.7157e-05	1.199e-05	5.1667e-06	3.988e-17
74.34	3.0269e-09	1.6728e-05	1.1556e-05	5.1722e-06	3.9909e-17
74.35	2.9667e-09	1.64e-05	1.1222e-05	5.1779e-06	3.994e-17
74.36	2.9261e-09	1.6179e-05	1.0996e-05	5.1838e-06	3.9972e-17
74.37	2.9061e-09	1.6073e-05	1.0883e-05	5.19e-06	4.0005e-17
74.38	2.9074e-09	1.6085e-05	1.0888e-05	5.1965e-06	4.0037e-17
74.39	2.93e-09	1.6214e-05	1.1011e-05	5.2033e-06	4.0069e-17
74.4	2.9735e-09	1.646e-05	1.1249e-05	5.2104e-06	4.0099e-17
74.41	3.0371e-09	1.6816e-05	1.1598e-05	5.2178e-06	4.0127e-17
74.42	3.1192e-09	1.7275e-05	1.205e-05	5.2254e-06	4.0152e-17
74.43	3.2183e-09	1.7829e-05	1.2595e-05	5.2334e-06	4.0174e-17
74.44	3.3321e-09	1.8464e-05	1.3223e-05	5.2415e-06	4.0192e-17
74.45	3.458e-09	1.9167e-05	1.3917e-05	5.2498e-06	4.0207e-17
74.46	3.5933e-09	1.9922e-05	1.4664e-05	5.2582e-06	4.0218e-17
74.47	3.735e-09	2.0713e-05	1.5447e-05	5.2666e-06	4.0227e-17
74.48	3.8798e-09	2.1522e-05	1.6248e-05	5.2748e-06	4.0233e-17
74.49	4.0245e-09	2.2331e-05	1.7048e-05	5.2828e-06	4.0238e-17
74.5	4.1659e-09	2.3122e-05	1.7831e-05	5.2905e-06	4.0242e-17
74.51	4.3007e-09	2.3876e-05	1.8579e-05	5.2977e-06	4.0246e-17
74.52	4.4259e-09	2.4578e-05	1.9273e-05	5.3045e-06	4.0251e-17
74.53	4.5386e-09	2.5211e-05	1.99e-05	5.3106e-06	4.0257e-17
74.54	4.6364e-09	2.5761e-05	2.0445e-05	5.3161e-06	4.0264e-17
74.55	4.717e-09	2.6216e-05	2.0895e-05	5.3208e-06	4.0274e-17
74.56	4.7787e-09	2.6566e-05	2.1241e-05	5.3249e-06	4.0285e-17
74.57	4.82e-09	2.6803e-05	2.1474e-05	5.3282e-06	4.0297e-17
74.58	4.8401e-09	2.6922e-05	2.1591e-05	5.3309e-06	4.0311e-17
74.59	4.8386e-09	2.6921e-05	2.1588e-05	5.333e-06	4.0325e-17
74.6	4.8156e-09	2.68e-05	2.1465e-05	5.3346e-06	4.034e-17
74.61	4.7717e-09	2.6562e-05	2.1226e-05	5.3357e-06	4.0353e-17
74.62	4.7079e-09	2.6214e-05	2.0877e-05	5.3365e-06	4.0365e-17
74.63	4.6257e-09	2.5764e-05	2.0426e-05	5.3371e-06	4.0374e-17
74.64	4.5272e-09	2.5222e-05	1.9884e-05	5.3377e-06	4.038e-17
74.65	4.4146e-09	2.4601e-05	1.9262e-05	5.3384e-06	4.0383e-17
74.66	4.2906e-09	2.3916e-05	1.8577e-05	5.3392e-06	4.0382e-17
74.67	4.158e-09	2.3183e-05	1.7843e-05	5.3404e-06	4.0378e-17
74.68	4.02e-09	2.242e-05	1.7078e-05	5.342e-06	4.037e-17
74.69	3.8797e-09	2.1643e-05	1.6299e-05	5.344e-06	4.036e-17
74.7	3.7404e-09	2.0872e-05	1.5525e-05	5.3466e-06	4.0347e-17
74.71	3.6054e-09	2.0124e-05	1.4774e-05	5.3498e-06	4.0333e-17
74.72	3.4777e-09	1.9416e-05	1.4063e-05	5.3536e-06	4.0317e-17
74.73	3.3603e-09	1.8766e-05	1.3408e-05	5.3581e-06	4.0302e-17
74.74	3.2559e-09	1.8188e-05	1.2824e-05	5.3632e-06	4.0287e-17
74.75	3.1669e-09	1.7695e-05	1.2327e-05	5.3688e-06	4.0273e-17
74.76	3.0955e-09	1.7301e-05	1.1926e-05	5.375e-06	4.0262e-17
74.77	3.0432e-09	1.7013e-05	1.1631e-05	5.3818e-06	4.0252e-17
74.78	3.0114e-09	1.684e-05	1.1451e-05	5.389e-06	4.0244e-17
74.79	3.0007e-09	1.6785e-05	1.1388e-05	5.3965e-06	4.0237e-17
74.8	3.0115e-09	1.685e-05	1.1445e-05	5.4044e-06	4.0233e-17
74.81	3.0436e-09	1.7034e-05	1.1621e-05	5.4125e-06	4.0229e-17
74.82	3.0964e-09	1.7334e-05	1.1913e-05	5.4207e-06	4.0226e-17
74.83	3.1686e-09	1.7742e-05	1.2313e-05	5.4291e-06	4.0222e-17
74.84	3.2586e-09	1.8252e-05	1.2814e-05	5.4374e-06	4.0218e-17
74.85	3.3646e-09	1.885e-05	1.3405e-05	5.4456e-06	4.0212e-17
74.86	3.4841e-09	1.9525e-05	1.4071e-05	5.4537e-06	4.0205e-17
74.87	3.6145e-09	2.0261e-05	1.4799e-05	5.4615e-06	4.0196e-17
74.88	3.7527e-09	2.1042e-05	1.5573e-05	5.469e-06	4.0185e-17
74.89	3.8959e-09	2.185e-05	1.6374e-05	5.4762e-06	4.0172e-17
74.9	4.0407e-09	2.2668e-05	1.7185e-05	5.4829e-06	4.0158e-17
74.91	4.1838e-09	2.3477e-05	1.7988e-05	5.4891e-06	4.0143e-17
74.92	4.3221e-09	2.426e-05	1.8765e-05	5.4947e-06	4.0127e-17
74.93	4.4525e-09	2.4999e-05	1.9499e-05	5.4999e-06	4.0112e-17
74.94	4.572e-09	2.5676e-05	2.0172e-05	5.5044e-06	4.0099e-17
74.95	4.678e-09	2.6279e-05	2.077e-05	5.5084e-06	4.0087e-17
74.96	4.7681e-09	2.6792e-05	2.128e-05	5.5118e-06	4.0078e-17
74.97	4.8402e-09	2.7205e-05	2.169e-05	5.5147e-06	4.0071e-17
74.98	4.8929e-09	2.7508e-05	2.1991e-05	5.5171e-06	4.0067e-17
74.99	4.9249e-09	2.7695e-05	2.2176e-05	5.5191e-06	4.0066e-17
75	4.9357e-09	2.7763e-05	2.2242e-05	5.5207e-06	4.0068e-17
75.01	4.9249e-09	2.771e-05	2.2188e-05	5.5221e-06	4.0071e-17
75.02	4.8929e-09	2.7537e-05	2.2014e-05	5.5234e-06	4.0076e-17
75.03	4.8405e-09	2.725e-05	2.1725e-05	5.5245e-06	4.0081e-17
75.04	4.769e-09	2.6854e-05	2.1329e-05	5.5257e-06	4.0086e-17
75.05	4.68e-09	2.636e-05	2.0833e-05	5.527e-06	4.0089e-17
75.06	4.5757e-09	2.5779e-05	2.0251e-05	5.5285e-06	4.0089e-17
75.07	4.4583e-09	2.5125e-05	1.9595e-05	5.5303e-06	4.0087e-17
75.08	4.3308e-09	2.4413e-05	1.888e-05	5.5324e-06	4.0081e-17
75.09	4.196e-09	2.3659e-05	1.8124e-05	5.5349e-06	4.0072e-17
75.1	4.057e-09	2.2882e-05	1.7344e-05	5.5378e-06	4.0058e-17
75.11	3.917e-09	2.2098e-05	1.6557e-05	5.5412e-06	4.0041e-17
75.12	3.7794e-09	2.1327e-05	1.5782e-05	5.545e-06	4.0022e-17
75.13	3.6471e-09	2.0586e-05	1.5037e-05	5.5492e-06	4e-17
75.14	3.5233e-09	1.9893e-05	1.4339e-05	5.5538e-06	3.9977e-17
75.15	3.4109e-09	1.9263e-05	1.3704e-05	5.5588e-06	3.9955e-17
75.16	3.3123e-09	1.8711e-05	1.3147e-05	5.5641e-06	3.9933e-17
75.17	3.23e-09	1.8251e-05	1.2681e-05	5.5698e-06	3.9913e-17
75.18	3.1658e-09	1.7893e-05	1.2318e-05	5.5757e-06	3.9897e-17
75.19	3.1212e-09	1.7646e-05	1.2064e-05	5.5818e-06	3.9884e-17
75.2	3.0973e-09	1.7516e-05	1.1928e-05	5.588e-06	3.9875e-17
75.21	3.0947e-09	1.7506e-05	1.1911e-05	5.5944e-06	3.987e-17
75.22	3.1135e-09	1.7617e-05	1.2016e-05	5.601e-06	3.987e-17
75.23	3.1534e-09	1.7847e-05	1.2239e-05	5.6075e-06	3.9873e-17
75.24	3.2134e-09	1.8191e-05	1.2577e-05	5.6141e-06	3.9878e-17
75.25	3.2923e-09	1.8643e-05	1.3022e-05	5.6207e-06	3.9886e-17
75.26	3.3884e-09	1.9192e-05	1.3565e-05	5.6273e-06	3.9894e-17
75.27	3.4994e-09	1.9826e-05	1.4193e-05	5.6338e-06	3.9902e-17
75.28	3.623e-09	2.0532e-05	1.4892e-05	5.6401e-06	3.9908e-17
75.29	3.7564e-09	2.1293e-05	1.5647e-05	5.6464e-06	3.9912e-17
75.3	3.8965e-09	2.2093e-05	1.6441e-05	5.6524e-06	3.9912e-17
75.31	4.0402e-09	2.2914e-05	1.7256e-05	5.6582e-06	3.9908e-17
75.32	4.1843e-09	2.3738e-05	1.8074e-05	5.6637e-06	3.9901e-17
75.33	4.3255e-09	2.4546e-05	1.8877e-05	5.6689e-06	3.9889e-17
75.34	4.4607e-09	2.5319e-05	1.9646e-05	5.6738e-06	3.9873e-17
75.35	4.5867e-09	2.6042e-05	2.0364e-05	5.6782e-06	3.9855e-17
75.36	4.7008e-09	2.6696e-05	2.1014e-05	5.6823e-06	3.9835e-17
75.37	4.8003e-09	2.7269e-05	2.1583e-05	5.6859e-06	3.9814e-17
75.38	4.883e-09	2.7746e-05	2.2057e-05	5.6891e-06	3.9793e-17
75.39	4.9472e-09	2.8118e-05	2.2426e-05	5.6919e-06	3.9774e-17
75.4	4.9912e-09	2.8376e-05	2.2681e-05	5.6943e-06	3.9758e-17
75.41	5.0142e-09	2.8514e-05	2.2818e-05	5.6964e-06	3.9747e-17
75.42	5.0157e-09	2.853e-05	2.2832e-05	5.6983e-06	3.974e-17
75.43	4.9958e-09	2.8424e-05	2.2725e-05	5.7e-06	3.9739e-17
75.44	4.9549e-09	2.8199e-05	2.2498e-05	5.7015e-06	3.9744e-17
75.45	4.894e-09	2.786e-05	2.2157e-05	5.7031e-06	3.9755e-17
75.46	4.8145e-09	2.7415e-05	2.171e-05	5.7047e-06	3.9771e-17
75.47	4.7185e-09	2.6875e-05	2.1169e-05	5.7065e-06	3.9792e-17
75.48	4.608e-09	2.6253e-05	2.0544e-05	5.7086e-06	3.9817e-17
75.49	4.4857e-09	2.5563e-05	1.9852e-05	5.711e-06	3.9845e-17
75.5	4.3544e-09	2.4821e-05	1.9107e-05	5.7137e-06	3.9874e-17
75.51	4.2171e-09	2.4045e-05	1.8328e-05	5.7169e-06	3.9903e-17
75.52	4.0771e-09	2.3253e-05	1.7532e-05	5.7205e-06	3.9932e-17
75.53	3.9376e-09	2.2463e-05	1.6738e-05	5.7245e-06	3.9958e-17
75.54	3.8017e-09	2.1693e-05	1.5965e-05	5.729e-06	3.9982e-17
75.55	3.6726e-09	2.0962e-05	1.5229e-05	5.7338e-06	4.0002e-17
75.56	3.5532e-09	2.0286e-05	1.4548e-05	5.7389e-06	4.0019e-17
75.57	3.4464e-09	1.9682e-05	1.3937e-05	5.7443e-06	4.0032e-17
75.58	3.3545e-09	1.9162e-05	1.3412e-05	5.7499e-06	4.0041e-17
75.59	3.2796e-09	1.8739e-05	1.2983e-05	5.7556e-06	4.0048e-17
75.6	3.2235e-09	1.8424e-05	1.2662e-05	5.7614e-06	4.0052e-17
75.61	3.1875e-09	1.8223e-05	1.2456e-05	5.767e-06	4.0054e-17
75.62	3.1724e-09	1.8141e-05	1.2368e-05	5.7726e-06	4.0056e-17
75.63	3.1786e-09	1.8181e-05	1.2403e-05	5.778e-06	4.0058e-17
75.64	3.206e-09	1.8343e-05	1.256e-05	5.7832e-06	4.0062e-17
75.65	3.254e-09	1.8623e-05	1.2834e-05	5.7881e-06	4.0067e-17
75.66	3.3216e-09	1.9014e-05	1.3221e-05	5.7928e-06	4.0075e-17
75.67	3.4073e-09	1.951e-05	1.3712e-05	5.7973e-06	4.0086e-17
75.68	3.5091e-09	2.0098e-05	1.4297e-05	5.8015e-06	4.0101e-17
75.69	3.6248e-09	2.0767e-05	1.4961e-05	5.8054e-06	4.0118e-17
75.7	3.7519e-09	2.15e-05	1.5691e-05	5.8093e-06	4.0139e-17
75.71	3.8875e-09	2.2283e-05	1.647e-05	5.8129e-06	4.0163e-17
75.72	4.0286e-09	2.3098e-05	1.7282e-05	5.8165e-06	4.0189e-17
75.73	4.1721e-09	2.3927e-05	1.8107e-05	5.8201e-06	4.0217e-17
75.74	4.3147e-09	2.4751e-05	1.8928e-05	5.8237e-06	4.0246e-17
75.75	4.4532e-09	2.5553e-05	1.9726e-05	5.8274e-06	4.0276e-17
75.76	4.5847e-09	2.6314e-05	2.0483e-05	5.8312e-06	4.0305e-17
75.77	4.706e-09	2.7018e-05	2.1182e-05	5.8352e-06	4.0334e-17
75.78	4.8145e-09	2.7648e-05	2.1809e-05	5.8394e-06	4.0363e-17
75.79	4.9079e-09	2.8191e-05	2.2348e-05	5.8438e-06	4.039e-17
75.8	4.984e-09	2.8636e-05	2.2788e-05	5.8485e-06	4.0415e-17
75.81	5.0411e-09	2.8972e-05	2.3118e-05	5.8535e-06	4.0439e-17
75.82	5.078e-09	2.9192e-05	2.3333e-05	5.8588e-06	4.0462e-17
75.83	5.094e-09	2.9291e-05	2.3427e-05	5.8644e-06	4.0483e-17
75.84	5.0886e-09	2.9268e-05	2.3398e-05	5.8703e-06	4.0504e-17
75.85	5.0621e-09	2.9124e-05	2.3247e-05	5.8764e-06	4.0523e-17
75.86	5.0152e-09	2.8861e-05	2.2978e-05	5.8828e-06	4.0543e-17
75.87	4.9489e-09	2.8487e-05	2.2598e-05	5.8895e-06	4.0562e-17
75.88	4.8648e-09	2.8011e-05	2.2114e-05	5.8963e-06	4.0581e-17
75.89	4.765e-09	2.7443e-05	2.1539e-05	5.9034e-06	4.0601e-17
75.9	4.6516e-09	2.6797e-05	2.0886e-05	5.9105e-06	4.0621e-17
75.91	4.5273e-09	2.6088e-05	2.017e-05	5.9176e-06	4.0641e-17
75.92	4.3951e-09	2.5333e-05	1.9408e-05	5.9247e-06	4.0662e-17
75.93	4.2579e-09	2.4548e-05	1.8617e-05	5.9317e-06	4.0683e-17
75.94	4.1189e-09	2.3753e-05	1.7815e-05	5.9385e-06	4.0705e-17
75.95	3.9813e-09	2.2966e-05	1.7021e-05	5.945e-06	4.0726e-17
75.96	3.8482e-09	2.2204e-05	1.6253e-05	5.9512e-06	4.0748e-17
75.97	3.7228e-09	2.1486e-05	1.5529e-05	5.9569e-06	4.0769e-17
75.98	3.6079e-09	2.0828e-05	1.4866e-05	5.9622e-06	4.0788e-17
75.99	3.5061e-09	2.0246e-05	1.4279e-05	5.967e-06	4.0807e-17
76	3.4198e-09	1.9752e-05	1.3781e-05	5.9712e-06	4.0824e-17
76.01	3.3509e-09	1.936e-05	1.3385e-05	5.9748e-06	4.084e-17
76.02	3.3012e-09	1.9078e-05	1.31e-05	5.9778e-06	4.0853e-17
76.03	3.2717e-09	1.8912e-05	1.2932e-05	5.9802e-06	4.0865e-17
76.04	3.2632e-09	1.8868e-05	1.2886e-05	5.9821e-06	4.0873e-17
76.05	3.2758e-09	1.8946e-05	1.2963e-05	5.9835e-06	4.088e-17
76.06	3.3095e-09	1.9146e-05	1.3161e-05	5.9845e-06	4.0884e-17
76.07	3.3634e-09	1.9463e-05	1.3477e-05	5.9852e-06	4.0885e-17
76.08	3.4364e-09	1.989e-05	1.3905e-05	5.9857e-06	4.0884e-17
76.09	3.5268e-09	2.0419e-05	1.4433e-05	5.9861e-06	4.088e-17
76.1	3.6328e-09	2.1038e-05	1.5052e-05	5.9865e-06	4.0875e-17
76.11	3.7518e-09	2.1733e-05	1.5746e-05	5.987e-06	4.0868e-17
76.12	3.8813e-09	2.2489e-05	1.6502e-05	5.9876e-06	4.0859e-17
76.13	4.0183e-09	2.3289e-05	1.7301e-05	5.9886e-06	4.0849e-17
76.14	4.1598e-09	2.4116e-05	1.8126e-05	5.9899e-06	4.0839e-17
76.15	4.3026e-09	2.495e-05	1.8958e-05	5.9915e-06	4.0829e-17
76.16	4.4433e-09	2.5773e-05	1.9779e-05	5.9936e-06	4.0819e-17
76.17	4.5789e-09	2.6566e-05	2.057e-05	5.9961e-06	4.0811e-17
76.18	4.7062e-09	2.7312e-05	2.1313e-05	5.999e-06	4.0803e-17
76.19	4.8224e-09	2.7994e-05	2.1991e-05	6.0023e-06	4.0798e-17
76.2	4.9248e-09	2.8596e-05	2.259e-05	6.006e-06	4.0794e-17
76.21	5.0111e-09	2.9104e-05	2.3094e-05	6.0099e-06	4.0793e-17
76.22	5.0792e-09	2.9508e-05	2.3493e-05	6.0142e-06	4.0793e-17
76.23	5.1277e-09	2.9797e-05	2.3779e-05	6.0185e-06	4.0796e-17
76.24	5.1554e-09	2.9966e-05	2.3943e-05	6.0231e-06	4.0801e-17
76.25	5.1618e-09	3.0011e-05	2.3983e-05	6.0277e-06	4.0807e-17
76.26	5.1466e-09	2.9931e-05	2.3898e-05	6.0323e-06	4.0813e-17
76.27	5.1103e-09	2.9727e-05	2.369e-05	6.0369e-06	4.082e-17
76.28	5.0537e-09	2.9406e-05	2.3364e-05	6.0415e-06	4.0826e-17
76.29	4.9782e-09	2.8974e-05	2.2928e-05	6.0461e-06	4.0831e-17
76.3	4.8854e-09	2.8441e-05	2.2391e-05	6.0506e-06	4.0833e-17
76.31	4.7776e-09	2.7821e-05	2.1766e-05	6.0551e-06	4.0833e-17
76.32	4.6572e-09	2.7127e-05	2.1068e-05	6.0595e-06	4.0829e-17
76.33	4.5272e-09	2.6376e-05	2.0312e-05	6.0639e-06	4.082e-17
76.34	4.3904e-09	2.5586e-05	1.9518e-05	6.0684e-06	4.0807e-17
76.35	4.25e-09	2.4775e-05	1.8702e-05	6.0729e-06	4.079e-17
76.36	4.1094e-09	2.3961e-05	1.7884e-05	6.0774e-06	4.0767e-17
76.37	3.9717e-09	2.3165e-05	1.7083e-05	6.0819e-06	4.0741e-17
76.38	3.8402e-09	2.2403e-05	1.6317e-05	6.0865e-06	4.071e-17
76.39	3.7178e-09	2.1695e-05	1.5604e-05	6.0912e-06	4.0676e-17
76.4	3.6075e-09	2.1057e-05	1.4961e-05	6.0959e-06	4.064e-17
76.41	3.5118e-09	2.0503e-05	1.4403e-05	6.1006e-06	4.0602e-17
76.42	3.4328e-09	2.0047e-05	1.3942e-05	6.1053e-06	4.0563e-17
76.43	3.3724e-09	1.97e-05	1.359e-05	6.1099e-06	4.0525e-17
76.44	3.332e-09	1.9469e-05	1.3355e-05	6.1145e-06	4.0487e-17
76.45	3.3126e-09	1.9361e-05	1.3242e-05	6.1189e-06	4.0451e-17
76.46	3.3146e-09	1.9378e-05	1.3254e-05	6.1232e-06	4.0417e-17
76.47	3.338e-09	1.952e-05	1.3392e-05	6.1273e-06	4.0385e-17
76.48	3.3823e-09	1.9784e-05	1.3652e-05	6.1313e-06	4.0356e-17
76.49	3.4465e-09	2.0164e-05	1.403e-05	6.135e-06	4.0328e-17
76.5	3.5292e-09	2.0654e-05	1.4515e-05	6.1385e-06	4.0303e-17
76.51	3.6284e-09	2.124e-05	1.5098e-05	6.1417e-06	4.0279e-17
76.52	3.7421e-09	2.1911e-05	1.5766e-05	6.1447e-06	4.0255e-17
76.53	3.8676e-09	2.2652e-05	1.6504e-05	6.1475e-06	4.0231e-17
76.54	4.002e-09	2.3445e-05	1.7295e-05	6.1501e-06	4.0206e-17
76.55	4.1424e-09	2.4274e-05	1.8122e-05	6.1524e-06	4.0178e-17
76.56	4.2856e-09	2.512e-05	1.8965e-05	6.1546e-06	4.0148e-17
76.57	4.4283e-09	2.5963e-05	1.9807e-05	6.1565e-06	4.0115e-17
76.58	4.5673e-09	2.6785e-05	2.0627e-05	6.1583e-06	4.0077e-17
76.59	4.6994e-09	2.7567e-05	2.1407e-05	6.16e-06	4.0036e-17
76.6	4.8217e-09	2.8292e-05	2.213e-05	6.1615e-06	3.999e-17
76.61	4.9314e-09	2.8943e-05	2.278e-05	6.1629e-06	3.9941e-17
76.62	5.0259e-09	2.9505e-05	2.3341e-05	6.1642e-06	3.9888e-17
76.63	5.1032e-09	2.9967e-05	2.3801e-05	6.1655e-06	3.9833e-17
76.64	5.1615e-09	3.0317e-05	2.415e-05	6.1667e-06	3.9775e-17
76.65	5.1995e-09	3.0548e-05	2.438e-05	6.168e-06	3.9717e-17
76.66	5.2163e-09	3.0655e-05	2.4485e-05	6.1693e-06	3.9658e-17
76.67	5.2116e-09	3.0635e-05	2.4464e-05	6.1707e-06	3.96e-17
76.68	5.1855e-09	3.049e-05	2.4317e-05	6.1723e-06	3.9544e-17
76.69	5.1386e-09	3.0222e-05	2.4048e-05	6.174e-06	3.9491e-17
76.7	5.0721e-09	2.9839e-05	2.3663e-05	6.1759e-06	3.944e-17
76.71	4.9875e-09	2.9349e-05	2.317e-05	6.1782e-06	3.9393e-17
76.72	4.8868e-09	2.8763e-05	2.2582e-05	6.1808e-06	3.935e-17
76.73	4.7722e-09	2.8096e-05	2.1913e-05	6.1838e-06	3.931e-17
76.74	4.6465e-09	2.7364e-05	2.1176e-05	6.1872e-06	3.9274e-17
76.75	4.5126e-09	2.6582e-05	2.0391e-05	6.191e-06	3.924e-17
76.76	4.3735e-09	2.5769e-05	1.9574e-05	6.1953e-06	3.921e-17
76.77	4.2325e-09	2.4945e-05	1.8745e-05	6.2001e-06	3.9181e-17
76.78	4.0928e-09	2.4128e-05	1.7923e-05	6.2052e-06	3.9154e-17
76.79	3.9577e-09	2.3337e-05	1.7126e-05	6.2108e-06	3.9127e-17
76.8	3.8301e-09	2.2591e-05	1.6374e-05	6.2167e-06	3.9101e-17
76.81	3.7131e-09	2.1907e-05	1.5684e-05	6.2228e-06	3.9075e-17
76.82	3.6094e-09	2.13e-05	1.5071e-05	6.2291e-06	3.9048e-17
76.83	3.5212e-09	2.0785e-05	1.455e-05	6.2356e-06	3.902e-17
76.84	3.4507e-09	2.0374e-05	1.4132e-05	6.242e-06	3.8991e-17
76.85	3.3994e-09	2.0077e-05	1.3828e-05	6.2484e-06	3.8961e-17
76.86	3.3686e-09	1.99e-05	1.3645e-05	6.2545e-06	3.8931e-17
76.87	3.3589e-09	1.9848e-05	1.3587e-05	6.2605e-06	3.89e-17
76.88	3.3706e-09	1.9922e-05	1.3656e-05	6.266e-06	3.8869e-17
76.89	3.4034e-09	2.0121e-05	1.385e-05	6.2712e-06	3.8838e-17
76.9	3.4566e-09	2.0441e-05	1.4165e-05	6.2759e-06	3.8808e-17
76.91	3.5291e-09	2.0875e-05	1.4595e-05	6.2801e-06	3.8779e-17
76.92	3.6191e-09	2.1413e-05	1.5129e-05	6.2838e-06	3.8751e-17
76.93	3.7247e-09	2.2044e-05	1.5756e-05	6.2871e-06	3.8726e-17
76.94	3.8435e-09	2.2753e-05	1.6463e-05	6.2898e-06	3.8702e-17
76.95	3.9728e-09	2.3524e-05	1.7232e-05	6.2921e-06	3.868e-17
76.96	4.1098e-09	2.4342e-05	1.8048e-05	6.294e-06	3.8661e-17
76.97	4.2513e-09	2.5186e-05	1.8891e-05	6.2956e-06	3.8644e-17
76.98	4.3942e-09	2.604e-05	1.9743e-05	6.2968e-06	3.8629e-17
76.99	4.5352e-09	2.6882e-05	2.0584e-05	6.2979e-06	3.8616e-17
77	4.6712e-09	2.7695e-05	2.1397e-05	6.2987e-06	3.8605e-17
77.01	4.7991e-09	2.8461e-05	2.2162e-05	6.2995e-06	3.8595e-17
77.02	4.916e-09	2.9162e-05	2.2862e-05	6.3002e-06	3.8587e-17
77.03	5.0192e-09	2.9782e-05	2.3481e-05	6.301e-06	3.8581e-17
77.04	5.1065e-09	3.0308e-05	2.4006e-05	6.3019e-06	3.8575e-17
77.05	5.1759e-09	3.0728e-05	2.4425e-05	6.3029e-06	3.857e-17
77.06	5.2259e-09	3.1033e-05	2.4729e-05	6.3041e-06	3.8566e-17
77.07	5.2552e-09	3.1215e-05	2.4909e-05	6.3055e-06	3.8563e-17
77.08	5.2634e-09	3.1271e-05	2.4964e-05	6.3072e-06	3.8559e-17
77.09	5.2501e-09	3.1201e-05	2.4892e-05	6.3093e-06	3.8557e-17
77.1	5.2158e-09	3.1005e-05	2.4693e-05	6.3117e-06	3.8554e-17
77.11	5.1613e-09	3.0689e-05	2.4374e-05	6.3144e-06	3.8551e-17
77.12	5.0878e-09	3.026e-05	2.3942e-05	6.3176e-06	3.8549e-17
77.13	4.9971e-09	2.9728e-05	2.3407e-05	6.3212e-06	3.8546e-17
77.14	4.8912e-09	2.9106e-05	2.278e-05	6.3253e-06	3.8542e-17
77.15	4.7727e-09	2.8408e-05	2.2078e-05	6.3298e-06	3.8539e-17
77.16	4.6442e-09	2.765e-05	2.1315e-05	6.3347e-06	3.8534e-17
77.17	4.5087e-09	2.685e-05	2.051e-05	6.3401e-06	3.8529e-17
77.18	4.3694e-09	2.6027e-05	1.9682e-05	6.3458e-06	3.8523e-17
77.19	4.2294e-09	2.52e-05	1.8848e-05	6.3519e-06	3.8516e-17
77.2	4.092e-09	2.4388e-05	1.8029e-05	6.3583e-06	3.8508e-17
77.21	3.9603e-09	2.3609e-05	1.7244e-05	6.3648e-06	3.8499e-17
77.22	3.8373e-09	2.2882e-05	1.651e-05	6.3715e-06	3.8489e-17
77.23	3.7259e-09	2.2223e-05	1.5845e-05	6.3782e-06	3.8479e-17
77.24	3.6285e-09	2.1648e-05	1.5263e-05	6.3849e-06	3.8468e-17
77.25	3.5475e-09	2.117e-05	1.4778e-05	6.3914e-06	3.8457e-17
77.26	3.4846e-09	2.08e-05	1.4402e-05	6.3976e-06	3.8446e-17
77.27	3.4413e-09	2.0547e-05	1.4143e-05	6.4034e-06	3.8435e-17
77.28	3.4186e-09	2.0416e-05	1.4008e-05	6.4088e-06	3.8424e-17
77.29	3.417e-09	2.0412e-05	1.3998e-05	6.4137e-06	3.8414e-17
77.3	3.4365e-09	2.0534e-05	1.4116e-05	6.418e-06	3.8405e-17
77.31	3.4767e-09	2.078e-05	1.4358e-05	6.4218e-06	3.8396e-17
77.32	3.5368e-09	2.1144e-05	1.4719e-05	6.4249e-06	3.8388e-17
77.33	3.6153e-09	2.162e-05	1.5192e-05	6.4274e-06	3.8381e-17
77.34	3.7106e-09	2.2195e-05	1.5766e-05	6.4294e-06	3.8375e-17
77.35	3.8205e-09	2.2858e-05	1.6427e-05	6.4309e-06	3.8369e-17
77.36	3.9425e-09	2.3594e-05	1.7162e-05	6.432e-06	3.8363e-17
77.37	4.0739e-09	2.4387e-05	1.7954e-05	6.4328e-06	3.8357e-17
77.38	4.2118e-09	2.5219e-05	1.8785e-05	6.4333e-06	3.835e-17
77.39	4.353e-09	2.6071e-05	1.9638e-05	6.4338e-06	3.8343e-17
77.4	4.4945e-09	2.6926e-05	2.0491e-05	6.4342e-06	3.8336e-17
77.41	4.633e-09	2.7763e-05	2.1328e-05	6.4348e-06	3.8327e-17
77.42	4.7655e-09	2.8564e-05	2.2128e-05	6.4355e-06	3.8317e-17
77.43	4.8889e-09	2.9311e-05	2.2875e-05	6.4365e-06	3.8306e-17
77.44	5.0005e-09	2.9988e-05	2.355e-05	6.4379e-06	3.8293e-17
77.45	5.0978e-09	3.0579e-05	2.414e-05	6.4396e-06	3.828e-17
77.46	5.1786e-09	3.1072e-05	2.463e-05	6.4418e-06	3.8266e-17
77.47	5.2411e-09	3.1455e-05	2.501e-05	6.4444e-06	3.8251e-17
77.48	5.2838e-09	3.1719e-05	2.5272e-05	6.4474e-06	3.8235e-17
77.49	5.3057e-09	3.1859e-05	2.5409e-05	6.4508e-06	3.822e-17
77.5	5.3065e-09	3.1872e-05	2.5418e-05	6.4545e-06	3.8204e-17
77.51	5.286e-09	3.1757e-05	2.5299e-05	6.4585e-06	3.8188e-17
77.52	5.2448e-09	3.1518e-05	2.5055e-05	6.4627e-06	3.8172e-17
77.53	5.1837e-09	3.1159e-05	2.4692e-05	6.4671e-06	3.8156e-17
77.54	5.1042e-09	3.0689e-05	2.4218e-05	6.4715e-06	3.8141e-17
77.55	5.0081e-09	3.0119e-05	2.3643e-05	6.4758e-06	3.8125e-17
77.56	4.8975e-09	2.9461e-05	2.2981e-05	6.4801e-06	3.8109e-17
77.57	4.7749e-09	2.8731e-05	2.2247e-05	6.4842e-06	3.8093e-17
77.58	4.6432e-09	2.7946e-05	2.1458e-05	6.4881e-06	3.8076e-17
77.59	4.5054e-09	2.7123e-05	2.0632e-05	6.4917e-06	3.8058e-17
77.6	4.3645e-09	2.6282e-05	1.9787e-05	6.4949e-06	3.8039e-17
77.61	4.2239e-09	2.5442e-05	1.8944e-05	6.4978e-06	3.8018e-17
77.62	4.0866e-09	2.4621e-05	1.8121e-05	6.5003e-06	3.7996e-17
77.63	3.9559e-09	2.384e-05	1.7337e-05	6.5024e-06	3.7973e-17
77.64	3.8347e-09	2.3115e-05	1.6611e-05	6.5041e-06	3.7948e-17
77.65	3.7258e-09	2.2465e-05	1.5959e-05	6.5053e-06	3.7922e-17
77.66	3.6316e-09	2.1902e-05	1.5396e-05	6.5062e-06	3.7896e-17
77.67	3.5543e-09	2.1442e-05	1.4935e-05	6.5067e-06	3.7868e-17
77.68	3.4958e-09	2.1094e-05	1.4587e-05	6.5069e-06	3.7841e-17
77.69	3.4572e-09	2.0867e-05	1.436e-05	6.5068e-06	3.7814e-17
77.7	3.4395e-09	2.0765e-05	1.4259e-05	6.5065e-06	3.7787e-17
77.71	3.4431e-09	2.0792e-05	1.4286e-05	6.5061e-06	3.7762e-17
77.72	3.4679e-09	2.0948e-05	1.4442e-05	6.5055e-06	3.7737e-17
77.73	3.5135e-09	2.1228e-05	1.4723e-05	6.505e-06	3.7715e-17
77.74	3.5786e-09	2.1628e-05	1.5123e-05	6.5045e-06	3.7694e-17
77.75	3.662e-09	2.2137e-05	1.5633e-05	6.5042e-06	3.7674e-17
77.76	3.7617e-09	2.2745e-05	1.6241e-05	6.5041e-06	3.7657e-17
77.77	3.8754e-09	2.3439e-05	1.6935e-05	6.5044e-06	3.764e-17
77.78	4.0006e-09	2.4203e-05	1.7698e-05	6.505e-06	3.7624e-17
77.79	4.1344e-09	2.5019e-05	1.8513e-05	6.5061e-06	3.7609e-17
77.8	4.2739e-09	2.5869e-05	1.9362e-05	6.5076e-06	3.7594e-17
77.81	4.4158e-09	2.6735e-05	2.0225e-05	6.5097e-06	3.7579e-17
77.82	4.5569e-09	2.7596e-05	2.1084e-05	6.5122e-06	3.7563e-17
77.83	4.694e-09	2.8434e-05	2.1919e-05	6.5153e-06	3.7545e-17
77.84	4.824e-09	2.9229e-05	2.271e-05	6.5189e-06	3.7527e-17
77.85	4.944e-09	2.9963e-05	2.3441e-05	6.5228e-06	3.7506e-17
77.86	5.051e-09	3.062e-05	2.4093e-05	6.5271e-06	3.7484e-17
77.87	5.1429e-09	3.1185e-05	2.4653e-05	6.5317e-06	3.746e-17
77.88	5.2173e-09	3.1644e-05	2.5108e-05	6.5364e-06	3.7435e-17
77.89	5.2726e-09	3.1988e-05	2.5447e-05	6.5413e-06	3.7408e-17
77.9	5.3076e-09	3.2209e-05	2.5662e-05	6.5461e-06	3.7379e-17
77.91	5.3214e-09	3.23e-05	2.575e-05	6.5508e-06	3.7351e-17
77.92	5.3136e-09	3.2262e-05	2.5707e-05	6.5553e-06	3.7321e-17
77.93	5.2846e-09	3.2094e-05	2.5534e-05	6.5595e-06	3.7292e-17
77.94	5.2348e-09	3.18e-05	2.5236e-05	6.5634e-06	3.7262e-17
77.95	5.1656e-09	3.1387e-05	2.482e-05	6.5669e-06	3.7233e-17
77.96	5.0784e-09	3.0865e-05	2.4295e-05	6.5701e-06	3.7204e-17
77.97	4.9754e-09	3.0247e-05	2.3674e-05	6.5728e-06	3.7175e-17
77.98	4.8588e-09	2.9546e-05	2.297e-05	6.5752e-06	3.7147e-17
77.99	4.7313e-09	2.8778e-05	2.2201e-05	6.5773e-06	3.7119e-17
78	4.596e-09	2.7962e-05	2.1383e-05	6.5791e-06	3.7092e-17
78.01	4.4559e-09	2.7117e-05	2.0536e-05	6.5807e-06	3.7064e-17
78.02	4.3144e-09	2.6262e-05	1.968e-05	6.5822e-06	3.7036e-17
78.03	4.1746e-09	2.5418e-05	1.8834e-05	6.5836e-06	3.7007e-17
78.04	4.0397e-09	2.4603e-05	1.8018e-05	6.5851e-06	3.6978e-17
78.05	3.913e-09	2.3837e-05	1.7251e-05	6.5866e-06	3.6949e-17
78.06	3.7973e-09	2.3138e-05	1.655e-05	6.5883e-06	3.6919e-17
78.07	3.6952e-09	2.2522e-05	1.5932e-05	6.5902e-06	3.6889e-17
78.08	3.6092e-09	2.2004e-05	1.5411e-05	6.5922e-06	3.6859e-17
78.09	3.5412e-09	2.1594e-05	1.5e-05	6.5944e-06	3.6829e-17
78.1	3.4927e-09	2.1304e-05	1.4707e-05	6.5969e-06	3.68e-17
78.11	3.4648e-09	2.1139e-05	1.454e-05	6.5995e-06	3.6772e-17
78.12	3.4581e-09	2.1104e-05	1.4502e-05	6.6022e-06	3.6746e-17
78.13	3.4728e-09	2.1199e-05	1.4594e-05	6.605e-06	3.6721e-17
78.14	3.5086e-09	2.1423e-05	1.4815e-05	6.6079e-06	3.6699e-17
78.15	3.5645e-09	2.177e-05	1.5159e-05	6.6107e-06	3.6679e-17
78.16	3.6392e-09	2.2232e-05	1.5619e-05	6.6134e-06	3.6661e-17
78.17	3.7311e-09	2.2799e-05	1.6183e-05	6.616e-06	3.6645e-17
78.18	3.8381e-09	2.3459e-05	1.684e-05	6.6184e-06	3.6631e-17
78.19	3.9576e-09	2.4196e-05	1.7575e-05	6.6206e-06	3.6619e-17
78.2	4.087e-09	2.4993e-05	1.837e-05	6.6225e-06	3.6607e-17
78.21	4.2232e-09	2.5832e-05	1.9208e-05	6.6242e-06	3.6595e-17
78.22	4.3632e-09	2.6696e-05	2.007e-05	6.6257e-06	3.6583e-17
78.23	4.5038e-09	2.7563e-05	2.0936e-05	6.6269e-06	3.657e-17
78.24	4.6418e-09	2.8415e-05	2.1787e-05	6.6279e-06	3.6554e-17
78.25	4.7741e-09	2.9232e-05	2.2603e-05	6.6288e-06	3.6536e-17
78.26	4.8976e-09	2.9996e-05	2.3367e-05	6.6295e-06	3.6515e-17
78.27	5.0096e-09	3.069e-05	2.406e-05	6.6301e-06	3.6491e-17
78.28	5.1076e-09	3.1298e-05	2.4667e-05	6.6308e-06	3.6464e-17
78.29	5.1893e-09	3.1807e-05	2.5175e-05	6.6314e-06	3.6434e-17
78.3	5.2528e-09	3.2204e-05	2.5572e-05	6.6321e-06	3.6402e-17
78.31	5.2968e-09	3.2483e-05	2.585e-05	6.6329e-06	3.6368e-17
78.32	5.3203e-09	3.2635e-05	2.6001e-05	6.6339e-06	3.6332e-17
78.33	5.3228e-09	3.2658e-05	2.6023e-05	6.6351e-06	3.6297e-17
78.34	5.3042e-09	3.2552e-05	2.5916e-05	6.6365e-06	3.6263e-17
78.35	5.2649e-09	3.232e-05	2.5682e-05	6.6382e-06	3.623e-17
78.36	5.206e-09	3.1966e-05	2.5326e-05	6.6401e-06	3.6201e-17
78.37	5.1287e-09	3.15e-05	2.4857e-05	6.6424e-06	3.6174e-17
78.38	5.0348e-09	3.0931e-05	2.4286e-05	6.645e-06	3.6152e-17
78.39	4.9266e-09	3.0274e-05	2.3626e-05	6.648e-06	3.6134e-17
78.4	4.8064e-09	2.9543e-05	2.2892e-05	6.6513e-06	3.612e-17
78.41	4.6771e-09	2.8756e-05	2.2101e-05	6.6549e-06	3.611e-17
78.42	4.5417e-09	2.793e-05	2.1271e-05	6.6589e-06	3.6105e-17
78.43	4.4031e-09	2.7085e-05	2.0422e-05	6.6632e-06	3.6103e-17
78.44	4.2647e-09	2.624e-05	1.9572e-05	6.6677e-06	3.6103e-17
78.45	4.1295e-09	2.5415e-05	1.8742e-05	6.6724e-06	3.6105e-17
78.46	4.0007e-09	2.4628e-05	1.7951e-05	6.6774e-06	3.6108e-17
78.47	3.8812e-09	2.3898e-05	1.7216e-05	6.6824e-06	3.6111e-17
78.48	3.7737e-09	2.3243e-05	1.6555e-05	6.6875e-06	3.6112e-17
78.49	3.6807e-09	2.2675e-05	1.5983e-05	6.6926e-06	3.6111e-17
78.5	3.6042e-09	2.221e-05	1.5513e-05	6.6976e-06	3.6108e-17
78.51	3.5461e-09	2.1858e-05	1.5155e-05	6.7024e-06	3.6103e-17
78.52	3.5076e-09	2.1626e-05	1.4919e-05	6.707e-06	3.6094e-17
78.53	3.4896e-09	2.152e-05	1.4809e-05	6.7112e-06	3.6082e-17
78.54	3.4924e-09	2.1543e-05	1.4828e-05	6.715e-06	3.6067e-17
78.55	3.5161e-09	2.1695e-05	1.4976e-05	6.7183e-06	3.605e-17
78.56	3.56e-09	2.1971e-05	1.525e-05	6.7212e-06	3.6031e-17
78.57	3.6231e-09	2.2366e-05	1.5643e-05	6.7234e-06	3.6011e-17
78.58	3.704e-09	2.2871e-05	1.6146e-05	6.7252e-06	3.5991e-17
78.59	3.8008e-09	2.3475e-05	1.6749e-05	6.7263e-06	3.5971e-17
78.6	3.9114e-09	2.4164e-05	1.7437e-05	6.727e-06	3.5953e-17
78.61	4.0332e-09	2.4923e-05	1.8196e-05	6.7272e-06	3.5936e-17
78.62	4.1634e-09	2.5734e-05	1.9007e-05	6.7269e-06	3.5922e-17
78.63	4.2992e-09	2.658e-05	1.9854e-05	6.7263e-06	3.5911e-17
78.64	4.4373e-09	2.7442e-05	2.0716e-05	6.7255e-06	3.5902e-17
78.65	4.5748e-09	2.8299e-05	2.1575e-05	6.7244e-06	3.5896e-17
78.66	4.7085e-09	2.9134e-05	2.241e-05	6.7234e-06	3.5893e-17
78.67	4.8354e-09	2.9926e-05	2.3204e-05	6.7223e-06	3.5893e-17
78.68	4.9526e-09	3.0659e-05	2.3938e-05	6.7213e-06	3.5895e-17
78.69	5.0575e-09	3.1316e-05	2.4596e-05	6.7206e-06	3.5898e-17
78.7	5.1476e-09	3.1883e-05	2.5162e-05	6.7201e-06	3.5903e-17
78.71	5.2209e-09	3.2345e-05	2.5625e-05	6.7199e-06	3.5909e-17
78.72	5.2759e-09	3.2694e-05	2.5974e-05	6.72e-06	3.5915e-17
78.73	5.3112e-09	3.2921e-05	2.62e-05	6.7206e-06	3.5921e-17
78.74	5.326e-09	3.3021e-05	2.6299e-05	6.7215e-06	3.5927e-17
78.75	5.3199e-09	3.2992e-05	2.6269e-05	6.7229e-06	3.5932e-17
78.76	5.2932e-09	3.2834e-05	2.611e-05	6.7246e-06	3.5938e-17
78.77	5.2464e-09	3.2552e-05	2.5826e-05	6.7266e-06	3.5943e-17
78.78	5.1805e-09	3.2152e-05	2.5423e-05	6.729e-06	3.5949e-17
78.79	5.0971e-09	3.1642e-05	2.4911e-05	6.7316e-06	3.5954e-17
78.8	4.9981e-09	3.1035e-05	2.4301e-05	6.7344e-06	3.596e-17
78.81	4.8856e-09	3.0345e-05	2.3607e-05	6.7374e-06	3.5967e-17
78.82	4.7623e-09	2.9586e-05	2.2846e-05	6.7405e-06	3.5974e-17
78.83	4.6309e-09	2.8777e-05	2.2034e-05	6.7437e-06	3.5983e-17
78.84	4.4945e-09	2.7936e-05	2.119e-05	6.7468e-06	3.5992e-17
78.85	4.356e-09	2.7083e-05	2.0333e-05	6.75e-06	3.6002e-17
78.86	4.2188e-09	2.6236e-05	1.9483e-05	6.7531e-06	3.6013e-17
78.87	4.0859e-09	2.5416e-05	1.866e-05	6.7561e-06	3.6025e-17
78.88	3.9603e-09	2.4641e-05	1.7882e-05	6.759e-06	3.6037e-17
78.89	3.8449e-09	2.3929e-05	1.7167e-05	6.7618e-06	3.6049e-17
78.9	3.7423e-09	2.3297e-05	1.6532e-05	6.7643e-06	3.606e-17
78.91	3.6548e-09	2.2758e-05	1.5991e-05	6.7666e-06	3.6071e-17
78.92	3.5844e-09	2.2325e-05	1.5556e-05	6.7686e-06	3.6082e-17
78.93	3.5327e-09	2.2008e-05	1.5238e-05	6.7704e-06	3.6091e-17
78.94	3.5008e-09	2.1815e-05	1.5043e-05	6.7719e-06	3.6099e-17
78.95	3.4895e-09	2.175e-05	1.4977e-05	6.773e-06	3.6106e-17
78.96	3.4989e-09	2.1815e-05	1.5041e-05	6.7739e-06	3.6112e-17
78.97	3.5289e-09	2.2007e-05	1.5233e-05	6.7744e-06	3.6117e-17
78.98	3.5787e-09	2.2323e-05	1.5549e-05	6.7746e-06	3.6121e-17
78.99	3.6471e-09	2.2756e-05	1.5982e-05	6.7745e-06	3.6125e-17
79	3.7327e-09	2.3296e-05	1.6522e-05	6.7742e-06	3.6129e-17
79.01	3.8334e-09	2.393e-05	1.7157e-05	6.7736e-06	3.6133e-17
79.02	3.947e-09	2.4645e-05	1.7873e-05	6.7729e-06	3.6138e-17
79.03	4.0707e-09	2.5425e-05	1.8653e-05	6.7721e-06	3.6144e-17
79.04	4.202e-09	2.6251e-05	1.948e-05	6.7712e-06	3.6151e-17
79.05	4.3376e-09	2.7106e-05	2.0335e-05	6.7705e-06	3.6158e-17
79.06	4.4747e-09	2.7969e-05	2.1199e-05	6.7698e-06	3.6168e-17
79.07	4.61e-09	2.8822e-05	2.2053e-05	6.7694e-06	3.6178e-17
79.08	4.7405e-09	2.9645e-05	2.2876e-05	6.7693e-06	3.6189e-17
79.09	4.8632e-09	3.0421e-05	2.3651e-05	6.7695e-06	3.62e-17
79.1	4.9754e-09	3.113e-05	2.436e-05	6.7701e-06	3.6212e-17
79.11	5.0745e-09	3.1758e-05	2.4987e-05	6.7711e-06	3.6223e-17
79.12	5.1582e-09	3.229e-05	2.5518e-05	6.7726e-06	3.6233e-17
79.13	5.2246e-09	3.2714e-05	2.594e-05	6.7745e-06	3.6243e-17
79.14	5.2723e-09	3.3021e-05	2.6244e-05	6.7767e-06	3.625e-17
79.15	5.3001e-09	3.3204e-05	2.6424e-05	6.7794e-06	3.6256e-17
79.16	5.3073e-09	3.3257e-05	2.6475e-05	6.7823e-06	3.626e-17
79.17	5.2938e-09	3.3181e-05	2.6396e-05	6.7854e-06	3.6261e-17
79.18	5.2599e-09	3.2977e-05	2.6188e-05	6.7885e-06	3.626e-17
79.19	5.2063e-09	3.2649e-05	2.5857e-05	6.7917e-06	3.6257e-17
79.2	5.1341e-09	3.2204e-05	2.541e-05	6.7948e-06	3.6252e-17
79.21	5.045e-09	3.1654e-05	2.4856e-05	6.7977e-06	3.6245e-17
79.22	4.9411e-09	3.1009e-05	2.4209e-05	6.8003e-06	3.6236e-17
79.23	4.8246e-09	3.0286e-05	2.3483e-05	6.8026e-06	3.6227e-17
79.24	4.6981e-09	2.9499e-05	2.2695e-05	6.8044e-06	3.6217e-17
79.25	4.5646e-09	2.8668e-05	2.1863e-05	6.8057e-06	3.6207e-17
79.26	4.4271e-09	2.7812e-05	2.1005e-05	6.8065e-06	3.6197e-17
79.27	4.2886e-09	2.6948e-05	2.0142e-05	6.8068e-06	3.6188e-17
79.28	4.1524e-09	2.6099e-05	1.9292e-05	6.8067e-06	3.618e-17
79.29	4.0215e-09	2.5283e-05	1.8477e-05	6.8061e-06	3.6173e-17
79.3	3.8989e-09	2.4518e-05	1.7713e-05	6.8051e-06	3.6167e-17
79.31	3.7875e-09	2.3824e-05	1.702e-05	6.8038e-06	3.6162e-17
79.32	3.6897e-09	2.3214e-05	1.6412e-05	6.8022e-06	3.6158e-17
79.33	3.6078e-09	2.2705e-05	1.5904e-05	6.8005e-06	3.6154e-17
79.34	3.5437e-09	2.2307e-05	1.5508e-05	6.7988e-06	3.6151e-17
79.35	3.4988e-09	2.203e-05	1.5233e-05	6.7972e-06	3.6149e-17
79.36	3.4742e-09	2.1881e-05	1.5085e-05	6.7957e-06	3.6146e-17
79.37	3.4704e-09	2.1862e-05	1.5068e-05	6.7945e-06	3.6142e-17
79.38	3.4876e-09	2.1976e-05	1.5182e-05	6.7936e-06	3.6138e-17
79.39	3.5252e-09	2.2219e-05	1.5426e-05	6.7931e-06	3.6132e-17
79.4	3.5825e-09	2.2586e-05	1.5792e-05	6.7932e-06	3.6125e-17
79.41	3.6582e-09	2.3068e-05	1.6275e-05	6.7937e-06	3.6116e-17
79.42	3.7505e-09	2.3656e-05	1.6861e-05	6.7948e-06	3.6105e-17
79.43	3.8572e-09	2.4336e-05	1.7539e-05	6.7965e-06	3.6092e-17
79.44	3.976e-09	2.5092e-05	1.8293e-05	6.7988e-06	3.6077e-17
79.45	4.1042e-09	2.5907e-05	1.9105e-05	6.8017e-06	3.6061e-17
79.46	4.2388e-09	2.6763e-05	1.9958e-05	6.8051e-06	3.6044e-17
79.47	4.3767e-09	2.7641e-05	2.0832e-05	6.8089e-06	3.6025e-17
79.48	4.5148e-09	2.852e-05	2.1707e-05	6.8133e-06	3.6006e-17
79.49	4.6498e-09	2.9381e-05	2.2563e-05	6.8179e-06	3.5986e-17
79.5	4.7789e-09	3.0204e-05	2.3381e-05	6.8229e-06	3.5966e-17
79.51	4.8988e-09	3.097e-05	2.4142e-05	6.828e-06	3.5946e-17
79.52	5.007e-09	3.1662e-05	2.4828e-05	6.8332e-06	3.5927e-17
79.53	5.101e-09	3.2264e-05	2.5425e-05	6.8383e-06	3.5909e-17
79.54	5.1785e-09	3.2762e-05	2.5919e-05	6.8433e-06	3.5892e-17
79.55	5.2378e-09	3.3146e-05	2.6298e-05	6.848e-06	3.5876e-17
79.56	5.2776e-09	3.3406e-05	2.6554e-05	6.8523e-06	3.5861e-17
79.57	5.2968e-09	3.3536e-05	2.668e-05	6.8561e-06	3.5847e-17
79.58	5.2951e-09	3.3534e-05	2.6675e-05	6.8593e-06	3.5834e-17
79.59	5.2725e-09	3.3399e-05	2.6537e-05	6.8618e-06	3.5822e-17
79.6	5.2294e-09	3.3135e-05	2.6271e-05	6.8636e-06	3.5811e-17
79.61	5.1669e-09	3.2747e-05	2.5882e-05	6.8646e-06	3.5799e-17
79.62	5.0864e-09	3.2245e-05	2.538e-05	6.8648e-06	3.5787e-17
79.63	4.9897e-09	3.1639e-05	2.4775e-05	6.8643e-06	3.5774e-17
79.64	4.879e-09	3.0945e-05	2.4082e-05	6.863e-06	3.5759e-17
79.65	4.7568e-09	3.0178e-05	2.3317e-05	6.8611e-06	3.5743e-17
79.66	4.626e-09	2.9355e-05	2.2497e-05	6.8586e-06	3.5725e-17
79.67	4.4895e-09	2.8496e-05	2.1641e-05	6.8556e-06	3.5704e-17
79.68	4.3505e-09	2.7621e-05	2.0769e-05	6.8523e-06	3.5681e-17
79.69	4.2121e-09	2.6749e-05	1.99e-05	6.8488e-06	3.5655e-17
79.7	4.0776e-09	2.5901e-05	1.9056e-05	6.8452e-06	3.5626e-17
79.71	3.9499e-09	2.5097e-05	1.8255e-05	6.8417e-06	3.5595e-17
79.72	3.8321e-09	2.4354e-05	1.7516e-05	6.8384e-06	3.5562e-17
79.73	3.7267e-09	2.369e-05	1.6855e-05	6.8354e-06	3.5527e-17
79.74	3.6363e-09	2.3121e-05	1.6288e-05	6.8329e-06	3.5492e-17
79.75	3.5628e-09	2.2659e-05	1.5829e-05	6.8308e-06	3.5455e-17
79.76	3.5078e-09	2.2316e-05	1.5486e-05	6.8294e-06	3.5419e-17
79.77	3.4727e-09	2.2098e-05	1.5269e-05	6.8285e-06	3.5383e-17
79.78	3.4582e-09	2.2011e-05	1.5182e-05	6.8283e-06	3.5349e-17
79.79	3.4644e-09	2.2056e-05	1.5227e-05	6.8287e-06	3.5316e-17
79.8	3.4914e-09	2.2233e-05	1.5403e-05	6.8297e-06	3.5286e-17
79.81	3.5383e-09	2.2537e-05	1.5706e-05	6.8312e-06	3.5259e-17
79.82	3.604e-09	2.2962e-05	1.6129e-05	6.8331e-06	3.5235e-17
79.83	3.687e-09	2.3496e-05	1.6661e-05	6.8354e-06	3.5213e-17
79.84	3.7853e-09	2.4129e-05	1.7291e-05	6.838e-06	3.5195e-17
79.85	3.8966e-09	2.4845e-05	1.8004e-05	6.8407e-06	3.518e-17
79.86	4.0184e-09	2.5628e-05	1.8784e-05	6.8436e-06	3.5167e-17
79.87	4.1478e-09	2.646e-05	1.9613e-05	6.8465e-06	3.5156e-17
79.88	4.2819e-09	2.7322e-05	2.0472e-05	6.8494e-06	3.5146e-17
79.89	4.4175e-09	2.8194e-05	2.1342e-05	6.8522e-06	3.5138e-17
79.9	4.5515e-09	2.9057e-05	2.2202e-05	6.8549e-06	3.513e-17
79.91	4.681e-09	2.9891e-05	2.3034e-05	6.8574e-06	3.5122e-17
79.92	4.8029e-09	3.0677e-05	2.3817e-05	6.8598e-06	3.5113e-17
79.93	4.9146e-09	3.1398e-05	2.4536e-05	6.8621e-06	3.5103e-17
79.94	5.0133e-09	3.2037e-05	2.5173e-05	6.8643e-06	3.5092e-17
79.95	5.0971e-09	3.2581e-05	2.5714e-05	6.8665e-06	3.5079e-17
79.96	5.1639e-09	3.3016e-05	2.6147e-05	6.8686e-06	3.5066e-17
79.97	5.2123e-09	3.3334e-05	2.6463e-05	6.8706e-06	3.505e-17
79.98	5.2412e-09	3.3527e-05	2.6654e-05	6.8727e-06	3.5034e-17
79.99	5.25e-09	3.3591e-05	2.6716e-05	6.8749e-06	3.5018e-17
80	5.2384e-09	3.3526e-05	2.6649e-05	6.877e-06	3.5001e-17
80.01	5.2069e-09	3.3332e-05	2.6453e-05	6.8793e-06	3.4985e-17
80.02	5.156e-09	3.3015e-05	2.6134e-05	6.8815e-06	3.4969e-17
80.03	5.0871e-09	3.2582e-05	2.5698e-05	6.8839e-06	3.4955e-17
80.04	5.0015e-09	3.2042e-05	2.5156e-05	6.8862e-06	3.4942e-17
80.05	4.9014e-09	3.1408e-05	2.452e-05	6.8884e-06	3.4931e-17
80.06	4.7889e-09	3.0695e-05	2.3805e-05	6.8906e-06	3.4922e-17
80.07	4.6667e-09	2.9919e-05	2.3026e-05	6.8926e-06	3.4915e-17
80.08	4.5374e-09	2.9097e-05	2.2203e-05	6.8945e-06	3.4911e-17
80.09	4.404e-09	2.8249e-05	2.1353e-05	6.8961e-06	3.4908e-17
80.1	4.2695e-09	2.7393e-05	2.0496e-05	6.8975e-06	3.4908e-17
80.11	4.137e-09	2.655e-05	1.9651e-05	6.8985e-06	3.4909e-17
80.12	4.0094e-09	2.5737e-05	1.8838e-05	6.8991e-06	3.4912e-17
80.13	3.8896e-09	2.4974e-05	1.8075e-05	6.8993e-06	3.4916e-17
80.14	3.7802e-09	2.4278e-05	1.7379e-05	6.8991e-06	3.4921e-17
80.15	3.6838e-09	2.3665e-05	1.6767e-05	6.8984e-06	3.4926e-17
80.16	3.6025e-09	2.3148e-05	1.6251e-05	6.8973e-06	3.4933e-17
80.17	3.5381e-09	2.274e-05	1.5845e-05	6.8957e-06	3.4941e-17
80.18	3.492e-09	2.245e-05	1.5556e-05	6.8936e-06	3.495e-17
80.19	3.4652e-09	2.2283e-05	1.5392e-05	6.8911e-06	3.496e-17
80.2	3.4583e-09	2.2244e-05	1.5356e-05	6.8883e-06	3.4971e-17
80.21	3.4714e-09	2.2334e-05	1.5449e-05	6.885e-06	3.4985e-17
80.22	3.5041e-09	2.255e-05	1.5668e-05	6.8815e-06	3.5001e-17
80.23	3.5556e-09	2.2887e-05	1.6009e-05	6.8778e-06	3.502e-17
80.24	3.6248e-09	2.3338e-05	1.6464e-05	6.8739e-06	3.5041e-17
80.25	3.7099e-09	2.3892e-05	1.7022e-05	6.8699e-06	3.5066e-17
80.26	3.8091e-09	2.4537e-05	1.7671e-05	6.8659e-06	3.5094e-17
80.27	3.92e-09	2.5258e-05	1.8396e-05	6.862e-06	3.5126e-17
80.28	4.0401e-09	2.6038e-05	1.918e-05	6.8583e-06	3.5161e-17
80.29	4.1666e-09	2.686e-05	2.0005e-05	6.8549e-06	3.5198e-17
80.3	4.2965e-09	2.7704e-05	2.0852e-05	6.8518e-06	3.5239e-17
80.31	4.427e-09	2.8553e-05	2.1704e-05	6.8493e-06	3.5281e-17
80.32	4.555e-09	2.9386e-05	2.2539e-05	6.8473e-06	3.5325e-17
80.33	4.6776e-09	3.0184e-05	2.3338e-05	6.846e-06	3.537e-17
80.34	4.7921e-09	3.093e-05	2.4085e-05	6.8453e-06	3.5415e-17
80.35	4.8957e-09	3.1607e-05	2.4762e-05	6.8453e-06	3.5461e-17
80.36	4.9861e-09	3.2199e-05	2.5353e-05	6.8461e-06	3.5505e-17
80.37	5.0612e-09	3.2692e-05	2.5844e-05	6.8477e-06	3.5549e-17
80.38	5.1194e-09	3.3076e-05	2.6226e-05	6.8499e-06	3.5592e-17
80.39	5.1592e-09	3.3342e-05	2.6489e-05	6.8528e-06	3.5633e-17
80.4	5.1798e-09	3.3483e-05	2.6627e-05	6.8563e-06	3.5674e-17
80.41	5.1806e-09	3.3496e-05	2.6636e-05	6.8602e-06	3.5714e-17
80.42	5.1616e-09	3.3382e-05	2.6517e-05	6.8645e-06	3.5753e-17
80.43	5.1232e-09	3.3142e-05	2.6273e-05	6.869e-06	3.5793e-17
80.44	5.0662e-09	3.2781e-05	2.5908e-05	6.8737e-06	3.5832e-17
80.45	4.9919e-09	3.2309e-05	2.5431e-05	6.8782e-06	3.5873e-17
80.46	4.902e-09	3.1735e-05	2.4852e-05	6.8825e-06	3.5916e-17
80.47	4.7984e-09	3.1072e-05	2.4185e-05	6.8865e-06	3.596e-17
80.48	4.6836e-09	3.0336e-05	2.3446e-05	6.89e-06	3.6006e-17
80.49	4.56e-09	2.9542e-05	2.2649e-05	6.8929e-06	3.6055e-17
80.5	4.4304e-09	2.871e-05	2.1815e-05	6.8951e-06	3.6106e-17
80.51	4.2978e-09	2.7858e-05	2.0961e-05	6.8966e-06	3.6159e-17
80.52	4.1653e-09	2.7005e-05	2.0108e-05	6.8973e-06	3.6214e-17
80.53	4.0357e-09	2.6172e-05	1.9274e-05	6.8972e-06	3.6271e-17
80.54	3.912e-09	2.5376e-05	1.848e-05	6.8964e-06	3.6328e-17
80.55	3.7971e-09	2.4637e-05	1.7742e-05	6.8948e-06	3.6387e-17
80.56	3.6935e-09	2.3971e-05	1.7078e-05	6.8925e-06	3.6445e-17
80.57	3.6037e-09	2.3393e-05	1.6504e-05	6.8896e-06	3.6503e-17
80.58	3.5296e-09	2.2918e-05	1.6032e-05	6.8863e-06	3.656e-17
80.59	3.4729e-09	2.2556e-05	1.5673e-05	6.8826e-06	3.6616e-17
80.6	3.435e-09	2.2315e-05	1.5436e-05	6.8787e-06	3.6671e-17
80.61	3.4166e-09	2.2201e-05	1.5326e-05	6.8747e-06	3.6724e-17
80.62	3.4182e-09	2.2217e-05	1.5346e-05	6.8706e-06	3.6777e-17
80.63	3.4397e-09	2.2362e-05	1.5495e-05	6.8667e-06	3.6828e-17
80.64	3.4806e-09	2.2634e-05	1.577e-05	6.8631e-06	3.6879e-17
80.65	3.5399e-09	2.3025e-05	1.6166e-05	6.8598e-06	3.6929e-17
80.66	3.6164e-09	2.3528e-05	1.6671e-05	6.8569e-06	3.698e-17
80.67	3.7081e-09	2.4131e-05	1.7277e-05	6.8545e-06	3.7031e-17
80.68	3.813e-09	2.482e-05	1.7967e-05	6.8527e-06	3.7083e-17
80.69	3.9287e-09	2.5579e-05	1.8728e-05	6.8516e-06	3.7136e-17
80.7	4.0524e-09	2.6391e-05	1.954e-05	6.851e-06	3.7191e-17
80.71	4.1814e-09	2.7238e-05	2.0387e-05	6.8512e-06	3.7246e-17
80.72	4.3126e-09	2.81e-05	2.1248e-05	6.8519e-06	3.7303e-17
80.73	4.4431e-09	2.8957e-05	2.2104e-05	6.8534e-06	3.736e-17
80.74	4.5699e-09	2.9791e-05	2.2935e-05	6.8555e-06	3.7417e-17
80.75	4.69e-09	3.0581e-05	2.3723e-05	6.8582e-06	3.7474e-17
80.76	4.8007e-09	3.1311e-05	2.445e-05	6.8614e-06	3.753e-17
80.77	4.8995e-09	3.1963e-05	2.5098e-05	6.8651e-06	3.7584e-17
80.78	4.984e-09	3.2523e-05	2.5654e-05	6.8692e-06	3.7636e-17
80.79	5.0524e-09	3.2977e-05	2.6104e-05	6.8736e-06	3.7685e-17
80.8	5.1031e-09	3.3316e-05	2.6438e-05	6.8782e-06	3.7731e-17
80.81	5.1349e-09	3.3532e-05	2.6649e-05	6.883e-06	3.7774e-17
80.82	5.1471e-09	3.362e-05	2.6732e-05	6.8877e-06	3.7814e-17
80.83	5.1393e-09	3.3578e-05	2.6685e-05	6.8923e-06	3.7852e-17
80.84	5.1118e-09	3.3406e-05	2.651e-05	6.8967e-06	3.7887e-17
80.85	5.0652e-09	3.3109e-05	2.6209e-05	6.9008e-06	3.7921e-17
80.86	5.0004e-09	3.2694e-05	2.579e-05	6.9043e-06	3.7955e-17
80.87	4.9189e-09	3.217e-05	2.5262e-05	6.9074e-06	3.7989e-17
80.88	4.8226e-09	3.1548e-05	2.4638e-05	6.9097e-06	3.8024e-17
80.89	4.7137e-09	3.0843e-05	2.3931e-05	6.9113e-06	3.8061e-17
80.9	4.5946e-09	3.0071e-05	2.3158e-05	6.9122e-06	3.8101e-17
80.91	4.4679e-09	2.9249e-05	2.2337e-05	6.9122e-06	3.8145e-17
80.92	4.3367e-09	2.8397e-05	2.1485e-05	6.9115e-06	3.8193e-17
80.93	4.2038e-09	2.7533e-05	2.0623e-05	6.91e-06	3.8244e-17
80.94	4.0722e-09	2.6678e-05	1.9771e-05	6.9077e-06	3.8299e-17
80.95	3.9451e-09	2.5852e-05	1.8947e-05	6.9048e-06	3.8358e-17
80.96	3.8251e-09	2.5072e-05	1.8171e-05	6.9013e-06	3.8418e-17
80.97	3.7152e-09	2.4357e-05	1.746e-05	6.8975e-06	3.8481e-17
80.98	3.6177e-09	2.3724e-05	1.6831e-05	6.8933e-06	3.8543e-17
80.99	3.535e-09	2.3187e-05	1.6298e-05	6.889e-06	3.8605e-17
81	3.4688e-09	2.2759e-05	1.5874e-05	6.8846e-06	3.8664e-17
81.01	3.4208e-09	2.2449e-05	1.5569e-05	6.8805e-06	3.872e-17
81.02	3.3919e-09	2.2266e-05	1.5389e-05	6.8766e-06	3.8772e-17
81.03	3.3829e-09	2.2212e-05	1.5339e-05	6.8731e-06	3.8818e-17
81.04	3.3939e-09	2.229e-05	1.5419e-05	6.8701e-06	3.8858e-17
81.05	3.4247e-09	2.2497e-05	1.5629e-05	6.8678e-06	3.8891e-17
81.06	3.4744e-09	2.283e-05	1.5963e-05	6.8662e-06	3.8919e-17
81.07	3.5421e-09	2.328e-05	1.6414e-05	6.8653e-06	3.894e-17
81.08	3.6259e-09	2.3837e-05	1.6972e-05	6.8651e-06	3.8956e-17
81.09	3.7241e-09	2.4488e-05	1.7623e-05	6.8656e-06	3.8968e-17
81.1	3.8343e-09	2.5219e-05	1.8352e-05	6.8669e-06	3.8976e-17
81.11	3.954e-09	2.6013e-05	1.9144e-05	6.8688e-06	3.8983e-17
81.12	4.0803e-09	2.685e-05	1.9979e-05	6.8712e-06	3.8989e-17
81.13	4.2104e-09	2.7713e-05	2.0839e-05	6.8741e-06	3.8995e-17
81.14	4.3412e-09	2.8581e-05	2.1704e-05	6.8773e-06	3.9004e-17
81.15	4.4696e-09	2.9434e-05	2.2553e-05	6.8807e-06	3.9016e-17
81.16	4.5927e-09	3.0252e-05	2.3368e-05	6.8842e-06	3.9032e-17
81.17	4.7077e-09	3.1017e-05	2.4129e-05	6.8877e-06	3.9053e-17
81.18	4.8119e-09	3.1711e-05	2.482e-05	6.891e-06	3.9078e-17
81.19	4.9028e-09	3.2318e-05	2.5424e-05	6.8941e-06	3.9108e-17
81.2	4.9783e-09	3.2824e-05	2.5927e-05	6.8967e-06	3.9142e-17
81.21	5.0367e-09	3.3217e-05	2.6319e-05	6.8989e-06	3.9181e-17
81.22	5.0767e-09	3.3489e-05	2.6589e-05	6.9005e-06	3.9221e-17
81.23	5.0972e-09	3.3633e-05	2.6731e-05	6.9015e-06	3.9264e-17
81.24	5.0978e-09	3.3645e-05	2.6743e-05	6.9018e-06	3.9307e-17
81.25	5.0785e-09	3.3526e-05	2.6625e-05	6.9014e-06	3.935e-17
81.26	5.0396e-09	3.3278e-05	2.6377e-05	6.9002e-06	3.939e-17
81.27	4.9821e-09	3.2906e-05	2.6008e-05	6.8984e-06	3.9428e-17
81.28	4.9072e-09	3.2419e-05	2.5524e-05	6.8958e-06	3.9462e-17
81.29	4.8167e-09	3.1829e-05	2.4936e-05	6.8927e-06	3.9492e-17
81.3	4.7125e-09	3.1148e-05	2.4259e-05	6.8889e-06	3.9518e-17
81.31	4.597e-09	3.0393e-05	2.3508e-05	6.8846e-06	3.9538e-17
81.32	4.473e-09	2.9579e-05	2.2699e-05	6.88e-06	3.9555e-17
81.33	4.343e-09	2.8727e-05	2.1852e-05	6.8751e-06	3.9567e-17
81.34	4.2102e-09	2.7856e-05	2.0986e-05	6.8699e-06	3.9575e-17
81.35	4.0776e-09	2.6985e-05	2.012e-05	6.8648e-06	3.9581e-17
81.36	3.948e-09	2.6134e-05	1.9274e-05	6.8598e-06	3.9586e-17
81.37	3.8246e-09	2.5323e-05	1.8468e-05	6.8549e-06	3.959e-17
81.38	3.7101e-09	2.4571e-05	1.772e-05	6.8505e-06	3.9595e-17
81.39	3.607e-09	2.3894e-05	1.7047e-05	6.8465e-06	3.9602e-17
81.4	3.5177e-09	2.3308e-05	1.6465e-05	6.843e-06	3.9611e-17
81.41	3.4443e-09	2.2827e-05	1.5987e-05	6.8402e-06	3.9623e-17
81.42	3.3882e-09	2.2461e-05	1.5623e-05	6.8382e-06	3.9639e-17
81.43	3.3509e-09	2.2219e-05	1.5383e-05	6.8369e-06	3.966e-17
81.44	3.3331e-09	2.2107e-05	1.527e-05	6.8363e-06	3.9684e-17
81.45	3.3351e-09	2.2125e-05	1.5289e-05	6.8366e-06	3.9713e-17
81.46	3.3568e-09	2.2275e-05	1.5438e-05	6.8375e-06	3.9746e-17
81.47	3.3978e-09	2.2552e-05	1.5713e-05	6.8391e-06	3.9782e-17
81.48	3.4569e-09	2.295e-05	1.6109e-05	6.8413e-06	3.982e-17
81.49	3.5327e-09	2.346e-05	1.6616e-05	6.844e-06	3.9859e-17
81.5	3.6235e-09	2.4068e-05	1.7222e-05	6.847e-06	3.99e-17
81.51	3.7272e-09	2.4763e-05	1.7913e-05	6.8502e-06	3.994e-17
81.52	3.8412e-09	2.5527e-05	1.8673e-05	6.8535e-06	3.9979e-17
81.53	3.9629e-09	2.6342e-05	1.9485e-05	6.8568e-06	4.0016e-17
81.54	4.0895e-09	2.719e-05	2.033e-05	6.86e-06	4.005e-17
81.55	4.218e-09	2.8051e-05	2.1189e-05	6.8628e-06	4.0081e-17
81.56	4.3455e-09	2.8906e-05	2.2041e-05	6.8654e-06	4.0109e-17
81.57	4.469e-09	2.9735e-05	2.2868e-05	6.8675e-06	4.0132e-17
81.58	4.5856e-09	3.0519e-05	2.365e-05	6.8691e-06	4.0152e-17
81.59	4.6928e-09	3.1239e-05	2.4369e-05	6.8702e-06	4.0169e-17
81.6	4.788e-09	3.1881e-05	2.501e-05	6.8708e-06	4.0182e-17
81.61	4.869e-09	3.2429e-05	2.5558e-05	6.8709e-06	4.0192e-17
81.62	4.9341e-09	3.287e-05	2.5999e-05	6.8705e-06	4.0201e-17
81.63	4.9817e-09	3.3195e-05	2.6326e-05	6.8696e-06	4.0208e-17
81.64	5.0107e-09	3.3397e-05	2.6529e-05	6.8684e-06	4.0215e-17
81.65	5.0206e-09	3.3471e-05	2.6604e-05	6.8668e-06	4.0223e-17
81.66	5.011e-09	3.3415e-05	2.655e-05	6.865e-06	4.0231e-17
81.67	4.9823e-09	3.3232e-05	2.6369e-05	6.8629e-06	4.0241e-17
81.68	4.935e-09	3.2924e-05	2.6064e-05	6.8607e-06	4.0254e-17
81.69	4.8702e-09	3.25e-05	2.5642e-05	6.8584e-06	4.0268e-17
81.7	4.7894e-09	3.1969e-05	2.5113e-05	6.8559e-06	4.0286e-17
81.71	4.6944e-09	3.1342e-05	2.4489e-05	6.8534e-06	4.0306e-17
81.72	4.5873e-09	3.0635e-05	2.3784e-05	6.8508e-06	4.0329e-17
81.73	4.4705e-09	2.9862e-05	2.3014e-05	6.8483e-06	4.0354e-17
81.74	4.3467e-09	2.9042e-05	2.2196e-05	6.8456e-06	4.038e-17
81.75	4.2186e-09	2.8193e-05	2.135e-05	6.8429e-06	4.0408e-17
81.76	4.089e-09	2.7334e-05	2.0494e-05	6.8402e-06	4.0436e-17
81.77	3.961e-09	2.6484e-05	1.9647e-05	6.8374e-06	4.0465e-17
81.78	3.8373e-09	2.5663e-05	1.8829e-05	6.8345e-06	4.0492e-17
81.79	3.7206e-09	2.4889e-05	1.8058e-05	6.8315e-06	4.0518e-17
81.8	3.6136e-09	2.418e-05	1.7351e-05	6.8284e-06	4.0542e-17
81.81	3.5187e-09	2.355e-05	1.6725e-05	6.8253e-06	4.0564e-17
81.82	3.438e-09	2.3016e-05	1.6193e-05	6.8222e-06	4.0584e-17
81.83	3.3732e-09	2.2587e-05	1.5768e-05	6.819e-06	4.0601e-17
81.84	3.3258e-09	2.2275e-05	1.5459e-05	6.8158e-06	4.0615e-17
81.85	3.2967e-09	2.2086e-05	1.5274e-05	6.8127e-06	4.0627e-17
81.86	3.2867e-09	2.2025e-05	1.5215e-05	6.8097e-06	4.0636e-17
81.87	3.2959e-09	2.2091e-05	1.5284e-05	6.8069e-06	4.0644e-17
81.88	3.324e-09	2.2285e-05	1.5481e-05	6.8043e-06	4.0651e-17
81.89	3.3704e-09	2.2602e-05	1.58e-05	6.8019e-06	4.0657e-17
81.9	3.4339e-09	2.3033e-05	1.6233e-05	6.7999e-06	4.0662e-17
81.91	3.513e-09	2.357e-05	1.6771e-05	6.7982e-06	4.0668e-17
81.92	3.606e-09	2.4199e-05	1.7402e-05	6.7968e-06	4.0674e-17
81.93	3.7106e-09	2.4907e-05	1.8111e-05	6.796e-06	4.068e-17
81.94	3.8244e-09	2.5678e-05	1.8882e-05	6.7955e-06	4.0687e-17
81.95	3.9449e-09	2.6493e-05	1.9697e-05	6.7955e-06	4.0694e-17
81.96	4.0691e-09	2.7334e-05	2.0538e-05	6.7959e-06	4.0702e-17
81.97	4.1943e-09	2.8182e-05	2.1385e-05	6.7968e-06	4.071e-17
81.98	4.3175e-09	2.9017e-05	2.2219e-05	6.7981e-06	4.0718e-17
81.99	4.436e-09	2.982e-05	2.3021e-05	6.7998e-06	4.0725e-17
82	4.5469e-09	3.0574e-05	2.3772e-05	6.8018e-06	4.0732e-17
82.01	4.6478e-09	3.126e-05	2.4455e-05	6.8042e-06	4.0738e-17
82.02	4.7363e-09	3.1863e-05	2.5056e-05	6.8068e-06	4.0742e-17
82.03	4.8104e-09	3.2369e-05	2.5559e-05	6.8096e-06	4.0746e-17
82.04	4.8683e-09	3.2767e-05	2.5954e-05	6.8125e-06	4.0748e-17
82.05	4.9088e-09	3.3047e-05	2.6232e-05	6.8155e-06	4.0749e-17
82.06	4.9309e-09	3.3204e-05	2.6385e-05	6.8184e-06	4.0749e-17
82.07	4.934e-09	3.3233e-05	2.6411e-05	6.8212e-06	4.0749e-17
82.08	4.918e-09	3.3133e-05	2.631e-05	6.8238e-06	4.0749e-17
82.09	4.8834e-09	3.2908e-05	2.6082e-05	6.8262e-06	4.0749e-17
82.1	4.8309e-09	3.2562e-05	2.5734e-05	6.8282e-06	4.0751e-17
82.11	4.7616e-09	3.2103e-05	2.5273e-05	6.8297e-06	4.0754e-17
82.12	4.6771e-09	3.1541e-05	2.471e-05	6.8308e-06	4.0759e-17
82.13	4.5793e-09	3.0889e-05	2.4058e-05	6.8313e-06	4.0766e-17
82.14	4.4705e-09	3.0162e-05	2.3331e-05	6.8312e-06	4.0775e-17
82.15	4.353e-09	2.9377e-05	2.2546e-05	6.8305e-06	4.0785e-17
82.16	4.2295e-09	2.855e-05	2.1721e-05	6.8292e-06	4.0798e-17
82.17	4.1029e-09	2.7702e-05	2.0875e-05	6.8272e-06	4.0811e-17
82.18	3.9759e-09	2.6852e-05	2.0027e-05	6.8247e-06	4.0824e-17
82.19	3.8515e-09	2.6018e-05	1.9196e-05	6.8217e-06	4.0836e-17
82.2	3.7326e-09	2.522e-05	1.8402e-05	6.8183e-06	4.0847e-17
82.21	3.6217e-09	2.4477e-05	1.7663e-05	6.8146e-06	4.0855e-17
82.22	3.5214e-09	2.3805e-05	1.6995e-05	6.8106e-06	4.086e-17
82.23	3.4341e-09	2.3221e-05	1.6414e-05	6.8065e-06	4.0862e-17
82.24	3.3616e-09	2.2736e-05	1.5934e-05	6.8024e-06	4.086e-17
82.25	3.3057e-09	2.2363e-05	1.5565e-05	6.7986e-06	4.0853e-17
82.26	3.2676e-09	2.2111e-05	1.5316e-05	6.795e-06	4.0843e-17
82.27	3.2482e-09	2.1985e-05	1.5193e-05	6.7917e-06	4.083e-17
82.28	3.2478e-09	2.1988e-05	1.5199e-05	6.789e-06	4.0813e-17
82.29	3.2665e-09	2.212e-05	1.5333e-05	6.7869e-06	4.0796e-17
82.3	3.3039e-09	2.2378e-05	1.5593e-05	6.7855e-06	4.0778e-17
82.31	3.359e-09	2.2757e-05	1.5972e-05	6.7847e-06	4.0762e-17
82.32	3.4305e-09	2.3247e-05	1.6462e-05	6.7846e-06	4.0747e-17
82.33	3.5168e-09	2.3838e-05	1.7053e-05	6.7852e-06	4.0737e-17
82.34	3.6159e-09	2.4515e-05	1.7729e-05	6.7864e-06	4.0731e-17
82.35	3.7254e-09	2.5264e-05	1.8475e-05	6.7882e-06	4.0731e-17
82.36	3.8427e-09	2.6066e-05	1.9275e-05	6.7905e-06	4.0737e-17
82.37	3.9652e-09	2.6903e-05	2.011e-05	6.7932e-06	4.0749e-17
82.38	4.09e-09	2.7757e-05	2.0961e-05	6.796e-06	4.0767e-17
82.39	4.2142e-09	2.8606e-05	2.1807e-05	6.7991e-06	4.079e-17
82.4	4.3348e-09	2.9432e-05	2.263e-05	6.8021e-06	4.0817e-17
82.41	4.4491e-09	3.0216e-05	2.3411e-05	6.8049e-06	4.0846e-17
82.42	4.5544e-09	3.0938e-05	2.4131e-05	6.8075e-06	4.0877e-17
82.43	4.6482e-09	3.1583e-05	2.4774e-05	6.8098e-06	4.0906e-17
82.44	4.7285e-09	3.2136e-05	2.5325e-05	6.8115e-06	4.0932e-17
82.45	4.7932e-09	3.2584e-05	2.5771e-05	6.8128e-06	4.0954e-17
82.46	4.8409e-09	3.2916e-05	2.6103e-05	6.8134e-06	4.097e-17
82.47	4.8705e-09	3.3126e-05	2.6312e-05	6.8134e-06	4.098e-17
82.48	4.8813e-09	3.3207e-05	2.6394e-05	6.8127e-06	4.0982e-17
82.49	4.8729e-09	3.3158e-05	2.6347e-05	6.8113e-06	4.0977e-17
82.5	4.8457e-09	3.2981e-05	2.6172e-05	6.8093e-06	4.0964e-17
82.51	4.8001e-09	3.2679e-05	2.5872e-05	6.8067e-06	4.0945e-17
82.52	4.7373e-09	3.2259e-05	2.5455e-05	6.8034e-06	4.0921e-17
82.53	4.6586e-09	3.173e-05	2.4931e-05	6.7997e-06	4.0894e-17
82.54	4.5657e-09	3.1106e-05	2.431e-05	6.7954e-06	4.0866e-17
82.55	4.4609e-09	3.0398e-05	2.3608e-05	6.7908e-06	4.0838e-17
82.56	4.3463e-09	2.9625e-05	2.2839e-05	6.7858e-06	4.0813e-17
82.57	4.2247e-09	2.8803e-05	2.2023e-05	6.7805e-06	4.0792e-17
82.58	4.0988e-09	2.7951e-05	2.1176e-05	6.7751e-06	4.0777e-17
82.59	3.9713e-09	2.7089e-05	2.0319e-05	6.7696e-06	4.0768e-17
82.6	3.8452e-09	2.6235e-05	1.9471e-05	6.7641e-06	4.0768e-17
82.61	3.7233e-09	2.5409e-05	1.8651e-05	6.7586e-06	4.0774e-17
82.62	3.6083e-09	2.463e-05	1.7877e-05	6.7533e-06	4.0788e-17
82.63	3.5028e-09	2.3916e-05	1.7168e-05	6.7483e-06	4.0807e-17
82.64	3.4091e-09	2.3282e-05	1.6539e-05	6.7435e-06	4.083e-17
82.65	3.3294e-09	2.2743e-05	1.6004e-05	6.7392e-06	4.0856e-17
82.66	3.2654e-09	2.2311e-05	1.5576e-05	6.7352e-06	4.0883e-17
82.67	3.2185e-09	2.1996e-05	1.5264e-05	6.7318e-06	4.0908e-17
82.68	3.1897e-09	2.1805e-05	1.5076e-05	6.729e-06	4.0929e-17
82.69	3.1797e-09	2.1742e-05	1.5015e-05	6.7267e-06	4.0945e-17
82.7	3.1886e-09	2.1808e-05	1.5083e-05	6.725e-06	4.0954e-17
82.71	3.2161e-09	2.2001e-05	1.5277e-05	6.7239e-06	4.0956e-17
82.72	3.2616e-09	2.2318e-05	1.5594e-05	6.7234e-06	4.0949e-17
82.73	3.3239e-09	2.275e-05	1.6026e-05	6.7234e-06	4.0934e-17
82.74	3.4016e-09	2.3287e-05	1.6563e-05	6.724e-06	4.0913e-17
82.75	3.4929e-09	2.3918e-05	1.7193e-05	6.7249e-06	4.0885e-17
82.76	3.5955e-09	2.4626e-05	1.79e-05	6.7263e-06	4.0853e-17
82.77	3.7071e-09	2.5397e-05	1.8669e-05	6.7279e-06	4.0818e-17
82.78	3.825e-09	2.6211e-05	1.9482e-05	6.7296e-06	4.0783e-17
82.79	3.9466e-09	2.7051e-05	2.0319e-05	6.7314e-06	4.075e-17
82.8	4.0689e-09	2.7896e-05	2.1162e-05	6.7332e-06	4.072e-17
82.81	4.1891e-09	2.8727e-05	2.1992e-05	6.7348e-06	4.0695e-17
82.82	4.3044e-09	2.9524e-05	2.2788e-05	6.7361e-06	4.0677e-17
82.83	4.412e-09	3.027e-05	2.3533e-05	6.7371e-06	4.0665e-17
82.84	4.5096e-09	3.0947e-05	2.4209e-05	6.7376e-06	4.0661e-17
82.85	4.5948e-09	3.1539e-05	2.4802e-05	6.7377e-06	4.0664e-17
82.86	4.6656e-09	3.2033e-05	2.5296e-05	6.7372e-06	4.0672e-17
82.87	4.7204e-09	3.2417e-05	2.5681e-05	6.7361e-06	4.0685e-17
82.88	4.7579e-09	3.2682e-05	2.5948e-05	6.7345e-06	4.0701e-17
82.89	4.7771e-09	3.2823e-05	2.609e-05	6.7323e-06	4.0718e-17
82.9	4.7778e-09	3.2835e-05	2.6105e-05	6.7296e-06	4.0734e-17
82.91	4.7597e-09	3.2718e-05	2.5992e-05	6.7263e-06	4.0747e-17
82.92	4.7233e-09	3.2476e-05	2.5754e-05	6.7227e-06	4.0756e-17
82.93	4.6694e-09	3.2114e-05	2.5395e-05	6.7186e-06	4.076e-17
82.94	4.5993e-09	3.1639e-05	2.4924e-05	6.7143e-06	4.0758e-17
82.95	4.5144e-09	3.1062e-05	2.4353e-05	6.7098e-06	4.0749e-17
82.96	4.4168e-09	3.0398e-05	2.3693e-05	6.7051e-06	4.0735e-17
82.97	4.3086e-09	2.966e-05	2.296e-05	6.7004e-06	4.0715e-17
82.98	4.1922e-09	2.8866e-05	2.2171e-05	6.6958e-06	4.0691e-17
82.99	4.0704e-09	2.8034e-05	2.1343e-05	6.6912e-06	4.0664e-17
83	3.9457e-09	2.7182e-05	2.0495e-05	6.6869e-06	4.0636e-17
83.01	3.8212e-09	2.633e-05	1.9647e-05	6.6828e-06	4.061e-17
83.02	3.6994e-09	2.5498e-05	1.8819e-05	6.6791e-06	4.0585e-17
83.03	3.5833e-09	2.4703e-05	1.8027e-05	6.6757e-06	4.0564e-17
83.04	3.4754e-09	2.3965e-05	1.7292e-05	6.6728e-06	4.0549e-17
83.05	3.3781e-09	2.3299e-05	1.6629e-05	6.6703e-06	4.0538e-17
83.06	3.2935e-09	2.2722e-05	1.6054e-05	6.6683e-06	4.0534e-17
83.07	3.2237e-09	2.2246e-05	1.5579e-05	6.6668e-06	4.0535e-17
83.08	3.1701e-09	2.1881e-05	1.5215e-05	6.6658e-06	4.054e-17
83.09	3.1339e-09	2.1636e-05	1.4971e-05	6.6653e-06	4.0549e-17
83.1	3.1158e-09	2.1517e-05	1.4852e-05	6.6652e-06	4.0559e-17
83.11	3.1163e-09	2.1525e-05	1.486e-05	6.6655e-06	4.0569e-17
83.12	3.1353e-09	2.1661e-05	1.4995e-05	6.6662e-06	4.0578e-17
83.13	3.1722e-09	2.1922e-05	1.5255e-05	6.6673e-06	4.0583e-17
83.14	3.2262e-09	2.23e-05	1.5632e-05	6.6685e-06	4.0583e-17
83.15	3.296e-09	2.2788e-05	1.6118e-05	6.6699e-06	4.0577e-17
83.16	3.3798e-09	2.3373e-05	1.6702e-05	6.6714e-06	4.0565e-17
83.17	3.4758e-09	2.4043e-05	1.737e-05	6.6728e-06	4.0545e-17
83.18	3.5817e-09	2.4781e-05	1.8107e-05	6.6741e-06	4.0519e-17
83.19	3.695e-09	2.5571e-05	1.8896e-05	6.6752e-06	4.0487e-17
83.2	3.813e-09	2.6394e-05	1.9718e-05	6.676e-06	4.0451e-17
83.21	3.933e-09	2.7231e-05	2.0555e-05	6.6763e-06	4.0413e-17
83.22	4.0521e-09	2.8063e-05	2.1387e-05	6.6762e-06	4.0373e-17
83.23	4.1677e-09	2.887e-05	2.2195e-05	6.6756e-06	4.0335e-17
83.24	4.277e-09	2.9635e-05	2.296e-05	6.6744e-06	4.03e-17
83.25	4.3774e-09	3.0338e-05	2.3665e-05	6.6726e-06	4.027e-17
83.26	4.4667e-09	3.0964e-05	2.4294e-05	6.6703e-06	4.0246e-17
83.27	4.5428e-09	3.1499e-05	2.4832e-05	6.6674e-06	4.0229e-17
83.28	4.6038e-09	3.193e-05	2.5266e-05	6.664e-06	4.022e-17
83.29	4.6485e-09	3.2248e-05	2.5587e-05	6.6602e-06	4.0219e-17
83.3	4.6757e-09	3.2444e-05	2.5788e-05	6.6561e-06	4.0224e-17
83.31	4.6848e-09	3.2515e-05	2.5864e-05	6.6517e-06	4.0235e-17
83.32	4.6757e-09	3.2459e-05	2.5812e-05	6.6471e-06	4.0251e-17
83.33	4.6484e-09	3.2278e-05	2.5635e-05	6.6425e-06	4.0268e-17
83.34	4.6036e-09	3.1975e-05	2.5337e-05	6.6379e-06	4.0286e-17
83.35	4.5424e-09	3.1557e-05	2.4924e-05	6.6335e-06	4.0303e-17
83.36	4.4661e-09	3.1034e-05	2.4405e-05	6.6293e-06	4.0316e-17
83.37	4.3763e-09	3.0418e-05	2.3793e-05	6.6255e-06	4.0324e-17
83.38	4.2753e-09	2.9723e-05	2.3101e-05	6.622e-06	4.0325e-17
83.39	4.1651e-09	2.8963e-05	2.2345e-05	6.6189e-06	4.0319e-17
83.4	4.0483e-09	2.8158e-05	2.1542e-05	6.6162e-06	4.0306e-17
83.41	3.9275e-09	2.7324e-05	2.071e-05	6.614e-06	4.0285e-17
83.42	3.8054e-09	2.6481e-05	1.9869e-05	6.6122e-06	4.0258e-17
83.43	3.6847e-09	2.5648e-05	1.9037e-05	6.6107e-06	4.0225e-17
83.44	3.5681e-09	2.4842e-05	1.8233e-05	6.6096e-06	4.0188e-17
83.45	3.4583e-09	2.4083e-05	1.7474e-05	6.6088e-06	4.0149e-17
83.46	3.3576e-09	2.3387e-05	1.6779e-05	6.6081e-06	4.0109e-17
83.47	3.2682e-09	2.2771e-05	1.6163e-05	6.6077e-06	4.007e-17
83.48	3.1923e-09	2.2247e-05	1.5639e-05	6.6073e-06	4.0034e-17
83.49	3.1313e-09	2.1827e-05	1.522e-05	6.6069e-06	4.0001e-17
83.5	3.0867e-09	2.1521e-05	1.4915e-05	6.6065e-06	3.9973e-17
83.51	3.0594e-09	2.1336e-05	1.473e-05	6.6061e-06	3.9951e-17
83.52	3.05e-09	2.1275e-05	1.467e-05	6.6056e-06	3.9934e-17
83.53	3.0586e-09	2.1341e-05	1.4736e-05	6.605e-06	3.9922e-17
83.54	3.0851e-09	2.1531e-05	1.4926e-05	6.6043e-06	3.9914e-17
83.55	3.1287e-09	2.184e-05	1.5237e-05	6.6035e-06	3.991e-17
83.56	3.1885e-09	2.2263e-05	1.566e-05	6.6026e-06	3.9908e-17
83.57	3.263e-09	2.2789e-05	1.6187e-05	6.6017e-06	3.9907e-17
83.58	3.3505e-09	2.3406e-05	1.6805e-05	6.6007e-06	3.9905e-17
83.59	3.4491e-09	2.41e-05	1.75e-05	6.5998e-06	3.9902e-17
83.6	3.5563e-09	2.4855e-05	1.8256e-05	6.5988e-06	3.9896e-17
83.61	3.6699e-09	2.5655e-05	1.9057e-05	6.5979e-06	3.9886e-17
83.62	3.787e-09	2.648e-05	1.9883e-05	6.5971e-06	3.9872e-17
83.63	3.9051e-09	2.7312e-05	2.0716e-05	6.5964e-06	3.9855e-17
83.64	4.0214e-09	2.8133e-05	2.1537e-05	6.5959e-06	3.9833e-17
83.65	4.1333e-09	2.8922e-05	2.2327e-05	6.5954e-06	3.9808e-17
83.66	4.2382e-09	2.9663e-05	2.3068e-05	6.5951e-06	3.978e-17
83.67	4.3336e-09	3.0338e-05	2.3743e-05	6.5949e-06	3.975e-17
83.68	4.4173e-09	3.0932e-05	2.4337e-05	6.5949e-06	3.9719e-17
83.69	4.4875e-09	3.143e-05	2.4835e-05	6.5949e-06	3.9688e-17
83.7	4.5424e-09	3.1823e-05	2.5228e-05	6.5951e-06	3.9658e-17
83.71	4.5809e-09	3.21e-05	2.5505e-05	6.5953e-06	3.9629e-17
83.72	4.6019e-09	3.2255e-05	2.566e-05	6.5955e-06	3.9602e-17
83.73	4.6051e-09	3.2285e-05	2.5689e-05	6.5957e-06	3.9577e-17
83.74	4.5902e-09	3.2188e-05	2.5593e-05	6.5959e-06	3.9554e-17
83.75	4.5576e-09	3.1968e-05	2.5372e-05	6.5959e-06	3.9532e-17
83.76	4.5081e-09	3.1628e-05	2.5032e-05	6.5959e-06	3.9511e-17
83.77	4.4426e-09	3.1176e-05	2.458e-05	6.5956e-06	3.9491e-17
83.78	4.3627e-09	3.0622e-05	2.4027e-05	6.5952e-06	3.947e-17
83.79	4.2701e-09	2.998e-05	2.3385e-05	6.5944e-06	3.9448e-17
83.8	4.167e-09	2.9262e-05	2.2669e-05	6.5934e-06	3.9423e-17
83.81	4.0555e-09	2.8486e-05	2.1894e-05	6.592e-06	3.9396e-17
83.82	3.9383e-09	2.767e-05	2.1079e-05	6.5903e-06	3.9365e-17
83.83	3.8179e-09	2.683e-05	2.0242e-05	6.5881e-06	3.9331e-17
83.84	3.697e-09	2.5987e-05	1.9401e-05	6.5856e-06	3.9293e-17
83.85	3.5784e-09	2.5159e-05	1.8576e-05	6.5827e-06	3.9252e-17
83.86	3.4646e-09	2.4365e-05	1.7785e-05	6.5794e-06	3.9208e-17
83.87	3.3583e-09	2.3623e-05	1.7047e-05	6.5757e-06	3.9161e-17
83.88	3.2618e-09	2.2949e-05	1.6378e-05	6.5717e-06	3.9112e-17
83.89	3.1772e-09	2.236e-05	1.5793e-05	6.5674e-06	3.9062e-17
83.9	3.1065e-09	2.1868e-05	1.5305e-05	6.5629e-06	3.9011e-17
83.91	3.0512e-09	2.1483e-05	1.4925e-05	6.5582e-06	3.8961e-17
83.92	3.0125e-09	2.1216e-05	1.4662e-05	6.5535e-06	3.8911e-17
83.93	2.9913e-09	2.1071e-05	1.4523e-05	6.5487e-06	3.8862e-17
83.94	2.9879e-09	2.1053e-05	1.4509e-05	6.544e-06	3.8815e-17
83.95	3.0025e-09	2.116e-05	1.4621e-05	6.5394e-06	3.8769e-17
83.96	3.0345e-09	2.1391e-05	1.4856e-05	6.535e-06	3.8724e-17
83.97	3.0833e-09	2.174e-05	1.521e-05	6.5308e-06	3.8679e-17
83.98	3.1477e-09	2.2199e-05	1.5672e-05	6.5269e-06	3.8635e-17
83.99	3.226e-09	2.2757e-05	1.6234e-05	6.5233e-06	3.8591e-17
84	3.3165e-09	2.3401e-05	1.6881e-05	6.5199e-06	3.8546e-17
84.01	3.417e-09	2.4116e-05	1.7599e-05	6.5169e-06	3.8499e-17
84.02	3.5252e-09	2.4886e-05	1.8372e-05	6.5141e-06	3.8451e-17
84.03	3.6384e-09	2.5691e-05	1.918e-05	6.5115e-06	3.84e-17
84.04	3.7541e-09	2.6514e-05	2.0005e-05	6.509e-06	3.8347e-17
84.05	3.8694e-09	2.7335e-05	2.0828e-05	6.5066e-06	3.8293e-17
84.06	3.9817e-09	2.8135e-05	2.163e-05	6.5042e-06	3.8236e-17
84.07	4.0882e-09	2.8895e-05	2.2393e-05	6.5018e-06	3.8177e-17
84.08	4.1866e-09	2.9597e-05	2.3098e-05	6.4991e-06	3.8117e-17
84.09	4.2743e-09	3.0224e-05	2.3728e-05	6.4962e-06	3.8056e-17
84.1	4.3495e-09	3.0763e-05	2.427e-05	6.4931e-06	3.7994e-17
84.11	4.4102e-09	3.12e-05	2.471e-05	6.4897e-06	3.7933e-17
84.12	4.455e-09	3.1524e-05	2.5038e-05	6.4859e-06	3.7872e-17
84.13	4.4828e-09	3.1729e-05	2.5247e-05	6.4817e-06	3.7811e-17
84.14	4.493e-09	3.1808e-05	2.5331e-05	6.4773e-06	3.7752e-17
84.15	4.4853e-09	3.1761e-05	2.5288e-05	6.4726e-06	3.7693e-17
84.16	4.4597e-09	3.1588e-05	2.512e-05	6.4677e-06	3.7635e-17
84.17	4.4169e-09	3.1292e-05	2.4829e-05	6.4626e-06	3.7577e-17
84.18	4.3578e-09	3.088e-05	2.4423e-05	6.4575e-06	3.7518e-17
84.19	4.2837e-09	3.0363e-05	2.391e-05	6.4524e-06	3.7459e-17
84.2	4.1963e-09	2.975e-05	2.3303e-05	6.4475e-06	3.7399e-17
84.21	4.0976e-09	2.9057e-05	2.2615e-05	6.4427e-06	3.7337e-17
84.22	3.9898e-09	2.8299e-05	2.1861e-05	6.4383e-06	3.7273e-17
84.23	3.8752e-09	2.7494e-05	2.1059e-05	6.4344e-06	3.7206e-17
84.24	3.7567e-09	2.6659e-05	2.0228e-05	6.4308e-06	3.7137e-17
84.25	3.6366e-09	2.5813e-05	1.9385e-05	6.4278e-06	3.7066e-17
84.26	3.5179e-09	2.4976e-05	1.8551e-05	6.4254e-06	3.6992e-17
84.27	3.4032e-09	2.4167e-05	1.7744e-05	6.4235e-06	3.6917e-17
84.28	3.2949e-09	2.3404e-05	1.6982e-05	6.4222e-06	3.684e-17
84.29	3.1956e-09	2.2704e-05	1.6283e-05	6.4214e-06	3.6763e-17
84.3	3.1074e-09	2.2083e-05	1.5662e-05	6.4211e-06	3.6686e-17
84.31	3.0324e-09	2.1555e-05	1.5133e-05	6.4212e-06	3.661e-17
84.32	2.972e-09	2.1131e-05	1.4709e-05	6.4217e-06	3.6536e-17
84.33	2.9278e-09	2.0821e-05	1.4398e-05	6.4225e-06	3.6463e-17
84.34	2.9005e-09	2.0632e-05	1.4208e-05	6.4234e-06	3.6392e-17
84.35	2.8908e-09	2.0567e-05	1.4143e-05	6.4245e-06	3.6323e-17
84.36	2.8987e-09	2.0629e-05	1.4204e-05	6.4255e-06	3.6257e-17
84.37	2.9241e-09	2.0815e-05	1.4388e-05	6.4264e-06	3.6192e-17
84.38	2.9663e-09	2.112e-05	1.4693e-05	6.427e-06	3.6128e-17
84.39	3.0242e-09	2.1538e-05	1.511e-05	6.4274e-06	3.6064e-17
84.4	3.0965e-09	2.2058e-05	1.563e-05	6.4273e-06	3.6001e-17
84.41	3.1815e-09	2.2668e-05	1.6241e-05	6.4268e-06	3.5936e-17
84.42	3.277e-09	2.3355e-05	1.6929e-05	6.4257e-06	3.587e-17
84.43	3.381e-09	2.4101e-05	1.7677e-05	6.4241e-06	3.5801e-17
84.44	3.4909e-09	2.4891e-05	1.8469e-05	6.4218e-06	3.5729e-17
84.45	3.6042e-09	2.5704e-05	1.9285e-05	6.4189e-06	3.5655e-17
84.46	3.7182e-09	2.6524e-05	2.0108e-05	6.4154e-06	3.5577e-17
84.47	3.8303e-09	2.733e-05	2.0919e-05	6.4112e-06	3.5496e-17
84.48	3.9379e-09	2.8104e-05	2.1698e-05	6.4065e-06	3.5413e-17
84.49	4.0384e-09	2.8828e-05	2.2427e-05	6.4012e-06	3.5329e-17
84.5	4.1295e-09	2.9486e-05	2.309e-05	6.3954e-06	3.5244e-17
84.51	4.2091e-09	3.0061e-05	2.3672e-05	6.3892e-06	3.5159e-17
84.52	4.2754e-09	3.0542e-05	2.4159e-05	6.3828e-06	3.5075e-17
84.53	4.3268e-09	3.0916e-05	2.454e-05	6.3761e-06	3.4994e-17
84.54	4.362e-09	3.1175e-05	2.4806e-05	6.3694e-06	3.4917e-17
84.55	4.3803e-09	3.1314e-05	2.4951e-05	6.3628e-06	3.4843e-17
84.56	4.3812e-09	3.1328e-05	2.4971e-05	6.3564e-06	3.4774e-17
84.57	4.3647e-09	3.1217e-05	2.4867e-05	6.3504e-06	3.4711e-17
84.58	4.3312e-09	3.0984e-05	2.464e-05	6.3448e-06	3.4652e-17
84.59	4.2813e-09	3.0635e-05	2.4295e-05	6.3397e-06	3.4597e-17
84.6	4.2163e-09	3.0177e-05	2.3841e-05	6.3354e-06	3.4547e-17
84.61	4.1375e-09	2.962e-05	2.3288e-05	6.3318e-06	3.4501e-17
84.62	4.0467e-09	2.8977e-05	2.2648e-05	6.329e-06	3.4457e-17
84.63	3.9461e-09	2.8263e-05	2.1935e-05	6.3271e-06	3.4415e-17
84.64	3.8377e-09	2.7493e-05	2.1167e-05	6.326e-06	3.4374e-17
84.65	3.7242e-09	2.6686e-05	2.036e-05	6.3258e-06	3.4333e-17
84.66	3.6079e-09	2.5859e-05	1.9533e-05	6.3263e-06	3.4291e-17
84.67	3.4916e-09	2.5031e-05	1.8704e-05	6.3275e-06	3.4248e-17
84.68	3.3778e-09	2.4221e-05	1.7892e-05	6.3293e-06	3.4203e-17
84.69	3.269e-09	2.3447e-05	1.7115e-05	6.3316e-06	3.4157e-17
84.7	3.1677e-09	2.2725e-05	1.6391e-05	6.3343e-06	3.4108e-17
84.71	3.0761e-09	2.2073e-05	1.5736e-05	6.3371e-06	3.4058e-17
84.72	2.9962e-09	2.1505e-05	1.5165e-05	6.34e-06	3.4007e-17
84.73	2.9298e-09	2.1033e-05	1.4691e-05	6.3427e-06	3.3956e-17
84.74	2.8782e-09	2.0668e-05	1.4323e-05	6.3452e-06	3.3905e-17
84.75	2.8427e-09	2.0418e-05	1.4071e-05	6.3473e-06	3.3855e-17
84.76	2.8239e-09	2.0288e-05	1.3939e-05	6.3488e-06	3.3806e-17
84.77	2.8222e-09	2.028e-05	1.3931e-05	6.3497e-06	3.3759e-17
84.78	2.8376e-09	2.0396e-05	1.4046e-05	6.3499e-06	3.3714e-17
84.79	2.8697e-09	2.0631e-05	1.4282e-05	6.3493e-06	3.3672e-17
84.8	2.9176e-09	2.0981e-05	1.4633e-05	6.3479e-06	3.3632e-17
84.81	2.9803e-09	2.1436e-05	1.5091e-05	6.3457e-06	3.3594e-17
84.82	3.0562e-09	2.1987e-05	1.5645e-05	6.3426e-06	3.3558e-17
84.83	3.1436e-09	2.2622e-05	1.6283e-05	6.3388e-06	3.3523e-17
84.84	3.2404e-09	2.3324e-05	1.699e-05	6.3342e-06	3.3489e-17
84.85	3.3444e-09	2.4078e-05	1.7749e-05	6.329e-06	3.3455e-17
84.86	3.4532e-09	2.4867e-05	1.8544e-05	6.3232e-06	3.342e-17
84.87	3.5642e-09	2.5672e-05	1.9355e-05	6.3168e-06	3.3385e-17
84.88	3.6748e-09	2.6476e-05	2.0166e-05	6.3102e-06	3.3349e-17
84.89	3.7826e-09	2.7259e-05	2.0955e-05	6.3032e-06	3.3311e-17
84.9	3.885e-09	2.8003e-05	2.1707e-05	6.2961e-06	3.3273e-17
84.91	3.9796e-09	2.8692e-05	2.2403e-05	6.2889e-06	3.3233e-17
84.92	4.0642e-09	2.9309e-05	2.3027e-05	6.2818e-06	3.3192e-17
84.93	4.1369e-09	2.984e-05	2.3565e-05	6.2749e-06	3.3152e-17
84.94	4.1959e-09	3.0272e-05	2.4004e-05	6.2682e-06	3.3112e-17
84.95	4.2398e-09	3.0597e-05	2.4335e-05	6.2619e-06	3.3073e-17
84.96	4.2677e-09	3.0805e-05	2.4549e-05	6.256e-06	3.3036e-17
84.97	4.2788e-09	3.0893e-05	2.4642e-05	6.2507e-06	3.3001e-17
84.98	4.2729e-09	3.0857e-05	2.4611e-05	6.2459e-06	3.2968e-17
84.99	4.2499e-09	3.0699e-05	2.4457e-05	6.2417e-06	3.2939e-17
85	4.2105e-09	3.0421e-05	2.4183e-05	6.2382e-06	3.2913e-17
85.01	4.1555e-09	3.003e-05	2.3795e-05	6.2353e-06	3.2889e-17
85.02	4.086e-09	2.9535e-05	2.3302e-05	6.2331e-06	3.2869e-17
85.03	4.0036e-09	2.8946e-05	2.2715e-05	6.2315e-06	3.285e-17
85.04	3.9101e-09	2.8277e-05	2.2047e-05	6.2305e-06	3.2833e-17
85.05	3.8077e-09	2.7543e-05	2.1313e-05	6.2301e-06	3.2816e-17
85.06	3.6985e-09	2.676e-05	2.0529e-05	6.2301e-06	3.28e-17
85.07	3.5851e-09	2.5945e-05	1.9715e-05	6.2306e-06	3.2782e-17
85.08	3.4699e-09	2.5118e-05	1.8886e-05	6.2313e-06	3.2764e-17
85.09	3.3556e-09	2.4296e-05	1.8063e-05	6.2323e-06	3.2744e-17
85.1	3.2446e-09	2.3498e-05	1.7264e-05	6.2334e-06	3.2721e-17
85.11	3.1395e-09	2.2741e-05	1.6507e-05	6.2345e-06	3.2696e-17
85.12	3.0425e-09	2.2044e-05	1.5809e-05	6.2355e-06	3.2669e-17
85.13	2.9558e-09	2.1421e-05	1.5185e-05	6.2363e-06	3.264e-17
85.14	2.8814e-09	2.0886e-05	1.465e-05	6.2368e-06	3.2609e-17
85.15	2.8208e-09	2.0452e-05	1.4215e-05	6.237e-06	3.2577e-17
85.16	2.7754e-09	2.0128e-05	1.3891e-05	6.2368e-06	3.2544e-17
85.17	2.7462e-09	1.9921e-05	1.3684e-05	6.2362e-06	3.2512e-17
85.18	2.7338e-09	1.9835e-05	1.36e-05	6.2351e-06	3.2481e-17
85.19	2.7384e-09	1.9873e-05	1.364e-05	6.2335e-06	3.2451e-17
85.2	2.7599e-09	2.0034e-05	1.3803e-05	6.2316e-06	3.2422e-17
85.21	2.7978e-09	2.0314e-05	1.4085e-05	6.2292e-06	3.2396e-17
85.22	2.8512e-09	2.0706e-05	1.448e-05	6.2266e-06	3.2372e-17
85.23	2.9188e-09	2.1202e-05	1.4979e-05	6.2236e-06	3.235e-17
85.24	2.9991e-09	2.1791e-05	1.557e-05	6.2204e-06	3.2329e-17
85.25	3.0901e-09	2.2458e-05	1.6241e-05	6.2171e-06	3.231e-17
85.26	3.1899e-09	2.3188e-05	1.6975e-05	6.2137e-06	3.2292e-17
85.27	3.2961e-09	2.3966e-05	1.7756e-05	6.2103e-06	3.2274e-17
85.28	3.4062e-09	2.4773e-05	1.8566e-05	6.207e-06	3.2256e-17
85.29	3.5178e-09	2.559e-05	1.9386e-05	6.2037e-06	3.2237e-17
85.3	3.6281e-09	2.6398e-05	2.0198e-05	6.2005e-06	3.2217e-17
85.31	3.7347e-09	2.718e-05	2.0983e-05	6.1975e-06	3.2195e-17
85.32	3.835e-09	2.7917e-05	2.1723e-05	6.1945e-06	3.2172e-17
85.33	3.9268e-09	2.8592e-05	2.24e-05	6.1916e-06	3.2147e-17
85.34	4.0077e-09	2.9188e-05	2.2999e-05	6.1887e-06	3.212e-17
85.35	4.0761e-09	2.9693e-05	2.3507e-05	6.1858e-06	3.2092e-17
85.36	4.1301e-09	3.0093e-05	2.391e-05	6.1829e-06	3.2064e-17
85.37	4.1685e-09	3.038e-05	2.4201e-05	6.1798e-06	3.2035e-17
85.38	4.1904e-09	3.0547e-05	2.4371e-05	6.1765e-06	3.2007e-17
85.39	4.1952e-09	3.0589e-05	2.4416e-05	6.173e-06	3.1979e-17
85.4	4.1826e-09	3.0504e-05	2.4335e-05	6.1691e-06	3.1953e-17
85.41	4.1529e-09	3.0295e-05	2.413e-05	6.1649e-06	3.1929e-17
85.42	4.1067e-09	2.9965e-05	2.3805e-05	6.1603e-06	3.1906e-17
85.43	4.045e-09	2.9522e-05	2.3366e-05	6.1554e-06	3.1886e-17
85.44	3.9691e-09	2.8975e-05	2.2825e-05	6.15e-06	3.1868e-17
85.45	3.8807e-09	2.8336e-05	2.2192e-05	6.1442e-06	3.1851e-17
85.46	3.7817e-09	2.762e-05	2.1482e-05	6.1381e-06	3.1837e-17
85.47	3.6744e-09	2.6842e-05	2.071e-05	6.1316e-06	3.1823e-17
85.48	3.5611e-09	2.602e-05	1.9895e-05	6.1249e-06	3.1809e-17
85.49	3.4443e-09	2.5173e-05	1.9055e-05	6.118e-06	3.1796e-17
85.5	3.3266e-09	2.4318e-05	1.8207e-05	6.111e-06	3.1782e-17
85.51	3.2107e-09	2.3476e-05	1.7373e-05	6.1039e-06	3.1767e-17
85.52	3.0991e-09	2.2666e-05	1.6569e-05	6.0968e-06	3.175e-17
85.53	2.9944e-09	2.1905e-05	1.5815e-05	6.0899e-06	3.1731e-17
85.54	2.8988e-09	2.1211e-05	1.5127e-05	6.0831e-06	3.1711e-17
85.55	2.8144e-09	2.0598e-05	1.4522e-05	6.0767e-06	3.1689e-17
85.56	2.7432e-09	2.0081e-05	1.4011e-05	6.0705e-06	3.1666e-17
85.57	2.6866e-09	1.9672e-05	1.3607e-05	6.0648e-06	3.1641e-17
85.58	2.6459e-09	1.9378e-05	1.3319e-05	6.0595e-06	3.1616e-17
85.59	2.6219e-09	1.9207e-05	1.3152e-05	6.0547e-06	3.1591e-17
85.6	2.6151e-09	1.9162e-05	1.3111e-05	6.0503e-06	3.1566e-17
85.61	2.6256e-09	1.9243e-05	1.3196e-05	6.0465e-06	3.1542e-17
85.62	2.653e-09	1.9449e-05	1.3405e-05	6.0432e-06	3.1519e-17
85.63	2.6967e-09	1.9773e-05	1.3733e-05	6.0404e-06	3.1497e-17
85.64	2.7555e-09	2.0209e-05	1.4171e-05	6.038e-06	3.1478e-17
85.65	2.828e-09	2.0746e-05	1.471e-05	6.036e-06	3.146e-17
85.66	2.9125e-09	2.1371e-05	1.5337e-05	6.0343e-06	3.1443e-17
85.67	3.0071e-09	2.207e-05	1.6037e-05	6.0329e-06	3.1429e-17
85.68	3.1093e-09	2.2825e-05	1.6794e-05	6.0317e-06	3.1415e-17
85.69	3.2168e-09	2.362e-05	1.759e-05	6.0306e-06	3.1403e-17
85.7	3.3271e-09	2.4436e-05	1.8407e-05	6.0294e-06	3.139e-17
85.71	3.4376e-09	2.5253e-05	1.9225e-05	6.0281e-06	3.1378e-17
85.72	3.5457e-09	2.6053e-05	2.0027e-05	6.0267e-06	3.1366e-17
85.73	3.6487e-09	2.6817e-05	2.0792e-05	6.0249e-06	3.1353e-17
85.74	3.7444e-09	2.7526e-05	2.1503e-05	6.0228e-06	3.1339e-17
85.75	3.8304e-09	2.8165e-05	2.2145e-05	6.0203e-06	3.1325e-17
85.76	3.9047e-09	2.8718e-05	2.2701e-05	6.0174e-06	3.131e-17
85.77	3.9655e-09	2.9172e-05	2.3158e-05	6.0139e-06	3.1295e-17
85.78	4.0115e-09	2.9517e-05	2.3507e-05	6.01e-06	3.1279e-17
85.79	4.0415e-09	2.9745e-05	2.3739e-05	6.0056e-06	3.1263e-17
85.8	4.0548e-09	2.985e-05	2.3849e-05	6.0007e-06	3.1248e-17
85.81	4.051e-09	2.9829e-05	2.3833e-05	5.9956e-06	3.1234e-17
85.82	4.0303e-09	2.9683e-05	2.3693e-05	5.9902e-06	3.122e-17
85.83	3.993e-09	2.9416e-05	2.3431e-05	5.9846e-06	3.1207e-17
85.84	3.9401e-09	2.9033e-05	2.3054e-05	5.979e-06	3.1196e-17
85.85	3.8727e-09	2.8543e-05	2.2569e-05	5.9735e-06	3.1186e-17
85.86	3.7923e-09	2.7957e-05	2.1989e-05	5.9682e-06	3.1176e-17
85.87	3.7008e-09	2.7289e-05	2.1326e-05	5.9632e-06	3.1167e-17
85.88	3.6003e-09	2.6554e-05	2.0595e-05	5.9588e-06	3.1159e-17
85.89	3.493e-09	2.5768e-05	1.9813e-05	5.9549e-06	3.115e-17
85.9	3.3813e-09	2.495e-05	1.8999e-05	5.9516e-06	3.114e-17
85.91	3.2679e-09	2.4118e-05	1.8169e-05	5.9491e-06	3.113e-17
85.92	3.1551e-09	2.3292e-05	1.7345e-05	5.9473e-06	3.1118e-17
85.93	3.0457e-09	2.2489e-05	1.6543e-05	5.9462e-06	3.1104e-17
85.94	2.9419e-09	2.1728e-05	1.5782e-05	5.9459e-06	3.1088e-17
85.95	2.8462e-09	2.1026e-05	1.508e-05	5.9462e-06	3.107e-17
85.96	2.7607e-09	2.0399e-05	1.4452e-05	5.9471e-06	3.105e-17
85.97	2.6871e-09	1.986e-05	1.3912e-05	5.9484e-06	3.1029e-17
85.98	2.6272e-09	1.9422e-05	1.3472e-05	5.9501e-06	3.1007e-17
85.99	2.5822e-09	1.9093e-05	1.3142e-05	5.9519e-06	3.0985e-17
86	2.553e-09	1.8882e-05	1.2928e-05	5.9538e-06	3.0963e-17
86.01	2.5403e-09	1.8792e-05	1.2837e-05	5.9555e-06	3.0942e-17
86.02	2.5441e-09	1.8825e-05	1.2868e-05	5.9569e-06	3.0922e-17
86.03	2.5644e-09	1.898e-05	1.3022e-05	5.9579e-06	3.0904e-17
86.04	2.6006e-09	1.9252e-05	1.3294e-05	5.9583e-06	3.0889e-17
86.05	2.6518e-09	1.9636e-05	1.3678e-05	5.958e-06	3.0876e-17
86.06	2.7167e-09	2.0121e-05	1.4164e-05	5.9569e-06	3.0866e-17
86.07	2.7938e-09	2.0697e-05	1.4742e-05	5.9551e-06	3.0857e-17
86.08	2.8813e-09	2.135e-05	1.5397e-05	5.9523e-06	3.0851e-17
86.09	2.9771e-09	2.2064e-05	1.6116e-05	5.9488e-06	3.0846e-17
86.1	3.0789e-09	2.2825e-05	1.688e-05	5.9443e-06	3.0842e-17
86.11	3.1845e-09	2.3613e-05	1.7673e-05	5.9391e-06	3.0837e-17
86.12	3.2913e-09	2.441e-05	1.8477e-05	5.9332e-06	3.0832e-17
86.13	3.3968e-09	2.5199e-05	1.9272e-05	5.9267e-06	3.0824e-17
86.14	3.4987e-09	2.5961e-05	2.0041e-05	5.9196e-06	3.0814e-17
86.15	3.5946e-09	2.6678e-05	2.0766e-05	5.9122e-06	3.0801e-17
86.16	3.6822e-09	2.7335e-05	2.1431e-05	5.9045e-06	3.0784e-17
86.17	3.7596e-09	2.7916e-05	2.2019e-05	5.8967e-06	3.0764e-17
86.18	3.8248e-09	2.8407e-05	2.2518e-05	5.8889e-06	3.074e-17
86.19	3.8765e-09	2.8797e-05	2.2916e-05	5.8812e-06	3.0712e-17
86.2	3.9133e-09	2.9078e-05	2.3204e-05	5.8738e-06	3.0682e-17
86.21	3.9345e-09	2.9242e-05	2.3375e-05	5.8668e-06	3.0649e-17
86.22	3.9395e-09	2.9285e-05	2.3425e-05	5.8603e-06	3.0616e-17
86.23	3.928e-09	2.9207e-05	2.3353e-05	5.8543e-06	3.0581e-17
86.24	3.9005e-09	2.9009e-05	2.316e-05	5.849e-06	3.0547e-17
86.25	3.8574e-09	2.8695e-05	2.2851e-05	5.8444e-06	3.0515e-17
86.26	3.7996e-09	2.8272e-05	2.2432e-05	5.8404e-06	3.0484e-17
86.27	3.7286e-09	2.775e-05	2.1913e-05	5.8372e-06	3.0456e-17
86.28	3.6457e-09	2.7139e-05	2.1304e-05	5.8348e-06	3.043e-17
86.29	3.5528e-09	2.6454e-05	2.0621e-05	5.833e-06	3.0408e-17
86.3	3.4521e-09	2.571e-05	1.9878e-05	5.8318e-06	3.0388e-17
86.31	3.3457e-09	2.4924e-05	1.9092e-05	5.8313e-06	3.0371e-17
86.32	3.236e-09	2.4112e-05	1.8281e-05	5.8312e-06	3.0356e-17
86.33	3.1255e-09	2.3294e-05	1.7462e-05	5.8315e-06	3.0342e-17
86.34	3.0165e-09	2.2487e-05	1.6655e-05	5.8321e-06	3.0329e-17
86.35	2.9115e-09	2.1709e-05	1.5876e-05	5.8329e-06	3.0316e-17
86.36	2.8128e-09	2.0978e-05	1.5144e-05	5.8337e-06	3.0303e-17
86.37	2.7226e-09	2.031e-05	1.4476e-05	5.8344e-06	3.0287e-17
86.38	2.6429e-09	1.972e-05	1.3885e-05	5.835e-06	3.027e-17
86.39	2.5754e-09	1.922e-05	1.3385e-05	5.8352e-06	3.025e-17
86.4	2.5215e-09	1.8823e-05	1.2988e-05	5.8351e-06	3.0227e-17
86.41	2.4824e-09	1.8536e-05	1.2701e-05	5.8344e-06	3.0201e-17
86.42	2.459e-09	1.8365e-05	1.2532e-05	5.8332e-06	3.0173e-17
86.43	2.4517e-09	1.8314e-05	1.2483e-05	5.8314e-06	3.0142e-17
86.44	2.4605e-09	1.8385e-05	1.2556e-05	5.829e-06	3.0109e-17
86.45	2.4853e-09	1.8574e-05	1.2748e-05	5.8259e-06	3.0075e-17
86.46	2.5254e-09	1.8878e-05	1.3056e-05	5.8222e-06	3.004e-17
86.47	2.5798e-09	1.9289e-05	1.3472e-05	5.8178e-06	3.0004e-17
86.48	2.6473e-09	1.9798e-05	1.3985e-05	5.8129e-06	2.9969e-17
86.49	2.7262e-09	2.0393e-05	1.4586e-05	5.8076e-06	2.9934e-17
86.5	2.8147e-09	2.106e-05	1.5258e-05	5.8018e-06	2.9899e-17
86.51	2.9107e-09	2.1784e-05	1.5988e-05	5.7957e-06	2.9866e-17
86.52	3.0121e-09	2.2548e-05	1.6758e-05	5.7894e-06	2.9834e-17
86.53	3.1164e-09	2.3334e-05	1.7551e-05	5.783e-06	2.9803e-17
86.54	3.2213e-09	2.4125e-05	1.8348e-05	5.7765e-06	2.9773e-17
86.55	3.3242e-09	2.4901e-05	1.9131e-05	5.77e-06	2.9744e-17
86.56	3.4228e-09	2.5646e-05	1.9882e-05	5.7636e-06	2.9716e-17
86.57	3.5148e-09	2.6342e-05	2.0584e-05	5.7575e-06	2.9688e-17
86.58	3.5981e-09	2.6972e-05	2.122e-05	5.7515e-06	2.9659e-17
86.59	3.6706e-09	2.7522e-05	2.1776e-05	5.7458e-06	2.9631e-17
86.6	3.7308e-09	2.7979e-05	2.2239e-05	5.7404e-06	2.9602e-17
86.61	3.777e-09	2.8332e-05	2.2597e-05	5.7353e-06	2.9573e-17
86.62	3.8083e-09	2.8574e-05	2.2843e-05	5.7305e-06	2.9544e-17
86.63	3.8238e-09	2.8697e-05	2.2971e-05	5.726e-06	2.9514e-17
86.64	3.8231e-09	2.8698e-05	2.2976e-05	5.7217e-06	2.9484e-17
86.65	3.8062e-09	2.8578e-05	2.286e-05	5.7178e-06	2.9455e-17
86.66	3.7735e-09	2.8338e-05	2.2624e-05	5.714e-06	2.9425e-17
86.67	3.7255e-09	2.7984e-05	2.2274e-05	5.7105e-06	2.9396e-17
86.68	3.6633e-09	2.7524e-05	2.1817e-05	5.7072e-06	2.9368e-17
86.69	3.5883e-09	2.6967e-05	2.1263e-05	5.7041e-06	2.934e-17
86.7	3.5022e-09	2.6325e-05	2.0624e-05	5.7011e-06	2.9314e-17
86.71	3.4068e-09	2.5614e-05	1.9916e-05	5.6983e-06	2.9287e-17
86.72	3.3043e-09	2.4849e-05	1.9154e-05	5.6956e-06	2.9261e-17
86.73	3.197e-09	2.4048e-05	1.8355e-05	5.693e-06	2.9235e-17
86.74	3.0872e-09	2.3227e-05	1.7537e-05	5.6906e-06	2.9209e-17
86.75	2.9774e-09	2.2407e-05	1.6718e-05	5.6883e-06	2.9182e-17
86.76	2.8701e-09	2.1604e-05	1.5918e-05	5.6861e-06	2.9154e-17
86.77	2.7677e-09	2.0838e-05	1.5154e-05	5.684e-06	2.9125e-17
86.78	2.6723e-09	2.0125e-05	1.4443e-05	5.6819e-06	2.9094e-17
86.79	2.5863e-09	1.9481e-05	1.3801e-05	5.6799e-06	2.9062e-17
86.8	2.5113e-09	1.8921e-05	1.3243e-05	5.678e-06	2.9027e-17
86.81	2.4492e-09	1.8457e-05	1.2781e-05	5.676e-06	2.8991e-17
86.82	2.4012e-09	1.81e-05	1.2426e-05	5.674e-06	2.8953e-17
86.83	2.3683e-09	1.7856e-05	1.2184e-05	5.6719e-06	2.8914e-17
86.84	2.3513e-09	1.7732e-05	1.2062e-05	5.6697e-06	2.8874e-17
86.85	2.3505e-09	1.7729e-05	1.2062e-05	5.6674e-06	2.8834e-17
86.86	2.3657e-09	1.7848e-05	1.2183e-05	5.6649e-06	2.8795e-17
86.87	2.3966e-09	1.8086e-05	1.2423e-05	5.6622e-06	2.8756e-17
86.88	2.4424e-09	1.8436e-05	1.2776e-05	5.6593e-06	2.8719e-17
86.89	2.502e-09	1.889e-05	1.3233e-05	5.6562e-06	2.8685e-17
86.9	2.5739e-09	1.9437e-05	1.3784e-05	5.6528e-06	2.8653e-17
86.91	2.6565e-09	2.0066e-05	1.4416e-05	5.6492e-06	2.8624e-17
86.92	2.7478e-09	2.076e-05	1.5114e-05	5.6453e-06	2.8598e-17
86.93	2.8456e-09	2.1504e-05	1.5863e-05	5.6411e-06	2.8576e-17
86.94	2.9477e-09	2.228e-05	1.6644e-05	5.6367e-06	2.8556e-17
86.95	3.0516e-09	2.3071e-05	1.7439e-05	5.632e-06	2.8538e-17
86.96	3.155e-09	2.3858e-05	1.8231e-05	5.6271e-06	2.8522e-17
86.97	3.2554e-09	2.4623e-05	1.9001e-05	5.622e-06	2.8507e-17
86.98	3.3504e-09	2.5347e-05	1.9731e-05	5.6167e-06	2.8493e-17
86.99	3.4378e-09	2.6015e-05	2.0404e-05	5.6112e-06	2.8479e-17
87	3.5156e-09	2.661e-05	2.1004e-05	5.6055e-06	2.8464e-17
87.01	3.5819e-09	2.7118e-05	2.1518e-05	5.5995e-06	2.8448e-17
87.02	3.6352e-09	2.7527e-05	2.1934e-05	5.5935e-06	2.8431e-17
87.03	3.6741e-09	2.7828e-05	2.2241e-05	5.5872e-06	2.8411e-17
87.04	3.6977e-09	2.8013e-05	2.2433e-05	5.5807e-06	2.839e-17
87.05	3.7053e-09	2.8078e-05	2.2504e-05	5.5742e-06	2.8367e-17
87.06	3.6968e-09	2.802e-05	2.2453e-05	5.5674e-06	2.8342e-17
87.07	3.6723e-09	2.784e-05	2.228e-05	5.5606e-06	2.8316e-17
87.08	3.6322e-09	2.7543e-05	2.1989e-05	5.5536e-06	2.829e-17
87.09	3.5774e-09	2.7134e-05	2.1587e-05	5.5466e-06	2.8263e-17
87.1	3.5091e-09	2.6622e-05	2.1082e-05	5.5396e-06	2.8237e-17
87.11	3.4288e-09	2.6018e-05	2.0486e-05	5.5326e-06	2.8212e-17
87.12	3.3382e-09	2.5337e-05	1.9811e-05	5.5257e-06	2.8189e-17
87.13	3.2394e-09	2.4593e-05	1.9074e-05	5.519e-06	2.8168e-17
87.14	3.1346e-09	2.3802e-05	1.8289e-05	5.5124e-06	2.815e-17
87.15	3.026e-09	2.2983e-05	1.7476e-05	5.5061e-06	2.8134e-17
87.16	2.9161e-09	2.2153e-05	1.6653e-05	5.5001e-06	2.8121e-17
87.17	2.8073e-09	2.1332e-05	1.5837e-05	5.4945e-06	2.8111e-17
87.18	2.7022e-09	2.0538e-05	1.5048e-05	5.4894e-06	2.8103e-17
87.19	2.6029e-09	1.9788e-05	1.4303e-05	5.4847e-06	2.8097e-17
87.2	2.5118e-09	1.9099e-05	1.3619e-05	5.4805e-06	2.8092e-17
87.21	2.4308e-09	1.8488e-05	1.3011e-05	5.4769e-06	2.8088e-17
87.22	2.3617e-09	1.7966e-05	1.2493e-05	5.4737e-06	2.8085e-17
87.23	2.306e-09	1.7547e-05	1.2076e-05	5.4711e-06	2.8082e-17
87.24	2.265e-09	1.7238e-05	1.1769e-05	5.4691e-06	2.8079e-17
87.25	2.2394e-09	1.7048e-05	1.158e-05	5.4675e-06	2.8074e-17
87.26	2.2299e-09	1.6979e-05	1.1513e-05	5.4663e-06	2.8069e-17
87.27	2.2364e-09	1.7033e-05	1.1567e-05	5.4655e-06	2.8063e-17
87.28	2.259e-09	1.7208e-05	1.1743e-05	5.4651e-06	2.8055e-17
87.29	2.2968e-09	1.7501e-05	1.2036e-05	5.4649e-06	2.8047e-17
87.3	2.3491e-09	1.7903e-05	1.2438e-05	5.4649e-06	2.8038e-17
87.31	2.4145e-09	1.8406e-05	1.2941e-05	5.4651e-06	2.8028e-17
87.32	2.4916e-09	1.8998e-05	1.3533e-05	5.4653e-06	2.8019e-17
87.33	2.5784e-09	1.9664e-05	1.4199e-05	5.4655e-06	2.801e-17
87.34	2.673e-09	2.0391e-05	1.4925e-05	5.4656e-06	2.8001e-17
87.35	2.7732e-09	2.1159e-05	1.5694e-05	5.4656e-06	2.7994e-17
87.36	2.8765e-09	2.1953e-05	1.6488e-05	5.4654e-06	2.7988e-17
87.37	2.9807e-09	2.2753e-05	1.7288e-05	5.4649e-06	2.7983e-17
87.38	3.0833e-09	2.3542e-05	1.8077e-05	5.4642e-06	2.7981e-17
87.39	3.1819e-09	2.43e-05	1.8837e-05	5.4631e-06	2.798e-17
87.4	3.2742e-09	2.5011e-05	1.9549e-05	5.4616e-06	2.798e-17
87.41	3.3581e-09	2.5658e-05	2.0198e-05	5.4598e-06	2.7982e-17
87.42	3.4316e-09	2.6225e-05	2.0768e-05	5.4575e-06	2.7986e-17
87.43	3.4931e-09	2.6701e-05	2.1246e-05	5.4548e-06	2.799e-17
87.44	3.5411e-09	2.7074e-05	2.1622e-05	5.4517e-06	2.7995e-17
87.45	3.5744e-09	2.7335e-05	2.1887e-05	5.4482e-06	2.8e-17
87.46	3.5923e-09	2.7478e-05	2.2034e-05	5.4443e-06	2.8006e-17
87.47	3.5943e-09	2.75e-05	2.206e-05	5.44e-06	2.801e-17
87.48	3.5804e-09	2.74e-05	2.1964e-05	5.4354e-06	2.8014e-17
87.49	3.5508e-09	2.718e-05	2.1749e-05	5.4305e-06	2.8017e-17
87.5	3.5062e-09	2.6844e-05	2.1419e-05	5.4254e-06	2.8019e-17
87.51	3.4476e-09	2.6402e-05	2.0982e-05	5.4201e-06	2.8019e-17
87.52	3.3762e-09	2.5861e-05	2.0446e-05	5.4148e-06	2.8018e-17
87.53	3.2937e-09	2.5235e-05	1.9826e-05	5.4094e-06	2.8015e-17
87.54	3.202e-09	2.4537e-05	1.9133e-05	5.404e-06	2.8011e-17
87.55	3.103e-09	2.3784e-05	1.8385e-05	5.3988e-06	2.8006e-17
87.56	2.9989e-09	2.2992e-05	1.7598e-05	5.3938e-06	2.8e-17
87.57	2.8922e-09	2.2179e-05	1.679e-05	5.389e-06	2.7993e-17
87.58	2.7852e-09	2.1363e-05	1.5979e-05	5.3845e-06	2.7987e-17
87.59	2.6802e-09	2.0563e-05	1.5182e-05	5.3804e-06	2.798e-17
87.6	2.5797e-09	1.9796e-05	1.442e-05	5.3765e-06	2.7975e-17
87.61	2.4858e-09	1.908e-05	1.3707e-05	5.3731e-06	2.7971e-17
87.62	2.4006e-09	1.843e-05	1.306e-05	5.37e-06	2.7968e-17
87.63	2.326e-09	1.7861e-05	1.2494e-05	5.3672e-06	2.7967e-17
87.64	2.2635e-09	1.7385e-05	1.2021e-05	5.3646e-06	2.7969e-17
87.65	2.2145e-09	1.7013e-05	1.1651e-05	5.3623e-06	2.7974e-17
87.66	2.1801e-09	1.6753e-05	1.1393e-05	5.3601e-06	2.7981e-17
87.67	2.1609e-09	1.6609e-05	1.1251e-05	5.358e-06	2.7991e-17
87.68	2.1573e-09	1.6584e-05	1.1229e-05	5.3558e-06	2.8004e-17
87.69	2.1691e-09	1.668e-05	1.1326e-05	5.3535e-06	2.8019e-17
87.7	2.1962e-09	1.6891e-05	1.154e-05	5.351e-06	2.8036e-17
87.71	2.2376e-09	1.7214e-05	1.1866e-05	5.3482e-06	2.8055e-17
87.72	2.2925e-09	1.7641e-05	1.2295e-05	5.3451e-06	2.8075e-17
87.73	2.3595e-09	1.816e-05	1.2818e-05	5.3416e-06	2.8094e-17
87.74	2.4369e-09	1.876e-05	1.3422e-05	5.3377e-06	2.8113e-17
87.75	2.5229e-09	1.9426e-05	1.4093e-05	5.3333e-06	2.813e-17
87.76	2.6155e-09	2.0144e-05	1.4815e-05	5.3285e-06	2.8145e-17
87.77	2.7125e-09	2.0896e-05	1.5572e-05	5.3232e-06	2.8156e-17
87.78	2.8116e-09	2.1664e-05	1.6347e-05	5.3176e-06	2.8164e-17
87.79	2.9105e-09	2.2432e-05	1.712e-05	5.3117e-06	2.8167e-17
87.8	3.007e-09	2.3181e-05	1.7875e-05	5.3055e-06	2.8165e-17
87.81	3.0988e-09	2.3893e-05	1.8594e-05	5.2992e-06	2.8159e-17
87.82	3.1837e-09	2.4554e-05	1.9261e-05	5.2927e-06	2.8148e-17
87.83	3.2598e-09	2.5146e-05	1.986e-05	5.2863e-06	2.8133e-17
87.84	3.3253e-09	2.5658e-05	2.0378e-05	5.28e-06	2.8115e-17
87.85	3.3787e-09	2.6076e-05	2.0802e-05	5.2739e-06	2.8094e-17
87.86	3.4188e-09	2.6391e-05	2.1123e-05	5.2681e-06	2.8072e-17
87.87	3.4446e-09	2.6596e-05	2.1333e-05	5.2626e-06	2.8049e-17
87.88	3.4554e-09	2.6686e-05	2.1428e-05	5.2575e-06	2.8026e-17
87.89	3.451e-09	2.6658e-05	2.1405e-05	5.2528e-06	2.8005e-17
87.9	3.4315e-09	2.6513e-05	2.1265e-05	5.2486e-06	2.7987e-17
87.91	3.3973e-09	2.6255e-05	2.101e-05	5.2449e-06	2.7972e-17
87.92	3.349e-09	2.5888e-05	2.0646e-05	5.2417e-06	2.7962e-17
87.93	3.2878e-09	2.5421e-05	2.0182e-05	5.239e-06	2.7956e-17
87.94	3.215e-09	2.4863e-05	1.9627e-05	5.2367e-06	2.7954e-17
87.95	3.1322e-09	2.4228e-05	1.8993e-05	5.2347e-06	2.7957e-17
87.96	3.0412e-09	2.353e-05	1.8296e-05	5.2331e-06	2.7963e-17
87.97	2.944e-09	2.2783e-05	1.7551e-05	5.2318e-06	2.7972e-17
87.98	2.8428e-09	2.2005e-05	1.6774e-05	5.2307e-06	2.7983e-17
87.99	2.7398e-09	2.1212e-05	1.5983e-05	5.2296e-06	2.7996e-17
88	2.6373e-09	2.0424e-05	1.5195e-05	5.2286e-06	2.8007e-17
88.01	2.5376e-09	1.9656e-05	1.4428e-05	5.2274e-06	2.8017e-17
88.02	2.4428e-09	1.8925e-05	1.3699e-05	5.2261e-06	2.8025e-17
88.03	2.355e-09	1.8249e-05	1.3025e-05	5.2245e-06	2.8029e-17
88.04	2.2761e-09	1.7642e-05	1.242e-05	5.2226e-06	2.8029e-17
88.05	2.2079e-09	1.7117e-05	1.1897e-05	5.2203e-06	2.8024e-17
88.06	2.1518e-09	1.6686e-05	1.1469e-05	5.2174e-06	2.8015e-17
88.07	2.109e-09	1.6358e-05	1.1144e-05	5.214e-06	2.8001e-17
88.08	2.0803e-09	1.6139e-05	1.0929e-05	5.2099e-06	2.7983e-17
88.09	2.0664e-09	1.6035e-05	1.083e-05	5.2053e-06	2.7961e-17
88.1	2.0675e-09	1.6047e-05	1.0847e-05	5.2e-06	2.7937e-17
88.11	2.0834e-09	1.6174e-05	1.098e-05	5.1941e-06	2.7912e-17
88.12	2.1137e-09	1.6413e-05	1.1226e-05	5.1876e-06	2.7886e-17
88.13	2.1577e-09	1.6759e-05	1.1578e-05	5.1805e-06	2.7861e-17
88.14	2.2143e-09	1.7202e-05	1.2029e-05	5.173e-06	2.7837e-17
88.15	2.282e-09	1.7732e-05	1.2567e-05	5.1651e-06	2.7816e-17
88.16	2.3594e-09	1.8338e-05	1.3181e-05	5.1569e-06	2.7798e-17
88.17	2.4445e-09	1.9004e-05	1.3855e-05	5.1486e-06	2.7783e-17
88.18	2.5355e-09	1.9715e-05	1.4575e-05	5.1402e-06	2.7771e-17
88.19	2.6301e-09	2.0455e-05	1.5323e-05	5.1319e-06	2.7762e-17
88.2	2.7261e-09	2.1207e-05	1.6083e-05	5.1238e-06	2.7755e-17
88.21	2.8214e-09	2.1953e-05	1.6837e-05	5.1161e-06	2.7749e-17
88.22	2.9137e-09	2.2677e-05	1.7568e-05	5.1088e-06	2.7743e-17
88.23	3.0009e-09	2.3361e-05	1.8258e-05	5.1021e-06	2.7737e-17
88.24	3.0809e-09	2.3989e-05	1.8893e-05	5.0961e-06	2.7729e-17
88.25	3.1519e-09	2.4547e-05	1.9456e-05	5.0907e-06	2.7718e-17
88.26	3.2122e-09	2.5023e-05	1.9936e-05	5.0861e-06	2.7704e-17
88.27	3.2604e-09	2.5404e-05	2.0322e-05	5.0823e-06	2.7686e-17
88.28	3.2954e-09	2.5682e-05	2.0603e-05	5.0792e-06	2.7663e-17
88.29	3.3163e-09	2.5851e-05	2.0774e-05	5.0768e-06	2.7637e-17
88.3	3.3225e-09	2.5905e-05	2.083e-05	5.0751e-06	2.7606e-17
88.31	3.3139e-09	2.5844e-05	2.077e-05	5.074e-06	2.7572e-17
88.32	3.2906e-09	2.5668e-05	2.0595e-05	5.0733e-06	2.7536e-17
88.33	3.2532e-09	2.5382e-05	2.0309e-05	5.0731e-06	2.7498e-17
88.34	3.2022e-09	2.499e-05	1.9917e-05	5.0731e-06	2.7459e-17
88.35	3.139e-09	2.4502e-05	1.9429e-05	5.0732e-06	2.742e-17
88.36	3.0648e-09	2.3929e-05	1.8855e-05	5.0734e-06	2.7383e-17
88.37	2.9813e-09	2.3282e-05	1.8208e-05	5.0734e-06	2.7348e-17
88.38	2.8903e-09	2.2577e-05	1.7503e-05	5.0733e-06	2.7316e-17
88.39	2.7939e-09	2.1828e-05	1.6755e-05	5.0728e-06	2.7287e-17
88.4	2.6941e-09	2.1053e-05	1.5982e-05	5.0719e-06	2.7261e-17
88.41	2.5932e-09	2.027e-05	1.5199e-05	5.0706e-06	2.7238e-17
88.42	2.4935e-09	1.9494e-05	1.4426e-05	5.0687e-06	2.7218e-17
88.43	2.3971e-09	1.8745e-05	1.3679e-05	5.0662e-06	2.7199e-17
88.44	2.3061e-09	1.8038e-05	1.2974e-05	5.0632e-06	2.7182e-17
88.45	2.2227e-09	1.7389e-05	1.2329e-05	5.0595e-06	2.7165e-17
88.46	2.1485e-09	1.6813e-05	1.1757e-05	5.0553e-06	2.7148e-17
88.47	2.0854e-09	1.6322e-05	1.1271e-05	5.0506e-06	2.7129e-17
88.48	2.0345e-09	1.5927e-05	1.0882e-05	5.0453e-06	2.7108e-17
88.49	1.9971e-09	1.5638e-05	1.0598e-05	5.0395e-06	2.7084e-17
88.5	1.9738e-09	1.546e-05	1.0426e-05	5.0333e-06	2.7058e-17
88.51	1.9653e-09	1.5396e-05	1.0369e-05	5.0267e-06	2.7028e-17
88.52	1.9715e-09	1.5448e-05	1.0428e-05	5.0199e-06	2.6996e-17
88.53	1.9922e-09	1.5614e-05	1.0601e-05	5.0128e-06	2.6962e-17
88.54	2.027e-09	1.589e-05	1.0885e-05	5.0056e-06	2.6926e-17
88.55	2.0749e-09	1.627e-05	1.1271e-05	4.9983e-06	2.6888e-17
88.56	2.1348e-09	1.6743e-05	1.1752e-05	4.991e-06	2.6851e-17
88.57	2.2053e-09	1.73e-05	1.2316e-05	4.9838e-06	2.6815e-17
88.58	2.2846e-09	1.7926e-05	1.2949e-05	4.9766e-06	2.6779e-17
88.59	2.3708e-09	1.8607e-05	1.3637e-05	4.9697e-06	2.6746e-17
88.6	2.462e-09	1.9327e-05	1.4364e-05	4.963e-06	2.6714e-17
88.61	2.556e-09	2.0069e-05	1.5113e-05	4.9566e-06	2.6685e-17
88.62	2.6506e-09	2.0816e-05	1.5866e-05	4.9506e-06	2.6658e-17
88.63	2.7435e-09	2.1551e-05	1.6606e-05	4.9448e-06	2.6633e-17
88.64	2.8326e-09	2.2256e-05	1.7316e-05	4.9395e-06	2.661e-17
88.65	2.9158e-09	2.2915e-05	1.798e-05	4.9346e-06	2.6586e-17
88.66	2.9911e-09	2.3512e-05	1.8582e-05	4.93e-06	2.6563e-17
88.67	3.0568e-09	2.4033e-05	1.9108e-05	4.9258e-06	2.6538e-17
88.68	3.1112e-09	2.4467e-05	1.9545e-05	4.922e-06	2.6511e-17
88.69	3.1532e-09	2.4803e-05	1.9884e-05	4.9185e-06	2.6482e-17
88.7	3.1816e-09	2.5032e-05	2.0117e-05	4.9153e-06	2.645e-17
88.71	3.1958e-09	2.515e-05	2.0237e-05	4.9123e-06	2.6414e-17
88.72	3.1955e-09	2.5152e-05	2.0243e-05	4.9095e-06	2.6376e-17
88.73	3.1805e-09	2.504e-05	2.0133e-05	4.9069e-06	2.6335e-17
88.74	3.1511e-09	2.4815e-05	1.991e-05	4.9044e-06	2.6291e-17
88.75	3.1081e-09	2.4481e-05	1.9579e-05	4.9019e-06	2.6246e-17
88.76	3.0522e-09	2.4047e-05	1.9147e-05	4.8995e-06	2.6202e-17
88.77	2.9848e-09	2.3521e-05	1.8624e-05	4.897e-06	2.6157e-17
88.78	2.9074e-09	2.2916e-05	1.8021e-05	4.8945e-06	2.6115e-17
88.79	2.8216e-09	2.2245e-05	1.7352e-05	4.892e-06	2.6076e-17
88.8	2.7294e-09	2.1522e-05	1.6633e-05	4.8894e-06	2.604e-17
88.81	2.6329e-09	2.0766e-05	1.5879e-05	4.8868e-06	2.6009e-17
88.82	2.5341e-09	1.9992e-05	1.5108e-05	4.8841e-06	2.5982e-17
88.83	2.4354e-09	1.9217e-05	1.4336e-05	4.8815e-06	2.596e-17
88.84	2.339e-09	1.8461e-05	1.3582e-05	4.8788e-06	2.5942e-17
88.85	2.247e-09	1.7738e-05	1.2862e-05	4.8762e-06	2.5927e-17
88.86	2.1614e-09	1.7067e-05	1.2193e-05	4.8736e-06	2.5915e-17
88.87	2.0842e-09	1.6461e-05	1.159e-05	4.8711e-06	2.5905e-17
88.88	2.0171e-09	1.5934e-05	1.1066e-05	4.8687e-06	2.5895e-17
88.89	1.9616e-09	1.5499e-05	1.0633e-05	4.8663e-06	2.5884e-17
88.9	1.9188e-09	1.5165e-05	1.0301e-05	4.8641e-06	2.5871e-17
88.91	1.8897e-09	1.4938e-05	1.0076e-05	4.862e-06	2.5855e-17
88.92	1.875e-09	1.4825e-05	9.965e-06	4.8599e-06	2.5834e-17
88.93	1.8748e-09	1.4827e-05	9.9687e-06	4.8579e-06	2.5809e-17
88.94	1.889e-09	1.4943e-05	1.0087e-05	4.8559e-06	2.578e-17
88.95	1.9174e-09	1.5171e-05	1.0317e-05	4.8538e-06	2.5746e-17
88.96	1.9591e-09	1.5504e-05	1.0653e-05	4.8517e-06	2.5708e-17
88.97	2.0132e-09	1.5936e-05	1.1087e-05	4.8494e-06	2.5667e-17
88.98	2.0783e-09	1.6455e-05	1.1608e-05	4.8468e-06	2.5625e-17
88.99	2.1529e-09	1.7049e-05	1.2205e-05	4.8441e-06	2.5583e-17
89	2.2352e-09	1.7705e-05	1.2864e-05	4.8411e-06	2.5541e-17
89.01	2.3232e-09	1.8406e-05	1.3569e-05	4.8377e-06	2.5502e-17
89.02	2.4149e-09	1.9137e-05	1.4303e-05	4.834e-06	2.5467e-17
89.03	2.5081e-09	1.988e-05	1.505e-05	4.83e-06	2.5437e-17
89.04	2.6007e-09	2.0619e-05	1.5793e-05	4.8256e-06	2.5413e-17
89.05	2.6905e-09	2.1335e-05	1.6514e-05	4.8208e-06	2.5394e-17
89.06	2.7753e-09	2.2013e-05	1.7197e-05	4.8157e-06	2.5382e-17
89.07	2.8532e-09	2.2636e-05	1.7826e-05	4.8104e-06	2.5375e-17
89.08	2.9225e-09	2.3191e-05	1.8386e-05	4.8047e-06	2.5374e-17
89.09	2.9814e-09	2.3663e-05	1.8864e-05	4.7989e-06	2.5376e-17
89.1	3.0286e-09	2.4043e-05	1.925e-05	4.7929e-06	2.5381e-17
89.11	3.063e-09	2.4322e-05	1.9535e-05	4.7869e-06	2.5388e-17
89.12	3.0837e-09	2.4492e-05	1.9711e-05	4.7808e-06	2.5394e-17
89.13	3.0903e-09	2.455e-05	1.9775e-05	4.7747e-06	2.5399e-17
89.14	3.0826e-09	2.4494e-05	1.9726e-05	4.7687e-06	2.5402e-17
89.15	3.0607e-09	2.4325e-05	1.9563e-05	4.7628e-06	2.5401e-17
89.16	3.025e-09	2.4047e-05	1.929e-05	4.757e-06	2.5397e-17
89.17	2.9764e-09	2.3666e-05	1.8915e-05	4.7514e-06	2.5388e-17
89.18	2.9158e-09	2.319e-05	1.8444e-05	4.7461e-06	2.5375e-17
89.19	2.8447e-09	2.2629e-05	1.7888e-05	4.7409e-06	2.5359e-17
89.2	2.7646e-09	2.1997e-05	1.7261e-05	4.736e-06	2.534e-17
89.21	2.6772e-09	2.1306e-05	1.6575e-05	4.7314e-06	2.532e-17
89.22	2.5845e-09	2.0573e-05	1.5846e-05	4.727e-06	2.5299e-17
89.23	2.4885e-09	1.9814e-05	1.5091e-05	4.7227e-06	2.5278e-17
89.24	2.3914e-09	1.9044e-05	1.4326e-05	4.7187e-06	2.526e-17
89.25	2.2952e-09	1.8283e-05	1.3568e-05	4.7149e-06	2.5245e-17
89.26	2.2022e-09	1.7546e-05	1.2834e-05	4.7112e-06	2.5234e-17
89.27	2.1143e-09	1.6849e-05	1.2142e-05	4.7076e-06	2.5228e-17
89.28	2.0334e-09	1.6208e-05	1.1504e-05	4.704e-06	2.5227e-17
89.29	1.9614e-09	1.5638e-05	1.0937e-05	4.7005e-06	2.5231e-17
89.3	1.8997e-09	1.5149e-05	1.0453e-05	4.6969e-06	2.5239e-17
89.31	1.8498e-09	1.4754e-05	1.0061e-05	4.6933e-06	2.5252e-17
89.32	1.8125e-09	1.446e-05	9.7706e-06	4.6896e-06	2.5268e-17
89.33	1.7887e-09	1.4274e-05	9.5879e-06	4.6856e-06	2.5287e-17
89.34	1.7788e-09	1.4198e-05	9.5165e-06	4.6815e-06	2.5306e-17
89.35	1.783e-09	1.4235e-05	9.5575e-06	4.6772e-06	2.5325e-17
89.36	1.8011e-09	1.4382e-05	9.7094e-06	4.6726e-06	2.5343e-17
89.37	1.8325e-09	1.4636e-05	9.9684e-06	4.6677e-06	2.5359e-17
89.38	1.8765e-09	1.4991e-05	1.0328e-05	4.6626e-06	2.5372e-17
89.39	1.9319e-09	1.5437e-05	1.078e-05	4.6572e-06	2.5381e-17
89.4	1.9975e-09	1.5965e-05	1.1313e-05	4.6515e-06	2.5387e-17
89.41	2.0716e-09	1.6561e-05	1.1915e-05	4.6456e-06	2.539e-17
89.42	2.1526e-09	1.7212e-05	1.2572e-05	4.6396e-06	2.539e-17
89.43	2.2384e-09	1.7902e-05	1.3269e-05	4.6334e-06	2.5388e-17
89.44	2.3271e-09	1.8616e-05	1.3989e-05	4.6272e-06	2.5384e-17
89.45	2.4167e-09	1.9336e-05	1.4715e-05	4.621e-06	2.538e-17
89.46	2.5049e-09	2.0047e-05	1.5432e-05	4.615e-06	2.5377e-17
89.47	2.5899e-09	2.0732e-05	1.6123e-05	4.6091e-06	2.5375e-17
89.48	2.6696e-09	2.1374e-05	1.6771e-05	4.6035e-06	2.5376e-17
89.49	2.7421e-09	2.196e-05	1.7362e-05	4.5982e-06	2.5379e-17
89.5	2.8058e-09	2.2476e-05	1.7882e-05	4.5934e-06	2.5387e-17
89.51	2.8593e-09	2.2909e-05	1.832e-05	4.589e-06	2.5398e-17
89.52	2.9012e-09	2.3249e-05	1.8664e-05	4.5851e-06	2.5412e-17
89.53	2.9305e-09	2.349e-05	1.8908e-05	4.5818e-06	2.543e-17
89.54	2.9466e-09	2.3624e-05	1.9045e-05	4.5789e-06	2.5451e-17
89.55	2.9491e-09	2.3649e-05	1.9073e-05	4.5765e-06	2.5474e-17
89.56	2.9378e-09	2.3564e-05	1.899e-05	4.5746e-06	2.5499e-17
89.57	2.913e-09	2.3371e-05	1.8798e-05	4.573e-06	2.5523e-17
89.58	2.8752e-09	2.3072e-05	1.8501e-05	4.5718e-06	2.5547e-17
89.59	2.8252e-09	2.2676e-05	1.8105e-05	4.5708e-06	2.557e-17
89.6	2.7641e-09	2.219e-05	1.762e-05	4.5698e-06	2.5591e-17
89.61	2.6931e-09	2.1626e-05	1.7057e-05	4.5689e-06	2.561e-17
89.62	2.6139e-09	2.0994e-05	1.6427e-05	4.5679e-06	2.5625e-17
89.63	2.5282e-09	2.0311e-05	1.5744e-05	4.5666e-06	2.5637e-17
89.64	2.4379e-09	1.9589e-05	1.5024e-05	4.565e-06	2.5647e-17
89.65	2.3449e-09	1.8847e-05	1.4284e-05	4.5629e-06	2.5653e-17
89.66	2.2514e-09	1.8099e-05	1.3538e-05	4.5604e-06	2.5658e-17
89.67	2.1593e-09	1.7362e-05	1.2805e-05	4.5573e-06	2.5661e-17
89.68	2.0707e-09	1.6653e-05	1.21e-05	4.5535e-06	2.5663e-17
89.69	1.9875e-09	1.5988e-05	1.1439e-05	4.5492e-06	2.5664e-17
89.7	1.9116e-09	1.5381e-05	1.0837e-05	4.5441e-06	2.5666e-17
89.71	1.8446e-09	1.4845e-05	1.0306e-05	4.5385e-06	2.5669e-17
89.72	1.788e-09	1.4392e-05	9.8603e-06	4.5322e-06	2.5674e-17
89.73	1.7429e-09	1.4033e-05	9.5077e-06	4.5254e-06	2.568e-17
89.74	1.7105e-09	1.3775e-05	9.2566e-06	4.5181e-06	2.5689e-17
89.75	1.6912e-09	1.3623e-05	9.1122e-06	4.5105e-06	2.57e-17
89.76	1.6855e-09	1.358e-05	9.0776e-06	4.5025e-06	2.5712e-17
89.77	1.6935e-09	1.3648e-05	9.1532e-06	4.4944e-06	2.5727e-17
89.78	1.7149e-09	1.3823e-05	9.337e-06	4.4862e-06	2.5743e-17
89.79	1.7492e-09	1.4102e-05	9.6244e-06	4.478e-06	2.576e-17
89.8	1.7954e-09	1.4479e-05	1.0009e-05	4.47e-06	2.5777e-17
89.81	1.8526e-09	1.4943e-05	1.0481e-05	4.4622e-06	2.5794e-17
89.82	1.9193e-09	1.5484e-05	1.1029e-05	4.4548e-06	2.5811e-17
89.83	1.9939e-09	1.6089e-05	1.1642e-05	4.4478e-06	2.5827e-17
89.84	2.0747e-09	1.6745e-05	1.2304e-05	4.4414e-06	2.5841e-17
89.85	2.1597e-09	1.7436e-05	1.3e-05	4.4355e-06	2.5854e-17
89.86	2.2471e-09	1.8145e-05	1.3715e-05	4.4303e-06	2.5864e-17
89.87	2.3347e-09	1.8857e-05	1.4431e-05	4.4257e-06	2.5873e-17
89.88	2.4205e-09	1.9554e-05	1.5132e-05	4.4219e-06	2.588e-17
89.89	2.5025e-09	2.0221e-05	1.5802e-05	4.4187e-06	2.5885e-17
89.9	2.5787e-09	2.0841e-05	1.6425e-05	4.4162e-06	2.5889e-17
89.91	2.6475e-09	2.1402e-05	1.6987e-05	4.4143e-06	2.5891e-17
89.92	2.707e-09	2.1888e-05	1.7475e-05	4.4129e-06	2.5893e-17
89.93	2.7561e-09	2.229e-05	1.7877e-05	4.412e-06	2.5893e-17
89.94	2.7934e-09	2.2596e-05	1.8185e-05	4.4116e-06	2.5894e-17
89.95	2.8181e-09	2.2801e-05	1.839e-05	4.4114e-06	2.5895e-17
89.96	2.8296e-09	2.2899e-05	1.8488e-05	4.4113e-06	2.5896e-17
89.97	2.8275e-09	2.2888e-05	1.8476e-05	4.4113e-06	2.5897e-17
89.98	2.8119e-09	2.2766e-05	1.8355e-05	4.4113e-06	2.59e-17
89.99	2.7831e-09	2.2538e-05	1.8127e-05	4.411e-06	2.5904e-17
90	2.7416e-09	2.2207e-05	1.7796e-05	4.4104e-06	2.5909e-17
90.01	2.6883e-09	2.178e-05	1.7371e-05	4.4094e-06	2.5914e-17
90.02	2.6245e-09	2.1268e-05	1.686e-05	4.4078e-06	2.5921e-17
90.03	2.5514e-09	2.068e-05	1.6275e-05	4.4056e-06	2.5929e-17
90.04	2.4708e-09	2.0031e-05	1.5628e-05	4.4028e-06	2.5938e-17
90.05	2.3844e-09	1.9335e-05	1.4936e-05	4.3992e-06	2.5947e-17
90.06	2.2941e-09	1.8607e-05	1.4212e-05	4.3949e-06	2.5956e-17
90.07	2.2019e-09	1.7863e-05	1.3473e-05	4.39e-06	2.5966e-17
90.08	2.1099e-09	1.7121e-05	1.2737e-05	4.3843e-06	2.5975e-17
90.09	2.0202e-09	1.6396e-05	1.2018e-05	4.378e-06	2.5983e-17
90.1	1.9347e-09	1.5706e-05	1.1334e-05	4.3712e-06	2.599e-17
90.11	1.8553e-09	1.5064e-05	1.07e-05	4.364e-06	2.5996e-17
90.12	1.7837e-09	1.4487e-05	1.0131e-05	4.3564e-06	2.6001e-17
90.13	1.7217e-09	1.3986e-05	9.6374e-06	4.3486e-06	2.6003e-17
90.14	1.6705e-09	1.3573e-05	9.2322e-06	4.3407e-06	2.6004e-17
90.15	1.6312e-09	1.3257e-05	8.9237e-06	4.3329e-06	2.6002e-17
90.16	1.6047e-09	1.3044e-05	8.7187e-06	4.3252e-06	2.5999e-17
90.17	1.5915e-09	1.2939e-05	8.6217e-06	4.3178e-06	2.5993e-17
90.18	1.5918e-09	1.2945e-05	8.6345e-06	4.3107e-06	2.5987e-17
90.19	1.6056e-09	1.306e-05	8.7564e-06	4.3041e-06	2.5979e-17
90.2	1.6325e-09	1.3282e-05	8.9843e-06	4.298e-06	2.597e-17
90.21	1.6718e-09	1.3605e-05	9.3126e-06	4.2924e-06	2.596e-17
90.22	1.7225e-09	1.4021e-05	9.7335e-06	4.2874e-06	2.5951e-17
90.23	1.7835e-09	1.452e-05	1.0237e-05	4.283e-06	2.5942e-17
90.24	1.8531e-09	1.509e-05	1.0811e-05	4.2792e-06	2.5933e-17
90.25	1.9298e-09	1.5718e-05	1.1442e-05	4.2758e-06	2.5927e-17
90.26	2.0117e-09	1.6389e-05	1.2116e-05	4.273e-06	2.5921e-17
90.27	2.0969e-09	1.7087e-05	1.2816e-05	4.2705e-06	2.5917e-17
90.28	2.1833e-09	1.7795e-05	1.3527e-05	4.2685e-06	2.5915e-17
90.29	2.269e-09	1.8498e-05	1.4231e-05	4.2666e-06	2.5914e-17
90.3	2.3519e-09	1.9177e-05	1.4912e-05	4.265e-06	2.5914e-17
90.31	2.43e-09	1.9819e-05	1.5556e-05	4.2635e-06	2.5915e-17
90.32	2.5016e-09	2.0407e-05	1.6145e-05	4.262e-06	2.5916e-17
90.33	2.5649e-09	2.0928e-05	1.6668e-05	4.2605e-06	2.5916e-17
90.34	2.6184e-09	2.137e-05	1.7111e-05	4.2589e-06	2.5915e-17
90.35	2.6609e-09	2.1722e-05	1.7465e-05	4.2571e-06	2.5913e-17
90.36	2.6915e-09	2.1976e-05	1.772e-05	4.2551e-06	2.5907e-17
90.37	2.7092e-09	2.2125e-05	1.7873e-05	4.2529e-06	2.5899e-17
90.38	2.7138e-09	2.2168e-05	1.7917e-05	4.2503e-06	2.5887e-17
90.39	2.705e-09	2.2101e-05	1.7853e-05	4.2475e-06	2.5872e-17
90.4	2.6831e-09	2.1927e-05	1.7682e-05	4.2444e-06	2.5853e-17
90.41	2.6485e-09	2.1649e-05	1.7408e-05	4.2409e-06	2.5831e-17
90.42	2.602e-09	2.1273e-05	1.7036e-05	4.2372e-06	2.5806e-17
90.43	2.5446e-09	2.0808e-05	1.6575e-05	4.2332e-06	2.5779e-17
90.44	2.4775e-09	2.0265e-05	1.6036e-05	4.2289e-06	2.575e-17
90.45	2.4024e-09	1.9654e-05	1.543e-05	4.2243e-06	2.5721e-17
90.46	2.3208e-09	1.8991e-05	1.4772e-05	4.2196e-06	2.5692e-17
90.47	2.2346e-09	1.829e-05	1.4075e-05	4.2147e-06	2.5664e-17
90.48	2.1457e-09	1.7566e-05	1.3356e-05	4.2097e-06	2.5639e-17
90.49	2.0561e-09	1.6836e-05	1.2631e-05	4.2046e-06	2.5616e-17
90.5	1.9677e-09	1.6116e-05	1.1917e-05	4.1995e-06	2.5596e-17
90.51	1.8826e-09	1.5422e-05	1.1228e-05	4.1944e-06	2.558e-17
90.52	1.8026e-09	1.477e-05	1.0581e-05	4.1894e-06	2.5568e-17
90.53	1.7295e-09	1.4175e-05	9.9901e-06	4.1844e-06	2.5559e-17
90.54	1.6649e-09	1.3648e-05	9.4683e-06	4.1795e-06	2.5553e-17
90.55	1.6101e-09	1.3202e-05	9.0272e-06	4.1748e-06	2.5549e-17
90.56	1.5664e-09	1.2846e-05	8.6763e-06	4.1702e-06	2.5546e-17
90.57	1.5347e-09	1.2589e-05	8.4234e-06	4.1657e-06	2.5543e-17
90.58	1.5156e-09	1.2435e-05	8.2736e-06	4.1613e-06	2.554e-17
90.59	1.5094e-09	1.2387e-05	8.23e-06	4.157e-06	2.5535e-17
90.6	1.5162e-09	1.2446e-05	8.2929e-06	4.1527e-06	2.5527e-17
90.61	1.5358e-09	1.2609e-05	8.4606e-06	4.1485e-06	2.5516e-17
90.62	1.5676e-09	1.2873e-05	8.7287e-06	4.1443e-06	2.5501e-17
90.63	1.6108e-09	1.323e-05	9.0905e-06	4.14e-06	2.5482e-17
90.64	1.6643e-09	1.3673e-05	9.5372e-06	4.1357e-06	2.5458e-17
90.65	1.7268e-09	1.4189e-05	1.0058e-05	4.1312e-06	2.5432e-17
90.66	1.7967e-09	1.4768e-05	1.0641e-05	4.1265e-06	2.5402e-17
90.67	1.8725e-09	1.5394e-05	1.1273e-05	4.1217e-06	2.537e-17
90.68	1.9523e-09	1.6054e-05	1.1937e-05	4.1166e-06	2.5337e-17
90.69	2.0342e-09	1.6731e-05	1.262e-05	4.1113e-06	2.5304e-17
90.7	2.1163e-09	1.741e-05	1.3304e-05	4.1058e-06	2.5272e-17
90.71	2.1966e-09	1.8075e-05	1.3974e-05	4.1e-06	2.5243e-17
90.72	2.2733e-09	1.871e-05	1.4615e-05	4.0942e-06	2.5216e-17
90.73	2.3445e-09	1.93e-05	1.5212e-05	4.0881e-06	2.5194e-17
90.74	2.4087e-09	1.9832e-05	1.575e-05	4.082e-06	2.5176e-17
90.75	2.4642e-09	2.0294e-05	1.6218e-05	4.0758e-06	2.5163e-17
90.76	2.5098e-09	2.0674e-05	1.6604e-05	4.0697e-06	2.5154e-17
90.77	2.5444e-09	2.0964e-05	1.69e-05	4.0636e-06	2.5148e-17
90.78	2.5672e-09	2.1156e-05	1.7099e-05	4.0577e-06	2.5145e-17
90.79	2.5776e-09	2.1247e-05	1.7195e-05	4.052e-06	2.5144e-17
90.8	2.5755e-09	2.1234e-05	1.7187e-05	4.0465e-06	2.5144e-17
90.81	2.5607e-09	2.1117e-05	1.7075e-05	4.0412e-06	2.5143e-17
90.82	2.5336e-09	2.0898e-05	1.6861e-05	4.0362e-06	2.5139e-17
90.83	2.4947e-09	2.0582e-05	1.655e-05	4.0315e-06	2.5133e-17
90.84	2.445e-09	2.0176e-05	1.6149e-05	4.0271e-06	2.5123e-17
90.85	2.3855e-09	1.9689e-05	1.5666e-05	4.023e-06	2.5108e-17
90.86	2.3174e-09	1.9131e-05	1.5112e-05	4.0191e-06	2.5088e-17
90.87	2.2423e-09	1.8515e-05	1.45e-05	4.0154e-06	2.5062e-17
90.88	2.1618e-09	1.7855e-05	1.3843e-05	4.0118e-06	2.5032e-17
90.89	2.0778e-09	1.7164e-05	1.3156e-05	4.0083e-06	2.4998e-17
90.9	1.9919e-09	1.6459e-05	1.2454e-05	4.0048e-06	2.4961e-17
90.91	1.9062e-09	1.5754e-05	1.1753e-05	4.0013e-06	2.4922e-17
90.92	1.8225e-09	1.5065e-05	1.1067e-05	3.9978e-06	2.4882e-17
90.93	1.7426e-09	1.4408e-05	1.0414e-05	3.9941e-06	2.4842e-17
90.94	1.6682e-09	1.3796e-05	9.8061e-06	3.9902e-06	2.4805e-17
90.95	1.6011e-09	1.3244e-05	9.2577e-06	3.9861e-06	2.477e-17
90.96	1.5426e-09	1.2763e-05	8.7808e-06	3.9819e-06	2.474e-17
90.97	1.4939e-09	1.2363e-05	8.3858e-06	3.9774e-06	2.4715e-17
90.98	1.4563e-09	1.2054e-05	8.0814e-06	3.9726e-06	2.4694e-17
90.99	1.4303e-09	1.1842e-05	7.8739e-06	3.9677e-06	2.4679e-17
91	1.4166e-09	1.1731e-05	7.7679e-06	3.9626e-06	2.4669e-17
91.01	1.4153e-09	1.1723e-05	7.7654e-06	3.9573e-06	2.4662e-17
91.02	1.4265e-09	1.1818e-05	7.8659e-06	3.952e-06	2.4659e-17
91.03	1.4498e-09	1.2014e-05	8.067e-06	3.9466e-06	2.4658e-17
91.04	1.4846e-09	1.2305e-05	8.3637e-06	3.9411e-06	2.4659e-17
91.05	1.5301e-09	1.2685e-05	8.7489e-06	3.9357e-06	2.4659e-17
91.06	1.5852e-09	1.3144e-05	9.2135e-06	3.9304e-06	2.4657e-17
91.07	1.6485e-09	1.3672e-05	9.7466e-06	3.9253e-06	2.4653e-17
91.08	1.7185e-09	1.4256e-05	1.0336e-05	3.9203e-06	2.4647e-17
91.09	1.7937e-09	1.4883e-05	1.0967e-05	3.9156e-06	2.4636e-17
91.1	1.8722e-09	1.5538e-05	1.1627e-05	3.9111e-06	2.4622e-17
91.11	1.9522e-09	1.6205e-05	1.2298e-05	3.9069e-06	2.4603e-17
91.12	2.0318e-09	1.687e-05	1.2967e-05	3.9029e-06	2.4582e-17
91.13	2.1092e-09	1.7516e-05	1.3617e-05	3.8993e-06	2.4557e-17
91.14	2.1826e-09	1.813e-05	1.4234e-05	3.896e-06	2.4531e-17
91.15	2.2502e-09	1.8695e-05	1.4802e-05	3.893e-06	2.4503e-17
91.16	2.3104e-09	1.92e-05	1.531e-05	3.8903e-06	2.4475e-17
91.17	2.3619e-09	1.9632e-05	1.5744e-05	3.8877e-06	2.4449e-17
91.18	2.4035e-09	1.9982e-05	1.6096e-05	3.8854e-06	2.4424e-17
91.19	2.434e-09	2.024e-05	1.6357e-05	3.8833e-06	2.4401e-17
91.2	2.4529e-09	2.0402e-05	1.6521e-05	3.8812e-06	2.4382e-17
91.21	2.4596e-09	2.0462e-05	1.6583e-05	3.8792e-06	2.4367e-17
91.22	2.454e-09	2.042e-05	1.6543e-05	3.8772e-06	2.4355e-17
91.23	2.4361e-09	2.0275e-05	1.64e-05	3.875e-06	2.4346e-17
91.24	2.4062e-09	2.0031e-05	1.6158e-05	3.8727e-06	2.434e-17
91.25	2.3651e-09	1.9693e-05	1.5823e-05	3.8702e-06	2.4336e-17
91.26	2.3136e-09	1.9268e-05	1.5401e-05	3.8673e-06	2.4333e-17
91.27	2.2528e-09	1.8766e-05	1.4902e-05	3.8641e-06	2.4331e-17
91.28	2.184e-09	1.8197e-05	1.4337e-05	3.8605e-06	2.4328e-17
91.29	2.1089e-09	1.7575e-05	1.3718e-05	3.8565e-06	2.4324e-17
91.3	2.0289e-09	1.6912e-05	1.306e-05	3.8521e-06	2.4318e-17
91.31	1.946e-09	1.6225e-05	1.2378e-05	3.8471e-06	2.431e-17
91.32	1.8619e-09	1.5527e-05	1.1685e-05	3.8417e-06	2.4298e-17
91.33	1.7784e-09	1.4834e-05	1.0998e-05	3.8359e-06	2.4284e-17
91.34	1.6976e-09	1.4163e-05	1.0333e-05	3.8297e-06	2.4266e-17
91.35	1.621e-09	1.3527e-05	9.7037e-06	3.8232e-06	2.4246e-17
91.36	1.5504e-09	1.2941e-05	9.1246e-06	3.8164e-06	2.4224e-17
91.37	1.4875e-09	1.2418e-05	8.6085e-06	3.8095e-06	2.42e-17
91.38	1.4334e-09	1.1969e-05	8.1669e-06	3.8024e-06	2.4176e-17
91.39	1.3895e-09	1.1605e-05	7.8097e-06	3.7954e-06	2.4152e-17
91.4	1.3566e-09	1.1333e-05	7.5446e-06	3.7884e-06	2.4129e-17
91.41	1.3355e-09	1.1159e-05	7.3773e-06	3.7816e-06	2.4107e-17
91.42	1.3265e-09	1.1087e-05	7.3114e-06	3.7751e-06	2.4087e-17
91.43	1.3299e-09	1.1117e-05	7.3481e-06	3.769e-06	2.407e-17
91.44	1.3454e-09	1.1249e-05	7.4861e-06	3.7633e-06	2.4056e-17
91.45	1.3727e-09	1.148e-05	7.7219e-06	3.758e-06	2.4045e-17
91.46	1.411e-09	1.1803e-05	8.0499e-06	3.7532e-06	2.4036e-17
91.47	1.4595e-09	1.2211e-05	8.462e-06	3.7489e-06	2.4029e-17
91.48	1.5168e-09	1.2694e-05	8.9487e-06	3.7451e-06	2.4024e-17
91.49	1.5818e-09	1.324e-05	9.4983e-06	3.7418e-06	2.402e-17
91.5	1.6527e-09	1.3837e-05	1.0098e-05	3.7389e-06	2.4017e-17
91.51	1.728e-09	1.447e-05	1.0734e-05	3.7364e-06	2.4013e-17
91.52	1.8057e-09	1.5125e-05	1.139e-05	3.7342e-06	2.4008e-17
91.53	1.8842e-09	1.5785e-05	1.2053e-05	3.7323e-06	2.4002e-17
91.54	1.9615e-09	1.6436e-05	1.2706e-05	3.7305e-06	2.3995e-17
91.55	2.0358e-09	1.7062e-05	1.3334e-05	3.7289e-06	2.3985e-17
91.56	2.1053e-09	1.7649e-05	1.3922e-05	3.7272e-06	2.3974e-17
91.57	2.1684e-09	1.8183e-05	1.4457e-05	3.7254e-06	2.396e-17
91.58	2.2237e-09	1.865e-05	1.4927e-05	3.7235e-06	2.3945e-17
91.59	2.2698e-09	1.9041e-05	1.5319e-05	3.7214e-06	2.3928e-17
91.6	2.3056e-09	1.9345e-05	1.5626e-05	3.719e-06	2.391e-17
91.61	2.3303e-09	1.9557e-05	1.584e-05	3.7163e-06	2.3893e-17
91.62	2.3432e-09	1.967e-05	1.5956e-05	3.7133e-06	2.3875e-17
91.63	2.3441e-09	1.9681e-05	1.5971e-05	3.7099e-06	2.3859e-17
91.64	2.3329e-09	1.9591e-05	1.5885e-05	3.7061e-06	2.3844e-17
91.65	2.3098e-09	1.9402e-05	1.57e-05	3.7019e-06	2.383e-17
91.66	2.2753e-09	1.9116e-05	1.5419e-05	3.6974e-06	2.3819e-17
91.67	2.2302e-09	1.8741e-05	1.5048e-05	3.6925e-06	2.381e-17
91.68	2.1754e-09	1.8285e-05	1.4597e-05	3.6873e-06	2.3804e-17
91.69	2.1122e-09	1.7758e-05	1.4076e-05	3.6819e-06	2.3799e-17
91.7	2.042e-09	1.7171e-05	1.3495e-05	3.6762e-06	2.3796e-17
91.71	1.9664e-09	1.6539e-05	1.2868e-05	3.6702e-06	2.3795e-17
91.72	1.8869e-09	1.5874e-05	1.221e-05	3.6642e-06	2.3795e-17
91.73	1.8055e-09	1.5192e-05	1.1534e-05	3.658e-06	2.3795e-17
91.74	1.7238e-09	1.4508e-05	1.0856e-05	3.6518e-06	2.3794e-17
91.75	1.6438e-09	1.3837e-05	1.0192e-05	3.6456e-06	2.3793e-17
91.76	1.5671e-09	1.3195e-05	9.5553e-06	3.6395e-06	2.379e-17
91.77	1.4955e-09	1.2594e-05	8.9609e-06	3.6334e-06	2.3785e-17
91.78	1.4305e-09	1.205e-05	8.422e-06	3.6275e-06	2.3779e-17
91.79	1.3735e-09	1.1572e-05	7.9504e-06	3.6218e-06	2.3769e-17
91.8	1.3258e-09	1.1173e-05	7.5566e-06	3.6164e-06	2.3757e-17
91.81	1.2884e-09	1.086e-05	7.249e-06	3.6112e-06	2.3742e-17
91.82	1.2621e-09	1.0641e-05	7.0343e-06	3.6063e-06	2.3725e-17
91.83	1.2473e-09	1.0519e-05	6.9169e-06	3.6016e-06	2.3706e-17
91.84	1.2445e-09	1.0497e-05	6.8992e-06	3.5973e-06	2.3684e-17
91.85	1.2534e-09	1.0574e-05	6.9811e-06	3.5933e-06	2.3661e-17
91.86	1.274e-09	1.075e-05	7.1603e-06	3.5896e-06	2.3637e-17
91.87	1.3055e-09	1.1018e-05	7.4323e-06	3.5862e-06	2.3613e-17
91.88	1.3473e-09	1.1373e-05	7.7904e-06	3.5831e-06	2.3589e-17
91.89	1.3982e-09	1.1806e-05	8.2261e-06	3.5801e-06	2.3565e-17
91.9	1.4571e-09	1.2306e-05	8.7289e-06	3.5773e-06	2.3541e-17
91.91	1.5226e-09	1.2862e-05	9.2871e-06	3.5747e-06	2.3519e-17
91.92	1.593e-09	1.346e-05	9.8875e-06	3.5721e-06	2.3499e-17
91.93	1.6667e-09	1.4086e-05	1.0516e-05	3.5696e-06	2.348e-17
91.94	1.742e-09	1.4725e-05	1.1158e-05	3.567e-06	2.3462e-17
91.95	1.8171e-09	1.5363e-05	1.1799e-05	3.5643e-06	2.3446e-17
91.96	1.8901e-09	1.5984e-05	1.2423e-05	3.5615e-06	2.3432e-17
91.97	1.9595e-09	1.6575e-05	1.3016e-05	3.5586e-06	2.3418e-17
91.98	2.0236e-09	1.712e-05	1.3564e-05	3.5554e-06	2.3406e-17
91.99	2.0808e-09	1.7608e-05	1.4056e-05	3.552e-06	2.3394e-17
92	2.1298e-09	1.8026e-05	1.4478e-05	3.5484e-06	2.3383e-17
92.01	2.1695e-09	1.8366e-05	1.4822e-05	3.5445e-06	2.3371e-17
92.02	2.1989e-09	1.8619e-05	1.5079e-05	3.5404e-06	2.3359e-17
92.03	2.2173e-09	1.878e-05	1.5244e-05	3.5361e-06	2.3347e-17
92.04	2.2243e-09	1.8843e-05	1.5312e-05	3.5315e-06	2.3334e-17
92.05	2.2198e-09	1.8809e-05	1.5282e-05	3.5267e-06	2.332e-17
92.06	2.2036e-09	1.8676e-05	1.5154e-05	3.5218e-06	2.3305e-17
92.07	2.1763e-09	1.8449e-05	1.4932e-05	3.5167e-06	2.3289e-17
92.08	2.1384e-09	1.8131e-05	1.462e-05	3.5114e-06	2.3273e-17
92.09	2.0907e-09	1.7731e-05	1.4225e-05	3.5061e-06	2.3256e-17
92.1	2.0343e-09	1.7256e-05	1.3755e-05	3.5007e-06	2.3239e-17
92.11	1.9704e-09	1.6718e-05	1.3222e-05	3.4952e-06	2.3222e-17
92.12	1.9005e-09	1.6128e-05	1.2638e-05	3.4898e-06	2.3205e-17
92.13	1.826e-09	1.5499e-05	1.2015e-05	3.4843e-06	2.3189e-17
92.14	1.7486e-09	1.4845e-05	1.1366e-05	3.4788e-06	2.3174e-17
92.15	1.6701e-09	1.4182e-05	1.0708e-05	3.4734e-06	2.3159e-17
92.16	1.5921e-09	1.3522e-05	1.0054e-05	3.468e-06	2.3145e-17
92.17	1.5163e-09	1.2882e-05	9.4192e-06	3.4626e-06	2.3133e-17
92.18	1.4445e-09	1.2274e-05	8.8171e-06	3.4573e-06	2.3121e-17
92.19	1.3782e-09	1.1713e-05	8.2613e-06	3.452e-06	2.3109e-17
92.2	1.3188e-09	1.1211e-05	7.764e-06	3.4468e-06	2.3098e-17
92.21	1.2676e-09	1.0778e-05	7.3362e-06	3.4416e-06	2.3087e-17
92.22	1.2256e-09	1.0423e-05	6.987e-06	3.4365e-06	2.3076e-17
92.23	1.1939e-09	1.0156e-05	6.7241e-06	3.4314e-06	2.3063e-17
92.24	1.1729e-09	9.9793e-06	6.5529e-06	3.4264e-06	2.305e-17
92.25	1.1631e-09	9.8983e-06	6.4768e-06	3.4215e-06	2.3035e-17
92.26	1.1647e-09	9.9138e-06	6.4972e-06	3.4166e-06	2.3018e-17
92.27	1.1775e-09	1.0025e-05	6.613e-06	3.4118e-06	2.2999e-17
92.28	1.2011e-09	1.0228e-05	6.8211e-06	3.4071e-06	2.2978e-17
92.29	1.235e-09	1.0519e-05	7.1165e-06	3.4024e-06	2.2954e-17
92.3	1.2782e-09	1.0889e-05	7.4917e-06	3.3977e-06	2.293e-17
92.31	1.3297e-09	1.1331e-05	7.9379e-06	3.3931e-06	2.2903e-17
92.32	1.3883e-09	1.1833e-05	8.4443e-06	3.3885e-06	2.2876e-17
92.33	1.4526e-09	1.2383e-05	8.9992e-06	3.3839e-06	2.2848e-17
92.34	1.5209e-09	1.2969e-05	9.5893e-06	3.3793e-06	2.282e-17
92.35	1.5918e-09	1.3576e-05	1.0201e-05	3.3747e-06	2.2793e-17
92.36	1.6634e-09	1.419e-05	1.082e-05	3.3701e-06	2.2767e-17
92.37	1.7342e-09	1.4796e-05	1.1431e-05	3.3655e-06	2.2742e-17
92.38	1.8024e-09	1.5382e-05	1.2021e-05	3.3608e-06	2.2721e-17
92.39	1.8664e-09	1.5932e-05	1.2575e-05	3.3562e-06	2.2701e-17
92.4	1.9248e-09	1.6433e-05	1.3082e-05	3.3515e-06	2.2685e-17
92.41	1.9761e-09	1.6875e-05	1.3528e-05	3.3468e-06	2.2671e-17
92.42	2.0192e-09	1.7247e-05	1.3905e-05	3.3421e-06	2.2659e-17
92.43	2.053e-09	1.754e-05	1.4202e-05	3.3375e-06	2.265e-17
92.44	2.0768e-09	1.7746e-05	1.4413e-05	3.3329e-06	2.2642e-17
92.45	2.0899e-09	1.7862e-05	1.4534e-05	3.3285e-06	2.2635e-17
92.46	2.092e-09	1.7884e-05	1.456e-05	3.3241e-06	2.2628e-17
92.47	2.0831e-09	1.7812e-05	1.4493e-05	3.3198e-06	2.262e-17
92.48	2.0634e-09	1.7647e-05	1.4332e-05	3.3157e-06	2.2612e-17
92.49	2.0332e-09	1.7393e-05	1.4081e-05	3.3117e-06	2.2601e-17
92.5	1.9933e-09	1.7055e-05	1.3747e-05	3.3079e-06	2.2588e-17
92.51	1.9444e-09	1.664e-05	1.3336e-05	3.3042e-06	2.2571e-17
92.52	1.8877e-09	1.6159e-05	1.2858e-05	3.3007e-06	2.2552e-17
92.53	1.8245e-09	1.5621e-05	1.2323e-05	3.2973e-06	2.253e-17
92.54	1.7561e-09	1.5038e-05	1.1744e-05	3.294e-06	2.2504e-17
92.55	1.684e-09	1.4424e-05	1.1133e-05	3.2908e-06	2.2477e-17
92.56	1.6099e-09	1.3792e-05	1.0505e-05	3.2877e-06	2.2447e-17
92.57	1.5353e-09	1.3156e-05	9.8719e-06	3.2846e-06	2.2416e-17
92.58	1.462e-09	1.2531e-05	9.2493e-06	3.2814e-06	2.2385e-17
92.59	1.3915e-09	1.1929e-05	8.6507e-06	3.2782e-06	2.2354e-17
92.6	1.3253e-09	1.1364e-05	8.0894e-06	3.275e-06	2.2324e-17
92.61	1.265e-09	1.085e-05	7.5779e-06	3.2716e-06	2.2297e-17
92.62	1.2118e-09	1.0396e-05	7.1274e-06	3.2681e-06	2.2271e-17
92.63	1.1669e-09	1.0012e-05	6.7478e-06	3.2645e-06	2.2249e-17
92.64	1.1312e-09	9.7082e-06	6.4475e-06	3.2607e-06	2.2229e-17
92.65	1.1055e-09	9.4895e-06	6.2327e-06	3.2568e-06	2.2212e-17
92.66	1.0903e-09	9.3609e-06	6.1082e-06	3.2527e-06	2.2198e-17
92.67	1.0858e-09	9.3248e-06	6.0763e-06	3.2485e-06	2.2186e-17
92.68	1.0922e-09	9.3816e-06	6.1374e-06	3.2442e-06	2.2176e-17
92.69	1.1092e-09	9.5296e-06	6.2898e-06	3.2398e-06	2.2166e-17
92.7	1.1363e-09	9.765e-06	6.5297e-06	3.2353e-06	2.2157e-17
92.71	1.173e-09	1.0082e-05	6.8511e-06	3.2308e-06	2.2148e-17
92.72	1.2182e-09	1.0473e-05	7.2466e-06	3.2263e-06	2.2137e-17
92.73	1.2709e-09	1.0928e-05	7.7066e-06	3.2218e-06	2.2124e-17
92.74	1.3299e-09	1.1438e-05	8.2205e-06	3.2174e-06	2.211e-17
92.75	1.3937e-09	1.1989e-05	8.7762e-06	3.213e-06	2.2093e-17
92.76	1.4608e-09	1.257e-05	9.3608e-06	3.2088e-06	2.2073e-17
92.77	1.5297e-09	1.3165e-05	9.9605e-06	3.2046e-06	2.2051e-17
92.78	1.5987e-09	1.3762e-05	1.0562e-05	3.2006e-06	2.2027e-17
92.79	1.6663e-09	1.4346e-05	1.115e-05	3.1966e-06	2.2002e-17
92.8	1.7307e-09	1.4905e-05	1.1712e-05	3.1927e-06	2.1977e-17
92.81	1.7905e-09	1.5423e-05	1.2234e-05	3.189e-06	2.1951e-17
92.82	1.8444e-09	1.589e-05	1.2705e-05	3.1852e-06	2.1926e-17
92.83	1.891e-09	1.6295e-05	1.3114e-05	3.1816e-06	2.1902e-17
92.84	1.9292e-09	1.6628e-05	1.345e-05	3.1779e-06	2.188e-17
92.85	1.9581e-09	1.6881e-05	1.3706e-05	3.1742e-06	2.186e-17
92.86	1.977e-09	1.7047e-05	1.3877e-05	3.1706e-06	2.1843e-17
92.87	1.9854e-09	1.7124e-05	1.3957e-05	3.1668e-06	2.1829e-17
92.88	1.9832e-09	1.7108e-05	1.3945e-05	3.163e-06	2.1816e-17
92.89	1.9703e-09	1.7001e-05	1.3842e-05	3.1591e-06	2.1806e-17
92.9	1.947e-09	1.6803e-05	1.3648e-05	3.1551e-06	2.1797e-17
92.91	1.9138e-09	1.652e-05	1.3369e-05	3.1509e-06	2.1789e-17
92.92	1.8713e-09	1.6157e-05	1.3011e-05	3.1466e-06	2.1781e-17
92.93	1.8206e-09	1.5723e-05	1.2581e-05	3.1422e-06	2.1772e-17
92.94	1.7627e-09	1.5226e-05	1.2089e-05	3.1375e-06	2.1762e-17
92.95	1.699e-09	1.4679e-05	1.1546e-05	3.1327e-06	2.1749e-17
92.96	1.6308e-09	1.4092e-05	1.0965e-05	3.1278e-06	2.1735e-17
92.97	1.5596e-09	1.348e-05	1.0357e-05	3.1226e-06	2.1717e-17
92.98	1.487e-09	1.2855e-05	9.7378e-06	3.1174e-06	2.1697e-17
92.99	1.4146e-09	1.2232e-05	9.1199e-06	3.112e-06	2.1675e-17
93	1.344e-09	1.1624e-05	8.5176e-06	3.1066e-06	2.165e-17
93.01	1.2768e-09	1.1045e-05	7.944e-06	3.1011e-06	2.1623e-17
93.02	1.2144e-09	1.0508e-05	7.4122e-06	3.0955e-06	2.1596e-17
93.03	1.1582e-09	1.0024e-05	6.9337e-06	3.09e-06	2.1568e-17
93.04	1.1094e-09	9.6039e-06	6.5193e-06	3.0846e-06	2.1541e-17
93.05	1.0692e-09	9.2572e-06	6.178e-06	3.0793e-06	2.1515e-17
93.06	1.0382e-09	8.9913e-06	5.9173e-06	3.0741e-06	2.149e-17
93.07	1.0173e-09	8.8118e-06	5.7427e-06	3.0691e-06	2.1468e-17
93.08	1.0067e-09	8.7223e-06	5.6579e-06	3.0644e-06	2.1449e-17
93.09	1.0068e-09	8.7245e-06	5.6646e-06	3.0599e-06	2.1432e-17
93.1	1.0173e-09	8.8178e-06	5.762e-06	3.0558e-06	2.1417e-17
93.11	1.0381e-09	8.9997e-06	5.9478e-06	3.0519e-06	2.1405e-17
93.12	1.0685e-09	9.2656e-06	6.2172e-06	3.0484e-06	2.1394e-17
93.13	1.1079e-09	9.6089e-06	6.5637e-06	3.0452e-06	2.1385e-17
93.14	1.1552e-09	1.0021e-05	6.9791e-06	3.0423e-06	2.1376e-17
93.15	1.2093e-09	1.0493e-05	7.4535e-06	3.0396e-06	2.1366e-17
93.16	1.2689e-09	1.1013e-05	7.9757e-06	3.0372e-06	2.1356e-17
93.17	1.3326e-09	1.1568e-05	8.5333e-06	3.0349e-06	2.1344e-17
93.18	1.3989e-09	1.2146e-05	9.1133e-06	3.0327e-06	2.1331e-17
93.19	1.4662e-09	1.2733e-05	9.7021e-06	3.0305e-06	2.1315e-17
93.2	1.5328e-09	1.3314e-05	1.0286e-05	3.0284e-06	2.1297e-17
93.21	1.5973e-09	1.3877e-05	1.0851e-05	3.0261e-06	2.1277e-17
93.22	1.658e-09	1.4408e-05	1.1384e-05	3.0236e-06	2.1255e-17
93.23	1.7136e-09	1.4894e-05	1.1873e-05	3.0209e-06	2.1232e-17
93.24	1.7627e-09	1.5324e-05	1.2306e-05	3.018e-06	2.1208e-17
93.25	1.8042e-09	1.5688e-05	1.2674e-05	3.0146e-06	2.1184e-17
93.26	1.837e-09	1.5977e-05	1.2966e-05	3.011e-06	2.1161e-17
93.27	1.8605e-09	1.6185e-05	1.3178e-05	3.0069e-06	2.1139e-17
93.28	1.8739e-09	1.6305e-05	1.3303e-05	3.0025e-06	2.1119e-17
93.29	1.877e-09	1.6336e-05	1.3338e-05	2.9976e-06	2.1101e-17
93.3	1.8698e-09	1.6276e-05	1.3284e-05	2.9925e-06	2.1085e-17
93.31	1.8522e-09	1.6127e-05	1.314e-05	2.987e-06	2.1071e-17
93.32	1.8247e-09	1.5891e-05	1.291e-05	2.9812e-06	2.106e-17
93.33	1.788e-09	1.5574e-05	1.2599e-05	2.9753e-06	2.105e-17
93.34	1.7427e-09	1.5183e-05	1.2214e-05	2.9692e-06	2.1041e-17
93.35	1.69e-09	1.4727e-05	1.1764e-05	2.963e-06	2.1033e-17
93.36	1.631e-09	1.4216e-05	1.1259e-05	2.9568e-06	2.1024e-17
93.37	1.567e-09	1.3661e-05	1.071e-05	2.9507e-06	2.1014e-17
93.38	1.4995e-09	1.3075e-05	1.013e-05	2.9447e-06	2.1002e-17
93.39	1.4298e-09	1.2471e-05	9.5317e-06	2.9389e-06	2.0988e-17
93.4	1.3597e-09	1.1861e-05	8.9281e-06	2.9332e-06	2.0971e-17
93.41	1.2906e-09	1.1261e-05	8.3331e-06	2.9279e-06	2.0951e-17
93.42	1.2241e-09	1.0683e-05	7.7598e-06	2.9228e-06	2.0928e-17
93.43	1.1615e-09	1.0139e-05	7.2211e-06	2.9181e-06	2.0902e-17
93.44	1.1044e-09	9.6424e-06	6.7288e-06	2.9136e-06	2.0873e-17
93.45	1.0539e-09	9.2033e-06	6.2938e-06	2.9095e-06	2.0843e-17
93.46	1.011e-09	8.8313e-06	5.9256e-06	2.9056e-06	2.0812e-17
93.47	9.7684e-10	8.5343e-06	5.6322e-06	2.9021e-06	2.0781e-17
93.48	9.5194e-10	8.3186e-06	5.4198e-06	2.8987e-06	2.075e-17
93.49	9.3685e-10	8.1884e-06	5.2928e-06	2.8956e-06	2.072e-17
93.5	9.3184e-10	8.1464e-06	5.2537e-06	2.8927e-06	2.0692e-17
93.51	9.3693e-10	8.1927e-06	5.3028e-06	2.8899e-06	2.0667e-17
93.52	9.5195e-10	8.3257e-06	5.4385e-06	2.8872e-06	2.0645e-17
93.53	9.7647e-10	8.542e-06	5.6575e-06	2.8845e-06	2.0625e-17
93.54	1.0099e-09	8.836e-06	5.9541e-06	2.8819e-06	2.0608e-17
93.55	1.0513e-09	9.2004e-06	6.3212e-06	2.8792e-06	2.0594e-17
93.56	1.0997e-09	9.6264e-06	6.75e-06	2.8764e-06	2.0581e-17
93.57	1.154e-09	1.0104e-05	7.2303e-06	2.8735e-06	2.0571e-17
93.58	1.2129e-09	1.0621e-05	7.7507e-06	2.8705e-06	2.056e-17
93.59	1.2748e-09	1.1166e-05	8.2991e-06	2.8672e-06	2.055e-17
93.6	1.3385e-09	1.1726e-05	8.8626e-06	2.8638e-06	2.0539e-17
93.61	1.4023e-09	1.2288e-05	9.428e-06	2.8601e-06	2.0527e-17
93.62	1.4648e-09	1.2838e-05	9.982e-06	2.8561e-06	2.0513e-17
93.63	1.5244e-09	1.3364e-05	1.0512e-05	2.8519e-06	2.0497e-17
93.64	1.5798e-09	1.3853e-05	1.1005e-05	2.8475e-06	2.0479e-17
93.65	1.6297e-09	1.4293e-05	1.145e-05	2.8427e-06	2.0458e-17
93.66	1.6729e-09	1.4675e-05	1.1837e-05	2.8378e-06	2.0435e-17
93.67	1.7084e-09	1.4989e-05	1.2157e-05	2.8326e-06	2.0412e-17
93.68	1.7353e-09	1.5229e-05	1.2401e-05	2.8273e-06	2.0387e-17
93.69	1.753e-09	1.5387e-05	1.2565e-05	2.8218e-06	2.0361e-17
93.7	1.761e-09	1.5461e-05	1.2645e-05	2.8162e-06	2.0336e-17
93.71	1.7592e-09	1.5449e-05	1.2638e-05	2.8105e-06	2.0312e-17
93.72	1.7476e-09	1.535e-05	1.2545e-05	2.8048e-06	2.029e-17
93.73	1.7263e-09	1.5166e-05	1.2367e-05	2.7991e-06	2.0269e-17
93.74	1.696e-09	1.4903e-05	1.2109e-05	2.7934e-06	2.0251e-17
93.75	1.6571e-09	1.4564e-05	1.1777e-05	2.7879e-06	2.0235e-17
93.76	1.6106e-09	1.4159e-05	1.1376e-05	2.7825e-06	2.0221e-17
93.77	1.5575e-09	1.3695e-05	1.0918e-05	2.7772e-06	2.0209e-17
93.78	1.499e-09	1.3184e-05	1.0411e-05	2.7722e-06	2.0199e-17
93.79	1.4364e-09	1.2635e-05	9.868e-06	2.7673e-06	2.019e-17
93.8	1.371e-09	1.2063e-05	9.2999e-06	2.7626e-06	2.0181e-17
93.81	1.3043e-09	1.1478e-05	8.7199e-06	2.7581e-06	2.0172e-17
93.82	1.2377e-09	1.0895e-05	8.1408e-06	2.7539e-06	2.0163e-17
93.83	1.1728e-09	1.0325e-05	7.5755e-06	2.7497e-06	2.0152e-17
93.84	1.1109e-09	9.7822e-06	7.0364e-06	2.7458e-06	2.014e-17
93.85	1.0533e-09	9.2776e-06	6.5357e-06	2.742e-06	2.0126e-17
93.86	1.0014e-09	8.8224e-06	6.0841e-06	2.7382e-06	2.011e-17
93.87	9.5628e-10	8.4263e-06	5.6917e-06	2.7346e-06	2.0092e-17
93.88	9.1882e-10	8.098e-06	5.367e-06	2.731e-06	2.0072e-17
93.89	8.8985e-10	7.8444e-06	5.1169e-06	2.7274e-06	2.0052e-17
93.9	8.6996e-10	7.6706e-06	4.9468e-06	2.7239e-06	2.003e-17
93.91	8.5953e-10	7.5803e-06	4.86e-06	2.7203e-06	2.0009e-17
93.92	8.5873e-10	7.5748e-06	4.8582e-06	2.7166e-06	1.9987e-17
93.93	8.6751e-10	7.6539e-06	4.941e-06	2.713e-06	1.9967e-17
93.94	8.8562e-10	7.8153e-06	5.1061e-06	2.7092e-06	1.9948e-17
93.95	9.1256e-10	8.0548e-06	5.3493e-06	2.7055e-06	1.9931e-17
93.96	9.4768e-10	8.3665e-06	5.6649e-06	2.7017e-06	1.9917e-17
93.97	9.901e-10	8.7429e-06	6.0451e-06	2.6978e-06	1.9905e-17
93.98	1.0388e-09	9.175e-06	6.4811e-06	2.6939e-06	1.9895e-17
93.99	1.0926e-09	9.6526e-06	6.9626e-06	2.69e-06	1.9887e-17
94	1.1503e-09	1.0164e-05	7.4782e-06	2.6861e-06	1.9881e-17
94.01	1.2105e-09	1.0698e-05	8.016e-06	2.6822e-06	1.9877e-17
94.02	1.2717e-09	1.1242e-05	8.5634e-06	2.6783e-06	1.9874e-17
94.03	1.3326e-09	1.1782e-05	9.1078e-06	2.6744e-06	1.9871e-17
94.04	1.3916e-09	1.2307e-05	9.6364e-06	2.6705e-06	1.9869e-17
94.05	1.4475e-09	1.2804e-05	1.0137e-05	2.6667e-06	1.9867e-17
94.06	1.4989e-09	1.3261e-05	1.0598e-05	2.6629e-06	1.9864e-17
94.07	1.5445e-09	1.3668e-05	1.1009e-05	2.6592e-06	1.9861e-17
94.08	1.5834e-09	1.4015e-05	1.1359e-05	2.6556e-06	1.9857e-17
94.09	1.6146e-09	1.4294e-05	1.1642e-05	2.652e-06	1.9851e-17
94.1	1.6374e-09	1.4499e-05	1.1851e-05	2.6485e-06	1.9845e-17
94.11	1.6512e-09	1.4625e-05	1.1979e-05	2.645e-06	1.9838e-17
94.12	1.6557e-09	1.4668e-05	1.2026e-05	2.6417e-06	1.983e-17
94.13	1.6508e-09	1.4627e-05	1.1989e-05	2.6384e-06	1.9822e-17
94.14	1.6366e-09	1.4504e-05	1.1869e-05	2.6352e-06	1.9814e-17
94.15	1.6133e-09	1.43e-05	1.1668e-05	2.6321e-06	1.9807e-17
94.16	1.5814e-09	1.4021e-05	1.1392e-05	2.6291e-06	1.9799e-17
94.17	1.5417e-09	1.3672e-05	1.1046e-05	2.6262e-06	1.9792e-17
94.18	1.4951e-09	1.3262e-05	1.0638e-05	2.6233e-06	1.9786e-17
94.19	1.4426e-09	1.2798e-05	1.0178e-05	2.6205e-06	1.9781e-17
94.2	1.3853e-09	1.2293e-05	9.6748e-06	2.6178e-06	1.9776e-17
94.21	1.3245e-09	1.1756e-05	9.1407e-06	2.615e-06	1.9771e-17
94.22	1.2616e-09	1.12e-05	8.5873e-06	2.6123e-06	1.9768e-17
94.23	1.1979e-09	1.0637e-05	8.0271e-06	2.6095e-06	1.9764e-17
94.24	1.1349e-09	1.0079e-05	7.4725e-06	2.6067e-06	1.9761e-17
94.25	1.0739e-09	9.5396e-06	6.9359e-06	2.6037e-06	1.9758e-17
94.26	1.0163e-09	9.0298e-06	6.4292e-06	2.6007e-06	1.9755e-17
94.27	9.6333e-10	8.561e-06	5.9635e-06	2.5974e-06	1.9751e-17
94.28	9.1613e-10	8.1432e-06	5.5492e-06	2.5941e-06	1.9748e-17
94.29	8.7572e-10	7.7857e-06	5.1952e-06	2.5905e-06	1.9745e-17
94.3	8.4295e-10	7.4959e-06	4.9093e-06	2.5866e-06	1.9742e-17
94.31	8.1852e-10	7.2802e-06	4.6976e-06	2.5826e-06	1.9739e-17
94.32	8.029e-10	7.1428e-06	4.5645e-06	2.5783e-06	1.9737e-17
94.33	7.964e-10	7.0865e-06	4.5126e-06	2.5739e-06	1.9735e-17
94.34	7.9909e-10	7.1119e-06	4.5428e-06	2.5692e-06	1.9734e-17
94.35	8.1086e-10	7.2182e-06	4.6539e-06	2.5643e-06	1.9734e-17
94.36	8.3137e-10	7.4023e-06	4.8431e-06	2.5592e-06	1.9735e-17
94.37	8.6009e-10	7.6597e-06	5.1056e-06	2.5541e-06	1.9736e-17
94.38	8.9632e-10	7.984e-06	5.4352e-06	2.5488e-06	1.9738e-17
94.39	9.3916e-10	8.3674e-06	5.824e-06	2.5435e-06	1.9741e-17
94.4	9.876e-10	8.8008e-06	6.2627e-06	2.5381e-06	1.9745e-17
94.41	1.0405e-09	9.2739e-06	6.741e-06	2.5328e-06	1.9748e-17
94.42	1.0965e-09	9.7754e-06	7.2478e-06	2.5276e-06	1.9752e-17
94.43	1.1544e-09	1.0294e-05	7.7712e-06	2.5224e-06	1.9755e-17
94.44	1.2127e-09	1.0816e-05	8.2989e-06	2.5174e-06	1.9759e-17
94.45	1.2702e-09	1.1331e-05	8.8187e-06	2.5125e-06	1.9761e-17
94.46	1.3254e-09	1.1826e-05	9.3184e-06	2.5077e-06	1.9763e-17
94.47	1.377e-09	1.2289e-05	9.7863e-06	2.5031e-06	1.9765e-17
94.48	1.4239e-09	1.271e-05	1.0212e-05	2.4986e-06	1.9767e-17
94.49	1.4648e-09	1.3079e-05	1.0584e-05	2.4943e-06	1.9768e-17
94.5	1.4989e-09	1.3386e-05	1.0896e-05	2.4902e-06	1.977e-17
94.51	1.5253e-09	1.3625e-05	1.1138e-05	2.4861e-06	1.9772e-17
94.52	1.5434e-09	1.3789e-05	1.1307e-05	2.4822e-06	1.9775e-17
94.53	1.5527e-09	1.3875e-05	1.1397e-05	2.4783e-06	1.978e-17
94.54	1.553e-09	1.388e-05	1.1406e-05	2.4745e-06	1.9786e-17
94.55	1.5442e-09	1.3805e-05	1.1334e-05	2.4708e-06	1.9793e-17
94.56	1.5265e-09	1.365e-05	1.1183e-05	2.4671e-06	1.9802e-17
94.57	1.5003e-09	1.3418e-05	1.0955e-05	2.4633e-06	1.9813e-17
94.58	1.4662e-09	1.3116e-05	1.0656e-05	2.4596e-06	1.9825e-17
94.59	1.4248e-09	1.2748e-05	1.0292e-05	2.4559e-06	1.9839e-17
94.6	1.3772e-09	1.2324e-05	9.8723e-06	2.4521e-06	1.9853e-17
94.61	1.3243e-09	1.1853e-05	9.4051e-06	2.4483e-06	1.9866e-17
94.62	1.2673e-09	1.1346e-05	8.9013e-06	2.4445e-06	1.988e-17
94.63	1.2075e-09	1.0813e-05	8.3722e-06	2.4406e-06	1.9892e-17
94.64	1.1462e-09	1.0266e-05	7.8296e-06	2.4368e-06	1.9902e-17
94.65	1.0848e-09	9.7186e-06	7.2857e-06	2.4329e-06	1.991e-17
94.66	1.0247e-09	9.1818e-06	6.7527e-06	2.4291e-06	1.9915e-17
94.67	9.6711e-10	8.6677e-06	6.2424e-06	2.4253e-06	1.9917e-17
94.68	9.1337e-10	8.1877e-06	5.7663e-06	2.4215e-06	1.9916e-17
94.69	8.6464e-10	7.7525e-06	5.3348e-06	2.4177e-06	1.9913e-17
94.7	8.2199e-10	7.3717e-06	4.9576e-06	2.414e-06	1.9907e-17
94.71	7.8633e-10	7.0533e-06	4.643e-06	2.4104e-06	1.99e-17
94.72	7.5842e-10	6.8045e-06	4.3976e-06	2.4068e-06	1.9891e-17
94.73	7.3885e-10	6.6303e-06	4.2269e-06	2.4034e-06	1.9883e-17
94.74	7.2801e-10	6.5343e-06	4.1344e-06	2.4e-06	1.9875e-17
94.75	7.2607e-10	6.5183e-06	4.1217e-06	2.3967e-06	1.9869e-17
94.76	7.3303e-10	6.5822e-06	4.1888e-06	2.3934e-06	1.9865e-17
94.77	7.4867e-10	6.7241e-06	4.3338e-06	2.3903e-06	1.9864e-17
94.78	7.7257e-10	6.9402e-06	4.553e-06	2.3872e-06	1.9866e-17
94.79	8.0412e-10	7.2251e-06	4.841e-06	2.3841e-06	1.9872e-17
94.8	8.4254e-10	7.5719e-06	5.1909e-06	2.3811e-06	1.9882e-17
94.81	8.8689e-10	7.9722e-06	5.5942e-06	2.378e-06	1.9894e-17
94.82	9.3611e-10	8.4164e-06	6.0415e-06	2.3749e-06	1.991e-17
94.83	9.89e-10	8.8938e-06	6.522e-06	2.3718e-06	1.9927e-17
94.84	1.0443e-09	9.3931e-06	7.0246e-06	2.3685e-06	1.9946e-17
94.85	1.1007e-09	9.9025e-06	7.5374e-06	2.3651e-06	1.9964e-17
94.86	1.1568e-09	1.041e-05	8.0483e-06	2.3615e-06	1.9981e-17
94.87	1.2114e-09	1.0903e-05	8.5454e-06	2.3577e-06	1.9996e-17
94.88	1.2631e-09	1.1371e-05	9.017e-06	2.3537e-06	2.0009e-17
94.89	1.3107e-09	1.1801e-05	9.452e-06	2.3494e-06	2.0017e-17
94.9	1.353e-09	1.2185e-05	9.8404e-06	2.3448e-06	2.0022e-17
94.91	1.3891e-09	1.2513e-05	1.0173e-05	2.3399e-06	2.0022e-17
94.92	1.4181e-09	1.2777e-05	1.0442e-05	2.3348e-06	2.0018e-17
94.93	1.4393e-09	1.297e-05	1.0641e-05	2.3294e-06	2.001e-17
94.94	1.4521e-09	1.3089e-05	1.0765e-05	2.3238e-06	1.9999e-17
94.95	1.4564e-09	1.313e-05	1.0812e-05	2.318e-06	1.9985e-17
94.96	1.4518e-09	1.3092e-05	1.078e-05	2.312e-06	1.997e-17
94.97	1.4386e-09	1.2975e-05	1.0669e-05	2.306e-06	1.9955e-17
94.98	1.417e-09	1.2783e-05	1.0483e-05	2.2999e-06	1.994e-17
94.99	1.3875e-09	1.2519e-05	1.0225e-05	2.2938e-06	1.9926e-17
95	1.3507e-09	1.219e-05	9.9019e-06	2.2879e-06	1.9915e-17
95.01	1.3074e-09	1.1802e-05	9.5199e-06	2.2822e-06	1.9907e-17
95.02	1.2587e-09	1.1365e-05	9.0879e-06	2.2767e-06	1.9902e-17
95.03	1.2056e-09	1.0887e-05	8.6157e-06	2.2715e-06	1.99e-17
95.04	1.1493e-09	1.0381e-05	8.114e-06	2.2667e-06	1.9901e-17
95.05	1.091e-09	9.8564e-06	7.5941e-06	2.2623e-06	1.9905e-17
95.06	1.032e-09	9.3259e-06	7.0675e-06	2.2584e-06	1.9911e-17
95.07	9.7374e-10	8.801e-06	6.5461e-06	2.2549e-06	1.9918e-17
95.08	9.1738e-10	8.2933e-06	6.0414e-06	2.2518e-06	1.9925e-17
95.09	8.6418e-10	7.814e-06	5.5648e-06	2.2492e-06	1.9931e-17
95.1	8.1532e-10	7.3737e-06	5.1267e-06	2.247e-06	1.9935e-17
95.11	7.7183e-10	6.9819e-06	4.7368e-06	2.2451e-06	1.9937e-17
95.12	7.3465e-10	6.647e-06	4.4035e-06	2.2435e-06	1.9935e-17
95.13	7.0456e-10	6.3761e-06	4.134e-06	2.2422e-06	1.993e-17
95.14	6.8219e-10	6.1749e-06	3.934e-06	2.2409e-06	1.9921e-17
95.15	6.6795e-10	6.0473e-06	3.8076e-06	2.2397e-06	1.9909e-17
95.16	6.6212e-10	5.9958e-06	3.7573e-06	2.2385e-06	1.9894e-17
95.17	6.6475e-10	6.0209e-06	3.7837e-06	2.2372e-06	1.9876e-17
95.18	6.7571e-10	6.1214e-06	3.8858e-06	2.2356e-06	1.9856e-17
95.19	6.9468e-10	6.2946e-06	4.0607e-06	2.2338e-06	1.9836e-17
95.2	7.2116e-10	6.5359e-06	4.3042e-06	2.2317e-06	1.9815e-17
95.21	7.5448e-10	6.8393e-06	4.6101e-06	2.2292e-06	1.9796e-17
95.22	7.9383e-10	7.1975e-06	4.9712e-06	2.2263e-06	1.9779e-17
95.23	8.3824e-10	7.6018e-06	5.3788e-06	2.223e-06	1.9765e-17
95.24	8.8666e-10	8.0426e-06	5.8233e-06	2.2193e-06	1.9754e-17
95.25	9.3793e-10	8.5094e-06	6.2944e-06	2.2151e-06	1.9746e-17
95.26	9.9084e-10	8.9913e-06	6.7808e-06	2.2105e-06	1.9741e-17
95.27	1.0441e-09	9.4769e-06	7.2714e-06	2.2055e-06	1.9739e-17
95.28	1.0966e-09	9.9549e-06	7.7547e-06	2.2002e-06	1.9739e-17
95.29	1.1469e-09	1.0414e-05	8.2194e-06	2.1946e-06	1.974e-17
95.3	1.194e-09	1.0844e-05	8.6549e-06	2.1888e-06	1.9741e-17
95.31	1.2366e-09	1.1234e-05	9.0509e-06	2.1828e-06	1.9742e-17
95.32	1.2739e-09	1.1575e-05	9.3983e-06	2.1767e-06	1.9742e-17
95.33	1.305e-09	1.186e-05	9.6891e-06	2.1705e-06	1.9738e-17
95.34	1.3291e-09	1.2081e-05	9.9164e-06	2.1644e-06	1.9732e-17
95.35	1.3456e-09	1.2233e-05	1.0075e-05	2.1584e-06	1.9721e-17
95.36	1.3541e-09	1.2314e-05	1.0161e-05	2.1525e-06	1.9707e-17
95.37	1.3545e-09	1.232e-05	1.0173e-05	2.1468e-06	1.9688e-17
95.38	1.3466e-09	1.2251e-05	1.0109e-05	2.1414e-06	1.9666e-17
95.39	1.3307e-09	1.2109e-05	9.9724e-06	2.1362e-06	1.964e-17
95.4	1.3071e-09	1.1896e-05	9.7648e-06	2.1314e-06	1.9612e-17
95.41	1.2763e-09	1.1618e-05	9.4912e-06	2.1269e-06	1.9582e-17
95.42	1.2389e-09	1.128e-05	9.1576e-06	2.1227e-06	1.9551e-17
95.43	1.1958e-09	1.089e-05	8.7715e-06	2.1189e-06	1.9521e-17
95.44	1.148e-09	1.0457e-05	8.3415e-06	2.1154e-06	1.9492e-17
95.45	1.0965e-09	9.9895e-06	7.8771e-06	2.1123e-06	1.9465e-17
95.46	1.0423e-09	9.4984e-06	7.3889e-06	2.1095e-06	1.9441e-17
95.47	9.8684e-10	8.9946e-06	6.8876e-06	2.107e-06	1.9421e-17
95.48	9.312e-10	8.4892e-06	6.3845e-06	2.1047e-06	1.9405e-17
95.49	8.7661e-10	7.9933e-06	5.8907e-06	2.1026e-06	1.9392e-17
95.5	8.243e-10	7.5178e-06	5.4172e-06	2.1006e-06	1.9383e-17
95.51	7.7539e-10	7.0732e-06	4.9745e-06	2.0987e-06	1.9377e-17
95.52	7.3096e-10	6.6693e-06	4.5724e-06	2.0969e-06	1.9373e-17
95.53	6.9195e-10	6.3147e-06	4.2196e-06	2.0951e-06	1.937e-17
95.54	6.5922e-10	6.0173e-06	3.924e-06	2.0933e-06	1.9368e-17
95.55	6.3345e-10	5.7832e-06	3.6919e-06	2.0913e-06	1.9365e-17
95.56	6.1517e-10	5.6176e-06	3.5283e-06	2.0893e-06	1.9362e-17
95.57	6.0475e-10	5.5236e-06	3.4365e-06	2.0871e-06	1.9356e-17
95.58	6.0238e-10	5.5031e-06	3.4184e-06	2.0847e-06	1.9348e-17
95.59	6.0806e-10	5.5562e-06	3.474e-06	2.0822e-06	1.9337e-17
95.6	6.2162e-10	5.6812e-06	3.6017e-06	2.0795e-06	1.9323e-17
95.61	6.4269e-10	5.875e-06	3.7984e-06	2.0765e-06	1.9306e-17
95.62	6.7075e-10	6.1328e-06	4.0593e-06	2.0734e-06	1.9287e-17
95.63	7.0512e-10	6.4484e-06	4.3782e-06	2.0702e-06	1.9265e-17
95.64	7.4498e-10	6.8143e-06	4.7475e-06	2.0668e-06	1.9242e-17
95.65	7.8937e-10	7.2219e-06	5.1586e-06	2.0633e-06	1.9217e-17
95.66	8.3725e-10	7.6616e-06	5.6019e-06	2.0597e-06	1.9193e-17
95.67	8.875e-10	8.123e-06	6.0671e-06	2.056e-06	1.9169e-17
95.68	9.3892e-10	8.5955e-06	6.5433e-06	2.0523e-06	1.9147e-17
95.69	9.9032e-10	9.0679e-06	7.0194e-06	2.0485e-06	1.9126e-17
95.7	1.0405e-09	9.5293e-06	7.4846e-06	2.0447e-06	1.9107e-17
95.71	1.0883e-09	9.9688e-06	7.9279e-06	2.041e-06	1.9091e-17
95.72	1.1325e-09	1.0376e-05	8.339e-06	2.0372e-06	1.9077e-17
95.73	1.1722e-09	1.0742e-05	8.7085e-06	2.0334e-06	1.9065e-17
95.74	1.2063e-09	1.1057e-05	9.0276e-06	2.0297e-06	1.9055e-17
95.75	1.2342e-09	1.1315e-05	9.289e-06	2.026e-06	1.9046e-17
95.76	1.2551e-09	1.1509e-05	9.4866e-06	2.0222e-06	1.9038e-17
95.77	1.2685e-09	1.1634e-05	9.6156e-06	2.0185e-06	1.9031e-17
95.78	1.274e-09	1.1688e-05	9.673e-06	2.0148e-06	1.9023e-17
95.79	1.2716e-09	1.1668e-05	9.6573e-06	2.011e-06	1.9014e-17
95.8	1.2613e-09	1.1576e-05	9.5687e-06	2.0072e-06	1.9004e-17
95.81	1.2432e-09	1.1412e-05	9.4091e-06	2.0033e-06	1.8993e-17
95.82	1.2178e-09	1.1181e-05	9.182e-06	1.9995e-06	1.8979e-17
95.83	1.1856e-09	1.0888e-05	8.8923e-06	1.9956e-06	1.8964e-17
95.84	1.1473e-09	1.0538e-05	8.5466e-06	1.9916e-06	1.8947e-17
95.85	1.1037e-09	1.014e-05	8.1526e-06	1.9877e-06	1.8928e-17
95.86	1.0559e-09	9.7027e-06	7.719e-06	1.9837e-06	1.8908e-17
95.87	1.0048e-09	9.2353e-06	7.2556e-06	1.9797e-06	1.8887e-17
95.88	9.5164e-10	8.7484e-06	6.7727e-06	1.9757e-06	1.8865e-17
95.89	8.9755e-10	8.2529e-06	6.2811e-06	1.9718e-06	1.8844e-17
95.9	8.4374e-10	7.7597e-06	5.7919e-06	1.9678e-06	1.8824e-17
95.91	7.9139e-10	7.2797e-06	5.3158e-06	1.964e-06	1.8804e-17
95.92	7.4164e-10	6.8236e-06	4.8635e-06	1.9601e-06	1.8786e-17
95.93	6.9559e-10	6.4012e-06	4.4449e-06	1.9563e-06	1.877e-17
95.94	6.5423e-10	6.0219e-06	4.0693e-06	1.9526e-06	1.8755e-17
95.95	6.1845e-10	5.6937e-06	3.7449e-06	1.9488e-06	1.8743e-17
95.96	5.8902e-10	5.4239e-06	3.4787e-06	1.9452e-06	1.8732e-17
95.97	5.6654e-10	5.2179e-06	3.2764e-06	1.9416e-06	1.8723e-17
95.98	5.5146e-10	5.0801e-06	3.1422e-06	1.9379e-06	1.8715e-17
95.99	5.4407e-10	5.0131e-06	3.0788e-06	1.9344e-06	1.8707e-17
96	5.4447e-10	5.0179e-06	3.0871e-06	1.9308e-06	1.87e-17
96.01	5.526e-10	5.0938e-06	3.1667e-06	1.9272e-06	1.8693e-17
96.02	5.682e-10	5.2388e-06	3.3152e-06	1.9235e-06	1.8684e-17
96.03	5.9087e-10	5.4488e-06	3.529e-06	1.9199e-06	1.8675e-17
96.04	6.2001e-10	5.7188e-06	3.8026e-06	1.9162e-06	1.8665e-17
96.05	6.5492e-10	6.0421e-06	4.1296e-06	1.9125e-06	1.8652e-17
96.06	6.9475e-10	6.4108e-06	4.5021e-06	1.9087e-06	1.8638e-17
96.07	7.3852e-10	6.8162e-06	4.9113e-06	1.9048e-06	1.8621e-17
96.08	7.852e-10	7.2485e-06	5.3475e-06	1.901e-06	1.8602e-17
96.09	8.3368e-10	7.6976e-06	5.8006e-06	1.8971e-06	1.8582e-17
96.1	8.828e-10	8.1529e-06	6.2598e-06	1.8931e-06	1.856e-17
96.11	9.3141e-10	8.6036e-06	6.7145e-06	1.8891e-06	1.8537e-17
96.12	9.7836e-10	9.0391e-06	7.154e-06	1.8851e-06	1.8512e-17
96.13	1.0225e-09	9.4492e-06	7.5682e-06	1.8811e-06	1.8488e-17
96.14	1.0629e-09	9.8243e-06	7.9473e-06	1.877e-06	1.8464e-17
96.15	1.0985e-09	1.0156e-05	8.2826e-06	1.8729e-06	1.844e-17
96.16	1.1285e-09	1.0435e-05	8.5662e-06	1.8689e-06	1.8417e-17
96.17	1.1522e-09	1.0656e-05	8.7915e-06	1.8648e-06	1.8396e-17
96.18	1.169e-09	1.0814e-05	8.9533e-06	1.8608e-06	1.8376e-17
96.19	1.1785e-09	1.0904e-05	9.0476e-06	1.8567e-06	1.8359e-17
96.2	1.1805e-09	1.0925e-05	9.0722e-06	1.8527e-06	1.8343e-17
96.21	1.1749e-09	1.0875e-05	9.0265e-06	1.8487e-06	1.833e-17
96.22	1.1618e-09	1.0756e-05	8.9113e-06	1.8448e-06	1.8319e-17
96.23	1.1415e-09	1.057e-05	8.7292e-06	1.8409e-06	1.831e-17
96.24	1.1143e-09	1.0321e-05	8.4843e-06	1.837e-06	1.8303e-17
96.25	1.0811e-09	1.0015e-05	8.1818e-06	1.8332e-06	1.8296e-17
96.26	1.0423e-09	9.6582e-06	7.8287e-06	1.8295e-06	1.8291e-17
96.27	9.9901e-10	9.2588e-06	7.4329e-06	1.8258e-06	1.8286e-17
96.28	9.5207e-10	8.8255e-06	7.0033e-06	1.8223e-06	1.8281e-17
96.29	9.0255e-10	8.3682e-06	6.5494e-06	1.8188e-06	1.8275e-17
96.3	8.5154e-10	7.897e-06	6.0814e-06	1.8155e-06	1.8268e-17
96.31	8.0019e-10	7.4222e-06	5.6099e-06	1.8123e-06	1.826e-17
96.32	7.4962e-10	6.9546e-06	5.1454e-06	1.8092e-06	1.825e-17
96.33	7.0095e-10	6.5045e-06	4.6982e-06	1.8062e-06	1.8238e-17
96.34	6.5525e-10	6.0817e-06	4.2783e-06	1.8034e-06	1.8224e-17
96.35	6.1352e-10	5.6955e-06	3.8949e-06	1.8006e-06	1.8208e-17
96.36	5.7666e-10	5.3545e-06	3.5565e-06	1.798e-06	1.819e-17
96.37	5.4547e-10	5.0658e-06	3.2704e-06	1.7954e-06	1.8171e-17
96.38	5.2059e-10	4.8358e-06	3.043e-06	1.7928e-06	1.8151e-17
96.39	5.0254e-10	4.6691e-06	2.8788e-06	1.7903e-06	1.813e-17
96.4	4.9169e-10	4.5692e-06	2.7814e-06	1.7878e-06	1.8109e-17
96.41	4.882e-10	4.5378e-06	2.7525e-06	1.7853e-06	1.8089e-17
96.42	4.9212e-10	4.5751e-06	2.7924e-06	1.7827e-06	1.807e-17
96.43	5.0328e-10	4.6799e-06	2.8999e-06	1.78e-06	1.8053e-17
96.44	5.2138e-10	4.8492e-06	3.0719e-06	1.7772e-06	1.8037e-17
96.45	5.4594e-10	5.0786e-06	3.3043e-06	1.7743e-06	1.8024e-17
96.46	5.7634e-10	5.3626e-06	3.5914e-06	1.7712e-06	1.8014e-17
96.47	6.1184e-10	5.6941e-06	3.9261e-06	1.768e-06	1.8006e-17
96.48	6.5158e-10	6.0652e-06	4.3007e-06	1.7645e-06	1.8e-17
96.49	6.946e-10	6.4669e-06	4.706e-06	1.7609e-06	1.7996e-17
96.5	7.3986e-10	6.8898e-06	5.1327e-06	1.757e-06	1.7993e-17
96.51	7.8629e-10	7.3237e-06	5.5707e-06	1.753e-06	1.7992e-17
96.52	8.328e-10	7.7585e-06	6.0097e-06	1.7488e-06	1.7991e-17
96.53	8.7828e-10	8.1838e-06	6.4394e-06	1.7444e-06	1.7989e-17
96.54	9.2166e-10	8.5898e-06	6.8499e-06	1.7399e-06	1.7987e-17
96.55	9.6191e-10	8.9668e-06	7.2316e-06	1.7352e-06	1.7983e-17
96.56	9.9809e-10	9.306e-06	7.5755e-06	1.7305e-06	1.7977e-17
96.57	1.0293e-09	9.5994e-06	7.8738e-06	1.7256e-06	1.7968e-17
96.58	1.0549e-09	9.8401e-06	8.1194e-06	1.7207e-06	1.7957e-17
96.59	1.0743e-09	1.0022e-05	8.3066e-06	1.7158e-06	1.7943e-17
96.6	1.0869e-09	1.0142e-05	8.4311e-06	1.7109e-06	1.7927e-17
96.61	1.0924e-09	1.0196e-05	8.4899e-06	1.7061e-06	1.7909e-17
96.62	1.0908e-09	1.0183e-05	8.4815e-06	1.7014e-06	1.7889e-17
96.63	1.082e-09	1.0103e-05	8.4062e-06	1.6968e-06	1.7867e-17
96.64	1.0662e-09	9.9579e-06	8.2655e-06	1.6924e-06	1.7846e-17
96.65	1.0438e-09	9.7508e-06	8.0626e-06	1.6882e-06	1.7825e-17
96.66	1.0153e-09	9.4862e-06	7.802e-06	1.6842e-06	1.7805e-17
96.67	9.8128e-10	9.1701e-06	7.4896e-06	1.6805e-06	1.7786e-17
96.68	9.4249e-10	8.8095e-06	7.1323e-06	1.6771e-06	1.777e-17
96.69	8.9982e-10	8.4124e-06	6.7384e-06	1.674e-06	1.7757e-17
96.7	8.5421e-10	7.9876e-06	6.3165e-06	1.6712e-06	1.7746e-17
96.71	8.0668e-10	7.5448e-06	5.8761e-06	1.6686e-06	1.7738e-17
96.72	7.5829e-10	7.0936e-06	5.4272e-06	1.6664e-06	1.7733e-17
96.73	7.1009e-10	6.6441e-06	4.9797e-06	1.6644e-06	1.773e-17
96.74	6.6316e-10	6.2063e-06	4.5436e-06	1.6627e-06	1.7729e-17
96.75	6.1853e-10	5.7898e-06	4.1286e-06	1.6611e-06	1.7729e-17
96.76	5.7716e-10	5.4036e-06	3.7439e-06	1.6597e-06	1.773e-17
96.77	5.3994e-10	5.0563e-06	3.3978e-06	1.6584e-06	1.773e-17
96.78	5.0769e-10	4.7552e-06	3.098e-06	1.6572e-06	1.773e-17
96.79	4.8107e-10	4.5068e-06	2.8509e-06	1.6559e-06	1.7728e-17
96.8	4.6063e-10	4.3162e-06	2.6617e-06	1.6545e-06	1.7723e-17
96.81	4.4679e-10	4.1874e-06	2.5344e-06	1.653e-06	1.7717e-17
96.82	4.398e-10	4.1227e-06	2.4715e-06	1.6512e-06	1.7708e-17
96.83	4.3976e-10	4.1232e-06	2.4739e-06	1.6492e-06	1.7696e-17
96.84	4.466e-10	4.1882e-06	2.5413e-06	1.6469e-06	1.7682e-17
96.85	4.6013e-10	4.316e-06	2.6717e-06	1.6443e-06	1.7667e-17
96.86	4.7997e-10	4.503e-06	2.8618e-06	1.6412e-06	1.765e-17
96.87	5.0562e-10	4.7447e-06	3.1068e-06	1.6378e-06	1.7632e-17
96.88	5.3645e-10	5.035e-06	3.4009e-06	1.6341e-06	1.7615e-17
96.89	5.7171e-10	5.367e-06	3.737e-06	1.63e-06	1.7599e-17
96.9	6.1055e-10	5.7328e-06	4.1073e-06	1.6255e-06	1.7584e-17
96.91	6.5205e-10	6.1238e-06	4.503e-06	1.6208e-06	1.7572e-17
96.92	6.9524e-10	6.5307e-06	4.915e-06	1.6158e-06	1.7562e-17
96.93	7.391e-10	6.9441e-06	5.3335e-06	1.6106e-06	1.7555e-17
96.94	7.826e-10	7.3544e-06	5.749e-06	1.6054e-06	1.755e-17
96.95	8.2473e-10	7.7518e-06	6.1518e-06	1.6001e-06	1.7549e-17
96.96	8.645e-10	8.1274e-06	6.5326e-06	1.5948e-06	1.755e-17
96.97	9.01e-10	8.4722e-06	6.8826e-06	1.5896e-06	1.7552e-17
96.98	9.3336e-10	8.7784e-06	7.1938e-06	1.5846e-06	1.7556e-17
96.99	9.6084e-10	9.0387e-06	7.459e-06	1.5798e-06	1.7561e-17
97	9.828e-10	9.2471e-06	7.6719e-06	1.5752e-06	1.7566e-17
97.01	9.987e-10	9.3987e-06	7.8278e-06	1.5709e-06	1.7569e-17
97.02	1.0082e-09	9.4899e-06	7.9229e-06	1.567e-06	1.7572e-17
97.03	1.011e-09	9.5184e-06	7.955e-06	1.5634e-06	1.7572e-17
97.04	1.0071e-09	9.4833e-06	7.9232e-06	1.5602e-06	1.7571e-17
97.05	9.9646e-10	9.3853e-06	7.8281e-06	1.5572e-06	1.7567e-17
97.06	9.7938e-10	9.2264e-06	7.6718e-06	1.5546e-06	1.7561e-17
97.07	9.5621e-10	9.01e-06	7.4577e-06	1.5523e-06	1.7552e-17
97.08	9.2744e-10	8.7407e-06	7.1905e-06	1.5502e-06	1.7543e-17
97.09	8.937e-10	8.4244e-06	6.8762e-06	1.5483e-06	1.7532e-17
97.1	8.5573e-10	8.0682e-06	6.5216e-06	1.5465e-06	1.752e-17
97.11	8.1436e-10	7.6797e-06	6.1348e-06	1.5449e-06	1.7509e-17
97.12	7.7051e-10	7.2676e-06	5.7243e-06	1.5433e-06	1.7499e-17
97.13	7.2513e-10	6.841e-06	5.2993e-06	1.5417e-06	1.749e-17
97.14	6.7923e-10	6.4093e-06	4.8692e-06	1.5401e-06	1.7483e-17
97.15	6.3382e-10	5.9821e-06	4.4437e-06	1.5384e-06	1.7478e-17
97.16	5.8989e-10	5.5686e-06	4.0321e-06	1.5365e-06	1.7476e-17
97.17	5.4841e-10	5.1781e-06	3.6436e-06	1.5346e-06	1.7476e-17
97.18	5.1029e-10	4.8191e-06	3.2867e-06	1.5324e-06	1.7479e-17
97.19	4.7634e-10	4.4995e-06	2.9695e-06	1.53e-06	1.7483e-17
97.2	4.4732e-10	4.2262e-06	2.6987e-06	1.5275e-06	1.749e-17
97.21	4.2383e-10	4.0051e-06	2.4804e-06	1.5247e-06	1.7497e-17
97.22	4.0637e-10	3.8409e-06	2.3192e-06	1.5217e-06	1.7504e-17
97.23	3.9529e-10	3.737e-06	2.2185e-06	1.5185e-06	1.7512e-17
97.24	3.9082e-10	3.6954e-06	2.1802e-06	1.5152e-06	1.7519e-17
97.25	3.93e-10	3.7168e-06	2.2051e-06	1.5117e-06	1.7524e-17
97.26	4.0174e-10	3.8003e-06	2.2922e-06	1.5081e-06	1.7528e-17
97.27	4.1681e-10	3.9436e-06	2.4393e-06	1.5043e-06	1.753e-17
97.28	4.3782e-10	4.1433e-06	2.6427e-06	1.5005e-06	1.753e-17
97.29	4.6425e-10	4.3943e-06	2.8976e-06	1.4967e-06	1.7528e-17
97.3	4.9546e-10	4.6907e-06	3.1978e-06	1.4929e-06	1.7524e-17
97.31	5.307e-10	5.0254e-06	3.5363e-06	1.4891e-06	1.7518e-17
97.32	5.6913e-10	5.3904e-06	3.905e-06	1.4853e-06	1.7511e-17
97.33	6.0984e-10	5.7771e-06	4.2954e-06	1.4817e-06	1.7504e-17
97.34	6.5186e-10	6.1764e-06	4.6983e-06	1.4781e-06	1.7496e-17
97.35	6.9419e-10	6.5789e-06	5.1043e-06	1.4746e-06	1.7489e-17
97.36	7.3585e-10	6.9751e-06	5.504e-06	1.4712e-06	1.7482e-17
97.37	7.7585e-10	7.3558e-06	5.8879e-06	1.4679e-06	1.7476e-17
97.38	8.1324e-10	7.7119e-06	6.2472e-06	1.4646e-06	1.7472e-17
97.39	8.4714e-10	8.035e-06	6.5735e-06	1.4615e-06	1.7469e-17
97.4	8.7675e-10	8.3175e-06	6.8591e-06	1.4584e-06	1.7468e-17
97.41	9.0136e-10	8.5528e-06	7.0974e-06	1.4554e-06	1.7468e-17
97.42	9.2038e-10	8.735e-06	7.2827e-06	1.4523e-06	1.7469e-17
97.43	9.3336e-10	8.86e-06	7.4107e-06	1.4493e-06	1.7472e-17
97.44	9.3995e-10	8.9245e-06	7.4783e-06	1.4462e-06	1.7475e-17
97.45	9.4e-10	8.9268e-06	7.4838e-06	1.443e-06	1.7479e-17
97.46	9.3348e-10	8.8666e-06	7.4269e-06	1.4397e-06	1.7482e-17
97.47	9.205e-10	8.7452e-06	7.3088e-06	1.4363e-06	1.7486e-17
97.48	9.0135e-10	8.5649e-06	7.1321e-06	1.4328e-06	1.7489e-17
97.49	8.7643e-10	8.3298e-06	6.9006e-06	1.4292e-06	1.7492e-17
97.5	8.4629e-10	8.045e-06	6.6196e-06	1.4254e-06	1.7494e-17
97.51	8.116e-10	7.7168e-06	6.2953e-06	1.4216e-06	1.7495e-17
97.52	7.7312e-10	7.3525e-06	5.9349e-06	1.4176e-06	1.7496e-17
97.53	7.3171e-10	6.9601e-06	5.5466e-06	1.4135e-06	1.7497e-17
97.54	6.8829e-10	6.5485e-06	5.139e-06	1.4094e-06	1.7497e-17
97.55	6.4383e-10	6.1267e-06	4.7214e-06	1.4053e-06	1.7497e-17
97.56	5.993e-10	5.7042e-06	4.303e-06	1.4011e-06	1.7497e-17
97.57	5.5571e-10	5.2903e-06	3.8933e-06	1.397e-06	1.7497e-17
97.58	5.14e-10	4.8943e-06	3.5012e-06	1.393e-06	1.7497e-17
97.59	4.751e-10	4.5248e-06	3.1357e-06	1.3891e-06	1.7498e-17
97.6	4.3985e-10	4.1899e-06	2.8046e-06	1.3853e-06	1.7499e-17
97.61	4.0902e-10	3.8971e-06	2.5154e-06	1.3817e-06	1.7501e-17
97.62	3.8327e-10	3.6524e-06	2.2743e-06	1.3782e-06	1.7502e-17
97.63	3.6313e-10	3.4613e-06	2.0864e-06	1.3749e-06	1.7504e-17
97.64	3.4902e-10	3.3274e-06	1.9557e-06	1.3717e-06	1.7506e-17
97.65	3.4121e-10	3.2536e-06	1.8849e-06	1.3687e-06	1.7508e-17
97.66	3.3981e-10	3.2409e-06	1.8751e-06	1.3658e-06	1.7509e-17
97.67	3.4481e-10	3.2893e-06	1.9262e-06	1.3631e-06	1.7509e-17
97.68	3.5604e-10	3.3971e-06	2.0366e-06	1.3604e-06	1.7509e-17
97.69	3.7318e-10	3.5614e-06	2.2035e-06	1.3579e-06	1.7509e-17
97.7	3.958e-10	3.778e-06	2.4227e-06	1.3553e-06	1.7507e-17
97.71	4.2332e-10	4.0415e-06	2.6887e-06	1.3528e-06	1.7505e-17
97.72	4.5506e-10	4.3455e-06	2.9952e-06	1.3503e-06	1.7502e-17
97.73	4.9027e-10	4.6826e-06	3.3349e-06	1.3478e-06	1.7499e-17
97.74	5.2808e-10	5.0448e-06	3.6996e-06	1.3452e-06	1.7496e-17
97.75	5.676e-10	5.4235e-06	4.081e-06	1.3425e-06	1.7493e-17
97.76	6.079e-10	5.8097e-06	4.4699e-06	1.3398e-06	1.749e-17
97.77	6.4801e-10	6.1943e-06	4.8573e-06	1.337e-06	1.7487e-17
97.78	6.87e-10	6.5684e-06	5.2343e-06	1.3341e-06	1.7484e-17
97.79	7.2396e-10	6.9231e-06	5.592e-06	1.3312e-06	1.7482e-17
97.8	7.5801e-10	7.2503e-06	5.9221e-06	1.3282e-06	1.7481e-17
97.81	7.8837e-10	7.5422e-06	6.2171e-06	1.3251e-06	1.748e-17
97.82	8.1433e-10	7.7921e-06	6.4701e-06	1.322e-06	1.748e-17
97.83	8.3528e-10	7.9942e-06	6.6753e-06	1.3189e-06	1.7479e-17
97.84	8.5072e-10	8.1437e-06	6.8279e-06	1.3158e-06	1.7479e-17
97.85	8.6031e-10	8.2371e-06	6.9244e-06	1.3127e-06	1.748e-17
97.86	8.6379e-10	8.2722e-06	6.9626e-06	1.3096e-06	1.748e-17
97.87	8.6109e-10	8.248e-06	6.9415e-06	1.3066e-06	1.7479e-17
97.88	8.5226e-10	8.165e-06	6.8615e-06	1.3035e-06	1.7479e-17
97.89	8.3747e-10	8.025e-06	6.7244e-06	1.3006e-06	1.7478e-17
97.9	8.1705e-10	7.831e-06	6.5333e-06	1.2977e-06	1.7477e-17
97.91	7.9145e-10	7.5871e-06	6.2924e-06	1.2948e-06	1.7475e-17
97.92	7.6124e-10	7.299e-06	6.0071e-06	1.2919e-06	1.7473e-17
97.93	7.2707e-10	6.9728e-06	5.6837e-06	1.2891e-06	1.7471e-17
97.94	6.8971e-10	6.6159e-06	5.3296e-06	1.2863e-06	1.7469e-17
97.95	6.4998e-10	6.236e-06	4.9526e-06	1.2835e-06	1.7467e-17
97.96	6.0876e-10	5.8418e-06	4.5611e-06	1.2807e-06	1.7465e-17
97.97	5.6695e-10	5.4417e-06	4.1638e-06	1.2779e-06	1.7464e-17
97.98	5.2549e-10	5.0447e-06	3.7697e-06	1.275e-06	1.7463e-17
97.99	4.8526e-10	4.6595e-06	3.3873e-06	1.2721e-06	1.7462e-17
98	4.4716e-10	4.2945e-06	3.0253e-06	1.2692e-06	1.7462e-17
98.01	4.1201e-10	3.9578e-06	2.6916e-06	1.2662e-06	1.7463e-17
98.02	3.8058e-10	3.6566e-06	2.3934e-06	1.2632e-06	1.7463e-17
98.03	3.5353e-10	3.3973e-06	2.1373e-06	1.26e-06	1.7463e-17
98.04	3.3143e-10	3.1856e-06	1.9288e-06	1.2568e-06	1.7463e-17
98.05	3.1475e-10	3.0259e-06	1.7723e-06	1.2536e-06	1.7463e-17
98.06	3.0381e-10	2.9214e-06	1.6711e-06	1.2502e-06	1.7462e-17
98.07	2.9882e-10	2.874e-06	1.6272e-06	1.2468e-06	1.746e-17
98.08	2.9985e-10	2.8845e-06	1.6411e-06	1.2434e-06	1.7458e-17
98.09	3.0682e-10	2.9521e-06	1.7123e-06	1.2399e-06	1.7454e-17
98.1	3.1953e-10	3.0751e-06	1.8388e-06	1.2363e-06	1.7449e-17
98.11	3.3765e-10	3.2501e-06	2.0174e-06	1.2328e-06	1.7443e-17
98.12	3.6072e-10	3.4729e-06	2.2437e-06	1.2292e-06	1.7437e-17
98.13	3.8818e-10	3.738e-06	2.5123e-06	1.2257e-06	1.743e-17
98.14	4.1935e-10	4.039e-06	2.8168e-06	1.2222e-06	1.7423e-17
98.15	4.535e-10	4.3687e-06	3.15e-06	1.2187e-06	1.7415e-17
98.16	4.8981e-10	4.7195e-06	3.5041e-06	1.2153e-06	1.7408e-17
98.17	5.2742e-10	5.0829e-06	3.8708e-06	1.2121e-06	1.7402e-17
98.18	5.6545e-10	5.4505e-06	4.2416e-06	1.2089e-06	1.7396e-17
98.19	6.03e-10	5.8137e-06	4.6078e-06	1.2059e-06	1.7391e-17
98.2	6.392e-10	6.1639e-06	4.9609e-06	1.203e-06	1.7387e-17
98.21	6.732e-10	6.4931e-06	5.2928e-06	1.2003e-06	1.7384e-17
98.22	7.042e-10	6.7936e-06	5.5958e-06	1.1978e-06	1.7383e-17
98.23	7.3149e-10	7.0582e-06	5.8629e-06	1.1954e-06	1.7382e-17
98.24	7.5442e-10	7.281e-06	6.0878e-06	1.1931e-06	1.7381e-17
98.25	7.7245e-10	7.4565e-06	6.2655e-06	1.191e-06	1.7382e-17
98.26	7.8517e-10	7.5808e-06	6.3917e-06	1.1891e-06	1.7382e-17
98.27	7.9226e-10	7.6508e-06	6.4636e-06	1.1872e-06	1.7382e-17
98.28	7.9355e-10	7.6649e-06	6.4794e-06	1.1855e-06	1.7381e-17
98.29	7.89e-10	7.6225e-06	6.4387e-06	1.1838e-06	1.738e-17
98.3	7.787e-10	7.5245e-06	6.3423e-06	1.1821e-06	1.7377e-17
98.31	7.6286e-10	7.3729e-06	6.1924e-06	1.1805e-06	1.7374e-17
98.32	7.4184e-10	7.1712e-06	5.9923e-06	1.1789e-06	1.737e-17
98.33	7.1609e-10	6.9237e-06	5.7465e-06	1.1772e-06	1.7365e-17
98.34	6.8619e-10	6.6359e-06	5.4605e-06	1.1754e-06	1.7359e-17
98.35	6.5279e-10	6.3143e-06	5.1407e-06	1.1736e-06	1.7352e-17
98.36	6.1664e-10	5.9658e-06	4.7942e-06	1.1717e-06	1.7345e-17
98.37	5.7854e-10	5.5984e-06	4.4288e-06	1.1696e-06	1.7338e-17
98.38	5.3934e-10	5.2201e-06	4.0527e-06	1.1674e-06	1.7332e-17
98.39	4.9989e-10	4.8393e-06	3.6743e-06	1.165e-06	1.7325e-17
98.4	4.6108e-10	4.4645e-06	3.302e-06	1.1625e-06	1.7319e-17
98.41	4.2375e-10	4.1039e-06	2.9441e-06	1.1598e-06	1.7314e-17
98.42	3.8873e-10	3.7654e-06	2.6085e-06	1.1569e-06	1.731e-17
98.43	3.5677e-10	3.4565e-06	2.3026e-06	1.1539e-06	1.7306e-17
98.44	3.2856e-10	3.1839e-06	2.0331e-06	1.1508e-06	1.7302e-17
98.45	3.0471e-10	2.9534e-06	1.8059e-06	1.1475e-06	1.7299e-17
98.46	2.8572e-10	2.7699e-06	1.6258e-06	1.1441e-06	1.7295e-17
98.47	2.7198e-10	2.6372e-06	1.4967e-06	1.1406e-06	1.7292e-17
98.48	2.6375e-10	2.558e-06	1.4211e-06	1.1369e-06	1.7288e-17
98.49	2.6118e-10	2.5336e-06	1.4004e-06	1.1332e-06	1.7283e-17
98.5	2.6428e-10	2.5641e-06	1.4348e-06	1.1293e-06	1.7278e-17
98.51	2.7293e-10	2.6486e-06	1.5231e-06	1.1254e-06	1.7271e-17
98.52	2.8689e-10	2.7846e-06	1.6631e-06	1.1215e-06	1.7264e-17
98.53	3.0579e-10	2.9686e-06	1.8511e-06	1.1175e-06	1.7256e-17
98.54	3.2916e-10	3.1961e-06	2.0826e-06	1.1136e-06	1.7247e-17
98.55	3.5642e-10	3.4616e-06	2.352e-06	1.1096e-06	1.7239e-17
98.56	3.8693e-10	3.7586e-06	2.6529e-06	1.1057e-06	1.723e-17
98.57	4.1993e-10	4.0801e-06	2.9783e-06	1.1018e-06	1.7222e-17
98.58	4.5467e-10	4.4185e-06	3.3204e-06	1.0981e-06	1.7215e-17
98.59	4.903e-10	4.7657e-06	3.6713e-06	1.0944e-06	1.7208e-17
98.6	5.26e-10	5.1137e-06	4.0228e-06	1.0909e-06	1.7204e-17
98.61	5.6092e-10	5.4543e-06	4.3667e-06	1.0876e-06	1.7201e-17
98.62	5.9426e-10	5.7797e-06	4.6952e-06	1.0845e-06	1.7199e-17
98.63	6.2523e-10	6.0822e-06	5.0005e-06	1.0816e-06	1.7199e-17
98.64	6.5312e-10	6.3547e-06	5.2758e-06	1.079e-06	1.72e-17
98.65	6.7727e-10	6.5911e-06	5.5146e-06	1.0766e-06	1.7202e-17
98.66	6.9713e-10	6.7858e-06	5.7114e-06	1.0744e-06	1.7204e-17
98.67	7.1224e-10	6.9342e-06	5.8617e-06	1.0725e-06	1.7206e-17
98.68	7.2223e-10	7.0329e-06	5.962e-06	1.0708e-06	1.7207e-17
98.69	7.2686e-10	7.0794e-06	6.0101e-06	1.0694e-06	1.7206e-17
98.7	7.2603e-10	7.0728e-06	6.0047e-06	1.0681e-06	1.7204e-17
98.71	7.1974e-10	7.0129e-06	5.9459e-06	1.067e-06	1.72e-17
98.72	7.0811e-10	6.901e-06	5.835e-06	1.066e-06	1.7193e-17
98.73	6.914e-10	6.7395e-06	5.6745e-06	1.065e-06	1.7184e-17
98.74	6.6997e-10	6.5319e-06	5.4678e-06	1.0641e-06	1.7172e-17
98.75	6.4428e-10	6.2828e-06	5.2196e-06	1.0632e-06	1.7158e-17
98.76	6.1491e-10	5.9976e-06	4.9355e-06	1.0621e-06	1.7143e-17
98.77	5.825e-10	5.6826e-06	4.6216e-06	1.061e-06	1.7126e-17
98.78	5.4776e-10	5.3448e-06	4.2851e-06	1.0596e-06	1.7109e-17
98.79	5.1146e-10	4.9915e-06	3.9335e-06	1.058e-06	1.7093e-17
98.8	4.7439e-10	4.6307e-06	3.5745e-06	1.0562e-06	1.7077e-17
98.81	4.3737e-10	4.2702e-06	3.2161e-06	1.0541e-06	1.7064e-17
98.82	4.0121e-10	3.918e-06	2.8663e-06	1.0517e-06	1.7053e-17
98.83	3.6671e-10	3.5818e-06	2.5328e-06	1.049e-06	1.7045e-17
98.84	3.3462e-10	3.269e-06	2.223e-06	1.046e-06	1.7039e-17
98.85	3.0563e-10	2.9864e-06	1.9437e-06	1.0427e-06	1.7037e-17
98.86	2.8036e-10	2.7401e-06	1.701e-06	1.0391e-06	1.7038e-17
98.87	2.5937e-10	2.5354e-06	1.5001e-06	1.0352e-06	1.7041e-17
98.88	2.4308e-10	2.3766e-06	1.3455e-06	1.0312e-06	1.7046e-17
98.89	2.3183e-10	2.2671e-06	1.2402e-06	1.027e-06	1.7052e-17
98.9	2.2585e-10	2.2091e-06	1.1865e-06	1.0226e-06	1.7059e-17
98.91	2.2522e-10	2.2034e-06	1.1852e-06	1.0182e-06	1.7065e-17
98.92	2.2992e-10	2.2498e-06	1.2361e-06	1.0137e-06	1.7069e-17
98.93	2.3982e-10	2.3471e-06	1.3379e-06	1.0093e-06	1.7071e-17
98.94	2.5463e-10	2.4926e-06	1.4877e-06	1.0049e-06	1.7071e-17
98.95	2.74e-10	2.6827e-06	1.6821e-06	1.0006e-06	1.7067e-17
98.96	2.9743e-10	2.9128e-06	1.9162e-06	9.9652e-07	1.706e-17
98.97	3.2436e-10	3.1771e-06	2.1845e-06	9.926e-07	1.705e-17
98.98	3.5414e-10	3.4695e-06	2.4806e-06	9.8889e-07	1.7036e-17
98.99	3.8605e-10	3.7829e-06	2.7975e-06	9.8543e-07	1.702e-17
99	4.1934e-10	4.11e-06	3.1278e-06	9.8221e-07	1.7002e-17
99.01	4.5321e-10	4.4428e-06	3.4636e-06	9.7924e-07	1.6983e-17
99.02	4.8686e-10	4.7737e-06	3.7972e-06	9.7652e-07	1.6964e-17
99.03	5.195e-10	5.0947e-06	4.1207e-06	9.7403e-07	1.6945e-17
99.04	5.5035e-10	5.3983e-06	4.4266e-06	9.7176e-07	1.6927e-17
99.05	5.7868e-10	5.6774e-06	4.7077e-06	9.6968e-07	1.6911e-17
99.06	6.0383e-10	5.9253e-06	4.9575e-06	9.6776e-07	1.6897e-17
99.07	6.2519e-10	6.1362e-06	5.1702e-06	9.6595e-07	1.6886e-17
99.08	6.4227e-10	6.305e-06	5.3408e-06	9.6422e-07	1.6878e-17
99.09	6.5464e-10	6.4278e-06	5.4653e-06	9.6253e-07	1.6872e-17
99.1	6.6201e-10	6.5015e-06	5.5407e-06	9.6084e-07	1.6869e-17
99.11	6.642e-10	6.5243e-06	5.5652e-06	9.591e-07	1.6868e-17
99.12	6.6114e-10	6.4955e-06	5.5382e-06	9.5728e-07	1.6868e-17
99.13	6.5287e-10	6.4156e-06	5.4603e-06	9.5534e-07	1.6869e-17
99.14	6.3959e-10	6.2863e-06	5.3331e-06	9.5326e-07	1.687e-17
99.15	6.2157e-10	6.1105e-06	5.1594e-06	9.5101e-07	1.687e-17
99.16	5.9921e-10	5.8918e-06	4.9433e-06	9.4859e-07	1.6868e-17
99.17	5.7301e-10	5.6354e-06	4.6894e-06	9.4598e-07	1.6865e-17
99.18	5.4355e-10	5.3467e-06	4.4035e-06	9.432e-07	1.6859e-17
99.19	5.1149e-10	5.0324e-06	4.0922e-06	9.4024e-07	1.6851e-17
99.2	4.7755e-10	4.6994e-06	3.7623e-06	9.3715e-07	1.6841e-17
99.21	4.4249e-10	4.3552e-06	3.4213e-06	9.3393e-07	1.6829e-17
99.22	4.0708e-10	4.0076e-06	3.0769e-06	9.3062e-07	1.6815e-17
99.23	3.7212e-10	3.6642e-06	2.7369e-06	9.2727e-07	1.68e-17
99.24	3.3839e-10	3.3327e-06	2.4088e-06	9.2391e-07	1.6785e-17
99.25	3.0663e-10	3.0205e-06	2.0999e-06	9.2057e-07	1.6769e-17
99.26	2.7754e-10	2.7345e-06	1.8172e-06	9.1731e-07	1.6754e-17
99.27	2.5176e-10	2.481e-06	1.5669e-06	9.1415e-07	1.674e-17
99.28	2.2985e-10	2.2655e-06	1.3544e-06	9.1112e-07	1.6728e-17
99.29	2.1227e-10	2.0926e-06	1.1844e-06	9.0826e-07	1.6717e-17
99.3	1.9938e-10	1.966e-06	1.0605e-06	9.0558e-07	1.6708e-17
99.31	1.9146e-10	1.8882e-06	9.8515e-07	9.0309e-07	1.6701e-17
99.32	1.8862e-10	1.8607e-06	9.5989e-07	9.0078e-07	1.6694e-17
99.33	1.9091e-10	1.8836e-06	9.8492e-07	8.9867e-07	1.6689e-17
99.34	1.9822e-10	1.9561e-06	1.0594e-06	8.9672e-07	1.6684e-17
99.35	2.1034e-10	2.0761e-06	1.1812e-06	8.9491e-07	1.668e-17
99.36	2.2695e-10	2.2405e-06	1.3473e-06	8.9322e-07	1.6674e-17
99.37	2.4763e-10	2.4451e-06	1.5535e-06	8.9162e-07	1.6668e-17
99.38	2.7186e-10	2.685e-06	1.7949e-06	8.9006e-07	1.6661e-17
99.39	2.9905e-10	2.9542e-06	2.0657e-06	8.8851e-07	1.6652e-17
99.4	3.2855e-10	3.2462e-06	2.3593e-06	8.8694e-07	1.6641e-17
99.41	3.5964e-10	3.5541e-06	2.6688e-06	8.853e-07	1.6629e-17
99.42	3.9159e-10	3.8706e-06	2.987e-06	8.8357e-07	1.6615e-17
99.43	4.2363e-10	4.1881e-06	3.3064e-06	8.8173e-07	1.6601e-17
99.44	4.5501e-10	4.4993e-06	3.6195e-06	8.7975e-07	1.6586e-17
99.45	4.8499e-10	4.7967e-06	3.9191e-06	8.7763e-07	1.6571e-17
99.46	5.1288e-10	5.0736e-06	4.1982e-06	8.7536e-07	1.6556e-17
99.47	5.3803e-10	5.3234e-06	4.4505e-06	8.7294e-07	1.6543e-17
99.48	5.5984e-10	5.5403e-06	4.67e-06	8.7039e-07	1.6531e-17
99.49	5.7782e-10	5.7194e-06	4.8517e-06	8.6771e-07	1.6521e-17
99.5	5.9155e-10	5.8565e-06	4.9916e-06	8.6494e-07	1.6513e-17
99.51	6.0071e-10	5.9484e-06	5.0863e-06	8.6209e-07	1.6507e-17
99.52	6.051e-10	5.993e-06	5.1338e-06	8.5918e-07	1.6503e-17
99.53	6.046e-10	5.9893e-06	5.133e-06	8.5626e-07	1.65e-17
99.54	5.9923e-10	5.9373e-06	5.0839e-06	8.5333e-07	1.6499e-17
99.55	5.891e-10	5.8381e-06	4.9877e-06	8.5043e-07	1.6499e-17
99.56	5.7444e-10	5.694e-06	4.8464e-06	8.4758e-07	1.6499e-17
99.57	5.5558e-10	5.5082e-06	4.6634e-06	8.448e-07	1.6498e-17
99.58	5.3294e-10	5.2847e-06	4.4426e-06	8.4209e-07	1.6497e-17
99.59	5.0702e-10	5.0287e-06	4.1892e-06	8.3946e-07	1.6494e-17
99.6	4.7838e-10	4.7457e-06	3.9087e-06	8.3693e-07	1.6489e-17
99.61	4.4768e-10	4.442e-06	3.6075e-06	8.3449e-07	1.6482e-17
99.62	4.1558e-10	4.1243e-06	3.2922e-06	8.3213e-07	1.6473e-17
99.63	3.828e-10	3.7997e-06	2.9699e-06	8.2984e-07	1.6463e-17
99.64	3.5005e-10	3.4753e-06	2.6477e-06	8.2761e-07	1.6451e-17
99.65	3.1805e-10	3.1582e-06	2.3328e-06	8.2542e-07	1.6438e-17
99.66	2.8749e-10	2.8554e-06	2.0321e-06	8.2327e-07	1.6424e-17
99.67	2.5904e-10	2.5733e-06	1.7522e-06	8.2113e-07	1.641e-17
99.68	2.3331e-10	2.3182e-06	1.4992e-06	8.1899e-07	1.6396e-17
99.69	2.1084e-10	2.0954e-06	1.2786e-06	8.1683e-07	1.6383e-17
99.7	1.9212e-10	1.9097e-06	1.0951e-06	8.1463e-07	1.6372e-17
99.71	1.7753e-10	1.7651e-06	9.5265e-07	8.124e-07	1.6363e-17
99.72	1.6737e-10	1.6643e-06	8.5418e-07	8.1013e-07	1.6355e-17
99.73	1.6182e-10	1.6094e-06	8.0163e-07	8.078e-07	1.6349e-17
99.74	1.6097e-10	1.6013e-06	7.9592e-07	8.0542e-07	1.6345e-17
99.75	1.6481e-10	1.6399e-06	8.3688e-07	8.0299e-07	1.6342e-17
99.76	1.7321e-10	1.7238e-06	9.233e-07	8.0051e-07	1.634e-17
99.77	1.8595e-10	1.851e-06	1.053e-06	7.9801e-07	1.6339e-17
99.78	2.027e-10	2.0181e-06	1.2227e-06	7.9548e-07	1.6338e-17
99.79	2.2306e-10	2.2212e-06	1.4283e-06	7.9295e-07	1.6336e-17
99.8	2.4652e-10	2.4553e-06	1.6649e-06	7.9042e-07	1.6333e-17
99.81	2.7253e-10	2.7149e-06	1.927e-06	7.8792e-07	1.6329e-17
99.82	3.0047e-10	2.9939e-06	2.2084e-06	7.8547e-07	1.6322e-17
99.83	3.2968e-10	3.2856e-06	2.5026e-06	7.8307e-07	1.6315e-17
99.84	3.5948e-10	3.5833e-06	2.8026e-06	7.8075e-07	1.6305e-17
99.85	3.8917e-10	3.8801e-06	3.1015e-06	7.7852e-07	1.6294e-17
99.86	4.1806e-10	4.1689e-06	3.3926e-06	7.7638e-07	1.6282e-17
99.87	4.4548e-10	4.4432e-06	3.6689e-06	7.7436e-07	1.627e-17
99.88	4.7079e-10	4.6966e-06	3.9242e-06	7.7244e-07	1.6257e-17
99.89	4.9341e-10	4.9232e-06	4.1526e-06	7.7063e-07	1.6245e-17
99.9	5.128e-10	5.1178e-06	4.3488e-06	7.6893e-07	1.6234e-17
99.91	5.2852e-10	5.2757e-06	4.5084e-06	7.6732e-07	1.6225e-17
99.92	5.4021e-10	5.3934e-06	4.6277e-06	7.6579e-07	1.6218e-17
99.93	5.4758e-10	5.4681e-06	4.7038e-06	7.6431e-07	1.6213e-17
99.94	5.5046e-10	5.498e-06	4.7352e-06	7.6287e-07	1.6211e-17
99.95	5.4878e-10	5.4823e-06	4.7209e-06	7.6144e-07	1.6211e-17
99.96	5.4256e-10	5.4213e-06	4.6613e-06	7.5999e-07	1.6213e-17
99.97	5.3194e-10	5.3162e-06	4.5577e-06	7.5848e-07	1.6217e-17
99.98	5.1714e-10	5.1693e-06	4.4124e-06	7.569e-07	1.6222e-17
99.99	4.9848e-10	4.9838e-06	4.2286e-06	7.552e-07	1.6228e-17
