0	2.8738e-05	0	0	0	0
0.01	2.5826e-05	2.5826e-09	1.9505e-09	6.3204e-10	2.9626e-24
0.02	1.6803e-05	6.7211e-09	5.0473e-09	1.6738e-09	1.1623e-23
0.03	6.8244e-06	6.142e-09	4.5574e-09	1.5845e-09	2.5706e-23
0.04	9.2869e-06	1.4859e-08	1.1094e-08	3.7648e-09	4.5006e-23
0.05	2.9793e-05	7.4484e-08	5.5942e-08	1.8541e-08	6.9027e-23
0.06	5.149e-05	1.8536e-07	1.3923e-07	4.6133e-08	9.7812e-23
0.07	5.0651e-05	2.4819e-07	1.8629e-07	6.1896e-08	1.3273e-22
0.08	2.8132e-05	1.8005e-07	1.3501e-07	4.5037e-08	1.749e-22
0.09	1.1697e-05	9.4748e-08	7.1005e-08	2.3743e-08	2.2413e-22
0.1	2.0943e-05	2.0943e-07	1.572e-07	5.2227e-08	2.808e-22
0.11	4.152e-05	5.0239e-07	3.7707e-07	1.2532e-07	3.4617e-22
0.12	4.4853e-05	6.4588e-07	4.8458e-07	1.613e-07	4.1854e-22
0.13	2.5839e-05	4.3668e-07	3.2744e-07	1.0924e-07	4.9328e-22
0.14	6.9959e-06	1.3712e-07	1.0271e-07	3.4406e-08	5.6928e-22
0.15	6.7472e-06	1.5181e-07	1.1394e-07	3.7875e-08	6.498e-22
0.16	1.774e-05	4.5415e-07	3.4091e-07	1.1324e-07	7.3445e-22
0.17	2.1305e-05	6.1572e-07	4.6209e-07	1.5363e-07	8.19e-22
0.18	1.257e-05	4.0727e-07	3.0558e-07	1.017e-07	9.0698e-22
0.19	2.4644e-06	8.8964e-08	6.6702e-08	2.2262e-08	1.0103e-21
0.2	2.8746e-07	1.1498e-08	8.6546e-09	2.8438e-09	1.1311e-21
0.21	3.6847e-06	1.625e-07	1.2209e-07	4.0404e-08	1.2556e-21
0.22	5.5685e-06	2.6951e-07	2.025e-07	6.7014e-08	1.3747e-21
0.23	3.9588e-06	2.0942e-07	1.5739e-07	5.2029e-08	1.4961e-21
0.24	2.2304e-06	1.2847e-07	9.6482e-08	3.1987e-08	1.6271e-21
0.25	2.8491e-06	1.7807e-07	1.3349e-07	4.4575e-08	1.7614e-21
0.26	4.1061e-06	2.7757e-07	2.0809e-07	6.948e-08	1.8959e-21
0.27	3.3346e-06	2.4309e-07	1.8238e-07	6.0711e-08	2.0421e-21
0.28	1.5358e-06	1.204e-07	9.0592e-08	2.9811e-08	2.2057e-21
0.29	2.2297e-06	1.8752e-07	1.4114e-07	4.6375e-08	2.376e-21
0.3	5.3393e-06	4.8054e-07	3.6106e-07	1.1948e-07	2.5511e-21
0.31	6.06e-06	5.8236e-07	4.3743e-07	1.4493e-07	2.7483e-21
0.32	2.6125e-06	2.6752e-07	2.0104e-07	6.6483e-08	2.9676e-21
0.33	6.8698e-07	7.4812e-08	5.6042e-08	1.8769e-08	3.1742e-21
0.34	4.7273e-06	5.4648e-07	4.0954e-07	1.3693e-07	3.346e-21
0.35	9.2169e-06	1.1291e-06	8.4685e-07	2.8222e-07	3.5083e-21
0.36	6.8286e-06	8.8499e-07	6.6437e-07	2.2062e-07	3.689e-21
0.37	1.2729e-06	1.7427e-07	1.3108e-07	4.3189e-08	3.8717e-21
0.38	1.0551e-06	1.5235e-07	1.1332e-07	3.9032e-08	4.0358e-21
0.39	4.0295e-06	6.1289e-07	4.578e-07	1.5509e-07	4.2089e-21
0.4	2.7488e-06	4.398e-07	3.2876e-07	1.1105e-07	4.4288e-21
0.41	2.2039e-06	3.7047e-07	2.775e-07	9.2968e-08	4.6824e-21
0.42	1.2561e-05	2.2157e-06	1.6593e-06	5.5634e-07	4.935e-21
0.43	2.5434e-05	4.7027e-06	3.5222e-06	1.1805e-06	5.193e-21
0.44	2.357e-05	4.5631e-06	3.4234e-06	1.1397e-06	5.4792e-21
0.45	1.6286e-05	3.2979e-06	2.4914e-06	8.0653e-07	5.7769e-21
0.46	3.0547e-05	6.4637e-06	4.8796e-06	1.5841e-06	6.0643e-21
0.47	5.8026e-05	1.2818e-05	9.6376e-06	3.1803e-06	6.3667e-21
0.48	5.568e-05	1.2829e-05	9.6211e-06	3.2076e-06	6.7024e-21
0.49	1.88e-05	4.5139e-06	3.3732e-06	1.1407e-06	7.0133e-21
0.5	5.8209e-07	1.4552e-07	1.1272e-07	3.2799e-08	7.2384e-21
0.51	3.1738e-05	8.2549e-06	6.2076e-06	2.0473e-06	7.422e-21
0.52	0.00010033	2.713e-05	2.034e-05	6.7907e-06	7.6473e-21
0.53	0.00027368	7.6877e-05	5.7621e-05	1.9256e-05	7.8983e-21
0.54	0.00073857	0.00021537	0.00016153	5.3835e-05	8.109e-21
0.55	0.0015908	0.00048121	0.00036102	0.00012019	8.3205e-21
0.56	0.002669	0.00083701	0.00062789	0.00020912	8.6435e-21
0.57	0.0037812	0.0012285	0.00092134	0.00030716	9.0737e-21
0.58	0.0050109	0.0016857	0.001264	0.00042164	9.4978e-21
0.59	0.0064893	0.0022589	0.0016941	0.00056487	9.8889e-21
0.6	0.0078338	0.0028202	0.0021153	0.00070482	1.0328e-20
0.61	0.008206	0.0030535	0.0022905	0.00076292	1.0812e-20
0.62	0.007145	0.0027465	0.0020601	0.00068641	1.1219e-20
0.63	0.0050425	0.0020014	0.0015009	0.00050046	1.151e-20
0.64	0.00264	0.0010813	0.00081092	0.00027043	1.1784e-20
0.65	0.00070441	0.00029761	0.00022331	7.4299e-05	1.2075e-20
0.66	0.00097725	0.00042569	0.00031907	0.00010663	1.23e-20
0.67	0.0072273	0.0032443	0.0024325	0.00081181	1.2477e-20
0.68	0.024614	0.011382	0.0085364	0.0028451	1.278e-20
0.69	0.058313	0.027763	0.020826	0.006937	1.3276e-20
0.7	0.11403	0.055873	0.041911	0.013961	1.3808e-20
0.71	0.19983	0.10073	0.075555	0.025179	1.4278e-20
0.72	0.32528	0.16863	0.12647	0.04216	1.4796e-20
0.73	0.49685	0.26477	0.19857	0.066205	1.5405e-20
0.74	0.71496	0.39151	0.29362	0.097891	1.589e-20
0.75	0.97708	0.54961	0.4122	0.13741	1.6114e-20
0.76	1.2821	0.74051	0.55539	0.18513	1.6312e-20
0.77	1.6273	0.9648	0.7236	0.2412	1.6777e-20
0.78	2.0004	1.217	0.91277	0.30427	1.7417e-20
0.79	2.3776	1.4838	1.1129	0.37098	1.7926e-20
0.8	2.7329	1.7491	1.3118	0.43728	1.8267e-20
0.81	3.0484	2.0001	1.5	0.50003	1.8655e-20
0.82	3.3114	2.2266	1.6699	0.55666	1.9172e-20
0.83	3.5041	2.414	1.8105	0.6035	1.9702e-20
0.84	3.603	2.5423	1.9067	0.63558	2.0209e-20
0.85	3.5922	2.5953	1.9465	0.64885	2.074e-20
0.86	3.4744	2.5697	1.9272	0.64243	2.1195e-20
0.87	3.2658	2.4719	1.8539	0.618	2.1413e-20
0.88	2.982	2.3092	1.7319	0.57733	2.1517e-20
0.89	2.6341	2.0865	1.5648	0.52163	2.1861e-20
0.9	2.239	1.8136	1.3602	0.45341	2.2599e-20
0.91	1.8251	1.5114	1.1335	0.37785	2.354e-20
0.92	1.4244	1.2056	0.9042	0.30141	2.4457e-20
0.93	1.0598	0.91659	0.68743	0.22916	2.5309e-20
0.94	0.74244	0.65602	0.49201	0.16401	2.613e-20
0.95	0.47918	0.43246	0.32435	0.10811	2.6858e-20
0.96	0.27637	0.2547	0.19103	0.063671	2.7326e-20
0.97	0.13594	0.1279	0.095929	0.031973	2.7372e-20
0.98	0.05129	0.049259	0.036943	0.012316	2.7101e-20
0.99	0.010144	0.0099418	0.0074548	0.0024869	2.7027e-20
1	0.00014608	0.00014608	0.00010973	3.635e-05	2.7561e-20
1.01	0.010544	0.010756	0.0080674	0.0026882	2.8291e-20
1.02	0.030762	0.032005	0.024003	0.0080016	2.8427e-20
1.03	0.051113	0.054225	0.040668	0.013558	2.829e-20
1.04	0.06571	0.071072	0.053303	0.017769	2.9431e-20
1.05	0.073081	0.080572	0.060428	0.020144	3.2403e-20
1.06	0.073494	0.082578	0.061931	0.020647	3.5294e-20
1.07	0.067056	0.076773	0.057577	0.019196	3.5868e-20
1.08	0.054806	0.063925	0.047942	0.015983	3.4643e-20
1.09	0.039886	0.047389	0.035542	0.011847	3.4123e-20
1.1	0.026049	0.031519	0.023641	0.0078784	3.5112e-20
1.11	0.015276	0.018821	0.014117	0.0047042	3.5819e-20
1.12	0.0075901	0.009521	0.0071409	0.0023801	3.5034e-20
1.13	0.0026241	0.0033507	0.0025127	0.000838	3.4104e-20
1.14	0.00029634	0.00038513	0.00028868	9.6445e-05	3.4676e-20
1.15	0.0001276	0.00016875	0.00012665	4.21e-05	3.628e-20
1.16	0.0009839	0.0013239	0.0009931	0.00033083	3.7637e-20
1.17	0.0018854	0.0025809	0.0019359	0.00064506	3.8906e-20
1.18	0.0025486	0.0035487	0.0026618	0.00088688	4.085e-20
1.19	0.0029408	0.0041645	0.0031237	0.0010407	4.2843e-20
1.2	0.0028369	0.0040851	0.0030642	0.001021	4.3563e-20
1.21	0.0021294	0.0031176	0.0023383	0.00077929	4.3049e-20
1.22	0.0011773	0.0017522	0.0013141	0.00043813	4.2392e-20
1.23	0.00046747	0.00070723	0.00053032	0.00017692	4.1991e-20
1.24	0.00012439	0.00019126	0.00014343	4.7833e-05	4.1767e-20
1.25	8.2685e-06	1.292e-05	9.7148e-06	3.2047e-06	4.2429e-20
1.26	8.2543e-05	0.00013105	9.8201e-05	3.2845e-05	4.4612e-20
1.27	0.00037985	0.00061267	0.00045928	0.00015338	4.7207e-20
1.28	0.00074208	0.0012158	0.00091172	0.00030411	4.8516e-20
1.29	0.00091176	0.0015173	0.0011381	0.00037919	4.8724e-20
1.3	0.00085488	0.0014447	0.0010839	0.00036083	4.9162e-20
1.31	0.00075273	0.0012918	0.0009691	0.00032267	4.9492e-20
1.32	0.00068771	0.0011983	0.00089867	0.00029961	4.8113e-20
1.33	0.00055875	0.00098837	0.000741	0.00024737	4.5442e-20
1.34	0.00032144	0.00057718	0.00043262	0.00014456	4.4286e-20
1.35	0.0001018	0.00018553	0.00013906	4.6474e-05	4.6501e-20
1.36	1.0442e-05	1.9313e-05	1.4507e-05	4.8061e-06	5.1482e-20
1.37	5.3696e-06	1.0078e-05	7.5621e-06	2.5162e-06	5.8006e-20
1.38	9.1412e-06	1.7409e-05	1.3025e-05	4.384e-06	6.4776e-20
1.39	3e-05	5.7964e-05	4.3488e-05	1.4476e-05	6.883e-20
1.4	8.8931e-05	0.0001743	0.00013081	4.349e-05	6.7052e-20
1.41	0.00013327	0.00026496	0.00019879	6.6166e-05	6.0733e-20
1.42	0.00010953	0.00022085	0.00016563	5.5225e-05	5.5349e-20
1.43	5.1092e-05	0.00010448	7.8302e-05	2.6176e-05	5.3947e-20
1.44	2.1311e-05	4.4191e-05	3.313e-05	1.1061e-05	5.389e-20
1.45	2.3272e-05	4.893e-05	3.6742e-05	1.2188e-05	5.2367e-20
1.46	2.3264e-05	4.9589e-05	3.7242e-05	1.2347e-05	5.1578e-20
1.47	1.413e-05	3.0533e-05	2.2923e-05	7.6104e-06	5.4978e-20
1.48	5.9701e-06	1.3077e-05	9.8058e-06	3.2712e-06	6.1144e-20
1.49	4.5216e-07	1.0038e-06	7.4715e-07	2.567e-07	6.5616e-20
1.5	1.3932e-05	3.1347e-05	2.3563e-05	7.7838e-06	6.7426e-20
1.51	7.4956e-05	0.00017091	0.00012834	4.2566e-05	6.9878e-20
1.52	0.00016937	0.00039132	0.00029361	9.7708e-05	7.5431e-20
1.53	0.00026203	0.00061339	0.00045984	0.00015355	8.2613e-20
1.54	0.00041271	0.00097878	0.00073368	0.0002451	8.7233e-20
1.55	0.00076724	0.0018433	0.0013827	0.00046061	8.4754e-20
1.56	0.0013474	0.0032791	0.0024608	0.00081831	7.391e-20
1.57	0.0019509	0.0048089	0.0036083	0.0012005	6.0621e-20
1.58	0.0023984	0.0059874	0.00449	0.0014974	5.4971e-20
1.59	0.0028087	0.0071008	0.0053218	0.001779	6.0268e-20
1.6	0.0034393	0.0088046	0.006599	0.0022056	6.8592e-20
1.61	0.0042567	0.011034	0.0082749	0.0027588	7.2006e-20
1.62	0.0048806	0.012809	0.0096117	0.0031969	7.3566e-20
1.63	0.0050504	0.013419	0.010071	0.0033478	7.9961e-20
1.64	0.0049735	0.013377	0.010035	0.0033416	8.8025e-20
1.65	0.0050382	0.013716	0.010284	0.0034326	8.9371e-20
1.66	0.0052791	0.014547	0.010905	0.0036419	8.5537e-20
1.67	0.0053413	0.014896	0.011171	0.0037251	8.5057e-20
1.68	0.0049855	0.014071	0.010557	0.0035137	8.5916e-20
1.69	0.0044247	0.012637	0.0094827	0.0031547	7.7366e-20
1.7	0.0040439	0.011687	0.0087659	0.002921	6.3043e-20
1.71	0.0039082	0.011428	0.0085679	0.0028602	6.3672e-20
1.72	0.0037221	0.011011	0.0082554	0.002756	8.6231e-20
1.73	0.0032581	0.0097511	0.0073134	0.0024378	1.0779e-19
1.74	0.0026616	0.0080583	0.0060461	0.0020121	1.0651e-19
1.75	0.002244	0.0068722	0.0051559	0.0017163	9.4231e-20
1.76	0.0020746	0.0064262	0.0048189	0.0016073	9.6342e-20
1.77	0.0019169	0.0060054	0.0045019	0.0015034	1.0924e-19
1.78	0.0015626	0.0049508	0.0037118	0.001239	1.055e-19
1.79	0.0010947	0.0035076	0.0026309	0.00087662	7.9992e-20
1.8	0.00074831	0.0024245	0.0018192	0.00060536	6.1398e-20
1.81	0.00059815	0.0019596	0.0014697	0.00048991	6.9846e-20
1.82	0.00050318	0.0016667	0.0012491	0.00041761	8.9329e-20
1.83	0.00033639	0.0011265	0.00084385	0.00028269	9.7334e-20
1.84	0.00014301	0.00048416	0.00036261	0.00012155	9.944e-20
1.85	3.1792e-05	0.00010881	8.1643e-05	2.7165e-05	1.1294e-19
1.86	1.0187e-05	3.5244e-05	2.6641e-05	8.6031e-06	1.318e-19
1.87	7.2921e-06	2.55e-05	1.9199e-05	6.3009e-06	1.3357e-19
1.88	8.8717e-07	3.1356e-06	2.2835e-06	8.5213e-07	1.1483e-19
1.89	2.6934e-05	9.6211e-05	7.2201e-05	2.401e-05	9.5475e-20
1.9	8.2273e-05	0.00029701	0.00022318	7.3829e-05	8.8536e-20
1.91	0.0001081	0.00039436	0.00029653	9.7832e-05	8.72e-20
1.92	8.2355e-05	0.0003036	0.00022838	7.5212e-05	8.5019e-20
1.93	5.5918e-05	0.00020829	0.00015643	5.186e-05	8.8828e-20
1.94	6.9468e-05	0.00026145	0.00019583	6.5616e-05	1.0371e-19
1.95	9.1431e-05	0.00034766	0.00026038	8.7283e-05	1.2081e-19
1.96	7.4581e-05	0.00028651	0.00021468	7.1833e-05	1.2991e-19
1.97	3.0149e-05	0.000117	8.7698e-05	2.9307e-05	1.3267e-19
1.98	3.0475e-06	1.1948e-05	8.9441e-06	3.0035e-06	1.3426e-19
1.99	3.2622e-06	1.2919e-05	9.6932e-06	3.2254e-06	1.3179e-19
2	5.8897e-06	2.3559e-05	1.7708e-05	5.8509e-06	1.2116e-19
2.01	1.9592e-06	7.9154e-06	5.9608e-06	1.9546e-06	1.0783e-19
2.02	6.3418e-06	2.5877e-05	1.9382e-05	6.4953e-06	1.0085e-19
2.03	2.0732e-05	8.5433e-05	6.4059e-05	2.1375e-05	1.0131e-19
2.04	2.6131e-05	0.00010875	8.1619e-05	2.7126e-05	1.0517e-19
2.05	1.5007e-05	6.3067e-05	4.7398e-05	1.567e-05	1.1257e-19
2.06	2.3916e-06	1.0149e-05	7.6596e-06	2.4893e-06	1.2525e-19
2.07	6.3405e-07	2.7168e-06	2.0173e-06	6.9952e-07	1.3851e-19
2.08	6.0329e-06	2.6101e-05	1.9523e-05	6.5774e-06	1.449e-19
2.09	1.361e-05	5.9449e-05	4.4519e-05	1.493e-05	1.4391e-19
2.1	2.3408e-05	0.00010323	7.7348e-05	2.5881e-05	1.4043e-19
2.11	2.8785e-05	0.00012815	9.6076e-05	3.2078e-05	1.3571e-19
2.12	2.0819e-05	9.3568e-05	7.0194e-05	2.3374e-05	1.277e-19
2.13	1.0196e-05	4.6259e-05	3.4741e-05	1.1519e-05	1.1904e-19
2.14	2.1771e-05	9.9704e-05	7.4849e-05	2.4855e-05	1.1631e-19
2.15	5.6409e-05	0.00026075	0.00019573	6.5019e-05	1.2125e-19
2.16	7.9431e-05	0.00037059	0.00027822	9.2379e-05	1.2941e-19
2.17	6.4153e-05	0.00030209	0.00022673	7.5357e-05	1.3768e-19
2.18	3.1359e-05	0.00014903	0.00011161	3.7419e-05	1.4641e-19
2.19	2.3955e-05	0.00011489	8.5815e-05	2.9076e-05	1.5401e-19
2.2	4.9586e-05	0.00024	0.00017993	6.0062e-05	1.5635e-19
2.21	7.1279e-05	0.00034813	0.00026164	8.6498e-05	1.5296e-19
2.22	5.8093e-05	0.00028631	0.00021554	7.0764e-05	1.48e-19
2.23	2.5641e-05	0.00012751	9.6039e-05	3.1473e-05	1.4394e-19
2.24	1.313e-05	6.5883e-05	4.9131e-05	1.6751e-05	1.3995e-19
2.25	3.0038e-05	0.00015207	0.00011357	3.8495e-05	1.3719e-19
2.26	4.4942e-05	0.00022955	0.00017215	5.7392e-05	1.3936e-19
2.27	3.1507e-05	0.00016235	0.00012221	4.0136e-05	1.4626e-19
2.28	7.0559e-06	3.6679e-05	2.7722e-05	8.9571e-06	1.5266e-19
2.29	6.257e-06	3.2812e-05	2.4224e-05	8.5879e-06	1.5566e-19
2.3	2.6531e-05	0.00014035	0.0001049	3.545e-05	1.5772e-19
2.31	3.2022e-05	0.00017087	0.00012855	4.2316e-05	1.6044e-19
2.32	1.8513e-05	9.9646e-05	7.546e-05	2.4187e-05	1.6137e-19
2.33	3.4966e-05	0.00018983	0.00014219	4.7641e-05	1.5938e-19
2.34	0.00011004	0.00060254	0.00045077	0.00015177	1.5768e-19
2.35	0.00019288	0.0010652	0.00079851	0.00026665	1.586e-19
2.36	0.00022468	0.0012514	0.00093998	0.00031141	1.6061e-19
2.37	0.00025292	0.0014206	0.0010667	0.00035394	1.6313e-19
2.38	0.00039274	0.0022246	0.0016665	0.00055813	1.6838e-19
2.39	0.0006524	0.0037266	0.0027907	0.00093587	1.7514e-19
2.4	0.00088371	0.0050902	0.0038165	0.0012737	1.7718e-19
2.41	0.00097697	0.0056743	0.0042605	0.0014138	1.7249e-19
2.42	0.0010403	0.0060926	0.0045742	0.0015184	1.6793e-19
2.43	0.0012689	0.0074925	0.0056138	0.0018788	1.6935e-19
2.44	0.0016474	0.0098082	0.0073384	0.0024698	1.7292e-19
2.45	0.0019222	0.011538	0.0086368	0.0029014	1.7282e-19
2.46	0.0019324	0.011694	0.008772	0.0029218	1.7164e-19
2.47	0.0018574	0.011332	0.0085224	0.0028093	1.754e-19
2.48	0.0020019	0.012313	0.0092634	0.0030492	1.8233e-19
2.49	0.0023731	0.014714	0.011047	0.0036666	1.858e-19
2.5	0.0026314	0.016446	0.012322	0.0041244	1.8559e-19
2.51	0.0025137	0.015837	0.011853	0.0039833	1.8742e-19
2.52	0.0021819	0.013856	0.010376	0.0034793	1.9219e-19
2.53	0.002025	0.012962	0.009723	0.0032386	1.9463e-19
2.54	0.0021672	0.013982	0.010497	0.0034848	1.9272e-19
2.55	0.0023222	0.0151	0.011331	0.0037685	1.9038e-19
2.56	0.0021749	0.014254	0.010687	0.0035662	1.8993e-19
2.57	0.0017822	0.011771	0.0088219	0.002949	1.8958e-19
2.58	0.001478	0.0098384	0.0073767	0.0024617	1.8934e-19
2.59	0.001437	0.0096398	0.0072338	0.0024061	1.9225e-19
2.6	0.0014762	0.0099791	0.00749	0.0024892	1.9793e-19
2.61	0.001327	0.0090398	0.0067828	0.002257	2.0202e-19
2.62	0.00098428	0.0067565	0.0050671	0.0016894	2.0387e-19
2.63	0.0006808	0.004709	0.0035308	0.0011783	2.0756e-19
2.64	0.00056919	0.0039671	0.0029754	0.00099169	2.1335e-19
2.65	0.00055547	0.0039008	0.0029264	0.00097437	2.156e-19
2.66	0.00046775	0.0033096	0.0024826	0.00082706	2.1238e-19
2.67	0.0002843	0.0020268	0.0015196	0.00050717	2.0958e-19
2.68	0.00012254	0.00088014	0.00065949	0.00022065	2.1142e-19
2.69	6.0585e-05	0.0004384	0.00032874	0.00010966	2.1399e-19
2.7	5.9398e-05	0.00043301	0.00032522	0.00010779	2.1316e-19
2.71	5.2263e-05	0.00038382	0.00028842	9.5402e-05	2.1219e-19
2.72	3.1391e-05	0.00023224	0.00017459	5.7651e-05	2.156e-19
2.73	2.0739e-05	0.00015457	0.00011626	3.8304e-05	2.212e-19
2.74	1.881e-05	0.00014122	0.00010619	3.502e-05	2.2452e-19
2.75	1.0041e-05	7.5937e-05	5.7018e-05	1.8919e-05	2.2616e-19
2.76	4.0876e-06	3.1138e-05	2.3174e-05	7.9633e-06	2.2853e-19
2.77	2.2249e-05	0.00017071	0.00012795	4.2765e-05	2.2999e-19
2.78	5.4638e-05	0.00042226	0.00031708	0.00010518	2.2876e-19
2.79	6.5398e-05	0.00050907	0.00038258	0.00012649	2.2836e-19
2.8	4.2082e-05	0.00032993	0.00024809	8.1839e-05	2.3242e-19
2.81	1.3547e-05	0.00010697	8.0328e-05	2.6639e-05	2.3766e-19
2.82	1.1073e-05	8.806e-05	6.5783e-05	2.2277e-05	2.393e-19
2.83	3.0231e-05	0.00024212	0.00018152	6.0601e-05	2.3951e-19
2.84	4.2159e-05	0.00034004	0.00025549	8.4549e-05	2.4293e-19
2.85	3.1337e-05	0.00025454	0.00019169	6.2846e-05	2.4719e-19
2.86	1.0211e-05	8.3521e-05	6.3228e-05	2.0293e-05	2.4664e-19
2.87	6.8634e-08	5.6533e-07	4.3459e-07	1.3074e-07	2.4292e-19
2.88	6.8149e-06	5.6525e-05	4.1885e-05	1.464e-05	2.424e-19
2.89	1.7785e-05	0.00014854	0.00011074	3.7794e-05	2.4518e-19
2.9	1.8756e-05	0.00015773	0.00011781	3.9923e-05	2.4614e-19
2.91	1.0078e-05	8.5338e-05	6.3715e-05	2.1623e-05	2.46e-19
2.92	3.6458e-06	3.1085e-05	2.3058e-05	8.0273e-06	2.5072e-19
2.93	5.819e-06	4.9955e-05	3.7143e-05	1.2813e-05	2.5955e-19
2.94	9.7424e-06	8.421e-05	6.2847e-05	2.1363e-05	2.6458e-19
2.95	7.4632e-06	6.4949e-05	4.8536e-05	1.6413e-05	2.6404e-19
2.96	2.9492e-06	2.5839e-05	1.9339e-05	6.5007e-06	2.6497e-19
2.97	5.5692e-06	4.9126e-05	3.6854e-05	1.2271e-05	2.6992e-19
2.98	1.4178e-05	0.0001259	9.4447e-05	3.1456e-05	2.7184e-19
2.99	1.7188e-05	0.00015366	0.00011529	3.8372e-05	2.6711e-19
3	9.4332e-06	8.4899e-05	6.3725e-05	2.1174e-05	2.6293e-19
3.01	8.4583e-07	7.6633e-06	5.7719e-06	1.8914e-06	2.6537e-19
3.02	4.0954e-06	3.7352e-05	2.806e-05	9.2914e-06	2.6967e-19
3.03	1.792e-05	0.00016452	0.0001236	4.0919e-05	2.702e-19
3.04	2.7548e-05	0.00025459	0.00019138	6.3207e-05	2.7116e-19
3.05	2.1637e-05	0.00020128	0.00015145	4.9828e-05	2.7824e-19
3.06	6.5468e-06	6.1301e-05	4.6205e-05	1.5096e-05	2.8715e-19
3.07	1.1233e-06	1.0587e-05	7.8143e-06	2.7728e-06	2.9033e-19
3.08	1.4734e-05	0.00013977	0.00010471	3.5061e-05	2.8939e-19
3.09	3.2864e-05	0.00031379	0.00023572	7.8062e-05	2.9077e-19
3.1	3.2557e-05	0.00031287	0.00023549	7.7382e-05	2.9335e-19
3.11	1.387e-05	0.00013415	0.00010116	3.2997e-05	2.9142e-19
3.12	4.2005e-06	4.0889e-05	3.0315e-05	1.0574e-05	2.8666e-19
3.13	2.2191e-05	0.00021741	0.00016227	5.5137e-05	2.8638e-19
3.14	4.8462e-05	0.00047781	0.00035826	0.00011955	2.9125e-19
3.15	4.9189e-05	0.00048808	0.000367	0.00012108	2.9514e-19
3.16	2.2986e-05	0.00022953	0.00017324	5.6293e-05	2.967e-19
3.17	2.2156e-06	2.2265e-05	1.7278e-05	4.9869e-06	3.011e-19
3.18	5.9429e-06	6.0097e-05	4.5994e-05	1.4103e-05	3.0943e-19
3.19	1.6331e-05	0.00016618	0.00012701	3.9174e-05	3.1599e-19
3.2	1.3125e-05	0.0001344	0.00010349	3.091e-05	3.1758e-19
3.21	7.6468e-06	7.8793e-05	5.899e-05	1.9803e-05	3.1704e-19
3.22	1.9612e-05	0.00020334	0.00014832	5.5015e-05	3.1612e-19
3.23	3.6885e-05	0.00038482	0.0002836	0.00010122	3.1304e-19
3.24	3.0755e-05	0.00032285	0.00024115	8.1703e-05	3.0912e-19
3.25	8.3426e-06	8.8119e-05	6.9609e-05	1.851e-05	3.0955e-19
3.26	1.4452e-05	0.00015359	0.00011766	3.5923e-05	3.1522e-19
3.27	6.6885e-05	0.0007152	0.00053181	0.00018339	3.2124e-19
3.28	0.00011817	0.0012714	0.0009423	0.00032906	3.2556e-19
3.29	0.00011053	0.0011963	0.00088646	0.00030988	3.3121e-19
3.3	5.7307e-05	0.00062407	0.00046425	0.00015981	3.3812e-19
3.31	3.6259e-05	0.00039725	0.00030071	9.6546e-05	3.4136e-19
3.32	9.3005e-05	0.0010251	0.00077179	0.00025335	3.4047e-19
3.33	0.00017699	0.0019627	0.0014698	0.00049282	3.4144e-19
3.34	0.00019722	0.0022002	0.0016439	0.00055624	3.4553e-19
3.35	0.00013318	0.0014946	0.0011161	0.00037853	3.4542e-19
3.36	6.2244e-05	0.00070271	0.00052695	0.00017576	3.3811e-19
3.37	6.6194e-05	0.00075175	0.00056663	0.00018513	3.3219e-19
3.38	0.0001319	0.0015068	0.0011314	0.00037544	3.3536e-19
3.39	0.00017057	0.0019603	0.0014681	0.00049219	3.4307e-19
3.4	0.00012995	0.0015022	0.0011233	0.00037884	3.4737e-19
3.41	5.5199e-05	0.00064186	0.00048008	0.00016178	3.4953e-19
3.42	2.4862e-05	0.00029079	0.00021929	7.1503e-05	3.5489e-19
3.43	5.2698e-05	0.00061999	0.0004667	0.00015329	3.6158e-19
3.44	8.312e-05	0.00098361	0.00073817	0.00024544	3.6446e-19
3.45	7.198e-05	0.00085674	0.00064187	0.00021487	3.6529e-19
3.46	3.4638e-05	0.00041468	0.00031022	0.00010445	3.6892e-19
3.47	8.1501e-06	9.8135e-05	7.3229e-05	2.4906e-05	3.7331e-19
3.48	1.16e-06	1.4047e-05	1.043e-05	3.6171e-06	3.7318e-19
3.49	3.0744e-06	3.7447e-05	2.8109e-05	9.3383e-06	3.7071e-19
3.5	1.6887e-05	0.00020686	0.00015525	5.1613e-05	3.7251e-19
3.51	4.9418e-05	0.00060883	0.00045649	0.00015234	3.7822e-19
3.52	7.9414e-05	0.00098397	0.00073725	0.00024671	3.8186e-19
3.53	7.2307e-05	0.00090101	0.00067473	0.00022628	3.8263e-19
3.54	3.3915e-05	0.00042501	0.00031828	0.00010673	3.8452e-19
3.55	1.9245e-05	0.00024254	0.00018235	6.0181e-05	3.869e-19
3.56	6.7612e-05	0.00085689	0.00064336	0.00021353	3.8569e-19
3.57	0.00014519	0.0018504	0.0013877	0.00046275	3.8299e-19
3.58	0.00017629	0.0022594	0.0016934	0.00056599	3.8499e-19
3.59	0.00013094	0.0016876	0.0012645	0.00042305	3.9087e-19
3.6	6.3498e-05	0.00082293	0.00061705	0.00020588	3.9447e-19
3.61	5.5629e-05	0.00072497	0.00054454	0.00018043	3.9666e-19
3.62	0.00012721	0.001667	0.001251	0.00041605	4.039e-19
3.63	0.00021228	0.0027971	0.0020976	0.00069958	4.14e-19
3.64	0.00022652	0.0030013	0.0022499	0.00075137	4.1645e-19
3.65	0.00015689	0.0020901	0.0015669	0.00052327	4.0999e-19
3.66	7.8827e-05	0.0010559	0.00079222	0.00026371	4.0648e-19
3.67	7.9227e-05	0.0010671	0.0008011	0.000266	4.1277e-19
3.68	0.00016407	0.0022219	0.0016665	0.00055538	4.2136e-19
3.69	0.00025004	0.0034046	0.0025523	0.00085231	4.2468e-19
3.7	0.00025077	0.003433	0.002573	0.00085995	4.2604e-19
3.71	0.00016639	0.0022902	0.0017168	0.00057343	4.2906e-19
3.72	8.39e-05	0.001161	0.00087135	0.00028968	4.2886e-19
3.73	9.0584e-05	0.0012603	0.00094645	0.00031384	4.231e-19
3.74	0.00018771	0.0026256	0.0019695	0.00065609	4.2033e-19
3.75	0.0002867	0.0040317	0.0030223	0.0010094	4.2695e-19
3.76	0.00029269	0.0041379	0.0031009	0.001037	4.3566e-19
3.77	0.00020044	0.0028489	0.0021348	0.00071407	4.3831e-19
3.78	0.00010854	0.0015508	0.0011631	0.00038771	4.4019e-19
3.79	0.00012608	0.001811	0.0013595	0.0004515	4.4886e-19
3.8	0.00025628	0.0037007	0.0027763	0.00092442	4.5811e-19
3.81	0.00038188	0.0055434	0.0041567	0.0013867	4.5802e-19
3.82	0.00038169	0.0055697	0.0041754	0.0013944	4.5365e-19
3.83	0.00026233	0.0038481	0.0028848	0.00096335	4.5699e-19
3.84	0.00016033	0.0023641	0.0017734	0.00059071	4.6527e-19
3.85	0.00020288	0.0030072	0.0022567	0.00075046	4.6506e-19
3.86	0.00036926	0.0055018	0.0041271	0.0013747	4.5606e-19
3.87	0.00050245	0.0075252	0.005643	0.0018822	4.5295e-19
3.88	0.00047115	0.0070929	0.0053179	0.001775	4.6209e-19
3.89	0.00032075	0.0048536	0.0036392	0.0012143	4.7305e-19
3.9	0.00024198	0.0036805	0.0027611	0.00091942	4.7675e-19
3.91	0.00036442	0.0055714	0.0041798	0.0013915	4.7724e-19
3.92	0.00059122	0.009085	0.0068139	0.0022711	4.8061e-19
3.93	0.00068626	0.010599	0.007948	0.0026513	4.8517e-19
3.94	0.00054852	0.0085151	0.0063849	0.0021302	4.8808e-19
3.95	0.00035257	0.0055009	0.0041261	0.0013749	4.9069e-19
3.96	0.00035306	0.0055365	0.004154	0.0013825	4.9269e-19
3.97	0.00056606	0.0089217	0.006692	0.0022297	4.9109e-19
3.98	0.00073226	0.011599	0.0086981	0.0029012	4.8861e-19
3.99	0.00063521	0.010113	0.0075822	0.0025303	4.9232e-19
4	0.00038063	0.0060901	0.0045667	0.0015234	5.0071e-19
4.01	0.0002683	0.0043143	0.0032365	0.0010778	5.0431e-19
4.02	0.0004104	0.0066322	0.0049747	0.0016575	5.024e-19
4.03	0.00059021	0.0095855	0.007188	0.0023975	5.0563e-19
4.04	0.00054686	0.0089256	0.0066922	0.0022334	5.172e-19
4.05	0.00031362	0.0051442	0.0038572	0.001287	5.2583e-19
4.06	0.00016905	0.0027866	0.0020904	0.00069618	5.2418e-19
4.07	0.00027102	0.0044894	0.0033674	0.001122	5.1984e-19
4.08	0.00045602	0.007591	0.0056921	0.0018989	5.1982e-19
4.09	0.00046059	0.0077047	0.0057765	0.0019282	5.1902e-19
4.1	0.00026652	0.0044802	0.0033591	0.0011211	5.1458e-19
4.11	0.00011767	0.0019876	0.0014912	0.00049647	5.1636e-19
4.12	0.00019554	0.0033191	0.0024901	0.00082901	5.2992e-19
4.13	0.00038528	0.0065717	0.0049285	0.0016432	5.4301e-19
4.14	0.00043213	0.0074066	0.0055536	0.001853	5.4436e-19
4.15	0.00027011	0.0046521	0.0034879	0.0011642	5.429e-19
4.16	9.2046e-05	0.0015929	0.0011946	0.00039829	5.5136e-19
4.17	8.9408e-05	0.0015547	0.0011667	0.000388	5.6269e-19
4.18	0.00021994	0.003843	0.0028827	0.00096021	5.6268e-19
4.19	0.00029095	0.0051079	0.0038309	0.001277	5.5586e-19
4.2	0.00021097	0.0037215	0.0027908	0.00093069	5.5671e-19
4.21	7.2612e-05	0.001287	0.00096504	0.00032195	5.6255e-19
4.22	2.9475e-06	5.249e-05	3.9393e-05	1.3096e-05	5.5914e-19
4.23	2.1718e-05	0.0003886	0.00029155	9.705e-05	5.4956e-19
4.24	7.216e-05	0.0012973	0.00097287	0.00032439	5.5207e-19
4.25	0.00011658	0.0021058	0.0015789	0.00052687	5.6916e-19
4.26	0.00014409	0.0026149	0.0019605	0.00065444	5.8337e-19
4.27	0.00013012	0.0023724	0.0017786	0.00059375	5.8669e-19
4.28	6.3459e-05	0.0011625	0.0008716	0.00029087	5.9008e-19
4.29	4.1123e-06	7.5683e-05	5.6824e-05	1.8859e-05	5.9848e-19
4.3	4.1927e-05	0.00077524	0.00058129	0.00019395	6.0001e-19
4.31	0.00017467	0.0032447	0.0024328	0.00081191	5.8918e-19
4.32	0.00027946	0.0052154	0.0039104	0.001305	5.7928e-19
4.33	0.0002455	0.0046029	0.0034512	0.0011517	5.8076e-19
4.34	0.00010752	0.0020251	0.0015184	0.0005067	5.8636e-19
4.35	6.9232e-06	0.000131	9.8284e-05	3.272e-05	5.8882e-19
4.36	3.3488e-05	0.00063659	0.00047754	0.00015905	5.9509e-19
4.37	0.00014438	0.0027572	0.0020677	0.00068951	6.1069e-19
4.38	0.00023601	0.0045278	0.0033951	0.0011327	6.2676e-19
4.39	0.00025065	0.0048305	0.0036215	0.0012089	6.355e-19
4.4	0.00019525	0.0037801	0.0028336	0.00094651	6.4204e-19
4.41	0.0001004	0.0019526	0.0014634	0.00048922	6.4857e-19
4.42	1.534e-05	0.00029968	0.00022447	7.5217e-05	6.4405e-19
4.43	3.561e-05	0.00069884	0.00052418	0.00017467	6.2444e-19
4.44	0.00026052	0.0051358	0.0038512	0.0012846	6.0651e-19
4.45	0.00065251	0.012921	0.0096889	0.0032323	6.0523e-19
4.46	0.00095136	0.018924	0.01419	0.0047341	6.1342e-19
4.47	0.00083862	0.016756	0.012564	0.0041921	6.202e-19
4.48	0.00032329	0.0064886	0.0048648	0.0016238	6.3218e-19
4.49	1.1107e-05	0.00022393	0.00016798	5.5948e-05	6.5627e-19
4.5	0.00087824	0.017784	0.013339	0.0044452	6.7856e-19
4.51	0.0035486	0.072179	0.054135	0.018044	6.8373e-19
4.52	0.0075866	0.155	0.11625	0.038751	6.8044e-19
4.53	0.011452	0.235	0.17624	0.058754	6.8272e-19
4.54	0.013299	0.27412	0.20558	0.068539	6.8093e-19
4.55	0.012131	0.25114	0.18834	0.062796	6.6008e-19
4.56	0.0085172	0.1771	0.13281	0.044288	6.3452e-19
4.57	0.0044943	0.093863	0.070384	0.023479	6.3198e-19
4.58	0.0027796	0.058306	0.043715	0.014591	6.5101e-19
4.59	0.0056662	0.11938	0.089516	0.02986	6.6759e-19
4.6	0.013855	0.29317	0.21986	0.07331	6.7756e-19
4.61	0.025569	0.5434	0.40753	0.13586	6.9693e-19
4.62	0.036643	0.78213	0.58659	0.19554	7.2282e-19
4.63	0.042186	0.90434	0.67825	0.22608	7.3281e-19
4.64	0.039337	0.84691	0.63519	0.21172	7.2499e-19
4.65	0.029339	0.63439	0.4758	0.15859	7.205e-19
4.66	0.017111	0.37157	0.27868	0.092888	7.2161e-19
4.67	0.0082801	0.18058	0.13543	0.045147	7.0737e-19
4.68	0.0057568	0.12609	0.094559	0.031528	6.7944e-19
4.69	0.0083377	0.1834	0.13754	0.045857	6.7003e-19
4.7	0.012188	0.26923	0.20191	0.067315	6.9042e-19
4.71	0.013816	0.30651	0.22987	0.076637	7.1292e-19
4.72	0.012285	0.2737	0.20526	0.068438	7.2123e-19
4.73	0.0092705	0.20741	0.15554	0.051865	7.3538e-19
4.74	0.0073283	0.16465	0.12347	0.041173	7.638e-19
4.75	0.0079169	0.17862	0.13396	0.044664	7.7613e-19
4.76	0.010629	0.24084	0.18062	0.060215	7.5482e-19
4.77	0.013912	0.31654	0.2374	0.079141	7.3164e-19
4.78	0.016306	0.37257	0.27942	0.093148	7.3591e-19
4.79	0.017069	0.39164	0.29373	0.097915	7.4694e-19
4.8	0.015985	0.3683	0.27622	0.092076	7.3992e-19
4.81	0.013086	0.30276	0.22707	0.075689	7.3857e-19
4.82	0.0088606	0.20585	0.15439	0.05146	7.7085e-19
4.83	0.0045734	0.10669	0.080021	0.026671	8.08e-19
4.84	0.0019093	0.044725	0.033543	0.011182	8.0683e-19
4.85	0.0018639	0.043844	0.03288	0.010964	7.8299e-19
4.86	0.0038185	0.090192	0.067642	0.02255	7.7879e-19
4.87	0.0058204	0.13804	0.10353	0.034507	7.8438e-19
4.88	0.0060466	0.144	0.10801	0.035991	7.6237e-19
4.89	0.004257	0.10179	0.076355	0.025439	7.3024e-19
4.9	0.0019126	0.04592	0.034445	0.011475	7.3814e-19
4.91	0.000782	0.018853	0.014139	0.004714	7.7709e-19
4.92	0.0013026	0.031532	0.023646	0.007886	7.9556e-19
4.93	0.0022862	0.055565	0.041673	0.013892	8.0042e-19
4.94	0.002301	0.056154	0.042117	0.014037	8.4262e-19
4.95	0.0014023	0.034361	0.025771	0.0085895	8.991e-19
4.96	0.0015803	0.038877	0.029155	0.0097216	8.8479e-19
4.97	0.0056447	0.13943	0.10457	0.034858	8.0709e-19
4.98	0.015647	0.38804	0.29104	0.096999	7.8074e-19
4.99	0.031852	0.79312	0.59487	0.19825	8.3615e-19
5	0.052269	1.3067	0.98009	0.32662	8.5028e-19
5.01	0.072452	1.8186	1.364	0.45457	7.6077e-19
5.02	0.086123	2.1703	1.6278	0.54251	7.1121e-19
5.03	0.08741	2.2116	1.6587	0.55282	8.3469e-19
5.04	0.07422	1.8853	1.414	0.47127	1.0017e-18
5.05	0.050446	1.2865	0.96492	0.32159	9.8193e-19
5.06	0.024813	0.63529	0.4765	0.1588	8.0514e-19
5.07	0.0064637	0.16615	0.12462	0.041525	7.3628e-19
5.08	6.2213e-05	0.0016055	0.0012055	0.0004	8.7379e-19
5.09	0.0036979	0.095807	0.071852	0.023955	1.0003e-18
5.1	0.010901	0.28354	0.21265	0.070889	9.2488e-19
5.11	0.015155	0.39572	0.29679	0.098933	7.7468e-19
5.12	0.013705	0.35927	0.26944	0.089822	7.8398e-19
5.13	0.0082845	0.21802	0.16351	0.054515	9.309e-19
5.14	0.0027999	0.073972	0.055471	0.018501	9.8783e-19
5.15	0.00016161	0.0042862	0.0032139	0.0010723	8.7923e-19
5.16	0.00062758	0.01671	0.012535	0.0041744	7.8371e-19
5.17	0.002416	0.064576	0.048426	0.01615	8.5297e-19
5.18	0.0035204	0.09446	0.070817	0.023643	9.9689e-19
5.19	0.0031149	0.083903	0.062878	0.021025	1.0316e-18
5.2	0.0017338	0.046882	0.035107	0.011774	9.3475e-19
5.21	0.00050877	0.01381	0.010322	0.0034881	8.4917e-19
5.22	0.0002479	0.006755	0.0050634	0.0016916	8.7502e-19
5.23	0.00096296	0.02634	0.019782	0.0065572	9.5523e-19
5.24	0.0020045	0.055039	0.041321	0.013717	9.7634e-19
5.25	0.0025881	0.071336	0.05354	0.017796	9.2002e-19
5.26	0.0023245	0.064312	0.048254	0.016058	8.7327e-19
5.27	0.001427	0.039633	0.029726	0.0099069	9.0426e-19
5.28	0.00051071	0.014238	0.010672	0.0035661	9.7284e-19
5.29	0.00014639	0.0040966	0.0030716	0.001025	9.9151e-19
5.3	0.00046228	0.012985	0.0097504	0.0032349	9.508e-19
5.31	0.0010409	0.02935	0.022029	0.0073209	9.2979e-19
5.32	0.0012182	0.034479	0.025866	0.0086128	9.7388e-19
5.33	0.00068274	0.019396	0.014538	0.0048578	1.0245e-18
5.34	2.6745e-05	0.00076264	0.00056534	0.0001973	1.0108e-18
5.35	0.00074635	0.021362	0.016056	0.0053062	9.5964e-19
5.36	0.0043818	0.12589	0.094525	0.031363	9.4797e-19
5.37	0.011134	0.32106	0.24097	0.080085	9.8112e-19
5.38	0.018985	0.5495	0.41232	0.13717	9.9549e-19
5.39	0.024346	0.70731	0.53064	0.17667	9.7108e-19
5.4	0.024198	0.70562	0.52928	0.17634	9.5904e-19
5.41	0.018324	0.53631	0.40222	0.13409	9.8745e-19
5.42	0.0098663	0.28984	0.21734	0.0725	1.0169e-18
5.43	0.0035422	0.10444	0.078309	0.026133	1.0156e-18
5.44	0.0026329	0.077918	0.058454	0.019464	1.0117e-18
5.45	0.0068062	0.20216	0.15166	0.050507	1.0337e-18
5.46	0.012321	0.36729	0.27548	0.091815	1.0563e-18
5.47	0.014603	0.43694	0.32764	0.10929	1.0487e-18
5.48	0.011569	0.34742	0.26044	0.086981	1.0305e-18
5.49	0.005301	0.15977	0.11969	0.040081	1.0338e-18
5.5	0.00056833	0.017192	0.012838	0.0043539	1.0479e-18
5.51	0.00099849	0.030314	0.022823	0.0074916	1.0462e-18
5.52	0.0059287	0.18065	0.13568	0.044971	1.0362e-18
5.53	0.010828	0.33112	0.24851	0.082613	1.0386e-18
5.54	0.011228	0.34461	0.25848	0.086134	1.0451e-18
5.55	0.0067832	0.20894	0.15657	0.052372	1.0404e-18
5.56	0.0017017	0.052606	0.039288	0.013318	1.0411e-18
5.57	0.0010592	0.032861	0.024625	0.0082365	1.0672e-18
5.58	0.0062986	0.19611	0.14731	0.048806	1.0974e-18
5.59	0.013943	0.43569	0.32719	0.1085	1.1012e-18
5.6	0.018526	0.58097	0.43621	0.14476	1.0921e-18
5.61	0.016991	0.53475	0.40145	0.1333	1.1034e-18
5.62	0.010786	0.34066	0.25571	0.084947	1.1259e-18
5.63	0.004201	0.13316	0.099925	0.033234	1.1246e-18
5.64	0.00080858	0.025721	0.019258	0.0064624	1.1023e-18
5.65	0.0010898	0.03479	0.026056	0.0087343	1.0937e-18
5.66	0.0028776	0.092185	0.069143	0.023042	1.1034e-18
5.67	0.0036887	0.11859	0.088982	0.029605	1.1054e-18
5.68	0.0027298	0.088069	0.066099	0.02197	1.1007e-18
5.69	0.0010787	0.034923	0.026221	0.0087019	1.1169e-18
5.7	0.00029108	0.0094571	0.0071012	0.002356	1.1496e-18
5.71	0.00090994	0.029668	0.02225	0.0074173	1.1629e-18
5.72	0.0022077	0.072233	0.054174	0.018059	1.1533e-18
5.73	0.0032242	0.10586	0.079396	0.026464	1.1569e-18
5.74	0.0038712	0.12755	0.095664	0.031881	1.1796e-18
5.75	0.0048057	0.15889	0.11918	0.039707	1.1827e-18
5.76	0.0061974	0.20562	0.15424	0.051376	1.1549e-18
5.77	0.007054	0.23485	0.17617	0.058679	1.1401e-18
5.78	0.0064586	0.21577	0.16186	0.053908	1.1628e-18
5.79	0.0057467	0.19265	0.14454	0.048114	1.1866e-18
5.8	0.0088352	0.29722	0.223	0.074218	1.1807e-18
5.81	0.019226	0.64899	0.48688	0.16212	1.1745e-18
5.82	0.035875	1.2152	0.91152	0.30365	1.2003e-18
5.83	0.052155	1.7727	1.3296	0.44309	1.2322e-18
5.84	0.059752	2.0379	1.5284	0.50949	1.2322e-18
5.85	0.05457	1.8675	1.4005	0.46701	1.2162e-18
5.86	0.039564	1.3586	1.0188	0.33984	1.2206e-18
5.87	0.022202	0.76502	0.5736	0.19142	1.2358e-18
5.88	0.0091213	0.31536	0.23641	0.078952	1.2303e-18
5.89	0.0025501	0.088467	0.066291	0.022176	1.2125e-18
5.9	0.00072693	0.025304	0.018942	0.0063624	1.2136e-18
5.91	0.00075006	0.026198	0.019614	0.0065845	1.2287e-18
5.92	0.00087441	0.030645	0.022951	0.0076942	1.2329e-18
5.93	0.00084213	0.029614	0.022196	0.007418	1.2355e-18
5.94	0.0010171	0.035886	0.026934	0.008952	1.262e-18
5.95	0.0016606	0.058791	0.044152	0.014639	1.2958e-18
5.96	0.0027771	0.098647	0.074077	0.02457	1.299e-18
5.97	0.0041581	0.1482	0.11126	0.036942	1.2812e-18
5.98	0.0053763	0.19226	0.14429	0.047966	1.2861e-18
5.99	0.0058992	0.21166	0.15881	0.052851	1.3127e-18
6	0.0054263	0.19535	0.14653	0.048817	1.3152e-18
6.01	0.0041569	0.15015	0.11259	0.037557	1.2855e-18
6.02	0.0026568	0.096283	0.072174	0.024109	1.2682e-18
6.03	0.0014302	0.052004	0.038966	0.013038	1.2832e-18
6.04	0.00063865	0.023299	0.017449	0.0058497	1.2975e-18
6.05	0.00019463	0.0071241	0.0053315	0.0017926	1.2932e-18
6.06	1.0022e-05	0.00036806	0.00027327	9.4788e-05	1.3008e-18
6.07	6.4041e-05	0.0023596	0.00177	0.00058963	1.3383e-18
6.08	0.00027542	0.010181	0.0076387	0.0025427	1.3728e-18
6.09	0.00046544	0.017262	0.01296	0.0043024	1.3763e-18
6.1	0.00059308	0.022069	0.016584	0.0054848	1.3692e-18
6.11	0.0010439	0.038972	0.029272	0.0097006	1.374e-18
6.12	0.0025279	0.094682	0.071029	0.023653	1.375e-18
6.13	0.0054214	0.20372	0.15274	0.050976	1.359e-18
6.14	0.0090168	0.33993	0.25483	0.085096	1.3504e-18
6.15	0.011515	0.43551	0.3265	0.10901	1.3665e-18
6.16	0.011145	0.42291	0.3171	0.10581	1.3808e-18
6.17	0.0077199	0.29389	0.22041	0.073479	1.3724e-18
6.18	0.0031832	0.12157	0.091216	0.030358	1.3684e-18
6.19	0.00034744	0.013313	0.010005	0.0033079	1.3949e-18
6.2	0.0006662	0.025609	0.019184	0.0064246	1.4247e-18
6.21	0.0030361	0.11708	0.08777	0.029312	1.4248e-18
6.22	0.004847	0.18752	0.14062	0.046901	1.4166e-18
6.23	0.0043628	0.16933	0.12702	0.042316	1.4335e-18
6.24	0.0021587	0.084056	0.063074	0.020982	1.455e-18
6.25	0.00029834	0.011654	0.008755	0.0028988	1.4439e-18
6.26	0.00025553	0.010014	0.0074952	0.0025185	1.419e-18
6.27	0.0017998	0.070755	0.05303	0.017725	1.4252e-18
6.28	0.0038563	0.15209	0.11402	0.038066	1.454e-18
6.29	0.0061346	0.24271	0.18198	0.060727	1.4619e-18
6.3	0.0095839	0.38038	0.28524	0.095148	1.4508e-18
6.31	0.015204	0.60536	0.45397	0.15139	1.4596e-18
6.32	0.022616	0.90334	0.67746	0.22588	1.4863e-18
6.33	0.029964	1.2006	0.90043	0.30021	1.4933e-18
6.34	0.035188	1.4144	1.0607	0.35368	1.4838e-18
6.35	0.037379	1.5072	1.1303	0.37692	1.4967e-18
6.36	0.037196	1.5046	1.1283	0.3763	1.5276e-18
6.37	0.03643	1.4782	1.1085	0.36973	1.5293e-18
6.38	0.037303	1.5184	1.1386	0.37977	1.5014e-18
6.39	0.041626	1.6997	1.2746	0.42508	1.4972e-18
6.4	0.049638	2.0332	1.5247	0.50844	1.5279e-18
6.41	0.058994	2.4239	1.8179	0.60607	1.5414e-18
6.42	0.065118	2.6839	2.0129	0.67099	1.5209e-18
6.43	0.063538	2.627	1.9703	0.6567	1.5175e-18
6.44	0.052949	2.196	1.647	0.54894	1.5531e-18
6.45	0.036526	1.5196	1.1397	0.37988	1.5751e-18
6.46	0.020126	0.83989	0.62987	0.21002	1.5535e-18
6.47	0.008616	0.36067	0.27043	0.090242	1.5408e-18
6.48	0.0032526	0.13658	0.10237	0.034212	1.577e-18
6.49	0.0019907	0.083849	0.06284	0.021008	1.6128e-18
6.5	0.0019338	0.081704	0.061247	0.020457	1.5985e-18
6.51	0.0015286	0.064784	0.048565	0.016219	1.5766e-18
6.52	0.00091232	0.038783	0.029077	0.0097059	1.6041e-18
6.53	0.00084249	0.035925	0.026952	0.0089726	1.6456e-18
6.54	0.0016757	0.071671	0.05377	0.017901	1.6372e-18
6.55	0.0032068	0.13758	0.10319	0.034394	1.6038e-18
6.56	0.005055	0.21753	0.16312	0.054416	1.6118e-18
6.57	0.0070042	0.30234	0.22669	0.075649	1.6459e-18
6.58	0.0091776	0.39736	0.29794	0.099415	1.6393e-18
6.59	0.012135	0.52699	0.39518	0.13181	1.6034e-18
6.6	0.016668	0.72606	0.54451	0.18155	1.6129e-18
6.61	0.022993	1.0046	0.75346	0.25115	1.6704e-18
6.62	0.029741	1.3034	0.97758	0.32579	1.7002e-18
6.63	0.033907	1.4904	1.1179	0.37253	1.682e-18
6.64	0.032466	1.4314	1.0737	0.35777	1.68e-18
6.65	0.024792	1.0964	0.82232	0.27405	1.7179e-18
6.66	0.013819	0.61293	0.45969	0.15324	1.7361e-18
6.67	0.0046117	0.20517	0.15384	0.051334	1.7061e-18
6.68	0.0011844	0.05285	0.03961	0.01324	1.6852e-18
6.69	0.0039874	0.17846	0.13387	0.044593	1.7098e-18
6.7	0.0099736	0.44772	0.33586	0.11185	1.7304e-18
6.71	0.014968	0.67394	0.50555	0.16838	1.7078e-18
6.72	0.016338	0.73781	0.55345	0.18436	1.688e-18
6.73	0.01407	0.63726	0.47801	0.15925	1.7154e-18
6.74	0.0099401	0.45156	0.33871	0.11285	1.7526e-18
6.75	0.0059024	0.26893	0.20171	0.067213	1.7553e-18
6.76	0.0029982	0.13701	0.10276	0.034249	1.7564e-18
6.77	0.0012921	0.059219	0.044408	0.014811	1.7966e-18
6.78	0.00042144	0.019373	0.014518	0.0048548	1.838e-18
6.79	9.1641e-05	0.004225	0.0031605	0.0010645	1.8275e-18
6.8	0.00016621	0.0076855	0.0057674	0.001918	1.7934e-18
6.81	0.00048354	0.022425	0.016833	0.0055914	1.7932e-18
6.82	0.0007493	0.034852	0.026154	0.0086974	1.8116e-18
6.83	0.00069365	0.032358	0.024272	0.0080858	1.8007e-18
6.84	0.00033597	0.015719	0.01178	0.0039383	1.7793e-18
6.85	2.5555e-05	0.0011991	0.00089372	0.00030537	1.799e-18
6.86	0.00013154	0.0061904	0.004659	0.0015314	1.8416e-18
6.87	0.00065124	0.030737	0.023093	0.0076439	1.8484e-18
6.88	0.0011562	0.054727	0.041089	0.013638	1.8307e-18
6.89	0.0011848	0.056243	0.042203	0.01404	1.8503e-18
6.9	0.00071285	0.033939	0.025443	0.0084956	1.9033e-18
6.91	0.00021051	0.010051	0.0075136	0.0025378	1.9248e-18
6.92	0.00019336	0.0092593	0.0069347	0.0023246	1.9061e-18
6.93	0.00070293	0.033758	0.025337	0.0084208	1.903e-18
6.94	0.0012462	0.060019	0.045048	0.014972	1.9243e-18
6.95	0.0012737	0.061523	0.046163	0.01536	1.916e-18
6.96	0.00073253	0.035485	0.02661	0.008875	1.873e-18
6.97	0.00014153	0.0068756	0.005143	0.0017327	1.8641e-18
6.98	9.9746e-05	0.0048597	0.0036501	0.0012096	1.9128e-18
6.99	0.00069086	0.033755	0.025357	0.008399	1.9548e-18
7	0.0013624	0.066756	0.050128	0.016628	1.9507e-18
7.01	0.0014271	0.070127	0.052647	0.01748	1.9474e-18
7.02	0.00075987	0.037447	0.028108	0.009339	1.9801e-18
7.03	6.0142e-05	0.0029723	0.0022337	0.00073855	2.0066e-18
7.04	0.00039723	0.019687	0.014783	0.0049044	1.9941e-18
7.05	0.0023594	0.11727	0.088004	0.029265	1.9852e-18
7.06	0.0054823	0.27326	0.20502	0.068238	2.0139e-18
7.07	0.008437	0.42172	0.31636	0.10537	2.0357e-18
7.08	0.0098594	0.49422	0.37068	0.12353	2.0124e-18
7.09	0.0091944	0.46218	0.34661	0.11557	1.9907e-18
7.1	0.0069401	0.34985	0.26234	0.087507	2.0188e-18
7.11	0.0041913	0.21188	0.15888	0.052999	2.0559e-18
7.12	0.0019251	0.097593	0.073191	0.024401	2.0483e-18
7.13	0.00057583	0.029273	0.021964	0.0073094	2.0312e-18
7.14	7.7134e-05	0.0039322	0.0029521	0.00098013	2.0602e-18
7.15	0.0001324	0.0067686	0.0050704	0.0016982	2.1015e-18
7.16	0.00040714	0.020872	0.015651	0.0052216	2.0917e-18
7.17	0.0005908	0.030373	0.022787	0.0075855	2.0583e-18
7.18	0.00048242	0.02487	0.018666	0.0062042	2.0719e-18
7.19	0.00016358	0.0084567	0.0063492	0.0021075	2.1158e-18
7.2	7.8512e-05	0.0040701	0.0030509	0.0010192	2.1183e-18
7.21	0.00079368	0.041259	0.030949	0.01031	2.0876e-18
7.22	0.0024906	0.12983	0.097399	0.032429	2.0962e-18
7.23	0.0045947	0.24018	0.18019	0.059996	2.1446e-18
7.24	0.0059676	0.31281	0.23465	0.078154	2.1623e-18
7.25	0.0056653	0.29778	0.22336	0.074425	2.1419e-18
7.26	0.0037327	0.19674	0.14754	0.049197	2.1498e-18
7.27	0.0013492	0.071307	0.053457	0.017849	2.1934e-18
7.28	9.8432e-05	0.0052167	0.0039069	0.0013099	2.2028e-18
7.29	0.00086032	0.045721	0.034312	0.011409	2.1679e-18
7.3	0.0031947	0.17025	0.12772	0.04253	2.167e-18
7.31	0.0057218	0.30575	0.22933	0.076422	2.2228e-18
7.32	0.0071759	0.3845	0.28836	0.09614	2.2529e-18
7.33	0.0072456	0.3893	0.29193	0.097366	2.217e-18
7.34	0.0065388	0.35228	0.26415	0.088125	2.1919e-18
7.35	0.0058181	0.31431	0.23567	0.078636	2.2332e-18
7.36	0.0052898	0.28655	0.21485	0.071696	2.2753e-18
7.37	0.0045915	0.2494	0.18699	0.062403	2.2532e-18
7.38	0.0033852	0.18437	0.13824	0.046133	2.2203e-18
7.39	0.0018728	0.10228	0.076691	0.025589	2.247e-18
7.4	0.0006913	0.037856	0.028391	0.0094644	2.2947e-18
7.41	0.00032785	0.018002	0.013513	0.0044892	2.2955e-18
7.42	0.00068212	0.037555	0.028183	0.0093728	2.2814e-18
7.43	0.0012053	0.066536	0.049917	0.01662	2.3185e-18
7.44	0.0014234	0.078793	0.059098	0.019695	2.3753e-18
7.45	0.0012923	0.071726	0.053774	0.017952	2.376e-18
7.46	0.0010794	0.060069	0.045008	0.01506	2.3378e-18
7.47	0.00099678	0.055621	0.041673	0.013948	2.3377e-18
7.48	0.0010135	0.056705	0.042521	0.014184	2.3749e-18
7.49	0.0009914	0.055618	0.041758	0.01386	2.3837e-18
7.5	0.00090373	0.050835	0.038199	0.012636	2.3605e-18
7.51	0.00085207	0.048057	0.036093	0.011964	2.3612e-18
7.52	0.00089513	0.05062	0.037956	0.012664	2.3886e-18
7.53	0.00093745	0.053154	0.039803	0.013351	2.3953e-18
7.54	0.00082889	0.047124	0.035269	0.011854	2.3876e-18
7.55	0.00054989	0.031345	0.023466	0.0078793	2.4152e-18
7.56	0.00025459	0.014551	0.010909	0.0036418	2.4631e-18
7.57	0.00012125	0.0069483	0.0052242	0.0017241	2.4682e-18
7.58	0.00018218	0.010468	0.007855	0.0026125	2.4426e-18
7.59	0.00031138	0.017938	0.013441	0.0044963	2.4609e-18
7.6	0.0003601	0.020799	0.015582	0.0052176	2.5194e-18
7.61	0.00028462	0.016483	0.012352	0.004131	2.5342e-18
7.62	0.00015364	0.0089209	0.0066921	0.0022288	2.495e-18
7.63	6.4655e-05	0.003764	0.0028302	0.00093379	2.4883e-18
7.64	6.6436e-05	0.0038778	0.0029124	0.00096544	2.5386e-18
7.65	0.0001386	0.0081109	0.0060782	0.0020327	2.5617e-18
7.66	0.00021542	0.01264	0.0094658	0.0031739	2.5234e-18
7.67	0.00022929	0.013489	0.010099	0.0033899	2.5072e-18
7.68	0.00015896	0.0093758	0.0070178	0.002358	2.5602e-18
7.69	5.4417e-05	0.003218	0.0024075	0.00081046	2.6032e-18
7.7	3.677e-06	0.00021801	0.0001647	5.3312e-05	2.5762e-18
7.71	5.2902e-05	0.0031447	0.0023622	0.00078258	2.5506e-18
7.72	0.00015508	0.0092424	0.006934	0.0023084	2.5974e-18
7.73	0.00021102	0.012609	0.0094573	0.0031518	2.6565e-18
7.74	0.00016912	0.010132	0.0075993	0.0025325	2.6484e-18
7.75	7.6787e-05	0.004612	0.0034602	0.0011518	2.616e-18
7.76	2.5428e-05	0.0015312	0.0011495	0.00038176	2.6362e-18
7.77	5.1876e-05	0.0031319	0.0023493	0.00078255	2.6761e-18
7.78	0.000107	0.0064766	0.0048583	0.0016183	2.6673e-18
7.79	0.00011994	0.0072784	0.005461	0.0018174	2.6454e-18
7.8	7.6382e-05	0.0046471	0.0034878	0.0011593	2.6808e-18
7.81	2.3257e-05	0.0014186	0.0010643	0.00035427	2.7367e-18
7.82	6.8628e-06	0.00041968	0.00031247	0.00010721	2.733e-18
7.83	2.481e-05	0.0015211	0.0011382	0.00038293	2.6987e-18
7.84	4.1568e-05	0.002555	0.0019163	0.00063875	2.7173e-18
7.85	3.545e-05	0.0021845	0.0016417	0.00054275	2.7676e-18
7.86	1.6684e-05	0.0010307	0.00077769	0.00025304	2.768e-18
7.87	4.6977e-06	0.00029096	0.00022154	6.9417e-05	2.7393e-18
7.88	3.6742e-06	0.00022815	0.00017237	5.5773e-05	2.7646e-18
7.89	5.8503e-06	0.00036419	0.00027348	9.0711e-05	2.8179e-18
7.9	7.6955e-06	0.00048028	0.00036091	0.00011937	2.8037e-18
7.91	1.144e-05	0.00071577	0.00053796	0.00017781	2.7495e-18
7.92	1.4784e-05	0.00092737	0.00069603	0.00023134	2.7758e-18
7.93	1.256e-05	0.00078985	0.00059123	0.00019862	2.8721e-18
7.94	1.1788e-05	0.00074317	0.00055484	0.00018833	2.8981e-18
7.95	3.2292e-05	0.0020409	0.0015288	0.00051213	2.8315e-18
7.96	8.0245e-05	0.0050845	0.0038148	0.0012697	2.8138e-18
7.97	0.00012684	0.0080567	0.0060486	0.0020082	2.8977e-18
7.98	0.0001307	0.0083232	0.0062508	0.0020724	2.9521e-18
7.99	8.8571e-05	0.0056544	0.0042472	0.0014072	2.9021e-18
8	5.0887e-05	0.0032568	0.0024436	0.00081311	2.8627e-18
8.01	7.1435e-05	0.0045833	0.0034344	0.0011489	2.9226e-18
8.02	0.00014362	0.0092374	0.0069256	0.0023118	2.9809e-18
8.03	0.000204	0.013154	0.0098676	0.0032867	2.9396e-18
8.04	0.00020787	0.013437	0.010083	0.0033534	2.89e-18
8.05	0.00018798	0.012182	0.0091423	0.0030396	2.9448e-18
8.06	0.00021853	0.014197	0.01065	0.0035467	3.0312e-18
8.07	0.00031908	0.02078	0.015584	0.0051964	3.0286e-18
8.08	0.00041429	0.027048	0.020282	0.0067658	2.9861e-18
8.09	0.0004075	0.02667	0.019997	0.0066729	3.0158e-18
8.1	0.0002911	0.019099	0.014318	0.0047805	3.0759e-18
8.11	0.00016575	0.010902	0.0081727	0.0027288	3.0606e-18
8.12	0.00013977	0.0092155	0.0069147	0.0023008	3.0148e-18
8.13	0.00021696	0.014341	0.010767	0.0035741	3.0503e-18
8.14	0.000296	0.019613	0.014724	0.0048885	3.1201e-18
8.15	0.00028022	0.018613	0.01397	0.0046431	3.0977e-18
8.16	0.00017705	0.011789	0.008842	0.0029469	3.0273e-18
8.17	8.3252e-05	0.005557	0.0041609	0.0013961	3.0611e-18
8.18	7.9336e-05	0.0053086	0.0039759	0.0013327	3.1769e-18
8.19	0.0001487	0.009974	0.0074831	0.0024909	3.2031e-18
8.2	0.00020134	0.013538	0.010163	0.0033746	3.1239e-18
8.21	0.00016971	0.011439	0.0085893	0.0028501	3.1071e-18
8.22	7.7096e-05	0.0052093	0.0039099	0.0012993	3.1999e-18
8.23	1.5278e-05	0.0010348	0.0007728	0.000262	3.2506e-18
8.24	5.8608e-05	0.0039794	0.0029823	0.00099702	3.1943e-18
8.25	0.00019572	0.013321	0.0099977	0.0033236	3.1688e-18
8.26	0.00033736	0.023017	0.01728	0.0057372	3.2498e-18
8.27	0.00038899	0.026604	0.019974	0.00663	3.309e-18
8.28	0.00032378	0.022198	0.016664	0.0055337	3.2587e-18
8.29	0.00019663	0.013513	0.010141	0.0033726	3.2173e-18
8.3	9.3657e-05	0.006452	0.0048366	0.0016154	3.2839e-18
8.31	6.5194e-05	0.004502	0.0033717	0.0011303	3.3501e-18
8.32	9.7388e-05	0.0067414	0.0050531	0.0016883	3.307e-18
8.33	0.00013759	0.009547	0.0071593	0.0023878	3.2537e-18
8.34	0.00014293	0.0099418	0.0074547	0.0024871	3.3112e-18
8.35	0.00011035	0.0076936	0.0057663	0.0019272	3.3963e-18
8.36	7.0629e-05	0.0049363	0.0036975	0.0012388	3.3832e-18
8.37	5.9443e-05	0.0041644	0.0031209	0.0010435	3.3439e-18
8.38	8.9647e-05	0.0062954	0.0047228	0.0015726	3.4073e-18
8.39	0.00014315	0.010077	0.007559	0.0025177	3.5053e-18
8.4	0.00018627	0.013143	0.0098519	0.0032911	3.4947e-18
8.41	0.00019655	0.013902	0.010409	0.0034922	3.4273e-18
8.42	0.00017874	0.012672	0.0094796	0.0031923	3.4543e-18
8.43	0.00015478	0.010999	0.0082298	0.0027693	3.5407e-18
8.44	0.00013913	0.0099106	0.0074293	0.0024814	3.5322e-18
8.45	0.00012904	0.0092139	0.0069211	0.0022928	3.4509e-18
8.46	0.0001232	0.0088177	0.0066241	0.0021936	3.4587e-18
8.47	0.00014346	0.010292	0.0077172	0.002575	3.5562e-18
8.48	0.00022221	0.015979	0.011973	0.0040065	3.5856e-18
8.49	0.00035774	0.025786	0.019336	0.0064502	3.5325e-18
8.5	0.00048959	0.035373	0.026546	0.0088266	3.5499e-18
8.51	0.00053764	0.038936	0.029229	0.0097072	3.6585e-18
8.52	0.00047895	0.034767	0.026087	0.0086804	3.6978e-18
8.53	0.00038192	0.027789	0.020825	0.0069642	3.6276e-18
8.54	0.00035072	0.025579	0.019158	0.0064207	3.6078e-18
8.55	0.00042755	0.031255	0.023444	0.0078112	3.6963e-18
8.56	0.0005515	0.04041	0.030356	0.010054	3.7379e-18
8.57	0.00061885	0.045452	0.034157	0.011294	3.6608e-18
8.58	0.0005847	0.043043	0.032322	0.010722	3.6218e-18
8.59	0.00050298	0.037114	0.027821	0.0092924	3.7165e-18
8.6	0.00046733	0.034564	0.025888	0.0086758	3.798e-18
8.61	0.00051684	0.038314	0.028743	0.0095711	3.7488e-18
8.62	0.00060268	0.044782	0.033666	0.011116	3.6981e-18
8.63	0.00064462	0.048009	0.036112	0.011898	3.7731e-18
8.64	0.00061383	0.045822	0.034396	0.011426	3.8563e-18
8.65	0.00055671	0.041655	0.031123	0.010532	3.8105e-18
8.66	0.00053979	0.040482	0.030123	0.010359	3.7459e-18
8.67	0.00057867	0.043498	0.032392	0.011107	3.8167e-18
8.68	0.00062705	0.047244	0.035349	0.011895	3.928e-18
8.69	0.00063488	0.047944	0.036077	0.011867	3.9109e-18
8.7	0.00060894	0.046091	0.034817	0.011274	3.8387e-18
8.71	0.00060629	0.045996	0.034728	0.011268	3.887e-18
8.72	0.00066525	0.050584	0.038037	0.012547	3.9989e-18
8.73	0.00075104	0.057239	0.042887	0.014352	3.9928e-18
8.74	0.00078248	0.059771	0.044727	0.015045	3.9096e-18
8.75	0.00071816	0.054984	0.041171	0.013814	3.9401e-18
8.76	0.00060946	0.046768	0.035078	0.011691	4.0628e-18
8.77	0.0005554	0.042717	0.032074	0.010643	4.0805e-18
8.78	0.00059952	0.046216	0.03468	0.011536	3.9903e-18
8.79	0.00067835	0.052412	0.039288	0.013124	3.9899e-18
8.8	0.00068342	0.052924	0.039658	0.013267	4.1062e-18
8.81	0.00057773	0.044842	0.033614	0.011228	4.1471e-18
8.82	0.00044285	0.03445	0.025848	0.0086028	4.0687e-18
8.83	0.00040146	0.031302	0.023494	0.0078075	4.0599e-18
8.84	0.00049193	0.038442	0.028836	0.0096059	4.1825e-18
8.85	0.00062522	0.048969	0.036716	0.012253	4.2523e-18
8.86	0.00067043	0.052628	0.03946	0.013169	4.1881e-18
8.87	0.00058161	0.045759	0.034319	0.01144	4.1665e-18
8.88	0.00043807	0.034544	0.025914	0.0086302	4.2826e-18
8.89	0.00036128	0.028552	0.021413	0.0071392	4.3633e-18
8.9	0.00039576	0.031348	0.023498	0.0078506	4.2929e-18
8.91	0.00047231	0.037496	0.028105	0.0093909	4.2364e-18
8.92	0.00048408	0.038517	0.028881	0.0096358	4.3301e-18
8.93	0.0003952	0.031516	0.023643	0.0078726	4.422e-18
8.94	0.00027494	0.021974	0.016489	0.0054857	4.3593e-18
8.95	0.00022773	0.018242	0.013678	0.0045638	4.2808e-18
8.96	0.00029117	0.023375	0.017517	0.005858	4.3573e-18
8.97	0.00040221	0.032362	0.024261	0.0081011	4.4678e-18
8.98	0.00046225	0.037276	0.027963	0.0093126	4.4281e-18
8.99	0.00043271	0.034971	0.026249	0.008722	4.3425e-18
9	0.00036356	0.029449	0.022104	0.0073441	4.4101e-18
9.01	0.00032923	0.026727	0.020045	0.0066812	4.5483e-18
9.02	0.00034563	0.028121	0.021076	0.0070453	4.5492e-18
9.03	0.00036146	0.029474	0.022091	0.0073831	4.4715e-18
9.04	0.00032979	0.026951	0.020211	0.0067397	4.5231e-18
9.05	0.00027097	0.022193	0.016652	0.0055414	4.6568e-18
9.06	0.00024772	0.020334	0.015253	0.0050803	4.6536e-18
9.07	0.0002822	0.023215	0.017405	0.0058099	4.5417e-18
9.08	0.00032203	0.02655	0.019905	0.0066445	4.5524e-18
9.09	0.00030494	0.025197	0.0189	0.0062964	4.687e-18
9.1	0.00024489	0.020279	0.01522	0.0050586	4.718e-18
9.11	0.00022535	0.018702	0.014034	0.0046688	4.626e-18
9.12	0.00029682	0.024688	0.018509	0.0061785	4.6409e-18
9.13	0.00040205	0.033513	0.025121	0.0083921	4.8018e-18
9.14	0.00043036	0.035952	0.026958	0.0089942	4.8724e-18
9.15	0.00034584	0.028955	0.021724	0.0072307	4.785e-18
9.16	0.00023561	0.019769	0.01484	0.0049291	4.7697e-18
9.17	0.00021371	0.017971	0.013483	0.0044881	4.9158e-18
9.18	0.00029091	0.024516	0.018379	0.0061369	4.9935e-18
9.19	0.00036558	0.030876	0.023145	0.0077311	4.8858e-18
9.2	0.00034592	0.029278	0.021953	0.0073257	4.8188e-18
9.21	0.00025613	0.021726	0.016297	0.0054287	4.9446e-18
9.22	0.00020213	0.017183	0.012895	0.0042873	5.0586e-18
9.23	0.00024373	0.020764	0.015583	0.0051806	4.9883e-18
9.24	0.00032817	0.028018	0.021024	0.0069946	4.9221e-18
9.25	0.00035709	0.030553	0.022921	0.0076325	5.0509e-18
9.26	0.0002979	0.025545	0.019155	0.0063893	5.2003e-18
9.27	0.0002093	0.017986	0.013478	0.0045083	5.156e-18
9.28	0.00016491	0.014202	0.01064	0.0035621	5.072e-18
9.29	0.00017591	0.015182	0.011386	0.0037966	5.1807e-18
9.3	0.00019584	0.016938	0.012714	0.0042236	5.3451e-18
9.31	0.00018215	0.015788	0.011855	0.0039335	5.3074e-18
9.32	0.00013443	0.011677	0.0087633	0.0029132	5.1729e-18
9.33	7.8354e-05	0.0068207	0.0051129	0.0017078	5.2137e-18
9.34	3.4186e-05	0.0029823	0.0022326	0.00074964	5.3571e-18
9.35	8.7544e-06	0.00076533	0.00057377	0.00019155	5.3284e-18
9.36	3.6673e-06	0.00032129	0.00024229	7.9006e-05	5.1836e-18
9.37	1.5228e-05	0.001337	0.0010002	0.00033676	5.2183e-18
9.38	2.8976e-05	0.0025494	0.0019049	0.00064456	5.4151e-18
9.39	2.8323e-05	0.0024973	0.0018656	0.00063176	5.4742e-18
9.4	1.3099e-05	0.0011574	0.00086417	0.00029324	5.3772e-18
9.41	1.0279e-06	9.1016e-05	6.6721e-05	2.4295e-05	5.4202e-18
9.42	5.1811e-06	0.00045975	0.00034196	0.00011779	5.6461e-18
9.43	1.6581e-05	0.0014745	0.0011006	0.00037388	5.7501e-18
9.44	1.7237e-05	0.0015361	0.001147	0.00038912	5.6451e-18
9.45	6.4649e-06	0.00057734	0.00043107	0.00014626	5.6221e-18
9.46	3.1124e-06	0.00027853	0.00021087	6.7664e-05	5.7989e-18
9.47	1.927e-05	0.0017282	0.0013009	0.0004273	5.8967e-18
9.48	4.153e-05	0.0037323	0.0028053	0.00092694	5.7712e-18
9.49	4.6235e-05	0.0041639	0.0031291	0.0010348	5.6924e-18
9.5	2.8684e-05	0.0025888	0.0019461	0.00064271	5.8392e-18
9.51	7.8136e-06	0.00070666	0.0005316	0.00017506	5.9603e-18
9.52	1.9183e-06	0.00017386	0.00012983	4.4032e-05	5.8468e-18
9.53	8.7217e-06	0.00079211	0.00059353	0.00019858	5.726e-18
9.54	1.3553e-05	0.0012335	0.00092609	0.00030741	5.8327e-18
9.55	9.9785e-06	0.00091007	0.00068453	0.00022554	5.9719e-18
9.56	4.2446e-06	0.00038793	0.00029257	9.5356e-05	5.9023e-18
9.57	2.3391e-06	0.00021422	0.00016149	5.273e-05	5.8079e-18
9.58	2.3713e-06	0.00021763	0.00016362	5.4005e-05	5.9533e-18
9.59	1.8722e-06	0.00017218	0.000129	4.3189e-05	6.1737e-18
9.6	4.113e-06	0.00037906	0.0002829	9.6157e-05	6.1787e-18
9.61	1.0923e-05	0.0010088	0.00075414	0.00025466	6.0998e-18
9.62	1.5041e-05	0.0013919	0.001042	0.00034994	6.2356e-18
9.63	9.3089e-06	0.00086328	0.00064723	0.00021605	6.471e-18
9.64	2.4715e-06	0.00022968	0.00017297	5.6707e-05	6.4792e-18
9.65	1.4417e-05	0.0013426	0.001007	0.00033552	6.3381e-18
9.66	4.9447e-05	0.0046141	0.0034605	0.0011536	6.3881e-18
9.67	8.2049e-05	0.0076723	0.0057564	0.001916	6.589e-18
9.68	8.0715e-05	0.0075632	0.0056777	0.0018855	6.596e-18
9.69	4.5863e-05	0.0043063	0.0032354	0.0010709	6.4238e-18
9.7	1.3712e-05	0.0012901	0.00096957	0.00032058	6.4394e-18
9.71	1.6864e-05	0.00159	0.0011904	0.00039958	6.6775e-18
9.72	4.7681e-05	0.0045048	0.0033768	0.0011279	6.7684e-18
9.73	6.9251e-05	0.0065562	0.0049198	0.0016363	6.6268e-18
9.74	6.0169e-05	0.0057081	0.004287	0.0014212	6.6109e-18
9.75	3.8005e-05	0.0036128	0.0027132	0.00089959	6.8456e-18
9.76	3.4566e-05	0.0032927	0.0024676	0.0008251	6.987e-18
9.77	5.6149e-05	0.0053596	0.004015	0.0013445	6.8758e-18
9.78	7.7613e-05	0.0074235	0.0055661	0.0018575	6.8464e-18
9.79	7.4264e-05	0.0071178	0.005342	0.0017758	7.0956e-18
9.8	5.0125e-05	0.004814	0.0036156	0.0011984	7.2997e-18
9.81	3.0101e-05	0.0028968	0.0021739	0.00072292	7.2139e-18
9.82	2.9751e-05	0.002869	0.0021481	0.00072088	7.1329e-18
9.83	4.0123e-05	0.0038771	0.002903	0.00097411	7.3378e-18
9.84	4.2213e-05	0.0040873	0.0030636	0.0010236	7.5633e-18
9.85	3.0007e-05	0.0029113	0.0021851	0.00072623	7.4946e-18
9.86	1.5453e-05	0.0015024	0.0011286	0.00037375	7.365e-18
9.87	1.3102e-05	0.0012764	0.00095633	0.00032006	7.5199e-18
9.88	2.3973e-05	0.0023401	0.0017515	0.00058859	7.7573e-18
9.89	3.531e-05	0.0034537	0.0025871	0.00086667	7.696e-18
9.9	3.4293e-05	0.0033611	0.0025205	0.00084062	7.5018e-18
9.91	2.0775e-05	0.0020403	0.0015324	0.00050792	7.6077e-18
9.92	6.9474e-06	0.00068367	0.00051456	0.00016911	7.9242e-18
9.93	4.9394e-06	0.00048705	0.00036429	0.00012276	8.0035e-18
9.94	1.4779e-05	0.0014602	0.0010917	0.00036855	7.8704e-18
9.95	2.4863e-05	0.0024615	0.0018429	0.0006186	7.9925e-18
9.96	2.4494e-05	0.0024298	0.0018218	0.000608	8.4332e-18
9.97	1.4975e-05	0.0014886	0.0011184	0.00037016	8.7302e-18
9.98	7.0273e-06	0.00069993	0.00052706	0.00017287	8.7209e-18
9.99	7.981e-06	0.00079651	0.00059751	0.00019899	8.8178e-18
10	1.408e-05	0.001408	0.0010541	0.00035389	9.2333e-18
10.01	1.6357e-05	0.001639	0.0012268	0.00041217	9.5437e-18
10.02	1.157e-05	0.0011617	0.00086964	0.00029202	9.3864e-18
10.03	4.5232e-06	0.00045504	0.00034064	0.0001144	9.1174e-18
10.04	7.3752e-07	7.4343e-05	5.5559e-05	1.8784e-05	9.3306e-18
10.05	6.7083e-07	6.7755e-05	5.0691e-05	1.7064e-05	1.0021e-17
10.06	2.2956e-06	0.00023233	0.00017417	5.8156e-05	1.0657e-17
10.07	5.7803e-06	0.00058615	0.00043966	0.00014649	1.0925e-17
10.08	1.198e-05	0.0012172	0.00091318	0.00030407	1.1025e-17
10.09	1.7648e-05	0.0017967	0.0013481	0.00044861	1.1205e-17
10.1	1.6786e-05	0.0017124	0.0012852	0.00042723	1.1348e-17
10.11	8.5722e-06	0.00087618	0.00065788	0.0002183	1.1188e-17
10.12	8.344e-07	8.5455e-05	6.4265e-05	2.119e-05	1.0852e-17
10.13	2.1615e-06	0.00022181	0.00016611	5.5701e-05	1.0834e-17
10.14	1.1329e-05	0.0011648	0.00087365	0.00029118	1.1257e-17
10.15	1.8085e-05	0.0018632	0.0013979	0.00046526	1.1443e-17
10.16	1.5475e-05	0.0015974	0.0011983	0.00039917	1.0817e-17
10.17	8.4496e-06	0.00087393	0.00065438	0.00021955	1.007e-17
10.18	7.5114e-06	0.00077843	0.00058219	0.00019624	1.0465e-17
10.19	1.5231e-05	0.0015815	0.0011862	0.00039527	1.171e-17
10.2	2.2877e-05	0.0023801	0.0017883	0.00059182	1.184e-17
10.21	2.1668e-05	0.0022588	0.0016985	0.00056029	1.0168e-17
10.22	1.4466e-05	0.001511	0.0011349	0.00037614	9.0167e-18
10.23	1.2991e-05	0.0013595	0.0010166	0.00034293	1.0663e-17
10.24	2.3711e-05	0.0024863	0.0018601	0.00062615	1.3404e-17
10.25	3.9554e-05	0.0041557	0.0031166	0.0010391	1.3313e-17
10.26	4.7414e-05	0.0049912	0.0037505	0.0012407	1.0033e-17
10.27	4.2552e-05	0.004488	0.0033765	0.0011116	7.8997e-18
10.28	3.3295e-05	0.0035186	0.0026447	0.00087385	1.0013e-17
10.29	3.1249e-05	0.0033088	0.0024774	0.00083141	1.3751e-17
10.3	3.8597e-05	0.0040947	0.0030589	0.0010359	1.4435e-17
10.31	4.6431e-05	0.0049355	0.0036891	0.0012463	1.161e-17
10.32	4.5155e-05	0.0048091	0.003601	0.0012081	8.9317e-18
10.33	3.512e-05	0.0037476	0.0028124	0.00093521	8.8737e-18
10.34	2.6275e-05	0.0028092	0.0021112	0.00069803	1.051e-17
10.35	2.7648e-05	0.0029617	0.0022226	0.00073909	1.2235e-17
10.36	3.793e-05	0.004071	0.0030505	0.0010204	1.3609e-17
10.37	4.694e-05	0.0050477	0.0037828	0.0012649	1.4003e-17
10.38	4.6406e-05	0.005	0.0037509	0.0012491	1.2302e-17
10.39	3.8785e-05	0.0041869	0.0031449	0.001042	9.2283e-18
10.4	3.4563e-05	0.0037383	0.0028077	0.00093061	7.6983e-18
10.41	4.0364e-05	0.0043741	0.0032789	0.0010952	9.3235e-18
10.42	5.0453e-05	0.005478	0.0041011	0.0013769	1.2282e-17
10.43	5.1753e-05	0.0056299	0.0042143	0.0014156	1.4068e-17
10.44	3.8519e-05	0.0041983	0.0031454	0.0010529	1.4544e-17
10.45	2.1326e-05	0.0023288	0.0017485	0.00058025	1.4532e-17
10.46	1.9051e-05	0.0020844	0.0015657	0.00051868	1.3282e-17
10.47	3.986e-05	0.0043695	0.0032748	0.0010947	1.002e-17
10.48	7.0415e-05	0.0077337	0.0057932	0.0019405	6.9478e-18
10.49	8.6402e-05	0.0095077	0.0071245	0.0023832	7.5752e-18
10.5	7.6094e-05	0.0083893	0.0062915	0.0020978	1.1866e-17
10.51	5.3433e-05	0.0059022	0.0044306	0.0014716	1.5661e-17
10.52	4.5535e-05	0.0050394	0.0037807	0.0012587	1.5719e-17
10.53	6.525e-05	0.007235	0.005419	0.0018159	1.3235e-17
10.54	9.6575e-05	0.010729	0.0080343	0.0026944	1.1261e-17
10.55	0.0001097	0.01221	0.0091506	0.0030592	1.0545e-17
10.56	9.2067e-05	0.010267	0.0077065	0.0025602	9.6874e-18
10.57	6.314e-05	0.0070543	0.0053061	0.0017482	8.3132e-18
10.58	5.5401e-05	0.0062013	0.0046613	0.0015401	7.9617e-18
10.59	8.0029e-05	0.0089751	0.006726	0.0022491	9.6475e-18
10.6	0.00011452	0.012867	0.0096345	0.0032327	1.2001e-17
10.61	0.00012763	0.014367	0.010767	0.0036006	1.2689e-17
10.62	0.00011516	0.012988	0.0097532	0.0032346	1.1199e-17
10.63	0.00010511	0.011877	0.0089357	0.002941	9.4052e-18
10.64	0.00012424	0.014066	0.010571	0.0034945	9.2095e-18
10.65	0.00016412	0.018615	0.013957	0.0046579	1.0208e-17
10.66	0.00018828	0.021395	0.016016	0.0053787	1.0399e-17
10.67	0.00017441	0.019856	0.014855	0.0050009	9.029e-18
10.68	0.00014162	0.016153	0.012092	0.0040616	7.6564e-18
10.69	0.00012846	0.01468	0.011005	0.0036742	7.9249e-18
10.7	0.00014749	0.016887	0.01267	0.0042164	9.3158e-18
10.71	0.00017221	0.019753	0.014819	0.0049339	1.0091e-17
10.72	0.00017252	0.019826	0.014872	0.0049542	9.6889e-18
10.73	0.00015351	0.017675	0.013261	0.0044138	8.9279e-18
10.74	0.00014724	0.016984	0.012746	0.004238	8.3638e-18
10.75	0.00016801	0.019415	0.014566	0.0048494	7.9028e-18
10.76	0.00019015	0.022015	0.016506	0.0055084	7.7925e-18
10.77	0.0001795	0.02082	0.015604	0.0052161	8.4654e-18
10.78	0.00013946	0.016206	0.012147	0.0040594	9.4005e-18
10.79	0.00011093	0.012915	0.0096879	0.0032273	9.6015e-18
10.8	0.00012323	0.014374	0.010788	0.0035861	9.2124e-18
10.81	0.00015688	0.018332	0.013754	0.0045785	9.1241e-18
10.82	0.00016614	0.01945	0.014585	0.0048652	9.0528e-18
10.83	0.00013415	0.015735	0.011794	0.0039402	7.9369e-18
10.84	9.2365e-05	0.010853	0.0081361	0.0027174	6.3737e-18
10.85	8.1003e-05	0.0095359	0.0071525	0.0023835	6.3498e-18
10.86	0.00010101	0.011913	0.0089368	0.0029762	7.9733e-18
10.87	0.00011618	0.013728	0.010296	0.0034319	8.9802e-18
10.88	9.9607e-05	0.011791	0.0088412	0.0029497	8.4947e-18
10.89	6.4724e-05	0.0076757	0.0057551	0.0019207	8.5718e-18
10.9	4.4925e-05	0.0053375	0.0040029	0.0013346	1.0442e-17
10.91	5.1609e-05	0.0061429	0.0046075	0.0015354	1.2106e-17
10.92	6.3776e-05	0.0076051	0.0057035	0.0019016	1.196e-17
10.93	5.7778e-05	0.0069025	0.0051762	0.0017263	1.1919e-17
10.94	3.5848e-05	0.0042904	0.003218	0.0010724	1.3705e-17
10.95	1.903e-05	0.0022817	0.0017125	0.00056921	1.4703e-17
10.96	1.8637e-05	0.0022388	0.0016802	0.00055854	1.1844e-17
10.97	2.4591e-05	0.0029593	0.0022195	0.00073983	7.722e-18
10.98	2.2085e-05	0.0026626	0.001996	0.00066664	7.5921e-18
10.99	1.0907e-05	0.0013174	0.00098704	0.00033036	1.0995e-17
11	2.7477e-06	0.00033247	0.00024895	8.3521e-05	1.2103e-17
11.01	3.8978e-06	0.0004725	0.00035443	0.00011807	8.9983e-18
11.02	8.1525e-06	0.00099004	0.00074266	0.00024738	6.6308e-18
11.03	7.2986e-06	0.00088795	0.00066605	0.0002219	8.4738e-18
11.04	2.322e-06	0.00028301	0.00021234	7.0668e-05	1.0978e-17
11.05	2.6999e-07	3.2967e-05	2.4809e-05	8.1581e-06	9.969e-18
11.06	3.3232e-06	0.0004065	0.00030507	0.00010143	7.6633e-18
11.07	6.2487e-06	0.00076574	0.00057496	0.00019078	8.4417e-18
11.08	4.6383e-06	0.00056943	0.00042829	0.00014113	1.127e-17
11.09	1.0507e-06	0.00012922	9.7995e-05	3.1228e-05	1.1954e-17
11.1	6.3086e-07	7.7729e-05	5.7915e-05	1.9814e-05	1.0674e-17
11.11	3.5044e-06	0.00043255	0.00032187	0.00011068	1.1288e-17
11.12	5.0469e-06	0.00062407	0.00046422	0.00015985	1.3926e-17
11.13	2.918e-06	0.00036147	0.00026802	9.3459e-05	1.4207e-17
11.14	2.8378e-07	3.5217e-05	2.564e-05	9.577e-06	1.0495e-17
11.15	9.79e-07	0.00012171	9.2803e-05	2.8909e-05	6.7438e-18
11.16	4.072e-06	0.00050715	0.00038284	0.00012431	6.4742e-18
11.17	5.4417e-06	0.00067896	0.00051125	0.00016771	8.1616e-18
11.18	3.5185e-06	0.00043978	0.00033084	0.00010894	8.756e-18
11.19	9.5212e-07	0.00011922	8.9591e-05	2.963e-05	8.3216e-18
11.2	5.4003e-07	6.7741e-05	5.0547e-05	1.7194e-05	8.7493e-18
11.21	1.7299e-06	0.00021739	0.00016262	5.477e-05	1.0396e-17
11.22	2.2217e-06	0.00027968	0.00020934	7.0345e-05	1.2279e-17
11.23	1.4854e-06	0.00018733	0.00014019	4.7142e-05	1.3755e-17
11.24	9.7491e-07	0.00012317	9.2186e-05	3.0982e-05	1.4278e-17
11.25	1.446e-06	0.000183	0.00013706	4.5948e-05	1.321e-17
11.26	1.9208e-06	0.00024354	0.00018236	6.1175e-05	1.1323e-17
11.27	1.6501e-06	0.00020959	0.0001569	5.2689e-05	1.0636e-17
11.28	1.5216e-06	0.00019361	0.00014506	4.8551e-05	1.1464e-17
11.29	2.4373e-06	0.00031067	0.00023296	7.7713e-05	1.1667e-17
11.3	3.3227e-06	0.00042428	0.00031804	0.00010624	1.0131e-17
11.31	2.4173e-06	0.00030921	0.00023153	7.7676e-05	8.6753e-18
11.32	4.1552e-07	5.3245e-05	3.968e-05	1.3565e-05	8.7878e-18
11.33	4.8235e-07	6.1918e-05	4.6773e-05	1.5146e-05	8.9306e-18
11.34	4.1013e-06	0.0005274	0.0003965	0.0001309	7.3331e-18
11.35	8.1653e-06	0.0010519	0.00078984	0.00026203	5.2976e-18
11.36	8.1226e-06	0.0010482	0.00078638	0.00026184	5.1688e-18
11.37	3.9986e-06	0.00051692	0.00038717	0.00012975	6.7549e-18
11.38	1.2932e-06	0.00016748	0.00012516	4.2324e-05	8.2994e-18
11.39	4.576e-06	0.00059365	0.00044564	0.00014801	9.413e-18
11.4	1.1353e-05	0.0014754	0.0011078	0.00036769	1.0511e-17
11.41	1.441e-05	0.001876	0.001408	0.00046797	1.0949e-17
11.42	1.0459e-05	0.001364	0.0010231	0.00034085	1.0397e-17
11.43	4.4802e-06	0.00058531	0.00043851	0.00014681	1.0461e-17
11.44	3.9665e-06	0.00051911	0.00038918	0.00012993	1.2037e-17
11.45	9.8368e-06	0.0012896	0.00096799	0.00032164	1.276e-17
11.46	1.5234e-05	0.0020008	0.0015018	0.00049893	1.0368e-17
11.47	1.3825e-05	0.0018188	0.0013649	0.00045391	6.9948e-18
11.48	7.4711e-06	0.00098462	0.00073832	0.00024631	6.2891e-18
11.49	3.9282e-06	0.0005186	0.00038835	0.00013026	7.7071e-18
11.5	7.4423e-06	0.00098424	0.00073801	0.00024623	8.0119e-18
11.51	1.3708e-05	0.0018161	0.0013627	0.00045337	7.3007e-18
11.52	1.5165e-05	0.0020126	0.0015105	0.00050209	8.447e-18
11.53	1.0064e-05	0.0013379	0.0010042	0.00033372	1.1016e-17
11.54	4.4043e-06	0.00058653	0.00044004	0.00014649	1.142e-17
11.55	4.6318e-06	0.00061789	0.00046311	0.00015478	9.6592e-18
11.56	1.0021e-05	0.0013392	0.0010039	0.00033522	9.9827e-18
11.57	1.375e-05	0.0018406	0.00138	0.00046061	1.3287e-17
11.58	1.1095e-05	0.0014879	0.0011154	0.00037249	1.4836e-17
11.59	4.8581e-06	0.00065258	0.00048891	0.00016367	1.227e-17
11.6	1.7808e-06	0.00023963	0.00017947	6.0155e-05	1.0203e-17
11.61	4.5754e-06	0.00061673	0.00046282	0.00015391	1.2956e-17
11.62	9.0741e-06	0.0012252	0.0009196	0.00030562	1.7565e-17
11.63	9.5119e-06	0.0012865	0.00096557	0.00032097	1.8595e-17
11.64	5.2637e-06	0.00071318	0.00053516	0.00017802	1.6006e-17
11.65	1.094e-06	0.00014849	0.00011127	3.7214e-05	1.3496e-17
11.66	1.1322e-06	0.00015393	0.00011534	3.8583e-05	1.2302e-17
11.67	4.1614e-06	0.00056673	0.00042523	0.0001415	1.151e-17
11.68	5.676e-06	0.00077433	0.00058115	0.00019318	1.1674e-17
11.69	3.6444e-06	0.00049803	0.00037385	0.00012418	1.3132e-17
11.7	6.7467e-07	9.2355e-05	6.9348e-05	2.3007e-05	1.3155e-17
11.71	2.5675e-07	3.5207e-05	2.6356e-05	8.851e-06	9.7508e-18
11.72	2.2899e-06	0.00031454	0.00023593	7.8606e-05	6.1e-18
11.73	3.6093e-06	0.00049661	0.0003726	0.00012401	6.1577e-18
11.74	2.4063e-06	0.00033166	0.00024887	8.2793e-05	8.1653e-18
11.75	4.5823e-07	6.3264e-05	4.7489e-05	1.5775e-05	7.9645e-18
11.76	3.8458e-07	5.3187e-05	3.9986e-05	1.3201e-05	6.3822e-18
11.77	1.9865e-06	0.0002752	0.00020669	6.8507e-05	7.059e-18
11.78	2.7306e-06	0.00037892	0.0002846	9.4327e-05	8.9574e-18
11.79	1.4823e-06	0.00020604	0.00015481	5.1234e-05	8.1303e-18
11.8	1.2203e-07	1.6991e-05	1.2832e-05	4.1584e-06	5.6794e-18
11.81	8.2379e-07	0.0001149	8.6334e-05	2.8565e-05	6.3481e-18
11.82	2.907e-06	0.00040615	0.00030513	0.00010102	9.6549e-18
11.83	3.6827e-06	0.00051539	0.00038734	0.00012805	1.0256e-17
11.84	2.1013e-06	0.00029457	0.00022158	7.2992e-05	7.2368e-18
11.85	2.1453e-07	3.0124e-05	2.2761e-05	7.3628e-06	5.0227e-18
11.86	5.3302e-07	7.4975e-05	5.6038e-05	1.8937e-05	4.75e-18
11.87	2.8181e-06	0.00039706	0.00029768	9.9379e-05	3.4453e-18
11.88	4.3998e-06	0.00062096	0.00046597	0.00015499	2.3428e-18
11.89	3.4535e-06	0.00048822	0.00036665	0.00012158	6.0235e-18
11.9	1.1083e-06	0.00015695	0.00011805	3.8901e-05	1.1768e-17
11.91	9.3223e-09	1.3223e-06	9.7824e-07	3.4411e-07	1.0949e-17
11.92	1.2801e-06	0.00018188	0.00013615	4.5733e-05	3.8577e-18
11.93	3.4151e-06	0.00048605	0.00036425	0.00012179	9.137e-19
11.94	4.095e-06	0.0005838	0.00043767	0.00014613	5.0699e-18
11.95	2.6698e-06	0.00038126	0.00028584	9.5415e-05	6.9159e-18
11.96	6.608e-07	9.4521e-05	7.0834e-05	2.3687e-05	3.3372e-18
11.97	4.0367e-08	5.7838e-06	4.3584e-06	1.4254e-06	4.8804e-18
11.98	1.2979e-06	0.00018627	0.00013986	4.641e-05	1.4827e-17
11.99	3.1512e-06	0.00045302	0.00034006	0.00011296	1.8778e-17
12	3.8757e-06	0.0005581	0.00041892	0.00013918	9.9091e-18
12.01	2.8311e-06	0.00040835	0.00030653	0.00010182	6.1175e-18
12.02	9.6065e-07	0.0001388	0.0001042	3.4595e-05	2.0774e-17
12.03	1.7416e-08	2.5205e-06	1.868e-06	6.5245e-07	3.4016e-17
12.04	1.0719e-06	0.00015539	0.00011656	3.8832e-05	2.2501e-17
12.05	3.3773e-06	0.0004904	0.00036804	0.00012236	3.8207e-18
12.06	4.7712e-06	0.00069394	0.00052094	0.00017299	1.309e-17
12.07	3.7313e-06	0.0005436	0.00040823	0.00013537	4.1405e-17
12.08	1.2589e-06	0.0001837	0.00013804	4.5661e-05	4.3616e-17
12.09	2.1964e-07	3.2104e-05	2.3992e-05	8.1117e-06	1.3619e-17
12.1	2.2594e-06	0.00033079	0.00024788	8.2916e-05	1.4492e-18
12.11	5.611e-06	0.00082286	0.0006171	0.00020577	3.3142e-17
12.12	6.7374e-06	0.00098969	0.00074244	0.00024724	6.2808e-17
12.13	4.3653e-06	0.00064229	0.0004819	0.00016039	4.4392e-17
12.14	1.1855e-06	0.00017472	0.000131	4.3719e-05	1.0311e-17
12.15	8.7471e-07	0.00012913	9.6629e-05	3.2498e-05	2.2661e-17
12.16	3.7501e-06	0.00055451	0.00041577	0.00013875	7.09e-17
12.17	6.324e-06	0.00093663	0.00070265	0.00023399	8.4311e-17
12.18	5.4793e-06	0.00081287	0.00060999	0.00020289	4.2662e-17
12.19	2.2919e-06	0.00034057	0.00025561	8.4961e-05	7.2581e-18
12.2	7.7223e-07	0.00011494	8.6068e-05	2.8871e-05	2.4718e-17
12.21	2.9479e-06	0.00043949	0.00032934	0.00011016	5.9698e-17
12.22	6.2938e-06	0.00093985	0.00070481	0.00023504	5.6888e-17
12.23	6.7661e-06	0.001012	0.00075937	0.00025266	2.2744e-17
12.24	3.7983e-06	0.00056906	0.00042743	0.00014163	1.9467e-18
12.25	1.0733e-06	0.00016106	0.00012135	3.9708e-05	5.5026e-18
12.26	2.0231e-06	0.00030409	0.00022818	7.5915e-05	1.0094e-17
12.27	5.5793e-06	0.00083998	0.00062947	0.00021052	9.291e-18
12.28	7.4677e-06	0.0011261	0.00084352	0.0002826	1.7306e-17
12.29	5.4701e-06	0.00082622	0.00061837	0.00020785	2.98e-17
12.3	2.1075e-06	0.00031885	0.00023809	8.0754e-05	2.5612e-17
12.31	1.4126e-06	0.00021406	0.00016016	5.3901e-05	7.7011e-18
12.32	3.8604e-06	0.00058595	0.0004398	0.00014614	2.5768e-18
12.33	5.8522e-06	0.0008897	0.000668	0.0002217	1.5025e-17
12.34	4.4314e-06	0.0006748	0.00050669	0.00016811	2.0953e-17
12.35	1.2712e-06	0.00019388	0.00014556	4.8315e-05	1.2252e-17
12.36	7.4156e-07	0.00011329	8.4788e-05	2.8499e-05	1.076e-17
12.37	4.2818e-06	0.00065519	0.00049118	0.000164	2.4881e-17
12.38	8.2045e-06	0.0012575	0.000943	0.00031446	3.0064e-17
12.39	8.077e-06	0.0012399	0.00092982	0.0003101	1.2889e-17
12.4	4.4805e-06	0.00068893	0.00051637	0.00017256	2.3901e-20
12.41	2.6964e-06	0.00041526	0.00031101	0.00010425	1.5458e-17
12.42	6.1688e-06	0.00095158	0.00071346	0.00023812	3.7833e-17
12.43	1.1756e-05	0.0018164	0.0013625	0.00045394	3.3926e-17
12.44	1.3151e-05	0.0020352	0.0015267	0.00050851	1.2429e-17
12.45	8.6769e-06	0.0013449	0.0010087	0.00033626	6.5161e-18
12.46	3.6693e-06	0.00056966	0.00042678	0.00014289	1.7602e-17
12.47	4.0803e-06	0.00063449	0.00047534	0.00015915	1.797e-17
12.48	9.1244e-06	0.0014211	0.0010658	0.00035534	3.9349e-18
12.49	1.2277e-05	0.0019153	0.0014369	0.00047833	3.5124e-18
12.5	9.417e-06	0.0014714	0.0011041	0.00036729	2.5538e-17
12.51	3.8117e-06	0.00059653	0.00044754	0.00014899	4.0735e-17
12.52	1.794e-06	0.0002812	0.00021066	7.0549e-05	2.8207e-17
12.53	4.8778e-06	0.00076581	0.00057419	0.00019162	7.5468e-18
12.54	8.3117e-06	0.001307	0.00098051	0.00032652	4.5481e-18
12.55	7.4538e-06	0.001174	0.00088092	0.00029308	1.2297e-17
12.56	3.4608e-06	0.00054596	0.00040958	0.00013638	1.0832e-17
12.57	1.2503e-06	0.00019755	0.00014776	4.9784e-05	4.3133e-18
12.58	2.953e-06	0.00046733	0.0003499	0.00011742	1.0437e-17
12.59	5.5107e-06	0.00087349	0.00065476	0.00021873	2.5709e-17
12.6	5.1179e-06	0.00081252	0.00060936	0.00020316	2.9656e-17
12.61	2.2684e-06	0.0003607	0.00027054	9.0159e-05	1.8437e-17
12.62	8.6163e-07	0.00013723	0.00010273	3.4493e-05	8.8364e-18
12.63	2.9213e-06	0.000466	0.00034917	0.00011683	9.4844e-18
12.64	5.9964e-06	0.00095805	0.0007183	0.00023975	1.0878e-17
12.65	6.3803e-06	0.001021	0.0007657	0.00025529	6.7172e-18
12.66	3.661e-06	0.00058676	0.00044013	0.00014663	4.6087e-18
12.67	8.5949e-07	0.00013797	0.0001035	3.4475e-05	9.4406e-18
12.68	5.1166e-07	8.2266e-05	6.169e-05	2.0576e-05	1.3358e-17
12.69	1.9693e-06	0.00031713	0.00023792	7.9209e-05	1.0412e-17
12.7	2.8707e-06	0.00046302	0.00034747	0.00011555	7.2347e-18
12.71	2.1648e-06	0.00034971	0.00026253	8.7176e-05	1.0179e-17
12.72	8.1584e-07	0.000132	9.9162e-05	3.284e-05	1.3334e-17
12.73	8.4032e-08	1.3618e-05	1.0213e-05	3.4049e-06	9.2314e-18
12.74	1.7264e-07	2.8021e-05	2.0896e-05	7.125e-06	2.6924e-18
12.75	6.0338e-07	9.8087e-05	7.3442e-05	2.4645e-05	3.5975e-18
12.76	1.026e-06	0.00016705	0.00012526	4.1783e-05	1.1467e-17
12.77	1.2365e-06	0.00020163	0.00015133	5.0303e-05	1.686e-17
12.78	9.9713e-07	0.00016286	0.00012232	4.0544e-05	1.5034e-17
12.79	4.543e-07	7.4317e-05	5.5907e-05	1.841e-05	1.0219e-17
12.8	4.5258e-07	7.4151e-05	5.5775e-05	1.8376e-05	7.8447e-18
12.81	1.7463e-06	0.00028657	0.00021511	7.1456e-05	8.787e-18
12.82	3.8138e-06	0.00062681	0.00047029	0.00015652	1.0644e-17
12.83	5.0043e-06	0.00082375	0.00061787	0.00020588	1.0539e-17
12.84	4.2135e-06	0.00069465	0.0005208	0.00017386	7.5821e-18
12.85	2.1587e-06	0.00035645	0.00026691	8.954e-05	4.9485e-18
12.86	6.3241e-07	0.00010459	7.7929e-05	2.6659e-05	7.0312e-18
12.87	5.7693e-07	9.556e-05	7.1223e-05	2.4337e-05	1.2523e-17
12.88	1.2565e-06	0.00020845	0.00015599	5.2458e-05	1.4436e-17
12.89	1.3958e-06	0.00023191	0.00017363	5.828e-05	9.9227e-18
12.9	7.6562e-07	0.00012741	9.5231e-05	3.2176e-05	5.129e-18
12.91	3.0578e-07	5.0964e-05	3.7822e-05	1.3142e-05	6.017e-18
12.92	8.0688e-07	0.00013469	0.00010046	3.4227e-05	9.3793e-18
12.93	1.8855e-06	0.00031523	0.00023563	7.9594e-05	8.8252e-18
12.94	2.433e-06	0.00040739	0.00030456	0.00010283	5.4697e-18
12.95	1.8542e-06	0.00031095	0.00023224	7.8704e-05	5.5438e-18
12.96	6.6357e-07	0.00011145	8.2965e-05	2.8488e-05	9.9019e-18
12.97	3.2819e-09	5.5208e-07	3.8297e-07	1.6911e-07	1.3155e-17
12.98	7.4856e-07	0.00012612	9.5219e-05	3.0899e-05	1.2283e-17
12.99	2.8516e-06	0.00048118	0.00036204	0.00011914	9.6802e-18
13	5.1626e-06	0.00087247	0.00065571	0.00021677	7.9618e-18
13.01	6.0152e-06	0.0010181	0.0007647	0.00025344	7.3231e-18
13.02	4.6381e-06	0.00078625	0.00059018	0.00019608	7.7941e-18
13.03	2.2962e-06	0.00038985	0.00029233	9.752e-05	9.1437e-18
13.04	1.5014e-06	0.0002553	0.00019138	6.392e-05	9.2584e-18
13.05	3.4307e-06	0.00058427	0.00043858	0.00014568	7.3078e-18
13.06	6.2912e-06	0.001073	0.00080565	0.0002674	6.7837e-18
13.07	6.9821e-06	0.0011927	0.0008954	0.00029732	9.9675e-18
13.08	4.5868e-06	0.00078473	0.00058908	0.00019565	1.2067e-17
13.09	1.5865e-06	0.00027185	0.00020436	6.7492e-05	8.209e-18
13.1	1.098e-06	0.00018842	0.00014228	4.6146e-05	3.65e-18
13.11	3.2844e-06	0.00056449	0.00042484	0.00013965	7.1313e-18
13.12	5.2564e-06	0.00090481	0.00067986	0.00022495	1.5191e-17
13.13	4.5921e-06	0.00079166	0.00059408	0.00019758	1.5343e-17
13.14	2.2114e-06	0.00038181	0.00028603	9.5786e-05	6.8299e-18
13.15	1.1537e-06	0.0001995	0.00014972	4.9773e-05	4.5921e-18
13.16	2.7853e-06	0.00048237	0.00036318	0.00011919	1.6224e-17
13.17	5.0637e-06	0.0008783	0.00066112	0.00021718	2.7792e-17
13.18	5.0042e-06	0.00086928	0.00065416	0.00021513	2.3277e-17
13.19	2.3963e-06	0.00041691	0.00031372	0.00010319	8.3729e-18
13.2	2.0566e-07	3.5834e-05	2.6825e-05	9.0084e-06	1.6079e-18
13.21	1.0328e-06	0.00018023	0.00013477	4.5459e-05	7.7463e-18
13.22	3.8901e-06	0.00067986	0.00050966	0.00017019	1.4436e-17
13.23	5.3327e-06	0.00093339	0.00069989	0.00023351	1.3192e-17
13.24	3.6504e-06	0.00063991	0.00047955	0.00016036	9.3117e-18
13.25	9.1356e-07	0.00016039	0.00011977	4.0613e-05	9.0864e-18
13.26	2.9865e-07	5.2511e-05	3.9177e-05	1.3335e-05	9.8863e-18
13.27	2.1232e-06	0.00037388	0.00028074	9.3141e-05	7.8813e-18
13.28	3.6517e-06	0.000644	0.00048354	0.00016046	5.9205e-18
13.29	2.7952e-06	0.0004937	0.00037054	0.00012316	7.6521e-18
13.3	7.8501e-07	0.00013886	0.00010415	3.4714e-05	1.062e-17
13.31	3.861e-07	6.84e-05	5.1605e-05	1.6795e-05	1.0917e-17
13.32	2.1615e-06	0.0003835	0.00028868	9.4816e-05	9.6564e-18
13.33	3.7645e-06	0.0006689	0.00050317	0.00016574	9.8555e-18
13.34	3.0889e-06	0.0005497	0.00041334	0.00013636	1.1067e-17
13.35	1.016e-06	0.00018107	0.00013602	4.5045e-05	1.1492e-17
13.36	1.6696e-07	2.9801e-05	2.2248e-05	7.5527e-06	1.1745e-17
13.37	1.4275e-06	0.00025518	0.00019184	6.3342e-05	1.2567e-17
13.38	2.8727e-06	0.00051428	0.00038692	0.00012735	1.2298e-17
13.39	2.4353e-06	0.00043662	0.00032874	0.00010788	1.0293e-17
13.4	6.9265e-07	0.00012437	9.3832e-05	3.054e-05	9.2518e-18
13.41	6.3953e-08	1.15e-05	8.4592e-06	3.0413e-06	1.0568e-17
13.42	1.5353e-06	0.00027651	0.00020711	6.9392e-05	1.1216e-17
13.43	3.3128e-06	0.00059751	0.00044818	0.00014933	9.2211e-18
13.44	3.1945e-06	0.00057704	0.00043296	0.00014408	8.0651e-18
13.45	1.474e-06	0.00026665	0.00019998	6.6678e-05	1.0828e-17
13.46	5.0698e-07	9.185e-05	6.8681e-05	2.3169e-05	1.3934e-17
13.47	1.568e-06	0.00028451	0.00021317	7.1332e-05	1.2594e-17
13.48	3.2065e-06	0.00058266	0.00043675	0.00014591	9.2081e-18
13.49	3.2158e-06	0.00058522	0.00043844	0.00014678	9.6508e-18
13.5	1.5082e-06	0.00027488	0.00020556	6.9315e-05	1.3398e-17
13.51	1.2852e-07	2.3457e-05	1.7394e-05	6.063e-06	1.4614e-17
13.52	5.5624e-07	0.00010167	7.6763e-05	2.4912e-05	1.2115e-17
13.53	1.9202e-06	0.00035152	0.00026447	8.7048e-05	1.0825e-17
13.54	2.3075e-06	0.00042304	0.00031773	0.00010531	1.287e-17
13.55	1.2442e-06	0.00022845	0.00017119	5.7262e-05	1.4405e-17
13.56	1.2886e-07	2.3695e-05	1.755e-05	6.1442e-06	1.2949e-17
13.57	2.7937e-07	5.1444e-05	3.8945e-05	1.2499e-05	1.1399e-17
13.58	1.2789e-06	0.00023585	0.0001779	5.7953e-05	1.2171e-17
13.59	1.6761e-06	0.00030956	0.0002333	7.6257e-05	1.3081e-17
13.6	9.4691e-07	0.00017514	0.00013208	4.3058e-05	1.2123e-17
13.61	1.0914e-07	2.0215e-05	1.5395e-05	4.8199e-06	1.1379e-17
13.62	2.8208e-07	5.2327e-05	3.9252e-05	1.3075e-05	1.273e-17
13.63	1.1849e-06	0.00022012	0.00016513	5.4994e-05	1.4065e-17
13.64	1.5634e-06	0.00029088	0.00021828	7.26e-05	1.3341e-17
13.65	9.1122e-07	0.00016978	0.00012747	4.231e-05	1.2578e-17
13.66	1.2965e-07	2.4191e-05	1.8273e-05	5.9186e-06	1.3988e-17
13.67	2.6113e-07	4.8796e-05	3.6791e-05	1.2005e-05	1.5617e-17
13.68	1.0728e-06	0.00020078	0.0001509	4.9875e-05	1.4905e-17
13.69	1.4261e-06	0.00026728	0.00020083	6.6444e-05	1.3539e-17
13.7	8.5273e-07	0.00016005	0.0001203	3.9751e-05	1.4428e-17
13.71	1.3378e-07	2.5145e-05	1.893e-05	6.2148e-06	1.6385e-17
13.72	1.6737e-07	3.1506e-05	2.3697e-05	7.8083e-06	1.6355e-17
13.73	7.8879e-07	0.0001487	0.00011191	3.6789e-05	1.4927e-17
13.74	1.1168e-06	0.00021085	0.00015892	5.1928e-05	1.4987e-17
13.75	7.8216e-07	0.00014788	0.00011173	3.6151e-05	1.6318e-17
13.76	3.078e-07	5.8279e-05	4.4037e-05	1.4242e-05	1.629e-17
13.77	2.8732e-07	5.4479e-05	4.0563e-05	1.3916e-05	1.5001e-17
13.78	6.2695e-07	0.00011905	8.8812e-05	3.0238e-05	1.5048e-17
13.79	7.9839e-07	0.00015183	0.0001138	3.8027e-05	1.6554e-17
13.8	5.8217e-07	0.00011087	8.3594e-05	2.7275e-05	1.7028e-17
13.81	2.9043e-07	5.5389e-05	4.2025e-05	1.3365e-05	1.623e-17
13.82	3.1242e-07	5.967e-05	4.4741e-05	1.4929e-05	1.667e-17
13.83	6.4263e-07	0.00012292	9.1618e-05	3.1297e-05	1.8792e-17
13.84	9.1591e-07	0.00017544	0.00013087	4.4571e-05	2.0037e-17
13.85	8.2934e-07	0.00015909	0.00011891	4.0177e-05	1.9578e-17
13.86	4.6424e-07	8.918e-05	6.6902e-05	2.2279e-05	1.976e-17
13.87	1.8573e-07	3.5731e-05	2.7025e-05	8.7059e-06	2.1528e-17
13.88	2.562e-07	4.9359e-05	3.7164e-05	1.2195e-05	2.2545e-17
13.89	5.979e-07	0.00011535	8.6435e-05	2.8918e-05	2.1562e-17
13.9	9.3446e-07	0.00018055	0.00013521	4.5336e-05	2.0816e-17
13.91	1.0664e-06	0.00020633	0.00015472	5.1619e-05	2.1949e-17
13.92	9.4729e-07	0.00018355	0.000138	4.555e-05	2.3129e-17
13.93	6.2569e-07	0.00012141	9.1639e-05	2.9773e-05	2.2626e-17
13.94	2.867e-07	5.5713e-05	4.2166e-05	1.3547e-05	2.2003e-17
13.95	2.5205e-07	4.9049e-05	3.6618e-05	1.2431e-05	2.2986e-17
13.96	6.5057e-07	0.00012679	9.4477e-05	3.2308e-05	2.414e-17
13.97	1.0732e-06	0.00020945	0.00015648	5.2973e-05	2.3676e-17
13.98	9.1446e-07	0.00017872	0.00013374	4.4979e-05	2.2954e-17
13.99	2.5408e-07	4.9728e-05	3.724e-05	1.2488e-05	2.3964e-17
14	5.1274e-08	1.005e-05	7.5366e-06	2.5131e-06	2.5545e-17
14.01	1.0199e-06	0.00020018	0.00015021	4.9965e-05	2.55e-17
14.02	2.4635e-06	0.00048423	0.00036348	0.00012075	2.4618e-17
14.03	2.8303e-06	0.00055712	0.0004183	0.00013882	2.5079e-17
14.04	1.6304e-06	0.00032138	0.00024131	8.0076e-05	2.6402e-17
14.05	2.877e-07	5.6792e-05	4.2486e-05	1.4306e-05	2.6606e-17
14.06	5.5742e-07	0.00011019	8.2384e-05	2.7808e-05	2.6187e-17
14.07	2.2989e-06	0.00045511	0.00034126	0.00011385	2.7149e-17
14.08	3.4941e-06	0.00069269	0.00051959	0.0001731	2.8912e-17
14.09	2.7038e-06	0.00053677	0.00040244	0.00013433	2.9082e-17
14.1	9.5954e-07	0.00019077	0.0001426	4.8161e-05	2.7891e-17
14.11	6.0026e-07	0.00011951	8.9269e-05	3.0238e-05	2.7969e-17
14.12	2.3567e-06	0.00046987	0.00035266	0.00011721	2.9672e-17
14.13	4.3214e-06	0.00086279	0.00064786	0.00021494	3.0548e-17
14.14	4.2129e-06	0.00084232	0.00063231	0.00021001	2.9869e-17
14.15	2.1994e-06	0.00044038	0.00033022	0.00011015	2.9827e-17
14.16	7.3428e-07	0.00014723	0.00011017	3.706e-05	3.1328e-17
14.17	1.5485e-06	0.00031092	0.00023363	7.7292e-05	3.2363e-17
14.18	3.541e-06	0.00071199	0.00053547	0.00017652	3.1901e-17
14.19	4.1857e-06	0.00084281	0.00063402	0.00020879	3.1825e-17
14.2	2.6491e-06	0.00053417	0.00040204	0.00013213	3.3273e-17
14.21	7.3807e-07	0.00014903	0.00011232	3.672e-05	3.4372e-17
14.22	6.3596e-07	0.0001286	9.6551e-05	3.2044e-05	3.3712e-17
14.23	2.3448e-06	0.0004748	0.00035647	0.00011833	3.3029e-17
14.24	3.8497e-06	0.00078064	0.0005864	0.00019424	3.402e-17
14.25	3.5161e-06	0.00071399	0.00053666	0.00017733	3.5218e-17
14.26	1.7543e-06	0.00035674	0.00026839	8.8342e-05	3.4696e-17
14.27	2.8764e-07	5.8572e-05	4.4131e-05	1.4441e-05	3.3514e-17
14.28	2.4488e-07	4.9935e-05	3.7256e-05	1.268e-05	3.3632e-17
14.29	1.2318e-06	0.00025153	0.00018867	6.2857e-05	3.4402e-17
14.3	2.0238e-06	0.00041385	0.00031106	0.00010278	3.4148e-17
14.31	1.8318e-06	0.00037511	0.00028246	9.2652e-05	3.3503e-17
14.32	8.9978e-07	0.00018451	0.0001393	4.5213e-05	3.4061e-17
14.33	1.0909e-07	2.2401e-05	1.7063e-05	5.3374e-06	3.5075e-17
14.34	1.1498e-07	2.3644e-05	1.7547e-05	6.0969e-06	3.4741e-17
14.35	7.804e-07	0.0001607	0.00012044	4.0261e-05	3.3711e-17
14.36	1.3549e-06	0.0002794	0.00020982	6.9579e-05	3.4057e-17
14.37	1.2206e-06	0.00025205	0.00018943	6.2622e-05	3.5468e-17
14.38	5.1437e-07	0.00010636	7.9966e-05	2.6398e-05	3.5803e-17
14.39	1.0509e-08	2.1762e-06	1.6369e-06	5.3934e-07	3.5009e-17
14.4	3.355e-07	6.9569e-05	5.2234e-05	1.7335e-05	3.5099e-17
14.41	1.2784e-06	0.00026545	0.00019928	6.6173e-05	3.6338e-17
14.42	1.9368e-06	0.00040273	0.00030218	0.00010055	3.6847e-17
14.43	1.6276e-06	0.00033892	0.00025408	8.484e-05	3.6297e-17
14.44	6.504e-07	0.00013562	0.00010146	3.4157e-05	3.6614e-17
14.45	4.7043e-08	9.8227e-06	7.2398e-06	2.5829e-06	3.8343e-17
14.46	5.2948e-07	0.00011071	8.3162e-05	2.7549e-05	3.9575e-17
14.47	1.6949e-06	0.00035488	0.00026643	8.8458e-05	3.9461e-17
14.48	2.4027e-06	0.00050377	0.00037801	0.00012576	3.966e-17
14.49	1.9429e-06	0.00040792	0.00030593	0.00010199	4.097e-17
14.5	7.7672e-07	0.00016331	0.00012233	4.0972e-05	4.1567e-17
14.51	9.9766e-08	2.1005e-05	1.5621e-05	5.3838e-06	4.0263e-17
14.52	6.7716e-07	0.00014277	0.00010712	3.565e-05	3.8715e-17
14.53	2.067e-06	0.00043639	0.00032757	0.00010882	3.8468e-17
14.54	2.9707e-06	0.00062804	0.00047138	0.00015666	3.8382e-17
14.55	2.471e-06	0.00052311	0.00039245	0.00013066	3.717e-17
14.56	1.0665e-06	0.00022609	0.00016929	5.68e-05	3.6104e-17
14.57	3.7387e-07	7.9368e-05	5.9174e-05	2.0194e-05	3.6729e-17
14.58	1.5035e-06	0.0003196	0.00023991	7.9694e-05	3.7936e-17
14.59	3.6726e-06	0.00078178	0.0005874	0.00019437	3.7965e-17
14.6	4.7928e-06	0.0010216	0.00076768	0.00025394	3.7553e-17
14.61	3.7476e-06	0.00079992	0.00060092	0.000199	3.8315e-17
14.62	1.8547e-06	0.00039644	0.00029753	9.8907e-05	3.9489e-17
14.63	1.5457e-06	0.00033083	0.00024832	8.2511e-05	3.9274e-17
14.64	3.5187e-06	0.00075417	0.00056698	0.00018719	3.8259e-17
14.65	5.742e-06	0.0012324	0.00092708	0.00030528	3.8448e-17
14.66	5.7351e-06	0.0012326	0.0009277	0.00030487	3.9665e-17
14.67	3.5812e-06	0.00077071	0.00058044	0.00019027	4.0029e-17
14.68	1.9999e-06	0.00043098	0.00032453	0.00010646	3.949e-17
14.69	3.1964e-06	0.00068978	0.00051862	0.00017117	3.9714e-17
14.7	6.1474e-06	0.0013284	0.00099879	0.0003296	4.067e-17
14.71	7.6521e-06	0.0016558	0.0012455	0.00041033	4.0542e-17
14.72	6.0719e-06	0.0013157	0.00099003	0.00032563	3.9227e-17
14.73	3.3738e-06	0.00073203	0.00055069	0.00018134	3.8736e-17
14.74	2.9413e-06	0.00063905	0.00047962	0.00015943	3.9609e-17
14.75	5.5999e-06	0.0012183	0.00091432	0.00030401	4.0039e-17
14.76	8.5421e-06	0.001861	0.0013977	0.00046327	3.9337e-17
14.77	8.5187e-06	0.0018584	0.0013967	0.00046172	3.9215e-17
14.78	5.6078e-06	0.001225	0.00092104	0.00030398	4.0452e-17
14.79	3.1228e-06	0.0006831	0.00051325	0.00016985	4.1246e-17
14.8	3.7676e-06	0.00082526	0.00061932	0.00020594	4.0428e-17
14.81	6.5603e-06	0.0014389	0.0010803	0.00035858	3.9554e-17
14.82	8.0757e-06	0.0017737	0.0013325	0.00044124	3.9988e-17
14.83	6.4446e-06	0.0014173	0.0010652	0.00035219	4.044e-17
14.84	3.4266e-06	0.00075463	0.00056701	0.00018763	3.9516e-17
14.85	2.2812e-06	0.00050306	0.00037739	0.00012567	3.8434e-17
14.86	4.0365e-06	0.00089133	0.00066878	0.00022255	3.8779e-17
14.87	6.4284e-06	0.0014214	0.0010672	0.00035423	3.9554e-17
14.88	6.5674e-06	0.0014541	0.001092	0.00036207	3.904e-17
14.89	4.1768e-06	0.00092606	0.00069539	0.00023067	3.7958e-17
14.9	1.7608e-06	0.00039092	0.00029325	9.767e-05	3.8034e-17
14.91	1.6604e-06	0.00036912	0.00027685	9.2268e-05	3.8772e-17
14.92	3.4615e-06	0.00077055	0.00057855	0.00019199	3.853e-17
14.93	4.678e-06	0.0010427	0.00078315	0.00025959	3.7806e-17
14.94	3.7502e-06	0.00083706	0.00062858	0.00020848	3.8481e-17
14.95	1.7554e-06	0.00039234	0.0002943	9.8039e-05	4.0364e-17
14.96	9.1929e-07	0.00020574	0.00015389	5.1853e-05	4.1424e-17
14.97	1.9092e-06	0.00042785	0.00032053	0.00010732	4.1193e-17
14.98	3.1993e-06	0.00071793	0.00053835	0.00017958	4.1102e-17
14.99	3.0617e-06	0.00068797	0.00051596	0.00017201	4.1478e-17
15	1.564e-06	0.0003519	0.00026382	8.8081e-05	4.1093e-17
15.01	2.5171e-07	5.6711e-05	4.2409e-05	1.4302e-05	3.9921e-17
15.02	2.1986e-07	4.96e-05	3.7239e-05	1.2361e-05	3.955e-17
15.03	1.0299e-06	0.00023265	0.00017477	5.7875e-05	4.028e-17
15.04	1.5093e-06	0.00034141	0.00025651	8.49e-05	4.0503e-17
15.05	1.141e-06	0.00025844	0.00019426	6.4182e-05	3.9689e-17
15.06	4.0977e-07	9.2937e-05	6.9926e-05	2.3011e-05	3.937e-17
15.07	3.6688e-08	8.3319e-06	6.2677e-06	2.0643e-06	4.0215e-17
15.08	2.1467e-07	4.8816e-05	3.6665e-05	1.2152e-05	4.073e-17
15.09	5.9122e-07	0.00013463	0.00010133	3.33e-05	4.0104e-17
15.1	7.4877e-07	0.00017073	0.00012867	4.2053e-05	3.984e-17
15.11	5.7613e-07	0.00013154	9.919e-05	3.2346e-05	4.1027e-17
15.12	2.7331e-07	6.2482e-05	4.7018e-05	1.5464e-05	4.2296e-17
15.13	1.2198e-07	2.7923e-05	2.0879e-05	7.0442e-06	4.2282e-17
15.14	2.4924e-07	5.7131e-05	4.301e-05	1.4121e-05	4.1978e-17
15.15	5.4084e-07	0.00012414	9.3674e-05	3.0461e-05	4.2623e-17
15.16	7.5013e-07	0.0001724	0.00012998	4.2414e-05	4.3203e-17
15.17	7.1052e-07	0.00016351	0.00012302	4.049e-05	4.2343e-17
15.18	4.673e-07	0.00010768	8.0788e-05	2.6892e-05	4.1083e-17
15.19	2.1664e-07	4.9986e-05	3.7426e-05	1.256e-05	4.1312e-17
15.2	1.2764e-07	2.9491e-05	2.2173e-05	7.3177e-06	4.2717e-17
15.21	2.2246e-07	5.1465e-05	3.8734e-05	1.2731e-05	4.3741e-17
15.22	3.9782e-07	9.2154e-05	6.9232e-05	2.2922e-05	4.4473e-17
15.23	5.2147e-07	0.00012096	9.0842e-05	3.0115e-05	4.601e-17
15.24	5.0945e-07	0.00011832	8.8932e-05	2.9391e-05	4.7792e-17
15.25	3.6773e-07	8.5519e-05	6.4316e-05	2.1204e-05	4.8289e-17
15.26	2.0676e-07	4.8148e-05	3.6147e-05	1.2002e-05	4.7841e-17
15.27	1.8438e-07	4.2994e-05	3.2183e-05	1.081e-05	4.815e-17
15.28	3.6067e-07	8.4209e-05	6.3205e-05	2.1004e-05	4.9227e-17
15.29	5.9606e-07	0.00013935	0.00010478	3.4567e-05	4.9542e-17
15.3	6.5808e-07	0.00015405	0.0001159	3.8153e-05	4.9127e-17
15.31	4.7169e-07	0.00011056	8.3162e-05	2.7402e-05	4.9724e-17
15.32	2.2263e-07	5.2252e-05	3.9259e-05	1.2993e-05	5.1592e-17
15.33	1.6307e-07	3.8324e-05	2.8743e-05	9.5808e-06	5.2939e-17
15.34	3.3945e-07	7.9878e-05	5.9912e-05	1.9965e-05	5.3081e-17
15.35	5.5909e-07	0.00013173	9.8808e-05	3.2926e-05	5.3475e-17
15.36	6.0637e-07	0.00014306	0.00010733	3.5727e-05	5.4769e-17
15.37	4.4524e-07	0.00010518	7.9029e-05	2.6153e-05	5.5506e-17
15.38	2.297e-07	5.4333e-05	4.0982e-05	1.3351e-05	5.4911e-17
15.39	1.6742e-07	3.9655e-05	2.9932e-05	9.7225e-06	5.4448e-17
15.4	3.464e-07	8.2152e-05	6.171e-05	2.0442e-05	5.5131e-17
15.41	6.2188e-07	0.00014768	0.00011092	3.676e-05	5.5659e-17
15.42	6.9916e-07	0.00016624	0.00012508	4.1159e-05	5.4926e-17
15.43	4.3985e-07	0.00010472	7.9075e-05	2.5646e-05	5.4182e-17
15.44	9.485e-08	2.2612e-05	1.7266e-05	5.3461e-06	5.4751e-17
15.45	9.0255e-08	2.1544e-05	1.6037e-05	5.5069e-06	5.557e-17
15.46	5.0557e-07	0.00012084	9.0291e-05	3.0547e-05	5.5197e-17
15.47	8.9899e-07	0.00021515	0.00016117	5.3979e-05	5.454e-17
15.48	8.0345e-07	0.00019253	0.00014444	4.8091e-05	5.5175e-17
15.49	3.219e-07	7.7237e-05	5.7996e-05	1.9241e-05	5.6412e-17
15.5	3.0933e-08	7.4316e-06	5.5586e-06	1.873e-06	5.6598e-17
15.51	2.74e-07	6.5914e-05	4.9547e-05	1.6367e-05	5.6165e-17
15.52	7.4206e-07	0.00017874	0.00013453	4.4209e-05	5.669e-17
15.53	8.7042e-07	0.00020993	0.00015815	5.1781e-05	5.7773e-17
15.54	5.2715e-07	0.0001273	9.5957e-05	3.1345e-05	5.768e-17
15.55	1.3564e-07	3.2799e-05	2.4633e-05	8.1665e-06	5.6579e-17
15.56	1.327e-07	3.2128e-05	2.3987e-05	8.141e-06	5.6295e-17
15.57	4.6367e-07	0.00011241	8.4552e-05	2.7854e-05	5.7009e-17
15.58	6.9461e-07	0.00016861	0.00012715	4.1458e-05	5.7025e-17
15.59	5.4808e-07	0.00013321	0.00010061	3.2603e-05	5.5966e-17
15.6	2.1216e-07	5.163e-05	3.8981e-05	1.2649e-05	5.5405e-17
15.61	8.9381e-08	2.178e-05	1.6235e-05	5.5451e-06	5.5854e-17
15.62	3.1129e-07	7.5949e-05	5.6996e-05	1.8953e-05	5.5862e-17
15.63	5.9671e-07	0.00014577	0.00010979	3.5986e-05	5.4865e-17
15.64	6.0901e-07	0.00014897	0.00011235	3.6618e-05	5.4316e-17
15.65	3.605e-07	8.8295e-05	6.6565e-05	2.173e-05	5.4939e-17
15.66	1.6248e-07	3.9846e-05	2.9882e-05	9.9641e-06	5.5332e-17
15.67	2.1098e-07	5.1806e-05	3.8884e-05	1.2922e-05	5.4583e-17
15.68	3.6791e-07	9.0456e-05	6.8225e-05	2.2231e-05	5.3965e-17
15.69	4.0356e-07	9.9348e-05	7.5107e-05	2.424e-05	5.4498e-17
15.7	3.1891e-07	7.8607e-05	5.9348e-05	1.9259e-05	5.5012e-17
15.71	2.8975e-07	7.1511e-05	5.3614e-05	1.7897e-05	5.4376e-17
15.72	3.6149e-07	8.9331e-05	6.6753e-05	2.2578e-05	5.3687e-17
15.73	3.8385e-07	9.4977e-05	7.1078e-05	2.3899e-05	5.4263e-17
15.74	2.775e-07	6.8749e-05	5.1637e-05	1.7112e-05	5.5188e-17
15.75	1.9699e-07	4.8866e-05	3.6904e-05	1.1962e-05	5.4998e-17
15.76	3.1033e-07	7.7079e-05	5.8156e-05	1.8923e-05	5.4322e-17
15.77	5.1354e-07	0.00012771	9.6152e-05	3.1563e-05	5.4541e-17
15.78	5.2775e-07	0.00013141	9.8842e-05	3.2571e-05	5.5097e-17
15.79	2.8263e-07	7.0466e-05	5.2965e-05	1.7501e-05	5.4576e-17
15.8	6.0546e-08	1.5115e-05	1.1348e-05	3.7662e-06	5.3485e-17
15.81	1.7359e-07	4.339e-05	3.2656e-05	1.0734e-05	5.3399e-17
15.82	5.6421e-07	0.00014121	0.00010626	3.4946e-05	5.405e-17
15.83	8.3571e-07	0.00020942	0.00015757	5.1848e-05	5.3858e-17
15.84	6.9409e-07	0.00017415	0.00013103	4.3125e-05	5.2931e-17
15.85	2.8564e-07	7.176e-05	5.3988e-05	1.7772e-05	5.2915e-17
15.86	4.0357e-08	1.0151e-05	7.6227e-06	2.5286e-06	5.395e-17
15.87	2.0453e-07	5.1512e-05	3.8727e-05	1.2786e-05	5.4446e-17
15.88	5.8684e-07	0.00014799	0.00011136	3.6627e-05	5.405e-17
15.89	7.803e-07	0.00019702	0.0001484	4.8619e-05	5.4214e-17
15.9	5.9282e-07	0.00014987	0.00011307	3.6797e-05	5.5369e-17
15.91	2.2604e-07	5.7217e-05	4.3318e-05	1.3899e-05	5.6088e-17
15.92	5.0926e-08	1.2907e-05	9.7018e-06	3.2051e-06	5.5812e-17
15.93	2.4088e-07	6.1127e-05	4.5683e-05	1.5444e-05	5.5925e-17
15.94	6.15e-07	0.00015626	0.0001172	3.9056e-05	5.7117e-17
15.95	8.1201e-07	0.00020658	0.00015527	5.131e-05	5.8015e-17
15.96	6.3114e-07	0.00016077	0.00012103	3.9737e-05	5.77e-17
15.97	2.4001e-07	6.1212e-05	4.6166e-05	1.5046e-05	5.7381e-17
15.98	3.4869e-08	8.9042e-06	6.6898e-06	2.2144e-06	5.809e-17
15.99	2.4025e-07	6.1427e-05	4.6096e-05	1.5332e-05	5.8766e-17
16	6.4454e-07	0.000165	0.00012401	4.0988e-05	5.8336e-17
16.01	8.0301e-07	0.00020583	0.00015479	5.104e-05	5.7831e-17
16.02	5.3406e-07	0.00013706	0.00010311	3.3952e-05	5.8509e-17
16.03	1.3946e-07	3.5836e-05	2.6979e-05	8.8566e-06	5.9509e-17
16.04	6.048e-08	1.5561e-05	1.169e-05	3.8703e-06	5.9478e-17
16.05	3.6725e-07	9.4605e-05	7.1046e-05	2.3558e-05	5.9126e-17
16.06	6.9463e-07	0.00017916	0.00013455	4.4607e-05	5.989e-17
16.07	6.818e-07	0.00017607	0.00013226	4.3808e-05	6.1215e-17
16.08	3.6744e-07	9.5008e-05	7.1458e-05	2.3551e-05	6.1542e-17
16.09	1.004e-07	2.5993e-05	1.9652e-05	6.3416e-06	6.1133e-17
16.1	1.378e-07	3.5719e-05	2.6824e-05	8.8955e-06	6.1445e-17
16.11	4.0941e-07	0.00010626	7.9587e-05	2.667e-05	6.2305e-17
16.12	6.4055e-07	0.00016645	0.00012474	4.1708e-05	6.2244e-17
16.13	6.2364e-07	0.00016226	0.0001218	4.0457e-05	6.1343e-17
16.14	3.7496e-07	9.7678e-05	7.355e-05	2.4127e-05	6.1156e-17
16.15	1.0696e-07	2.7898e-05	2.1156e-05	6.7418e-06	6.1805e-17
16.16	7.224e-08	1.8865e-05	1.4153e-05	4.7119e-06	6.1704e-17
16.17	3.5478e-07	9.2764e-05	6.9487e-05	2.3277e-05	6.0483e-17
16.18	7.4265e-07	0.00019442	0.00014591	4.8506e-05	5.9664e-17
16.19	8.5767e-07	0.00022481	0.00016895	5.5863e-05	5.9843e-17
16.2	5.328e-07	0.00013983	0.00010521	3.4617e-05	5.9632e-17
16.21	8.5319e-08	2.2419e-05	1.6926e-05	5.4927e-06	5.8285e-17
16.22	8.1034e-08	2.1319e-05	1.5935e-05	5.3846e-06	5.7078e-17
16.23	6.9467e-07	0.00018298	0.00013727	4.5716e-05	5.6943e-17
16.24	1.3746e-06	0.00036254	0.00027214	9.0404e-05	5.6878e-17
16.25	1.3656e-06	0.00036059	0.00027072	8.987e-05	5.6062e-17
16.26	6.4148e-07	0.0001696	0.0001273	4.2301e-05	5.5561e-17
16.27	9.9656e-08	2.638e-05	1.9693e-05	6.6877e-06	5.6328e-17
16.28	5.709e-07	0.00015131	0.00011342	3.789e-05	5.7288e-17
16.29	1.7202e-06	0.00045648	0.00034252	0.00011395	5.7156e-17
16.3	2.2935e-06	0.00060935	0.00045734	0.00015201	5.6648e-17
16.31	1.6161e-06	0.00042991	0.00032264	0.00010728	5.7005e-17
16.32	5.4408e-07	0.00014491	0.00010858	3.6331e-05	5.7654e-17
16.33	5.3685e-07	0.00014316	0.00010713	3.6028e-05	5.7335e-17
16.34	1.8444e-06	0.00049246	0.00036934	0.00012312	5.6463e-17
16.35	3.0756e-06	0.00082218	0.00061701	0.00020517	5.6267e-17
16.36	2.8297e-06	0.00075738	0.0005685	0.00018888	5.6461e-17
16.37	1.4669e-06	0.00039309	0.00029497	9.8118e-05	5.5928e-17
16.38	7.7642e-07	0.00020832	0.00015608	5.2236e-05	5.5048e-17
16.39	1.829e-06	0.00049134	0.0003685	0.00012284	5.5105e-17
16.4	3.5981e-06	0.00096774	0.00072634	0.0002414	5.5801e-17
16.41	4.1093e-06	0.0011066	0.00083081	0.00027577	5.5635e-17
16.42	2.8239e-06	0.00076137	0.00057167	0.0001897	5.4581e-17
16.43	1.3747e-06	0.00037109	0.00027849	9.261e-05	5.4099e-17
16.44	1.6668e-06	0.00045048	0.000338	0.00011249	5.4438e-17
16.45	3.5529e-06	0.00096143	0.00072178	0.00023965	5.4219e-17
16.46	4.9214e-06	0.0013334	0.0010012	0.00033211	5.3062e-17
16.47	4.1957e-06	0.0011381	0.0008546	0.00028353	5.2339e-17
16.48	2.2735e-06	0.00061747	0.00046324	0.00015424	5.2679e-17
16.49	1.4964e-06	0.00040691	0.00030461	0.0001023	5.2901e-17
16.5	2.8226e-06	0.00076846	0.00057583	0.00019263	5.2283e-17
16.51	4.6391e-06	0.0012645	0.00094839	0.00031612	5.1854e-17
16.52	4.7142e-06	0.0012866	0.00096517	0.00032138	5.2341e-17
16.53	2.928e-06	0.00080004	0.00059998	0.00020006	5.2742e-17
16.54	1.4108e-06	0.00038594	0.00028902	9.6929e-05	5.2253e-17
16.55	1.9101e-06	0.00052319	0.00039201	0.00013118	5.1866e-17
16.56	3.6512e-06	0.0010013	0.00075103	0.00025026	5.2539e-17
16.57	4.3414e-06	0.001192	0.00089435	0.00029765	5.3316e-17
16.58	3.0365e-06	0.00083472	0.00062618	0.00020853	5.2954e-17
16.59	1.275e-06	0.00035092	0.00026293	8.799e-05	5.2088e-17
16.6	1.0993e-06	0.00030293	0.00022687	7.6064e-05	5.1978e-17
16.61	2.5029e-06	0.00069052	0.00051792	0.0001726	5.2228e-17
16.62	3.5152e-06	0.00097098	0.00072862	0.00024236	5.1709e-17
16.63	2.745e-06	0.00075915	0.00056969	0.00018946	5.0884e-17
16.64	1.1038e-06	0.00030563	0.00022918	7.6451e-05	5.1132e-17
16.65	5.6054e-07	0.00015539	0.00011632	3.9073e-05	5.2237e-17
16.66	1.6109e-06	0.00044712	0.00033537	0.00011175	5.2584e-17
16.67	2.7229e-06	0.00075665	0.00056792	0.00018874	5.1672e-17
16.68	2.3781e-06	0.00066165	0.00049673	0.00016493	5.0519e-17
16.69	9.9238e-07	0.00027643	0.00020748	6.8956e-05	4.964e-17
16.7	2.7635e-07	7.7071e-05	5.7637e-05	1.9434e-05	4.8522e-17
16.71	9.9195e-07	0.00027698	0.00020764	6.9337e-05	4.7307e-17
16.72	2.0504e-06	0.00057319	0.00043015	0.00014304	4.7168e-17
16.73	2.0143e-06	0.00056378	0.00042327	0.00014051	4.8426e-17
16.74	9.4408e-07	0.00026456	0.00019863	6.5927e-05	4.9717e-17
16.75	2.3038e-07	6.4635e-05	4.834e-05	1.6294e-05	4.9617e-17
16.76	7.576e-07	0.00021281	0.00015943	5.338e-05	4.8045e-17
16.77	1.8123e-06	0.00050968	0.0003824	0.00012728	4.5856e-17
16.78	2.0474e-06	0.00057648	0.0004328	0.00014368	4.4222e-17
16.79	1.176e-06	0.00033151	0.00024899	8.2516e-05	4.4424e-17
16.8	2.6815e-07	7.5683e-05	5.678e-05	1.8902e-05	4.673e-17
16.81	3.7846e-07	0.00010694	8.0051e-05	2.6893e-05	4.9204e-17
16.82	1.2715e-06	0.00035973	0.00026984	8.9886e-05	4.9292e-17
16.83	1.7787e-06	0.00050383	0.00037822	0.0001256	4.705e-17
16.84	1.261e-06	0.00035759	0.00026857	8.9021e-05	4.5185e-17
16.85	3.5238e-07	0.00010005	7.5147e-05	2.4901e-05	4.5344e-17
16.86	1.255e-07	3.5675e-05	2.6729e-05	8.9463e-06	4.6194e-17
16.87	7.6941e-07	0.00021897	0.00016447	5.4499e-05	4.6037e-17
16.88	1.4114e-06	0.00040215	0.00030228	9.9862e-05	4.5359e-17
16.89	1.2375e-06	0.00035303	0.00026554	8.749e-05	4.533e-17
16.9	4.7065e-07	0.00013442	0.00010123	3.3192e-05	4.5495e-17
16.91	2.0764e-08	5.9374e-06	4.4978e-06	1.4396e-06	4.4848e-17
16.92	3.3291e-07	9.5309e-05	7.1602e-05	2.3707e-05	4.3969e-17
16.93	9.0333e-07	0.00025892	0.00019474	6.4177e-05	4.4085e-17
16.94	9.8731e-07	0.00028332	0.00021331	7.001e-05	4.4833e-17
16.95	5.1022e-07	0.00014659	0.00011054	3.6041e-05	4.4898e-17
16.96	5.9145e-08	1.7013e-05	1.2905e-05	4.1078e-06	4.4305e-17
16.97	9.5123e-08	2.7393e-05	2.0465e-05	6.9283e-06	4.4128e-17
16.98	4.4485e-07	0.00012826	9.6275e-05	3.1985e-05	4.4314e-17
16.99	6.2131e-07	0.00017935	0.00013485	4.4501e-05	4.3785e-17
17	4.3859e-07	0.00012675	9.543e-05	3.1322e-05	4.2557e-17
17.01	1.5098e-07	4.3685e-05	3.2949e-05	1.0736e-05	4.1798e-17
17.02	7.1404e-08	2.0684e-05	1.5563e-05	5.1211e-06	4.1681e-17
17.03	2.265e-07	6.5688e-05	4.9364e-05	1.6325e-05	4.1098e-17
17.04	4.0716e-07	0.00011822	8.8877e-05	2.9345e-05	3.9782e-17
17.05	4.341e-07	0.00012619	9.4872e-05	3.1323e-05	3.8894e-17
17.06	3.0565e-07	8.8957e-05	6.6866e-05	2.2091e-05	3.8962e-17
17.07	1.5072e-07	4.3918e-05	3.3039e-05	1.0879e-05	3.8994e-17
17.08	1.084e-07	3.1623e-05	2.3846e-05	7.7767e-06	3.8285e-17
17.09	2.2196e-07	6.4827e-05	4.8778e-05	1.6049e-05	3.7517e-17
17.1	3.8815e-07	0.0001135	8.5256e-05	2.8243e-05	3.7215e-17
17.11	4.3048e-07	0.00012602	9.4614e-05	3.1409e-05	3.6672e-17
17.12	2.8749e-07	8.4262e-05	6.3304e-05	2.0958e-05	3.5393e-17
17.13	1.1676e-07	3.4263e-05	2.5825e-05	8.4373e-06	3.4235e-17
17.14	1.3181e-07	3.8722e-05	2.9139e-05	9.5837e-06	3.3995e-17
17.15	3.254e-07	9.5708e-05	7.1832e-05	2.3876e-05	3.4091e-17
17.16	4.5255e-07	0.00013326	0.00010003	3.3227e-05	3.3793e-17
17.17	3.4449e-07	0.00010156	7.6374e-05	2.5184e-05	3.3642e-17
17.18	1.4614e-07	4.3132e-05	3.2604e-05	1.0528e-05	3.434e-17
17.19	1.2625e-07	3.7308e-05	2.8116e-05	9.1919e-06	3.5236e-17
17.2	3.0149e-07	8.9192e-05	6.6837e-05	2.2355e-05	3.5316e-17
17.21	4.096e-07	0.00012132	9.0861e-05	3.0455e-05	3.4882e-17
17.22	2.8745e-07	8.5238e-05	6.3915e-05	2.1324e-05	3.48e-17
17.23	1.1575e-07	3.4363e-05	2.5919e-05	8.4437e-06	3.4787e-17
17.24	1.6454e-07	4.8904e-05	3.6893e-05	1.201e-05	3.3949e-17
17.25	3.9335e-07	0.00011705	8.7974e-05	2.9071e-05	3.2531e-17
17.26	4.8585e-07	0.00014474	0.0001087	3.6038e-05	3.1555e-17
17.27	2.8981e-07	8.6437e-05	6.494e-05	2.1496e-05	3.1075e-17
17.28	5.2821e-08	1.5772e-05	1.1909e-05	3.8628e-06	3.0334e-17
17.29	1.1404e-07	3.4091e-05	2.5651e-05	8.4393e-06	2.9441e-17
17.3	4.5086e-07	0.00013494	0.00010137	3.3568e-05	2.9282e-17
17.31	6.7835e-07	0.00020326	0.00015271	5.0546e-05	2.9805e-17
17.32	5.1551e-07	0.00015464	0.00011624	3.8408e-05	2.9991e-17
17.33	1.4421e-07	4.331e-05	3.2586e-05	1.0725e-05	2.9667e-17
17.34	1.7111e-08	5.1448e-06	3.854e-06	1.2908e-06	2.979e-17
17.35	3.2869e-07	9.8944e-05	7.43e-05	2.4644e-05	3.0659e-17
17.36	7.6433e-07	0.00023035	0.00017306	5.7283e-05	3.1359e-17
17.37	8.3802e-07	0.00025285	0.00019002	6.283e-05	3.1416e-17
17.38	4.5573e-07	0.00013766	0.00010348	3.4181e-05	3.1529e-17
17.39	4.9588e-08	1.4996e-05	1.1285e-05	3.711e-06	3.2045e-17
17.4	9.109e-08	2.7578e-05	2.0673e-05	6.9054e-06	3.2149e-17
17.41	5.3093e-07	0.00016093	0.00012075	4.0182e-05	3.1374e-17
17.42	8.4586e-07	0.00025668	0.00019256	6.4121e-05	3.0595e-17
17.43	6.6243e-07	0.00020125	0.0001509	5.0354e-05	3.0605e-17
17.44	2.0382e-07	6.1992e-05	4.6421e-05	1.5571e-05	3.0831e-17
17.45	5.4929e-09	1.6726e-06	1.2937e-06	3.789e-07	3.0494e-17
17.46	2.5913e-07	7.8995e-05	5.9422e-05	1.9573e-05	2.9989e-17
17.47	6.0576e-07	0.00018488	0.00013884	4.6038e-05	3.0028e-17
17.48	6.101e-07	0.00018641	0.00013989	4.6524e-05	3.0297e-17
17.49	2.882e-07	8.8159e-05	6.6138e-05	2.2021e-05	3.0156e-17
17.5	4.0552e-08	1.2419e-05	9.3746e-06	3.0445e-06	2.9888e-17
17.51	1.3137e-07	4.0279e-05	3.0335e-05	9.9434e-06	3.0045e-17
17.52	3.9305e-07	0.00012065	9.0623e-05	3.0024e-05	3.021e-17
17.53	4.8163e-07	0.00014801	0.00011111	3.6898e-05	2.9671e-17
17.54	3.0642e-07	9.4271e-05	7.0772e-05	2.3499e-05	2.8815e-17
17.55	1.0251e-07	3.1574e-05	2.3736e-05	7.8376e-06	2.8563e-17
17.56	1.1173e-07	3.4453e-05	2.594e-05	8.5121e-06	2.8817e-17
17.57	2.9809e-07	9.2023e-05	6.9256e-05	2.2766e-05	2.877e-17
17.58	4.2128e-07	0.0001302	9.8049e-05	3.2151e-05	2.8433e-17
17.59	3.3681e-07	0.00010421	7.8557e-05	2.5653e-05	2.8486e-17
17.6	1.5388e-07	4.7667e-05	3.5921e-05	1.1747e-05	2.8817e-17
17.61	8.9561e-08	2.7774e-05	2.0752e-05	7.0223e-06	2.8618e-17
17.62	2.1392e-07	6.6415e-05	4.976e-05	1.6654e-05	2.7906e-17
17.63	3.7938e-07	0.00011792	8.8694e-05	2.9223e-05	2.7553e-17
17.64	3.9664e-07	0.00012342	9.3059e-05	3.0364e-05	2.7672e-17
17.65	2.467e-07	7.6853e-05	5.8007e-05	1.8846e-05	2.7359e-17
17.66	9.5553e-08	2.9801e-05	2.2377e-05	7.4241e-06	2.6318e-17
17.67	1.0581e-07	3.3037e-05	2.4649e-05	8.3885e-06	2.539e-17
17.68	2.5829e-07	8.0738e-05	6.0622e-05	2.0116e-05	2.5057e-17
17.69	3.7808e-07	0.00011831	8.9095e-05	2.9219e-05	2.4694e-17
17.7	3.3192e-07	0.00010399	7.8394e-05	2.5594e-05	2.3885e-17
17.71	1.7512e-07	5.4925e-05	4.1382e-05	1.3542e-05	2.3253e-17
17.72	8.3916e-08	2.6349e-05	1.9761e-05	6.5879e-06	2.329e-17
17.73	1.5458e-07	4.8594e-05	3.6482e-05	1.2111e-05	2.3465e-17
17.74	3.0162e-07	9.4922e-05	7.14e-05	2.3522e-05	2.3273e-17
17.75	3.6437e-07	0.0001148	8.6395e-05	2.8406e-05	2.3144e-17
17.76	2.8436e-07	8.9693e-05	6.749e-05	2.2202e-05	2.3483e-17
17.77	1.5074e-07	4.76e-05	3.5798e-05	1.1802e-05	2.3751e-17
17.78	9.1081e-08	2.8793e-05	2.164e-05	7.1532e-06	2.3444e-17
17.79	1.5396e-07	4.8726e-05	3.6622e-05	1.2104e-05	2.3114e-17
17.8	2.88e-07	9.1251e-05	6.8582e-05	2.2669e-05	2.3434e-17
17.81	3.8831e-07	0.00012317	9.2581e-05	3.0589e-05	2.3992e-17
17.82	3.6069e-07	0.00011454	8.6128e-05	2.841e-05	2.4092e-17
17.83	2.0251e-07	6.4381e-05	4.8459e-05	1.5922e-05	2.4064e-17
17.84	5.3501e-08	1.7028e-05	1.2836e-05	4.1913e-06	2.4608e-17
17.85	1.033e-07	3.2915e-05	2.4684e-05	8.231e-06	2.5393e-17
17.86	3.7089e-07	0.00011831	8.8789e-05	2.9518e-05	2.5564e-17
17.87	6.0765e-07	0.00019405	0.00014574	4.8303e-05	2.52e-17
17.88	5.3221e-07	0.00017014	0.00012789	4.2249e-05	2.5029e-17
17.89	1.9474e-07	6.2328e-05	4.6937e-05	1.5391e-05	2.4992e-17
17.9	3.6099e-10	1.1566e-07	8.2646e-08	3.3018e-08	2.4395e-17
17.91	2.6095e-07	8.3705e-05	6.2652e-05	2.1053e-05	2.3312e-17
17.92	7.6864e-07	0.00024683	0.00018502	6.181e-05	2.2523e-17
17.93	9.6668e-07	0.00031077	0.00023306	7.7711e-05	2.2094e-17
17.94	6.062e-07	0.0001951	0.00014633	4.8775e-05	2.1337e-17
17.95	1.1267e-07	3.6304e-05	2.7148e-05	9.1563e-06	2.0277e-17
17.96	1.3918e-07	4.4893e-05	3.347e-05	1.1423e-05	1.9808e-17
17.97	7.6318e-07	0.00024645	0.00018454	6.1913e-05	2.0143e-17
17.98	1.3142e-06	0.00042485	0.00031827	0.00010659	2.042e-17
17.99	1.1411e-06	0.0003693	0.00027657	9.2737e-05	2.0238e-17
18	4.5095e-07	0.00014611	0.00010921	3.6901e-05	2.0285e-17
18.01	1.4218e-07	4.6118e-05	3.4357e-05	1.1761e-05	2.0924e-17
18.02	7.2534e-07	0.00023553	0.00017662	5.8912e-05	2.1434e-17
18.03	1.6253e-06	0.00052836	0.00039638	0.00013198	2.1388e-17
18.04	1.812e-06	0.00058969	0.00044235	0.00014734	2.1555e-17
18.05	1.0773e-06	0.00035097	0.00026315	8.7824e-05	2.253e-17
18.06	3.6833e-07	0.00012014	8.988e-05	3.0257e-05	2.3492e-17
18.07	6.6767e-07	0.00021801	0.00016334	5.4674e-05	2.3404e-17
18.08	1.7485e-06	0.00057157	0.00042875	0.00014282	2.2602e-17
18.09	2.3866e-06	0.00078102	0.00058604	0.00019498	2.2073e-17
18.1	1.8436e-06	0.00060397	0.0004532	0.00015077	2.1872e-17
18.11	8.1269e-07	0.00026654	0.00019987	6.6672e-05	2.1461e-17
18.12	6.1743e-07	0.00020272	0.00015188	5.0842e-05	2.1054e-17
18.13	1.5969e-06	0.0005249	0.00039378	0.00013112	2.1333e-17
18.14	2.6549e-06	0.00087362	0.00065576	0.00021786	2.2101e-17
18.15	2.5627e-06	0.0008442	0.00063383	0.00021037	2.243e-17
18.16	1.4616e-06	0.00048202	0.00036181	0.00012021	2.2037e-17
18.17	7.2794e-07	0.00024033	0.00018007	6.026e-05	2.1423e-17
18.18	1.323e-06	0.00043728	0.0003278	0.00010948	2.0749e-17
18.19	2.607e-06	0.00086259	0.00064733	0.00021526	1.9684e-17
18.2	3.079e-06	0.0010199	0.00076574	0.00025413	1.8392e-17
18.21	2.1891e-06	0.00072591	0.00054508	0.00018083	1.7619e-17
18.22	1.0282e-06	0.00034133	0.00025603	8.5305e-05	1.7613e-17
18.23	1.0228e-06	0.0003399	0.0002546	8.53e-05	1.7905e-17
18.24	2.1967e-06	0.00073085	0.00054806	0.00018279	1.8294e-17
18.25	3.1302e-06	0.0010426	0.00078226	0.0002603	1.9078e-17
18.26	2.6846e-06	0.00089512	0.0006717	0.00022342	2.0094e-17
18.27	1.3816e-06	0.00046116	0.00034587	0.00011528	2.0518e-17
18.28	7.4432e-07	0.00024872	0.0001864	6.232e-05	2.0021e-17
18.29	1.4319e-06	0.00047901	0.0003595	0.0001195	1.9276e-17
18.3	2.4742e-06	0.0008286	0.00062225	0.00020635	1.8916e-17
18.31	2.511e-06	0.00084184	0.00063229	0.00020954	1.8807e-17
18.32	1.4497e-06	0.00048656	0.0003654	0.00012116	1.8727e-17
18.33	5.0734e-07	0.00017046	0.00012786	4.2603e-05	1.8883e-17
18.34	6.7296e-07	0.00022636	0.00016977	5.6583e-05	1.923e-17
18.35	1.5476e-06	0.00052111	0.00039121	0.0001299	1.9118e-17
18.36	1.9315e-06	0.00065109	0.00048894	0.00016215	1.8342e-17
18.37	1.3145e-06	0.00044357	0.00033313	0.00011044	1.7799e-17
18.38	4.0742e-07	0.00013764	0.00010329	3.4343e-05	1.8308e-17
18.39	1.78e-07	6.0197e-05	4.5035e-05	1.5162e-05	1.9298e-17
18.4	6.9539e-07	0.00023543	0.00017661	5.8823e-05	1.9518e-17
18.41	1.17e-06	0.00039653	0.00029766	9.8878e-05	1.868e-17
18.42	9.8495e-07	0.00033419	0.00025091	8.3278e-05	1.7594e-17
18.43	3.7397e-07	0.00012702	9.5362e-05	3.1661e-05	1.6964e-17
18.44	1.1879e-08	4.0393e-06	3.0094e-06	1.0299e-06	1.6809e-17
18.45	1.7423e-07	5.9309e-05	4.4554e-05	1.4754e-05	1.6912e-17
18.46	5.097e-07	0.00017369	0.00013053	4.3162e-05	1.7118e-17
18.47	5.6595e-07	0.00019307	0.00014513	4.7937e-05	1.724e-17
18.48	3.1337e-07	0.00010702	8.049e-05	2.6531e-05	1.7209e-17
18.49	7.4184e-08	2.5362e-05	1.91e-05	6.2624e-06	1.7226e-17
18.5	7.6372e-08	2.6138e-05	1.964e-05	6.4984e-06	1.7337e-17
18.51	2.2648e-07	7.7596e-05	5.8299e-05	1.9297e-05	1.7127e-17
18.52	3.0134e-07	0.00010336	7.7695e-05	2.5663e-05	1.6391e-17
18.53	2.337e-07	8.0244e-05	6.0374e-05	1.987e-05	1.5785e-17
18.54	1.4214e-07	4.8859e-05	3.6803e-05	1.2056e-05	1.6096e-17
18.55	1.3685e-07	4.7091e-05	3.5442e-05	1.1649e-05	1.7088e-17
18.56	1.8659e-07	6.4274e-05	4.8311e-05	1.5963e-05	1.7873e-17
18.57	1.9599e-07	6.7588e-05	5.0793e-05	1.6795e-05	1.8299e-17
18.58	1.528e-07	5.2751e-05	3.9672e-05	1.3078e-05	1.9048e-17
18.59	1.3553e-07	4.6839e-05	3.5244e-05	1.1594e-05	2.0246e-17
18.6	1.8386e-07	6.361e-05	4.7815e-05	1.5794e-05	2.0921e-17
18.61	2.2869e-07	7.9201e-05	5.9492e-05	1.9709e-05	2.0282e-17
18.62	1.9082e-07	6.6158e-05	4.971e-05	1.6448e-05	1.8945e-17
18.63	1.0813e-07	3.7529e-05	2.8267e-05	9.2624e-06	1.8393e-17
18.64	9.8102e-08	3.4086e-05	2.5713e-05	8.372e-06	1.9503e-17
18.65	1.9696e-07	6.8509e-05	5.1526e-05	1.6982e-05	2.1808e-17
18.66	3.0286e-07	0.00010545	7.9206e-05	2.6247e-05	2.393e-17
18.67	3.066e-07	0.00010687	8.026e-05	2.661e-05	2.4633e-17
18.68	2.2468e-07	7.8399e-05	5.8926e-05	1.9473e-05	2.382e-17
18.69	1.5545e-07	5.4301e-05	4.0857e-05	1.3444e-05	2.2721e-17
18.7	1.4464e-07	5.058e-05	3.8032e-05	1.2548e-05	2.2837e-17
18.71	1.5989e-07	5.5971e-05	4.205e-05	1.3921e-05	2.4566e-17
18.72	1.7749e-07	6.22e-05	4.6766e-05	1.5434e-05	2.6968e-17
18.73	2.1227e-07	7.4466e-05	5.605e-05	1.8416e-05	2.8768e-17
18.74	2.4855e-07	8.7288e-05	6.5683e-05	2.1605e-05	2.9292e-17
18.75	2.2412e-07	7.8791e-05	5.9215e-05	1.9576e-05	2.8613e-17
18.76	1.3277e-07	4.6728e-05	3.5064e-05	1.1664e-05	2.729e-17
18.77	8.0169e-08	2.8244e-05	2.1225e-05	7.0196e-06	2.5941e-17
18.78	1.5887e-07	5.6033e-05	4.2205e-05	1.3827e-05	2.4786e-17
18.79	2.9696e-07	0.00010485	7.8907e-05	2.594e-05	2.3741e-17
18.8	3.2283e-07	0.0001141	8.5769e-05	2.8331e-05	2.3171e-17
18.81	1.9249e-07	6.8106e-05	5.111e-05	1.6995e-05	2.3914e-17
18.82	6.6027e-08	2.3386e-05	1.7522e-05	5.8644e-06	2.5969e-17
18.83	1.0623e-07	3.7666e-05	2.8379e-05	9.2875e-06	2.7889e-17
18.84	2.6283e-07	9.329e-05	7.0302e-05	2.2989e-05	2.8498e-17
18.85	3.3761e-07	0.00011996	9.036e-05	2.9602e-05	2.8478e-17
18.86	2.4304e-07	8.645e-05	6.5077e-05	2.1373e-05	2.893e-17
18.87	1.0605e-07	3.7761e-05	2.8354e-05	9.4066e-06	2.9192e-17
18.88	8.9015e-08	3.173e-05	2.3755e-05	7.9745e-06	2.8155e-17
18.89	1.8264e-07	6.517e-05	4.8932e-05	1.6238e-05	2.7218e-17
18.9	2.4288e-07	8.6758e-05	6.5271e-05	2.1487e-05	2.8998e-17
18.91	1.9769e-07	7.0693e-05	5.3281e-05	1.7413e-05	3.269e-17
18.92	1.3134e-07	4.7015e-05	3.5461e-05	1.1553e-05	3.3915e-17
18.93	1.4702e-07	5.2685e-05	3.9613e-05	1.3072e-05	3.0753e-17
18.94	2.1726e-07	7.7936e-05	5.8491e-05	1.9445e-05	2.6976e-17
18.95	2.2973e-07	8.2497e-05	6.1903e-05	2.0594e-05	2.6908e-17
18.96	1.5347e-07	5.517e-05	4.1428e-05	1.3743e-05	2.9678e-17
18.97	8.9453e-08	3.2191e-05	2.4235e-05	7.9555e-06	3.1645e-17
18.98	1.3683e-07	4.929e-05	3.7129e-05	1.2161e-05	3.2283e-17
18.99	2.553e-07	9.2067e-05	6.9269e-05	2.2798e-05	3.3636e-17
19	3.0516e-07	0.00011016	8.2818e-05	2.7345e-05	3.5294e-17
19.01	2.1747e-07	7.8589e-05	5.9029e-05	1.956e-05	3.47e-17
19.02	8.7027e-08	3.1483e-05	2.3611e-05	7.8721e-06	3.2398e-17
19.03	7.2855e-08	2.6384e-05	1.983e-05	6.5538e-06	3.2157e-17
19.04	2.1297e-07	7.7205e-05	5.8097e-05	1.9108e-05	3.4705e-17
19.05	3.6383e-07	0.00013203	9.932e-05	3.2715e-05	3.5965e-17
19.06	3.4933e-07	0.0001269	9.5415e-05	3.149e-05	3.3715e-17
19.07	1.7003e-07	6.1834e-05	4.6473e-05	1.5361e-05	3.1799e-17
19.08	2.809e-08	1.0226e-05	7.7123e-06	2.5137e-06	3.4371e-17
19.09	1.068e-07	3.8922e-05	2.9303e-05	9.6185e-06	3.928e-17
19.1	3.4169e-07	0.00012465	9.3659e-05	3.0992e-05	4.1242e-17
19.11	4.7153e-07	0.0001722	0.00012925	4.2954e-05	3.9363e-17
19.12	3.4054e-07	0.00012449	9.3324e-05	3.1168e-05	3.7186e-17
19.13	9.4449e-08	3.4564e-05	2.5845e-05	8.7194e-06	3.6547e-17
19.14	1.6089e-08	5.894e-06	4.4767e-06	1.4172e-06	3.5936e-17
19.15	1.9085e-07	6.9989e-05	5.2722e-05	1.7267e-05	3.4738e-17
19.16	4.1186e-07	0.0001512	0.00011369	3.7506e-05	3.4719e-17
19.17	4.32e-07	0.00015875	0.00011931	3.9446e-05	3.6375e-17
19.18	2.4229e-07	8.9133e-05	6.7013e-05	2.212e-05	3.7423e-17
19.19	5.4543e-08	2.0086e-05	1.5159e-05	4.9265e-06	3.6346e-17
19.2	5.0387e-08	1.8575e-05	1.3948e-05	4.627e-06	3.4609e-17
19.21	2.0719e-07	7.6458e-05	5.7309e-05	1.915e-05	3.3988e-17
19.22	3.5771e-07	0.00013214	9.9138e-05	3.3004e-05	3.4202e-17
19.23	3.6437e-07	0.00013474	0.00010126	3.3478e-05	3.4562e-17
19.24	2.2784e-07	8.434e-05	6.3568e-05	2.0772e-05	3.5556e-17
19.25	7.1925e-08	2.6653e-05	2.0185e-05	6.4678e-06	3.7162e-17
19.26	4.1267e-08	1.5308e-05	1.1431e-05	3.8772e-06	3.7789e-17
19.27	1.761e-07	6.5392e-05	4.8886e-05	1.6506e-05	3.6691e-17
19.28	3.5823e-07	0.00013316	9.9865e-05	3.3297e-05	3.5545e-17
19.29	4.0641e-07	0.00015123	0.00011365	3.7573e-05	3.5802e-17
19.3	2.6133e-07	9.7344e-05	7.3312e-05	2.4032e-05	3.6348e-17
19.31	6.6313e-08	2.4726e-05	1.8712e-05	6.0144e-06	3.574e-17
19.32	2.9231e-08	1.0911e-05	8.1992e-06	2.7115e-06	3.4811e-17
19.33	1.997e-07	7.462e-05	5.5989e-05	1.8631e-05	3.4699e-17
19.34	4.093e-07	0.00015309	0.00011498	3.8118e-05	3.4127e-17
19.35	4.4582e-07	0.00016693	0.00012544	4.1489e-05	3.1638e-17
19.36	2.7288e-07	0.00010228	7.69e-05	2.5378e-05	2.9078e-17
19.37	6.4471e-08	2.4189e-05	1.8208e-05	5.9814e-06	2.9342e-17
19.38	2.7372e-08	1.0281e-05	7.7195e-06	2.5611e-06	3.1312e-17
19.39	1.956e-07	7.3539e-05	5.525e-05	1.8289e-05	3.0904e-17
19.4	3.9715e-07	0.00014947	0.00011236	3.7107e-05	2.7409e-17
19.41	4.242e-07	0.00015981	0.00012021	3.9607e-05	2.4979e-17
19.42	2.4488e-07	9.2354e-05	6.9525e-05	2.2828e-05	2.6493e-17
19.43	4.5528e-08	1.7188e-05	1.2971e-05	4.2166e-06	2.9352e-17
19.44	4.444e-08	1.6794e-05	1.2596e-05	4.1982e-06	2.9453e-17
19.45	2.5421e-07	9.6167e-05	7.223e-05	2.3937e-05	2.6766e-17
19.46	4.5134e-07	0.00017092	0.00012844	4.2476e-05	2.439e-17
19.47	4.1259e-07	0.00015641	0.00011756	3.885e-05	2.3862e-17
19.48	1.7379e-07	6.5946e-05	4.9561e-05	1.6386e-05	2.4146e-17
19.49	7.5968e-09	2.8857e-06	2.1804e-06	7.0537e-07	2.4368e-17
19.5	1.1775e-07	4.4775e-05	3.3708e-05	1.1066e-05	2.4889e-17
19.51	3.9159e-07	0.00014906	0.00011208	3.6974e-05	2.5712e-17
19.52	5.1629e-07	0.00019672	0.00014781	4.8912e-05	2.5909e-17
19.53	3.4398e-07	0.0001312	9.8469e-05	3.2732e-05	2.5046e-17
19.54	7.4716e-08	2.8527e-05	2.1345e-05	7.1824e-06	2.3802e-17
19.55	2.3623e-08	9.0287e-06	6.853e-06	2.1758e-06	2.2841e-17
19.56	2.4238e-07	9.2733e-05	6.9853e-05	2.2881e-05	2.2077e-17
19.57	4.5721e-07	0.0001751	0.00013166	4.3446e-05	2.126e-17
19.58	4.0469e-07	0.00015515	0.00011649	3.8656e-05	2.0496e-17
19.59	1.529e-07	5.8678e-05	4.3967e-05	1.4711e-05	2.0055e-17
19.6	1.1149e-08	4.2829e-06	3.2296e-06	1.0534e-06	2.0265e-17
19.61	1.4452e-07	5.5576e-05	4.1897e-05	1.3679e-05	2.1438e-17
19.62	3.7483e-07	0.00014429	0.00010853	3.5762e-05	2.3271e-17
19.63	4.0999e-07	0.00015798	0.00011871	3.9275e-05	2.458e-17
19.64	2.0824e-07	8.0325e-05	6.0325e-05	1.9999e-05	2.4383e-17
19.65	2.4719e-08	9.5445e-06	7.1912e-06	2.3533e-06	2.3076e-17
19.66	9.0882e-08	3.5127e-05	2.6416e-05	8.7109e-06	2.1825e-17
19.67	3.291e-07	0.00012733	9.5614e-05	3.1718e-05	2.1103e-17
19.68	4.5083e-07	0.00017461	0.00013108	4.3525e-05	2.0587e-17
19.69	3.0996e-07	0.00012017	9.0245e-05	2.9925e-05	2.0124e-17
19.7	7.6345e-08	2.9629e-05	2.2304e-05	7.3248e-06	1.9809e-17
19.71	2.4554e-08	9.5389e-06	7.1809e-06	2.3581e-06	1.9349e-17
19.72	2.0415e-07	7.939e-05	5.9546e-05	1.9844e-05	1.8401e-17
19.73	3.9113e-07	0.00015226	0.00011426	3.7997e-05	1.7388e-17
19.74	3.6527e-07	0.00014234	0.00010692	3.5412e-05	1.6926e-17
19.75	1.6581e-07	6.4678e-05	4.8707e-05	1.597e-05	1.6613e-17
19.76	2.5985e-08	1.0146e-05	7.7085e-06	2.4377e-06	1.5582e-17
19.77	9.0053e-08	3.5197e-05	2.6369e-05	8.8287e-06	1.4181e-17
19.78	2.6123e-07	0.0001022	7.6601e-05	2.5604e-05	1.3737e-17
19.79	3.3788e-07	0.00013233	9.9286e-05	3.3043e-05	1.4486e-17
19.8	2.4607e-07	9.6471e-05	7.249e-05	2.398e-05	1.5149e-17
19.81	9.861e-08	3.8698e-05	2.9174e-05	9.5244e-06	1.4956e-17
19.82	4.7861e-08	1.8801e-05	1.4199e-05	4.6026e-06	1.4669e-17
19.83	1.251e-07	4.9194e-05	3.6959e-05	1.2235e-05	1.5007e-17
19.84	2.3134e-07	9.1063e-05	6.8389e-05	2.2673e-05	1.5415e-17
19.85	2.5637e-07	0.00010101	7.5917e-05	2.5097e-05	1.5291e-17
19.86	1.8542e-07	7.3133e-05	5.5035e-05	1.8098e-05	1.5216e-17
19.87	9.6683e-08	3.8172e-05	2.8762e-05	9.4105e-06	1.586e-17
19.88	7.2919e-08	2.8819e-05	2.1642e-05	7.1765e-06	1.6656e-17
19.89	1.245e-07	4.9255e-05	3.6924e-05	1.2331e-05	1.6753e-17
19.9	1.9353e-07	7.664e-05	5.7568e-05	1.9072e-05	1.6507e-17
19.91	2.1861e-07	8.6658e-05	6.5276e-05	2.1383e-05	1.678e-17
19.92	1.857e-07	7.3686e-05	5.563e-05	1.8056e-05	1.738e-17
19.93	1.2583e-07	4.9979e-05	3.7703e-05	1.2276e-05	1.7477e-17
19.94	8.5441e-08	3.3972e-05	2.546e-05	8.5117e-06	1.712e-17
19.95	1.0014e-07	3.9857e-05	2.9824e-05	1.0033e-05	1.7055e-17
19.96	1.6841e-07	6.7096e-05	5.0471e-05	1.6625e-05	1.7323e-17
19.97	2.3388e-07	9.327e-05	7.0344e-05	2.2926e-05	1.7341e-17
19.98	2.2165e-07	8.8483e-05	6.6736e-05	2.1746e-05	1.7222e-17
19.99	1.2746e-07	5.0932e-05	3.8328e-05	1.2604e-05	1.7709e-17
20	5.2891e-08	2.1157e-05	1.583e-05	5.327e-06	1.8725e-17
20.01	1.0124e-07	4.0538e-05	3.0468e-05	1.0071e-05	1.924e-17
20.02	2.3521e-07	9.4274e-05	7.0986e-05	2.3288e-05	1.8871e-17
20.03	2.968e-07	0.00011908	8.9645e-05	2.9433e-05	1.8508e-17
20.04	2.0141e-07	8.0885e-05	6.0856e-05	2.0029e-05	1.8936e-17
20.05	6.1521e-08	2.4731e-05	1.8599e-05	6.1321e-06	1.9744e-17
20.06	5.473e-08	2.2024e-05	1.6574e-05	5.4495e-06	2.0003e-17
20.07	1.9181e-07	7.7262e-05	5.8067e-05	1.9195e-05	1.9339e-17
20.08	2.9653e-07	0.00011956	8.977e-05	2.9794e-05	1.7994e-17
20.09	2.3488e-07	9.4799e-05	7.1108e-05	2.3691e-05	1.6498e-17
20.1	9.0287e-08	3.6477e-05	2.7354e-05	9.1231e-06	1.5542e-17
20.11	5.0239e-08	2.0317e-05	1.5344e-05	4.9739e-06	1.5535e-17
20.12	1.5896e-07	6.4348e-05	4.8484e-05	1.5864e-05	1.6016e-17
20.13	2.6626e-07	0.00010789	8.1154e-05	2.6739e-05	1.6121e-17
20.14	2.3165e-07	9.3964e-05	7.0628e-05	2.3336e-05	1.579e-17
20.15	1.0516e-07	4.2696e-05	3.2093e-05	1.0604e-05	1.5799e-17
20.16	5.2415e-08	2.1303e-05	1.6005e-05	5.2979e-06	1.6475e-17
20.17	1.3669e-07	5.5609e-05	4.1738e-05	1.3872e-05	1.7228e-17
20.18	2.4513e-07	9.9824e-05	7.495e-05	2.4875e-05	1.7619e-17
20.19	2.4115e-07	9.8303e-05	7.3888e-05	2.4415e-05	1.8017e-17
20.2	1.3427e-07	5.4787e-05	4.1287e-05	1.35e-05	1.887e-17
20.21	5.6613e-08	2.3123e-05	1.7476e-05	5.6468e-06	2.019e-17
20.22	9.4014e-08	3.8437e-05	2.885e-05	9.5872e-06	2.21e-17
20.23	1.9016e-07	7.7824e-05	5.8346e-05	1.9478e-05	2.4881e-17
20.24	2.2837e-07	9.3552e-05	7.0198e-05	2.3353e-05	2.7978e-17
20.25	1.7199e-07	7.0526e-05	5.2995e-05	1.753e-05	2.999e-17
20.26	9.3906e-08	3.8545e-05	2.9011e-05	9.5348e-06	3.036e-17
20.27	7.9576e-08	3.2696e-05	2.4608e-05	8.0878e-06	3.0177e-17
20.28	1.3295e-07	5.4679e-05	4.115e-05	1.3528e-05	3.0626e-17
20.29	1.8678e-07	7.6895e-05	5.7906e-05	1.8989e-05	3.1643e-17
20.3	1.8544e-07	7.6416e-05	5.7553e-05	1.8863e-05	3.2899e-17
20.31	1.3858e-07	5.7163e-05	4.2995e-05	1.4168e-05	3.4942e-17
20.32	9.7618e-08	4.0307e-05	3.0234e-05	1.0073e-05	3.8101e-17
20.33	9.6868e-08	4.0036e-05	3.0044e-05	9.9926e-06	4.1204e-17
20.34	1.2663e-07	5.2387e-05	3.9423e-05	1.2964e-05	4.2871e-17
20.35	1.5562e-07	6.4448e-05	4.8553e-05	1.5895e-05	4.346e-17
20.36	1.6461e-07	6.8236e-05	5.1375e-05	1.6861e-05	4.4295e-17
20.37	1.5327e-07	6.3597e-05	4.7824e-05	1.5773e-05	4.5509e-17
20.38	1.28e-07	5.3162e-05	3.9947e-05	1.3215e-05	4.6183e-17
20.39	1.0047e-07	4.1771e-05	3.1388e-05	1.0383e-05	4.6169e-17
20.4	9.4742e-08	3.9428e-05	2.9646e-05	9.7816e-06	4.6083e-17
20.41	1.3049e-07	5.4359e-05	4.0901e-05	1.3458e-05	4.5756e-17
20.42	1.8628e-07	7.7674e-05	5.8464e-05	1.9209e-05	4.4467e-17
20.43	2.0169e-07	8.418e-05	6.3357e-05	2.0824e-05	4.2642e-17
20.44	1.4513e-07	6.0632e-05	4.5595e-05	1.5038e-05	4.1524e-17
20.45	7.0518e-08	2.9491e-05	2.2119e-05	7.3716e-06	4.1157e-17
20.46	6.8903e-08	2.8844e-05	2.1654e-05	7.1899e-06	4.0632e-17
20.47	1.5396e-07	6.4514e-05	4.858e-05	1.5934e-05	4.0387e-17
20.48	2.3142e-07	9.7066e-05	7.3141e-05	2.3925e-05	4.192e-17
20.49	2.0958e-07	8.7989e-05	6.6289e-05	2.17e-05	4.4719e-17
20.5	1.1534e-07	4.847e-05	3.647e-05	1.2e-05	4.6108e-17
20.51	6.0746e-08	2.5553e-05	1.9175e-05	6.3783e-06	4.5329e-17
20.52	1.0245e-07	4.3139e-05	3.2424e-05	1.0715e-05	4.5153e-17
20.53	1.7873e-07	7.5333e-05	5.6682e-05	1.8651e-05	4.757e-17
20.54	1.9772e-07	8.3418e-05	6.2759e-05	2.0659e-05	5.0232e-17
20.55	1.4883e-07	6.285e-05	4.7252e-05	1.5598e-05	4.9787e-17
20.56	9.7239e-08	4.1104e-05	3.0888e-05	1.0217e-05	4.6972e-17
20.57	9.2271e-08	3.9042e-05	2.9369e-05	9.6733e-06	4.5298e-17
20.58	1.2019e-07	5.0903e-05	3.8307e-05	1.2595e-05	4.5717e-17
20.59	1.4339e-07	6.0789e-05	4.571e-05	1.5078e-05	4.594e-17
20.6	1.4874e-07	6.3118e-05	4.7422e-05	1.5696e-05	4.4788e-17
20.61	1.4353e-07	6.0969e-05	4.582e-05	1.5149e-05	4.3833e-17
20.62	1.3e-07	5.5274e-05	4.1595e-05	1.3679e-05	4.4111e-17
20.63	1.079e-07	4.5924e-05	3.4587e-05	1.1337e-05	4.4253e-17
20.64	9.2409e-08	3.9367e-05	2.9609e-05	9.7586e-06	4.3141e-17
20.65	1.0504e-07	4.479e-05	3.3635e-05	1.1156e-05	4.1962e-17
20.66	1.4228e-07	6.0729e-05	4.5652e-05	1.5078e-05	4.2051e-17
20.67	1.6873e-07	7.2091e-05	5.4296e-05	1.7795e-05	4.2682e-17
20.68	1.5333e-07	6.5572e-05	4.9448e-05	1.6123e-05	4.2687e-17
20.69	1.0855e-07	4.6468e-05	3.5012e-05	1.1456e-05	4.2596e-17
20.7	8.3258e-08	3.5675e-05	2.6767e-05	8.9078e-06	4.3326e-17
20.71	1.1114e-07	4.7667e-05	3.5746e-05	1.1921e-05	4.4025e-17
20.72	1.6931e-07	7.2687e-05	5.466e-05	1.8027e-05	4.3232e-17
20.73	1.9609e-07	8.4267e-05	6.349e-05	2.0777e-05	4.1392e-17
20.74	1.5618e-07	6.7182e-05	5.064e-05	1.6542e-05	4.0375e-17
20.75	8.5712e-08	3.6904e-05	2.7751e-05	9.1534e-06	4.0914e-17
20.76	6.1435e-08	2.6477e-05	1.9822e-05	6.6549e-06	4.2189e-17
20.77	1.1728e-07	5.0593e-05	3.8014e-05	1.2579e-05	4.3512e-17
20.78	1.9828e-07	8.5617e-05	6.4492e-05	2.1125e-05	4.4729e-17
20.79	2.134e-07	9.2238e-05	6.9546e-05	2.2692e-05	4.5134e-17
20.8	1.3934e-07	6.0285e-05	4.547e-05	1.4815e-05	4.3841e-17
20.81	5.6345e-08	2.4401e-05	1.8381e-05	6.0194e-06	4.1486e-17
20.82	6.261e-08	2.714e-05	2.0354e-05	6.7855e-06	4.0001e-17
20.83	1.575e-07	6.8337e-05	5.1269e-05	1.7068e-05	4.0163e-17
20.84	2.3503e-07	0.00010207	7.6593e-05	2.548e-05	4.0615e-17
20.85	2.0571e-07	8.9426e-05	6.7111e-05	2.2314e-05	3.994e-17
20.86	1.0401e-07	4.526e-05	3.4025e-05	1.1234e-05	3.8612e-17
20.87	4.7424e-08	2.0656e-05	1.564e-05	5.0155e-06	3.817e-17
20.88	9.5503e-08	4.1637e-05	3.1374e-05	1.0263e-05	3.9221e-17
20.89	1.8371e-07	8.0169e-05	6.0163e-05	2.0006e-05	4.1059e-17
20.9	2.0904e-07	9.131e-05	6.8423e-05	2.2886e-05	4.2819e-17
20.91	1.5152e-07	6.6251e-05	4.9685e-05	1.6566e-05	4.4329e-17
20.92	8.3045e-08	3.6344e-05	2.7404e-05	8.9404e-06	4.5864e-17
20.93	7.2092e-08	3.1581e-05	2.3874e-05	7.7067e-06	4.738e-17
20.94	1.1492e-07	5.0392e-05	3.7856e-05	1.2536e-05	4.8094e-17
20.95	1.6037e-07	7.0385e-05	5.2733e-05	1.7652e-05	4.7083e-17
20.96	1.6935e-07	7.4397e-05	5.581e-05	1.8588e-05	4.4586e-17
20.97	1.3848e-07	6.0896e-05	4.5859e-05	1.5037e-05	4.225e-17
20.98	9.2442e-08	4.0689e-05	3.0751e-05	9.938e-06	4.1385e-17
20.99	7.1757e-08	3.1615e-05	2.3801e-05	7.814e-06	4.1286e-17
21	1.0574e-07	4.6631e-05	3.4925e-05	1.1706e-05	4.0269e-17
21.01	1.7211e-07	7.5974e-05	5.6989e-05	1.8985e-05	3.8225e-17
21.02	2.0005e-07	8.8392e-05	6.6479e-05	2.1914e-05	3.6933e-17
21.03	1.4661e-07	6.4838e-05	4.8884e-05	1.5954e-05	3.7605e-17
21.04	6.4408e-08	2.8512e-05	2.1534e-05	6.9781e-06	3.9266e-17
21.05	5.4999e-08	2.437e-05	1.8296e-05	6.0741e-06	4.0094e-17
21.06	1.4347e-07	6.3633e-05	4.7736e-05	1.5897e-05	3.9439e-17
21.07	2.34e-07	0.00010388	7.801e-05	2.5873e-05	3.8008e-17
21.08	2.1834e-07	9.7021e-05	7.2917e-05	2.4104e-05	3.6886e-17
21.09	1.0966e-07	4.8777e-05	3.6711e-05	1.2066e-05	3.6966e-17
21.1	3.2854e-08	1.4627e-05	1.1055e-05	3.5718e-06	3.8556e-17
21.11	7.9732e-08	3.5531e-05	2.6713e-05	8.8184e-06	4.0894e-17
21.12	2.0265e-07	9.0391e-05	6.7846e-05	2.2545e-05	4.2696e-17
21.13	2.6809e-07	0.0001197	8.981e-05	2.9887e-05	4.3668e-17
21.14	2.039e-07	9.1121e-05	6.8383e-05	2.2739e-05	4.4723e-17
21.15	7.6844e-08	3.4374e-05	2.5852e-05	8.5218e-06	4.6281e-17
21.16	2.2662e-08	1.0147e-05	7.7034e-06	2.4434e-06	4.7407e-17
21.17	1.0434e-07	4.6763e-05	3.5156e-05	1.1608e-05	4.7356e-17
21.18	2.4262e-07	0.00010884	8.1694e-05	2.7143e-05	4.6827e-17
21.19	2.9219e-07	0.0001312	9.8468e-05	3.2731e-05	4.6639e-17
21.2	1.9472e-07	8.7515e-05	6.5707e-05	2.1808e-05	4.6247e-17
21.21	5.1906e-08	2.3351e-05	1.7563e-05	5.7878e-06	4.4972e-17
21.22	2.6991e-08	1.2154e-05	9.1577e-06	2.9961e-06	4.3812e-17
21.23	1.6297e-07	7.3451e-05	5.5191e-05	1.826e-05	4.4294e-17
21.24	3.1849e-07	0.00014368	0.00010796	3.5721e-05	4.6001e-17
21.25	3.1519e-07	0.00014233	0.00010697	3.5359e-05	4.6963e-17
21.26	1.4783e-07	6.6819e-05	5.0244e-05	1.6576e-05	4.6336e-17
21.27	9.0201e-09	4.0808e-06	3.0833e-06	9.9747e-07	4.5023e-17
21.28	7.4954e-08	3.3942e-05	2.55e-05	8.4419e-06	4.3745e-17
21.29	2.8899e-07	0.00013099	9.8429e-05	3.256e-05	4.2363e-17
21.3	4.1018e-07	0.0001861	0.00013987	4.6229e-05	4.1271e-17
21.31	2.9247e-07	0.00013282	9.9854e-05	3.2962e-05	4.1513e-17
21.32	6.967e-08	3.1668e-05	2.3834e-05	7.8343e-06	4.2812e-17
21.33	1.1174e-08	5.0839e-06	3.8021e-06	1.2817e-06	4.3217e-17
21.34	2.0358e-07	9.2709e-05	6.9585e-05	2.3125e-05	4.1656e-17
21.35	4.3724e-07	0.0001993	0.00014967	4.9636e-05	3.9409e-17
21.36	4.4458e-07	0.00020284	0.00015237	5.0464e-05	3.808e-17
21.37	2.153e-07	9.8321e-05	7.3901e-05	2.442e-05	3.752e-17
21.38	1.3871e-08	6.3403e-06	4.7741e-06	1.5661e-06	3.6888e-17
21.39	7.4381e-08	3.4032e-05	2.5472e-05	8.5596e-06	3.6473e-17
21.4	3.2909e-07	0.00015071	0.00011302	3.7692e-05	3.6998e-17
21.41	4.8675e-07	0.00022312	0.0001674	5.5723e-05	3.8074e-17
21.42	3.6778e-07	0.00016874	0.00012663	4.211e-05	3.8807e-17
21.43	1.0856e-07	4.9858e-05	3.7421e-05	1.2436e-05	3.9298e-17
21.44	2.933e-09	1.3482e-06	9.9512e-07	3.5312e-07	4.0181e-17
21.45	1.6597e-07	7.6363e-05	5.7271e-05	1.9092e-05	4.128e-17
21.46	4.0538e-07	0.00018669	0.00014007	4.6618e-05	4.2017e-17
21.47	4.4472e-07	0.000205	0.00015384	5.1158e-05	4.2567e-17
21.48	2.4005e-07	0.00011076	8.314e-05	2.7615e-05	4.3232e-17
21.49	2.6563e-08	1.2267e-05	9.2197e-06	3.0477e-06	4.3308e-17
21.5	4.4496e-08	2.0568e-05	1.5395e-05	5.1729e-06	4.2112e-17
21.51	2.6385e-07	0.00012208	9.1507e-05	3.0571e-05	4.0639e-17
21.52	4.2517e-07	0.0001969	0.00014764	4.9266e-05	4.0458e-17
21.53	3.4278e-07	0.00015889	0.00011916	3.9737e-05	4.1272e-17
21.54	1.1466e-07	5.3198e-05	3.9908e-05	1.329e-05	4.1421e-17
21.55	8.9373e-10	4.1505e-07	3.2989e-07	8.5164e-08	4.0684e-17
21.56	1.2186e-07	5.6645e-05	4.2513e-05	1.4132e-05	4.0519e-17
21.57	3.2721e-07	0.00015224	0.00011424	3.7997e-05	4.1354e-17
21.58	3.7702e-07	0.00017557	0.00013178	4.3794e-05	4.185e-17
21.59	2.1665e-07	0.00010099	7.5836e-05	2.5153e-05	4.1518e-17
21.6	3.1666e-08	1.4774e-05	1.1121e-05	3.6532e-06	4.1799e-17
21.61	2.9963e-08	1.3993e-05	1.0504e-05	3.4889e-06	4.3335e-17
21.62	2.0644e-07	9.6497e-05	7.2441e-05	2.4055e-05	4.4202e-17
21.63	3.556e-07	0.00016637	0.00012495	4.1418e-05	4.2667e-17
21.64	3.0982e-07	0.00014509	0.00010902	3.6066e-05	4.0291e-17
21.65	1.2607e-07	5.9092e-05	4.4441e-05	1.4652e-05	4.0235e-17
21.66	1.0362e-08	4.8613e-06	3.6774e-06	1.1839e-06	4.3226e-17
21.67	7.6883e-08	3.6104e-05	2.7135e-05	8.969e-06	4.6971e-17
21.68	2.26e-07	0.00010623	7.9835e-05	2.6391e-05	4.9087e-17
21.69	2.7467e-07	0.00012922	9.7126e-05	3.2095e-05	4.8999e-17
21.7	1.7181e-07	8.0903e-05	6.0807e-05	2.0095e-05	4.7317e-17
21.71	4.4068e-08	2.077e-05	1.561e-05	5.1604e-06	4.5065e-17
21.72	3.5005e-08	1.6514e-05	1.2432e-05	4.0818e-06	4.3581e-17
21.73	1.4187e-07	6.6989e-05	5.0399e-05	1.659e-05	4.3685e-17
21.74	2.3391e-07	0.00011055	8.3141e-05	2.7412e-05	4.4695e-17
21.75	2.0929e-07	9.9009e-05	7.4429e-05	2.458e-05	4.5259e-17
21.76	1.0146e-07	4.8042e-05	3.6091e-05	1.1951e-05	4.52e-17
21.77	2.8958e-08	1.3724e-05	1.0303e-05	3.4208e-06	4.5461e-17
21.78	6.3021e-08	2.9895e-05	2.2492e-05	7.4031e-06	4.6291e-17
21.79	1.5911e-07	7.5546e-05	5.6842e-05	1.8704e-05	4.6726e-17
21.8	2.1297e-07	0.00010121	7.6162e-05	2.5049e-05	4.6045e-17
21.81	1.72e-07	8.1817e-05	6.1594e-05	2.0223e-05	4.4627e-17
21.82	8.5391e-08	4.0656e-05	3.0628e-05	1.0028e-05	4.3154e-17
21.83	4.5347e-08	2.161e-05	1.625e-05	5.3601e-06	4.1977e-17
21.84	8.619e-08	4.1111e-05	3.0856e-05	1.0255e-05	4.1409e-17
21.85	1.52e-07	7.2568e-05	5.4509e-05	1.8059e-05	4.1582e-17
21.86	1.6609e-07	7.937e-05	5.9684e-05	1.9686e-05	4.1829e-17
21.87	1.1852e-07	5.6689e-05	4.2689e-05	1.4e-05	4.1287e-17
21.88	6.951e-08	3.3277e-05	2.508e-05	8.1971e-06	4.0293e-17
21.89	7.1823e-08	3.4416e-05	2.5871e-05	8.545e-06	4.0026e-17
21.9	1.1188e-07	5.3658e-05	4.0277e-05	1.3381e-05	4.0591e-17
21.91	1.3686e-07	6.5699e-05	4.9332e-05	1.6368e-05	4.0846e-17
21.92	1.2267e-07	5.8943e-05	4.4319e-05	1.4625e-05	4.0489e-17
21.93	9.4573e-08	4.5483e-05	3.4273e-05	1.1209e-05	4.0713e-17
21.94	8.5263e-08	4.1042e-05	3.0949e-05	1.0093e-05	4.2083e-17
21.95	9.5408e-08	4.5968e-05	3.4588e-05	1.138e-05	4.3337e-17
21.96	1.0463e-07	5.0457e-05	3.7877e-05	1.258e-05	4.3411e-17
21.97	1.0526e-07	5.0805e-05	3.8114e-05	1.2691e-05	4.3197e-17
21.98	1.0699e-07	5.1688e-05	3.8837e-05	1.2851e-05	4.3866e-17
21.99	1.128e-07	5.4546e-05	4.1066e-05	1.348e-05	4.466e-17
22	1.1016e-07	5.3319e-05	4.0171e-05	1.3148e-05	4.4082e-17
22.01	9.3578e-08	4.5333e-05	3.4133e-05	1.12e-05	4.2466e-17
22.02	8.1328e-08	3.9435e-05	2.965e-05	9.7844e-06	4.157e-17
22.03	9.4425e-08	4.5826e-05	3.443e-05	1.1396e-05	4.209e-17
22.04	1.2356e-07	6.0019e-05	4.5095e-05	1.4924e-05	4.3219e-17
22.05	1.3413e-07	6.5214e-05	4.9011e-05	1.6203e-05	4.4311e-17
22.06	1.0929e-07	5.3186e-05	4.0002e-05	1.3184e-05	4.5249e-17
22.07	7.5038e-08	3.655e-05	2.7537e-05	9.0129e-06	4.5369e-17
22.08	7.123e-08	3.4727e-05	2.6165e-05	8.5619e-06	4.3902e-17
22.09	1.0341e-07	5.046e-05	3.7925e-05	1.2535e-05	4.1624e-17
22.1	1.3579e-07	6.6321e-05	4.9778e-05	1.6544e-05	4.0341e-17
22.11	1.3296e-07	6.4997e-05	4.8795e-05	1.6202e-05	4.0435e-17
22.12	9.8867e-08	4.8375e-05	3.6395e-05	1.198e-05	4.0613e-17
22.13	7.0149e-08	3.4354e-05	2.5927e-05	8.4273e-06	4.0414e-17
22.14	7.5887e-08	3.7198e-05	2.8023e-05	9.1747e-06	4.1084e-17
22.15	1.0845e-07	5.321e-05	3.9947e-05	1.3263e-05	4.3161e-17
22.16	1.3255e-07	6.5089e-05	4.882e-05	1.6269e-05	4.5041e-17
22.17	1.2157e-07	5.9752e-05	4.487e-05	1.4882e-05	4.5154e-17
22.18	8.6306e-08	4.2458e-05	3.1981e-05	1.0478e-05	4.413e-17
22.19	6.5771e-08	3.2385e-05	2.4448e-05	7.9379e-06	4.3426e-17
22.2	8.5148e-08	4.1964e-05	3.1577e-05	1.0387e-05	4.3051e-17
22.21	1.2487e-07	6.1597e-05	4.6231e-05	1.5367e-05	4.219e-17
22.22	1.4026e-07	6.9248e-05	5.1948e-05	1.7299e-05	4.1119e-17
22.23	1.1343e-07	5.6055e-05	4.2099e-05	1.3957e-05	4.0831e-17
22.24	7.5174e-08	3.7183e-05	2.801e-05	9.1728e-06	4.1315e-17
22.25	6.7995e-08	3.3662e-05	2.5394e-05	8.2674e-06	4.1768e-17
22.26	9.6474e-08	4.7804e-05	3.5963e-05	1.1841e-05	4.2076e-17
22.27	1.2579e-07	6.2386e-05	4.6838e-05	1.5548e-05	4.2556e-17
22.28	1.2518e-07	6.2137e-05	4.6631e-05	1.5506e-05	4.2572e-17
22.29	9.9422e-08	4.9397e-05	3.7117e-05	1.228e-05	4.1118e-17
22.3	7.6473e-08	3.8029e-05	2.8641e-05	9.3886e-06	3.8814e-17
22.31	7.6149e-08	3.7902e-05	2.855e-05	9.3521e-06	3.7698e-17
22.32	9.5897e-08	4.7774e-05	3.5925e-05	1.185e-05	3.8699e-17
22.33	1.1773e-07	5.8702e-05	4.4111e-05	1.4591e-05	4.0637e-17
22.34	1.2237e-07	6.1074e-05	4.5914e-05	1.516e-05	4.2063e-17
22.35	1.0381e-07	5.1855e-05	3.9014e-05	1.284e-05	4.2831e-17
22.36	7.7634e-08	3.8815e-05	2.921e-05	9.6045e-06	4.342e-17
22.37	7.0331e-08	3.5195e-05	2.6468e-05	8.7268e-06	4.3969e-17
22.38	9.174e-08	4.5949e-05	3.4549e-05	1.14e-05	4.4603e-17
22.39	1.2068e-07	6.0501e-05	4.5501e-05	1.5e-05	4.5567e-17
22.4	1.2604e-07	6.3242e-05	4.7558e-05	1.5684e-05	4.6339e-17
22.41	1.0164e-07	5.1046e-05	3.8368e-05	1.2678e-05	4.5681e-17
22.42	7.3206e-08	3.6797e-05	2.7655e-05	9.1426e-06	4.3462e-17
22.43	6.9826e-08	3.513e-05	2.6438e-05	8.692e-06	4.1523e-17
22.44	9.4428e-08	4.755e-05	3.5805e-05	1.1745e-05	4.1727e-17
22.45	1.2311e-07	6.2048e-05	4.668e-05	1.5368e-05	4.3765e-17
22.46	1.2834e-07	6.474e-05	4.8645e-05	1.6095e-05	4.5823e-17
22.47	1.0288e-07	5.1944e-05	3.9005e-05	1.2939e-05	4.6841e-17
22.48	6.8118e-08	3.4423e-05	2.5878e-05	8.5455e-06	4.7057e-17
22.49	5.9514e-08	3.0102e-05	2.2684e-05	7.418e-06	4.6765e-17
22.5	9.3373e-08	4.727e-05	3.5587e-05	1.1683e-05	4.5734e-17
22.51	1.4199e-07	7.1944e-05	5.408e-05	1.7864e-05	4.3931e-17
22.52	1.5262e-07	7.7401e-05	5.8138e-05	1.9263e-05	4.1954e-17
22.53	1.0517e-07	5.3383e-05	4.0096e-05	1.3286e-05	4.0551e-17
22.54	4.6304e-08	2.3525e-05	1.7701e-05	5.8244e-06	4.013e-17
22.55	4.7085e-08	2.3943e-05	1.8043e-05	5.8999e-06	4.0614e-17
22.56	1.1929e-07	6.0716e-05	4.5667e-05	1.5049e-05	4.1348e-17
22.57	1.9013e-07	9.6855e-05	7.2791e-05	2.4064e-05	4.1395e-17
22.58	1.7838e-07	9.095e-05	6.833e-05	2.262e-05	4.0494e-17
22.59	9.1296e-08	4.6589e-05	3.5002e-05	1.1587e-05	3.9484e-17
22.6	2.4653e-08	1.2592e-05	9.4845e-06	3.1073e-06	3.9233e-17
22.61	5.7103e-08	2.9192e-05	2.1981e-05	7.2112e-06	3.9522e-17
22.62	1.5832e-07	8.1007e-05	6.0906e-05	2.0101e-05	3.9664e-17
22.63	2.1938e-07	0.00011235	8.4425e-05	2.7924e-05	3.9797e-17
22.64	1.728e-07	8.8572e-05	6.654e-05	2.2032e-05	4.0565e-17
22.65	6.7264e-08	3.4508e-05	2.593e-05	8.5778e-06	4.1746e-17
22.66	1.5911e-08	8.17e-06	6.1668e-06	2.0032e-06	4.2402e-17
22.67	7.7053e-08	3.96e-05	2.9786e-05	9.8134e-06	4.245e-17
22.68	1.9307e-07	9.9311e-05	7.4628e-05	2.4682e-05	4.2897e-17
22.69	2.4707e-07	0.0001272	9.5562e-05	3.1637e-05	4.4119e-17
22.7	1.8015e-07	9.2832e-05	6.9746e-05	2.3085e-05	4.5009e-17
22.71	5.6368e-08	2.9072e-05	2.1858e-05	7.2138e-06	4.4488e-17
22.72	7.79e-09	4.0212e-06	3.0387e-06	9.8245e-07	4.2987e-17
22.73	1.0127e-07	5.2323e-05	3.9315e-05	1.3008e-05	4.1712e-17
22.74	2.5554e-07	0.00013214	9.9274e-05	3.2867e-05	4.1114e-17
22.75	3.1037e-07	0.00016063	0.00012069	3.9946e-05	4.0959e-17
22.76	1.987e-07	0.00010293	7.7347e-05	2.5585e-05	4.1394e-17
22.77	3.7973e-08	1.9688e-05	1.4802e-05	4.8857e-06	4.2899e-17
22.78	1.5996e-08	8.3007e-06	6.2313e-06	2.0695e-06	4.5197e-17
22.79	1.7734e-07	9.2108e-05	6.9181e-05	2.2927e-05	4.7001e-17
22.8	3.5651e-07	0.00018533	0.00013921	4.6115e-05	4.7157e-17
22.81	3.5521e-07	0.00018482	0.00013883	4.5982e-05	4.5762e-17
22.82	1.7164e-07	8.9383e-05	6.7144e-05	2.2238e-05	4.4072e-17
22.83	1.1987e-08	6.2478e-06	4.6849e-06	1.5629e-06	4.3425e-17
22.84	6.134e-08	3.1999e-05	2.4007e-05	7.9923e-06	4.4192e-17
22.85	2.7348e-07	0.00014279	0.0001072	3.559e-05	4.5619e-17
22.86	4.1958e-07	0.00021927	0.00016463	5.4636e-05	4.6769e-17
22.87	3.4062e-07	0.00017816	0.00013377	4.4392e-05	4.7502e-17
22.88	1.2257e-07	6.4166e-05	4.8169e-05	1.5997e-05	4.8261e-17
22.89	4.2828e-09	2.244e-06	1.6566e-06	5.874e-07	4.9012e-17
22.9	1.1972e-07	6.2783e-05	4.7087e-05	1.5696e-05	4.9096e-17
22.91	3.5109e-07	0.00018428	0.0001383	4.5976e-05	4.8266e-17
22.92	4.5113e-07	0.00023699	0.0001779	5.909e-05	4.7118e-17
22.93	3.0949e-07	0.00016273	0.00012217	4.056e-05	4.6091e-17
22.94	7.9583e-08	4.188e-05	3.1426e-05	1.0454e-05	4.4806e-17
22.95	1.9598e-08	1.0323e-05	7.6998e-06	2.6227e-06	4.3026e-17
22.96	2.0797e-07	0.00010963	8.2251e-05	2.7381e-05	4.1528e-17
22.97	4.4584e-07	0.00023524	0.00017659	5.8648e-05	4.1146e-17
22.98	4.7002e-07	0.00024821	0.00018636	6.1844e-05	4.1456e-17
22.99	2.5106e-07	0.0001327	9.9631e-05	3.3067e-05	4.1404e-17
23	3.661e-08	1.9367e-05	1.4504e-05	4.8622e-06	4.0893e-17
23.01	7.5828e-08	4.0148e-05	3.01e-05	1.0048e-05	4.0685e-17
23.02	3.3165e-07	0.00017575	0.00013195	4.3796e-05	4.0942e-17
23.03	5.1639e-07	0.00027389	0.00020568	6.8208e-05	4.1038e-17
23.04	4.1942e-07	0.00022265	0.00016719	5.5452e-05	4.0839e-17
23.05	1.5107e-07	8.0264e-05	6.0242e-05	2.0022e-05	4.1014e-17
23.06	1.6592e-08	8.823e-06	6.5771e-06	2.2459e-06	4.1824e-17
23.07	1.6379e-07	8.7173e-05	6.5421e-05	2.1752e-05	4.2656e-17
23.08	4.1452e-07	0.00022081	0.00016578	5.5032e-05	4.3089e-17
23.09	4.7512e-07	0.00025331	0.00019017	6.3146e-05	4.3397e-17
23.1	2.7641e-07	0.0001475	0.00011069	3.6807e-05	4.3586e-17
23.11	4.6371e-08	2.4766e-05	1.8542e-05	6.2238e-06	4.3026e-17
23.12	3.8661e-08	2.0666e-05	1.549e-05	5.1753e-06	4.1702e-17
23.13	2.4198e-07	0.00012946	9.7182e-05	3.2274e-05	4.0807e-17
23.14	4.0569e-07	0.00021723	0.00016306	5.4172e-05	4.1222e-17
23.15	3.3785e-07	0.00018106	0.00013588	4.5185e-05	4.2197e-17
23.16	1.2051e-07	6.4638e-05	4.8476e-05	1.6162e-05	4.2522e-17
23.17	9.3363e-10	5.0122e-07	3.6203e-07	1.3918e-07	4.2289e-17
23.18	1.0099e-07	5.4265e-05	4.0754e-05	1.3511e-05	4.2362e-17
23.19	2.8595e-07	0.00015377	0.00011546	3.8314e-05	4.2662e-17
23.2	3.3281e-07	0.00017913	0.00013448	4.4647e-05	4.2323e-17
23.21	1.8984e-07	0.00010227	7.6778e-05	2.5491e-05	4.1341e-17
23.22	2.6135e-08	1.4091e-05	1.0585e-05	3.506e-06	4.0711e-17
23.23	2.5199e-08	1.3598e-05	1.0218e-05	3.3805e-06	4.08e-17
23.24	1.7237e-07	9.3094e-05	6.9898e-05	2.3196e-05	4.082e-17
23.25	2.8233e-07	0.00015262	0.00011459	3.8026e-05	4.0331e-17
23.26	2.242e-07	0.0001213	9.1088e-05	3.0209e-05	4.0147e-17
23.27	7.1774e-08	3.8865e-05	2.9206e-05	9.6586e-06	4.1074e-17
23.28	5.2921e-09	2.8681e-06	2.1778e-06	6.903e-07	4.2511e-17
23.29	9.2591e-08	5.0224e-05	3.7729e-05	1.2495e-05	4.3098e-17
23.3	2.1582e-07	0.00011717	8.7992e-05	2.9174e-05	4.2355e-17
23.31	2.2312e-07	0.00012123	9.1049e-05	3.0183e-05	4.1023e-17
23.32	1.1085e-07	6.0285e-05	4.529e-05	1.4996e-05	3.998e-17
23.33	1.6939e-08	9.2198e-06	6.9523e-06	2.2675e-06	3.9387e-17
23.34	4.6606e-08	2.5389e-05	1.9108e-05	6.2808e-06	3.884e-17
23.35	1.5092e-07	8.2284e-05	6.1846e-05	2.0438e-05	3.7964e-17
23.36	1.9792e-07	0.00010801	8.1164e-05	2.6841e-05	3.676e-17
23.37	1.3533e-07	7.3909e-05	5.555e-05	1.8359e-05	3.5496e-17
23.38	4.3975e-08	2.4038e-05	1.8091e-05	5.9468e-06	3.4277e-17
23.39	2.9505e-08	1.6142e-05	1.216e-05	3.9821e-06	3.2841e-17
23.4	9.5868e-08	5.2494e-05	3.9452e-05	1.3041e-05	3.098e-17
23.41	1.5205e-07	8.333e-05	6.259e-05	2.074e-05	2.901e-17
23.42	1.3056e-07	7.1613e-05	5.3774e-05	1.7839e-05	2.7422e-17
23.43	6.5089e-08	3.5732e-05	2.6844e-05	8.8881e-06	2.6139e-17
23.44	3.8349e-08	2.107e-05	1.5877e-05	5.1938e-06	2.4654e-17
23.45	7.6232e-08	4.192e-05	3.1563e-05	1.0356e-05	2.2959e-17
23.46	1.2281e-07	6.7592e-05	5.0825e-05	1.6766e-05	2.1706e-17
23.47	1.1872e-07	6.5393e-05	4.9132e-05	1.6262e-05	2.1236e-17
23.48	7.4944e-08	4.1317e-05	3.1036e-05	1.0282e-05	2.1052e-17
23.49	5.0346e-08	2.778e-05	2.09e-05	6.8798e-06	2.0602e-17
23.5	7.1686e-08	3.9589e-05	2.9808e-05	9.7813e-06	2.0047e-17
23.51	1.0412e-07	5.7547e-05	4.3296e-05	1.4251e-05	1.9778e-17
23.52	1.0381e-07	5.7428e-05	4.3175e-05	1.4252e-05	1.9703e-17
23.53	7.547e-08	4.1785e-05	3.1403e-05	1.0382e-05	1.9597e-17
23.54	5.9951e-08	3.3221e-05	2.4977e-05	8.2432e-06	1.9812e-17
23.55	7.6365e-08	4.2352e-05	3.1857e-05	1.0495e-05	2.1045e-17
23.56	9.9083e-08	5.4998e-05	4.1367e-05	1.3631e-05	2.3514e-17
23.57	9.5843e-08	5.3245e-05	4.0049e-05	1.3196e-05	2.6773e-17
23.58	7.1423e-08	3.9712e-05	2.9879e-05	9.8337e-06	3.009e-17
23.59	5.9648e-08	3.3193e-05	2.497e-05	8.2239e-06	3.2641e-17
23.6	7.7516e-08	4.3173e-05	3.2448e-05	1.0725e-05	3.3775e-17
23.61	1.0237e-07	5.7066e-05	4.2879e-05	1.4187e-05	3.3681e-17
23.62	1.0089e-07	5.6285e-05	4.2316e-05	1.3969e-05	3.3558e-17
23.63	7.2713e-08	4.0601e-05	3.0565e-05	1.0036e-05	3.4494e-17
23.64	5.3355e-08	2.9817e-05	2.2461e-05	7.3567e-06	3.6368e-17
23.65	7.0479e-08	3.942e-05	2.9631e-05	9.7889e-06	3.837e-17
23.66	1.0661e-07	5.9678e-05	4.4814e-05	1.4865e-05	4.0265e-17
23.67	1.1704e-07	6.5574e-05	4.9259e-05	1.6315e-05	4.2345e-17
23.68	8.5246e-08	4.7801e-05	3.5958e-05	1.1843e-05	4.4413e-17
23.69	4.7454e-08	2.6632e-05	2.0079e-05	6.5533e-06	4.5808e-17
23.7	5.1146e-08	2.8728e-05	2.162e-05	7.1078e-06	4.6481e-17
23.71	9.5164e-08	5.3498e-05	4.0177e-05	1.332e-05	4.7128e-17
23.72	1.2764e-07	7.1817e-05	5.3929e-05	1.7888e-05	4.8059e-17
23.73	1.0865e-07	6.1184e-05	4.5979e-05	1.5205e-05	4.8811e-17
23.74	6.0664e-08	3.419e-05	2.5741e-05	8.4487e-06	4.9154e-17
23.75	4.1775e-08	2.3563e-05	1.7761e-05	5.8028e-06	4.9588e-17
23.76	7.3797e-08	4.1661e-05	3.1325e-05	1.0336e-05	5.0413e-17
23.77	1.1583e-07	6.5443e-05	4.9165e-05	1.6278e-05	5.1106e-17
23.78	1.1633e-07	6.5785e-05	4.9428e-05	1.6357e-05	5.1186e-17
23.79	7.6768e-08	4.3448e-05	3.2673e-05	1.0774e-05	5.1022e-17
23.8	4.6696e-08	2.6451e-05	1.9919e-05	6.5315e-06	5.1175e-17
23.81	5.999e-08	3.4009e-05	2.5585e-05	8.4243e-06	5.1533e-17
23.82	9.5217e-08	5.4025e-05	4.0601e-05	1.3424e-05	5.174e-17
23.83	1.074e-07	6.0992e-05	4.5835e-05	1.5157e-05	5.1947e-17
23.84	8.5014e-08	4.8318e-05	3.6337e-05	1.1981e-05	5.2415e-17
23.85	5.9033e-08	3.3579e-05	2.5282e-05	8.2972e-06	5.28e-17
23.86	5.94e-08	3.3817e-05	2.5448e-05	8.3681e-06	5.2608e-17
23.87	8.0014e-08	4.559e-05	3.4266e-05	1.1324e-05	5.2051e-17
23.88	9.319e-08	5.3142e-05	3.9933e-05	1.3209e-05	5.1712e-17
23.89	8.6187e-08	4.919e-05	3.6988e-05	1.2202e-05	5.1616e-17
23.9	7.1478e-08	4.0829e-05	3.0731e-05	1.0098e-05	5.1374e-17
23.91	6.5938e-08	3.7696e-05	2.8372e-05	9.324e-06	5.1021e-17
23.92	7.2094e-08	4.125e-05	3.1013e-05	1.0237e-05	5.0909e-17
23.93	8.0921e-08	4.6339e-05	3.482e-05	1.1519e-05	5.0936e-17
23.94	8.404e-08	4.8165e-05	3.6206e-05	1.1959e-05	5.0664e-17
23.95	7.964e-08	4.5682e-05	3.4366e-05	1.1316e-05	5.0181e-17
23.96	7.2012e-08	4.1341e-05	3.1115e-05	1.0226e-05	5.0026e-17
23.97	6.8449e-08	3.9328e-05	2.9591e-05	9.7371e-06	5.0237e-17
23.98	7.2517e-08	4.17e-05	3.1356e-05	1.0344e-05	5.0293e-17
23.99	7.8431e-08	4.5139e-05	3.3933e-05	1.1205e-05	5.0058e-17
24	7.6859e-08	4.4271e-05	3.3288e-05	1.0982e-05	4.9989e-17
24.01	6.8361e-08	3.9409e-05	2.9646e-05	9.7631e-06	5.0236e-17
24.02	6.4727e-08	3.7345e-05	2.8097e-05	9.2477e-06	5.0341e-17
24.03	7.2555e-08	4.1897e-05	3.151e-05	1.0387e-05	5.0092e-17
24.04	8.1993e-08	4.7385e-05	3.5627e-05	1.1758e-05	4.9898e-17
24.05	7.9599e-08	4.604e-05	3.4621e-05	1.1419e-05	4.9968e-17
24.06	6.8171e-08	3.9463e-05	2.9689e-05	9.7738e-06	4.9888e-17
24.07	6.3469e-08	3.6772e-05	2.7666e-05	9.1064e-06	4.9436e-17
24.08	7.1435e-08	4.1421e-05	3.1141e-05	1.028e-05	4.9083e-17
24.09	7.935e-08	4.6049e-05	3.4607e-05	1.1441e-05	4.9175e-17
24.1	7.4154e-08	4.3069e-05	3.2386e-05	1.0684e-05	4.9287e-17
24.11	6.1436e-08	3.5712e-05	2.6886e-05	8.8265e-06	4.895e-17
24.12	5.8447e-08	3.4003e-05	2.56e-05	8.4022e-06	4.8423e-17
24.13	7.1567e-08	4.167e-05	3.1323e-05	1.0347e-05	4.812e-17
24.14	8.8048e-08	5.1309e-05	3.8531e-05	1.2778e-05	4.7828e-17
24.15	9.0799e-08	5.2956e-05	3.9783e-05	1.3173e-05	4.7212e-17
24.16	7.7271e-08	4.5104e-05	3.3932e-05	1.1172e-05	4.6591e-17
24.17	6.2187e-08	3.6329e-05	2.7364e-05	8.9648e-06	4.6459e-17
24.18	6.238e-08	3.6472e-05	2.7449e-05	9.0225e-06	4.6628e-17
24.19	7.8459e-08	4.5911e-05	3.4506e-05	1.1405e-05	4.6641e-17
24.2	9.2052e-08	5.391e-05	4.0509e-05	1.34e-05	4.6705e-17
24.21	8.5158e-08	4.9913e-05	3.7523e-05	1.239e-05	4.7336e-17
24.22	6.3394e-08	3.7188e-05	2.797e-05	9.2172e-06	4.8331e-17
24.23	5.3371e-08	3.1334e-05	2.3569e-05	7.7653e-06	4.8994e-17
24.24	7.0875e-08	4.1645e-05	3.1323e-05	1.0321e-05	4.9251e-17
24.25	9.7325e-08	5.7233e-05	4.3058e-05	1.4175e-05	4.9632e-17
24.26	9.9267e-08	5.8424e-05	4.3957e-05	1.4467e-05	5.0183e-17
24.27	7.1195e-08	4.1936e-05	3.1539e-05	1.0398e-05	5.0346e-17
24.28	4.5913e-08	2.7066e-05	2.0332e-05	6.7339e-06	5.0004e-17
24.29	5.4968e-08	3.2431e-05	2.4372e-05	8.0593e-06	4.9715e-17
24.3	8.8353e-08	5.2171e-05	3.9248e-05	1.2923e-05	4.9697e-17
24.31	1.0609e-07	6.2697e-05	4.7185e-05	1.5512e-05	4.9482e-17
24.32	8.7283e-08	5.1625e-05	3.8848e-05	1.2777e-05	4.8871e-17
24.33	5.4574e-08	3.2305e-05	2.4293e-05	8.0119e-06	4.838e-17
24.34	4.5603e-08	2.7017e-05	2.0304e-05	6.7132e-06	4.8349e-17
24.35	6.9363e-08	4.1127e-05	3.0917e-05	1.021e-05	4.8388e-17
24.36	9.8625e-08	5.8525e-05	4.4004e-05	1.4521e-05	4.8174e-17
24.37	1.0184e-07	6.0484e-05	4.5481e-05	1.5003e-05	4.8049e-17
24.38	7.5648e-08	4.4964e-05	3.3822e-05	1.1142e-05	4.8279e-17
24.39	4.6517e-08	2.7671e-05	2.0831e-05	6.8404e-06	4.843e-17
24.4	4.4706e-08	2.6616e-05	2.0027e-05	6.5886e-06	4.8094e-17
24.41	7.5142e-08	4.4773e-05	3.3648e-05	1.1125e-05	4.7631e-17
24.42	1.0965e-07	6.5386e-05	4.9127e-05	1.6258e-05	4.7503e-17
24.43	1.1089e-07	6.6182e-05	4.9748e-05	1.6434e-05	4.7442e-17
24.44	7.2235e-08	4.3147e-05	3.2468e-05	1.0679e-05	4.7008e-17
24.45	3.3019e-08	1.9739e-05	1.4876e-05	4.8633e-06	4.648e-17
24.46	4.1818e-08	2.5019e-05	1.8807e-05	6.2127e-06	4.6362e-17
24.47	9.795e-08	5.865e-05	4.4052e-05	1.4599e-05	4.6424e-17
24.48	1.4171e-07	8.4925e-05	6.3812e-05	2.1113e-05	4.6092e-17
24.49	1.1886e-07	7.1285e-05	5.3601e-05	1.7685e-05	4.5519e-17
24.5	5.0452e-08	3.0284e-05	2.2801e-05	7.4832e-06	4.5353e-17
24.51	1.7189e-08	1.0326e-05	7.7765e-06	2.5498e-06	4.5612e-17
24.52	6.5151e-08	3.9171e-05	2.9426e-05	9.7451e-06	4.5725e-17
24.53	1.4479e-07	8.7122e-05	6.5467e-05	2.1655e-05	4.5597e-17
24.54	1.6421e-07	9.8889e-05	7.4337e-05	2.4552e-05	4.5733e-17
24.55	9.8353e-08	5.9278e-05	4.4579e-05	1.4699e-05	4.6231e-17
24.56	2.1998e-08	1.3269e-05	9.988e-06	3.2812e-06	4.655e-17
24.57	2.4444e-08	1.4756e-05	1.1095e-05	3.6616e-06	4.6442e-17
24.58	1.0617e-07	6.4144e-05	4.8227e-05	1.5917e-05	4.6287e-17
24.59	1.7773e-07	0.00010747	8.0812e-05	2.6653e-05	4.627e-17
24.6	1.601e-07	9.6888e-05	7.2872e-05	2.4016e-05	4.604e-17
24.61	7.2152e-08	4.3699e-05	3.2881e-05	1.0819e-05	4.5475e-17
24.62	1.0135e-08	6.1433e-06	4.6345e-06	1.5088e-06	4.505e-17
24.63	4.3439e-08	2.6352e-05	1.9816e-05	6.5354e-06	4.503e-17
24.64	1.3805e-07	8.3815e-05	6.3007e-05	2.0808e-05	4.5006e-17
24.65	1.9033e-07	0.00011565	8.693e-05	2.8718e-05	4.4641e-17
24.66	1.3956e-07	8.4867e-05	6.379e-05	2.1076e-05	4.4253e-17
24.67	4.0126e-08	2.4421e-05	1.8362e-05	6.0594e-06	4.4163e-17
24.68	7.5145e-09	4.5771e-06	3.4536e-06	1.1235e-06	4.4097e-17
24.69	8.7688e-08	5.3454e-05	4.0188e-05	1.3266e-05	4.3755e-17
24.7	1.9662e-07	0.00011996	9.0158e-05	2.9799e-05	4.3419e-17
24.71	2.1023e-07	0.00012836	9.6463e-05	3.1901e-05	4.3399e-17
24.72	1.0998e-07	6.7207e-05	5.05e-05	1.6707e-05	4.338e-17
24.73	1.1109e-08	6.794e-06	5.109e-06	1.6849e-06	4.2958e-17
24.74	3.0708e-08	1.8796e-05	1.4141e-05	4.6546e-06	4.2411e-17
24.75	1.4791e-07	9.0605e-05	6.8109e-05	2.2496e-05	4.2267e-17
24.76	2.2587e-07	0.00013847	0.00010407	3.4399e-05	4.2444e-17
24.77	1.731e-07	0.0001062	7.9815e-05	2.6389e-05	4.252e-17
24.78	5.1787e-08	3.18e-05	2.3899e-05	7.9004e-06	4.2527e-17
24.79	3.4641e-09	2.1289e-06	1.608e-06	5.2089e-07	4.2768e-17
24.8	8.1703e-08	5.0251e-05	3.7777e-05	1.2473e-05	4.3066e-17
24.81	1.9117e-07	0.00011767	8.8447e-05	2.9225e-05	4.2963e-17
24.82	2.0251e-07	0.00012475	9.3771e-05	3.0981e-05	4.2545e-17
24.83	1.0399e-07	6.4111e-05	4.8202e-05	1.5909e-05	4.2337e-17
24.84	1.1675e-08	7.204e-06	5.4301e-06	1.7739e-06	4.2457e-17
24.85	3.0512e-08	1.8842e-05	1.4157e-05	4.6845e-06	4.259e-17
24.86	1.3284e-07	8.2099e-05	6.1681e-05	2.0418e-05	4.2749e-17
24.87	1.9527e-07	0.00012078	9.0762e-05	3.0018e-05	4.3271e-17
24.88	1.4548e-07	9.0057e-05	6.7703e-05	2.2354e-05	4.4008e-17
24.89	4.4048e-08	2.7288e-05	2.0544e-05	6.7445e-06	4.429e-17
24.9	8.5292e-09	5.2882e-06	3.9827e-06	1.3055e-06	4.3881e-17
24.91	7.4767e-08	4.6394e-05	3.4835e-05	1.1558e-05	4.3245e-17
24.92	1.5948e-07	9.9039e-05	7.4399e-05	2.464e-05	4.2705e-17
24.93	1.6267e-07	0.0001011	7.5992e-05	2.5109e-05	4.2046e-17
24.94	8.3777e-08	5.211e-05	3.9211e-05	1.2898e-05	4.122e-17
24.95	1.6388e-08	1.0202e-05	7.7013e-06	2.5005e-06	4.0705e-17
24.96	3.4645e-08	2.1584e-05	1.6207e-05	5.3773e-06	4.0784e-17
24.97	1.0904e-07	6.7989e-05	5.1058e-05	1.6931e-05	4.1089e-17
24.98	1.4718e-07	9.1843e-05	6.9014e-05	2.2829e-05	4.1282e-17
24.99	1.0491e-07	6.5519e-05	4.9274e-05	1.6245e-05	4.1573e-17
25	3.4911e-08	2.1819e-05	1.6441e-05	5.3787e-06	4.2139e-17
25.01	1.9605e-08	1.2263e-05	9.2289e-06	3.0337e-06	4.2596e-17
25.02	7.2985e-08	4.5688e-05	3.432e-05	1.1368e-05	4.2584e-17
25.03	1.2807e-07	8.0235e-05	6.0284e-05	1.9951e-05	4.2381e-17
25.04	1.2027e-07	7.541e-05	5.6681e-05	1.8729e-05	4.2372e-17
25.05	6.291e-08	3.9476e-05	2.9694e-05	9.7824e-06	4.2385e-17
25.06	2.5789e-08	1.6195e-05	1.22e-05	3.9957e-06	4.2131e-17
25.07	4.8573e-08	3.0528e-05	2.2964e-05	7.5649e-06	4.188e-17
25.08	9.6836e-08	6.091e-05	4.5789e-05	1.5121e-05	4.2052e-17
25.09	1.0989e-07	6.9178e-05	5.2001e-05	1.7177e-05	4.247e-17
25.1	7.5201e-08	4.7378e-05	3.5619e-05	1.1758e-05	4.2674e-17
25.11	3.7735e-08	2.3792e-05	1.7898e-05	5.8939e-06	4.2664e-17
25.12	3.9922e-08	2.5192e-05	1.8955e-05	6.2369e-06	4.2658e-17
25.13	7.205e-08	4.5501e-05	3.4223e-05	1.1277e-05	4.2405e-17
25.14	9.1326e-08	5.772e-05	4.3411e-05	1.4309e-05	4.1515e-17
25.15	7.7737e-08	4.917e-05	3.6982e-05	1.2189e-05	4.0288e-17
25.16	5.4148e-08	3.4277e-05	2.5773e-05	8.504e-06	3.9445e-17
25.17	5.1194e-08	3.2433e-05	2.4374e-05	8.059e-06	3.912e-17
25.18	6.7947e-08	4.308e-05	3.2386e-05	1.0694e-05	3.8861e-17
25.19	7.8103e-08	4.9559e-05	3.7286e-05	1.2273e-05	3.8568e-17
25.2	6.7964e-08	4.316e-05	3.2494e-05	1.0666e-05	3.8599e-17
25.21	5.3383e-08	3.3927e-05	2.5531e-05	8.3964e-06	3.8901e-17
25.22	5.5474e-08	3.5284e-05	2.6507e-05	8.777e-06	3.8911e-17
25.23	7.0937e-08	4.5155e-05	3.3916e-05	1.1239e-05	3.8499e-17
25.24	7.7479e-08	4.9359e-05	3.7115e-05	1.2244e-05	3.8209e-17
25.25	6.5177e-08	4.1554e-05	3.1291e-05	1.0264e-05	3.8302e-17
25.26	5.0112e-08	3.1975e-05	2.4082e-05	7.8925e-06	3.8356e-17
25.27	5.2458e-08	3.3499e-05	2.518e-05	8.3186e-06	3.8152e-17
25.28	6.9621e-08	4.4493e-05	3.3415e-05	1.1078e-05	3.8174e-17
25.29	7.9974e-08	5.115e-05	3.8438e-05	1.2712e-05	3.8757e-17
25.3	7.0694e-08	4.5251e-05	3.4038e-05	1.1213e-05	3.9441e-17
25.31	5.3016e-08	3.3962e-05	2.556e-05	8.4023e-06	3.9691e-17
25.32	4.7455e-08	3.0424e-05	2.2884e-05	7.5392e-06	3.9682e-17
25.33	5.9682e-08	3.8293e-05	2.8793e-05	9.4998e-06	3.9773e-17
25.34	7.5532e-08	4.8501e-05	3.6476e-05	1.2025e-05	3.9796e-17
25.35	7.7851e-08	5.0029e-05	3.7627e-05	1.2401e-05	3.9486e-17
25.36	6.4597e-08	4.1544e-05	3.1234e-05	1.031e-05	3.9143e-17
25.37	5.0047e-08	3.2212e-05	2.4205e-05	8.0072e-06	3.9179e-17
25.38	4.9553e-08	3.192e-05	2.399e-05	7.9292e-06	3.9387e-17
25.39	6.3431e-08	4.0891e-05	3.0748e-05	1.0143e-05	3.9352e-17
25.4	7.6347e-08	4.9256e-05	3.7037e-05	1.2219e-05	3.9251e-17
25.41	7.3884e-08	4.7704e-05	3.5866e-05	1.1839e-05	3.9529e-17
25.42	5.8952e-08	3.8093e-05	2.8652e-05	9.4413e-06	4.005e-17
25.43	4.858e-08	3.1416e-05	2.3662e-05	7.7539e-06	4.0324e-17
25.44	5.382e-08	3.4832e-05	2.625e-05	8.5822e-06	4.0379e-17
25.45	6.716e-08	4.35e-05	3.2752e-05	1.0748e-05	4.0644e-17
25.46	7.2892e-08	4.725e-05	3.5535e-05	1.1714e-05	4.1091e-17
25.47	6.6117e-08	4.2891e-05	3.2234e-05	1.0657e-05	4.1272e-17
25.48	5.615e-08	3.6455e-05	2.7396e-05	9.0584e-06	4.1145e-17
25.49	5.2981e-08	3.4424e-05	2.5886e-05	8.5374e-06	4.1084e-17
25.5	5.7007e-08	3.7069e-05	2.7887e-05	9.1817e-06	4.1075e-17
25.51	6.2934e-08	4.0955e-05	3.0808e-05	1.0147e-05	4.0685e-17
25.52	6.706e-08	4.3674e-05	3.2844e-05	1.083e-05	3.9933e-17
25.53	6.7232e-08	4.382e-05	3.2952e-05	1.0869e-05	3.9371e-17
25.54	6.1404e-08	4.0053e-05	3.0126e-05	9.9278e-06	3.9161e-17
25.55	5.2286e-08	3.4132e-05	2.5682e-05	8.451e-06	3.8847e-17
25.56	4.9701e-08	3.2471e-05	2.4428e-05	8.0426e-06	3.8288e-17
25.57	6.019e-08	3.9353e-05	2.9587e-05	9.7668e-06	3.7986e-17
25.58	7.4572e-08	4.8795e-05	3.6673e-05	1.2122e-05	3.8151e-17
25.59	7.4781e-08	4.897e-05	3.6811e-05	1.2159e-05	3.8215e-17
25.6	5.7152e-08	3.7455e-05	2.8173e-05	9.282e-06	3.775e-17
25.61	4.1502e-08	2.722e-05	2.0489e-05	6.7304e-06	3.7183e-17
25.62	4.8729e-08	3.1985e-05	2.4065e-05	7.9197e-06	3.7035e-17
25.63	7.266e-08	4.773e-05	3.5889e-05	1.1841e-05	3.7101e-17
25.64	8.4698e-08	5.5681e-05	4.1861e-05	1.3821e-05	3.6983e-17
25.65	6.9067e-08	4.5441e-05	3.4163e-05	1.1278e-05	3.6871e-17
25.66	4.4051e-08	2.9005e-05	2.181e-05	7.1951e-06	3.7088e-17
25.67	4.0155e-08	2.646e-05	1.9907e-05	6.5538e-06	3.7327e-17
25.68	6.1972e-08	4.0868e-05	3.0754e-05	1.0114e-05	3.7096e-17
25.69	8.2601e-08	5.4515e-05	4.1019e-05	1.3495e-05	3.6576e-17
25.7	7.7441e-08	5.1149e-05	3.8467e-05	1.2682e-05	3.6305e-17
25.71	5.3775e-08	3.5545e-05	2.6704e-05	8.8415e-06	3.6296e-17
25.72	3.9901e-08	2.6395e-05	1.9825e-05	6.5697e-06	3.6195e-17
25.73	5.0227e-08	3.3252e-05	2.5027e-05	8.225e-06	3.6086e-17
25.74	7.0388e-08	4.6636e-05	3.5133e-05	1.1503e-05	3.6334e-17
25.75	7.7105e-08	5.1126e-05	3.8494e-05	1.2632e-05	3.6754e-17
25.76	6.4839e-08	4.3026e-05	3.2341e-05	1.0685e-05	3.6729e-17
25.77	4.8701e-08	3.2342e-05	2.4269e-05	8.073e-06	3.6175e-17
25.78	4.54e-08	3.0173e-05	2.267e-05	7.503e-06	3.5636e-17
25.79	5.6428e-08	3.7532e-05	2.8266e-05	9.2656e-06	3.538e-17
25.8	6.9109e-08	4.6002e-05	3.4655e-05	1.1347e-05	3.514e-17
25.81	7.0568e-08	4.7009e-05	3.5372e-05	1.1637e-05	3.4838e-17
25.82	6.0007e-08	4.0005e-05	3.0057e-05	9.9479e-06	3.4819e-17
25.83	4.874e-08	3.2519e-05	2.4423e-05	8.0958e-06	3.5151e-17
25.84	4.8331e-08	3.2271e-05	2.4268e-05	8.0023e-06	3.5386e-17
25.85	5.8364e-08	3.9e-05	2.9356e-05	9.6439e-06	3.5289e-17
25.86	6.7118e-08	4.4885e-05	3.3782e-05	1.1103e-05	3.5191e-17
25.87	6.5033e-08	4.3524e-05	3.2741e-05	1.0783e-05	3.5314e-17
25.88	5.5277e-08	3.7023e-05	2.7834e-05	9.1896e-06	3.5358e-17
25.89	4.893e-08	3.2797e-05	2.4646e-05	8.1512e-06	3.5118e-17
25.9	5.177e-08	3.4728e-05	2.6107e-05	8.6208e-06	3.4908e-17
25.91	5.9251e-08	3.9777e-05	2.9932e-05	9.845e-06	3.4991e-17
25.92	6.3585e-08	4.2719e-05	3.2165e-05	1.0555e-05	3.5094e-17
25.93	6.1797e-08	4.155e-05	3.1265e-05	1.0286e-05	3.4969e-17
25.94	5.6321e-08	3.7897e-05	2.8467e-05	9.4309e-06	3.4905e-17
25.95	5.1495e-08	3.4677e-05	2.6022e-05	8.6548e-06	3.5202e-17
25.96	5.1048e-08	3.4403e-05	2.5861e-05	8.5413e-06	3.5557e-17
25.97	5.5853e-08	3.767e-05	2.839e-05	9.2796e-06	3.5509e-17
25.98	6.1889e-08	4.1772e-05	3.1491e-05	1.0281e-05	3.5158e-17
25.99	6.283e-08	4.244e-05	3.1932e-05	1.0508e-05	3.4878e-17
26	5.7172e-08	3.8648e-05	2.9013e-05	9.6351e-06	3.4658e-17
26.01	5.0939e-08	3.4461e-05	2.5868e-05	8.5934e-06	3.4294e-17
26.02	5.0837e-08	3.4419e-05	2.5896e-05	8.5231e-06	3.3972e-17
26.03	5.6362e-08	3.8189e-05	2.8767e-05	9.4214e-06	3.4045e-17
26.04	6.1318e-08	4.1579e-05	3.1291e-05	1.0288e-05	3.4395e-17
26.05	6.1496e-08	4.1731e-05	3.1363e-05	1.0368e-05	3.459e-17
26.06	5.7631e-08	3.9139e-05	2.9413e-05	9.7253e-06	3.4545e-17
26.07	5.2411e-08	3.5621e-05	2.6801e-05	8.82e-06	3.4471e-17
26.08	4.8934e-08	3.3284e-05	2.5054e-05	8.2299e-06	3.4291e-17
26.09	5.1166e-08	3.4828e-05	2.6187e-05	8.6413e-06	3.3705e-17
26.1	5.9943e-08	4.0834e-05	3.0682e-05	1.0153e-05	3.2787e-17
26.11	6.7479e-08	4.6003e-05	3.4592e-05	1.1411e-05	3.1965e-17
26.12	6.2849e-08	4.2879e-05	3.2284e-05	1.0595e-05	3.1415e-17
26.13	4.7525e-08	3.2449e-05	2.4442e-05	8.0073e-06	3.101e-17
26.14	3.929e-08	2.6847e-05	2.0183e-05	6.6637e-06	3.0837e-17
26.15	5.2106e-08	3.5631e-05	2.6752e-05	8.8795e-06	3.1166e-17
26.16	7.4471e-08	5.0964e-05	3.8301e-05	1.2663e-05	3.186e-17
26.17	7.881e-08	5.3975e-05	4.0619e-05	1.3356e-05	3.2407e-17
26.18	5.6174e-08	3.8501e-05	2.9009e-05	9.492e-06	3.2633e-17
26.19	3.1967e-08	2.1927e-05	1.6515e-05	5.412e-06	3.2834e-17
26.2	3.7432e-08	2.5695e-05	1.9295e-05	6.3996e-06	3.3087e-17
26.21	6.9463e-08	4.7719e-05	3.5837e-05	1.1882e-05	3.3043e-17
26.22	9.1061e-08	6.2603e-05	4.7059e-05	1.5545e-05	3.2586e-17
26.23	7.5375e-08	5.1859e-05	3.9021e-05	1.2839e-05	3.2102e-17
26.24	3.9642e-08	2.7295e-05	2.0559e-05	6.7361e-06	3.1853e-17
26.25	2.5894e-08	1.7842e-05	1.3423e-05	4.4194e-06	3.1625e-17
26.26	5.1044e-08	3.5199e-05	2.6442e-05	8.7565e-06	3.1305e-17
26.27	8.6621e-08	5.9778e-05	4.4924e-05	1.4855e-05	3.1185e-17
26.28	9.1903e-08	6.3472e-05	4.7729e-05	1.5743e-05	3.1339e-17
26.29	6.0673e-08	4.1935e-05	3.1557e-05	1.0377e-05	3.1225e-17
26.3	2.7915e-08	1.9309e-05	1.4535e-05	4.7737e-06	3.0415e-17
26.31	3.048e-08	2.1099e-05	1.585e-05	5.2489e-06	2.9292e-17
26.32	6.6393e-08	4.5993e-05	3.4548e-05	1.1445e-05	2.8528e-17
26.33	9.6674e-08	6.7021e-05	5.0369e-05	1.6652e-05	2.8237e-17
26.34	8.7344e-08	6.0599e-05	4.5567e-05	1.5032e-05	2.8144e-17
26.35	4.7346e-08	3.2874e-05	2.4739e-05	8.135e-06	2.8214e-17
26.36	2.1094e-08	1.4657e-05	1.1037e-05	3.6197e-06	2.853e-17
26.37	4.0302e-08	2.8025e-05	2.1068e-05	6.9568e-06	2.8844e-17
26.38	8.5826e-08	5.9727e-05	4.4886e-05	1.4841e-05	2.8839e-17
26.39	1.0563e-07	7.3567e-05	5.5293e-05	1.8274e-05	2.868e-17
26.4	7.4557e-08	5.1963e-05	3.9071e-05	1.2892e-05	2.8737e-17
26.41	2.7542e-08	1.921e-05	1.4465e-05	4.745e-06	2.8916e-17
26.42	2.1518e-08	1.502e-05	1.1306e-05	3.7137e-06	2.8788e-17
26.43	6.6281e-08	4.63e-05	3.4788e-05	1.1512e-05	2.8286e-17
26.44	1.0938e-07	7.6468e-05	5.7442e-05	1.9025e-05	2.7739e-17
26.45	9.8393e-08	6.8836e-05	5.1722e-05	1.7114e-05	2.7294e-17
26.46	4.5902e-08	3.2137e-05	2.4174e-05	7.9633e-06	2.6829e-17
26.47	1.5202e-08	1.0652e-05	8.0364e-06	2.6152e-06	2.6391e-17
26.48	4.2912e-08	3.009e-05	2.2617e-05	7.473e-06	2.6181e-17
26.49	9.4703e-08	6.6455e-05	4.9917e-05	1.6538e-05	2.6111e-17
26.5	1.0827e-07	7.6029e-05	5.7123e-05	1.8907e-05	2.5891e-17
26.51	6.8602e-08	4.8212e-05	3.6257e-05	1.1955e-05	2.554e-17
26.52	2.364e-08	1.6626e-05	1.2536e-05	4.0906e-06	2.5341e-17
26.53	2.4956e-08	1.7565e-05	1.3211e-05	4.3535e-06	2.5288e-17
26.54	6.801e-08	4.7904e-05	3.5975e-05	1.1929e-05	2.5116e-17
26.55	1.0094e-07	7.1153e-05	5.3451e-05	1.7702e-05	2.4885e-17
26.56	8.6483e-08	6.1008e-05	4.5866e-05	1.5142e-05	2.4949e-17
26.57	4.2989e-08	3.0349e-05	2.285e-05	7.499e-06	2.5294e-17
26.58	2.0394e-08	1.4408e-05	1.0854e-05	3.5538e-06	2.5473e-17
26.59	4.2539e-08	3.0076e-05	2.2601e-05	7.4746e-06	2.5329e-17
26.6	8.1886e-08	5.7939e-05	4.354e-05	1.4399e-05	2.519e-17
26.61	9.2865e-08	6.5757e-05	4.944e-05	1.6317e-05	2.5194e-17
26.62	6.3963e-08	4.5326e-05	3.4101e-05	1.1224e-05	2.5021e-17
26.63	2.9338e-08	2.0805e-05	1.5663e-05	5.1426e-06	2.4546e-17
26.64	2.8111e-08	1.995e-05	1.4999e-05	4.9512e-06	2.416e-17
26.65	5.9399e-08	4.2186e-05	3.1704e-05	1.0482e-05	2.4118e-17
26.66	8.5053e-08	6.0452e-05	4.5445e-05	1.5007e-05	2.412e-17
26.67	7.5474e-08	5.3684e-05	4.0373e-05	1.3311e-05	2.3874e-17
26.68	4.3547e-08	3.0998e-05	2.3325e-05	7.6726e-06	2.3571e-17
26.69	2.7353e-08	1.9485e-05	1.4662e-05	4.8225e-06	2.3419e-17
26.7	4.4205e-08	3.1513e-05	2.3693e-05	7.8204e-06	2.3203e-17
26.71	7.1653e-08	5.1119e-05	3.843e-05	1.2689e-05	2.2755e-17
26.72	7.6487e-08	5.4608e-05	4.1063e-05	1.3545e-05	2.2369e-17
26.73	5.4554e-08	3.8979e-05	2.9321e-05	9.6575e-06	2.2312e-17
26.74	3.3392e-08	2.3876e-05	1.7961e-05	5.9155e-06	2.2336e-17
26.75	3.709e-08	2.654e-05	1.9952e-05	6.5885e-06	2.2154e-17
26.76	5.8192e-08	4.1671e-05	3.1332e-05	1.034e-05	2.1982e-17
26.77	6.9718e-08	4.9962e-05	3.7585e-05	1.2377e-05	2.2082e-17
26.78	5.9259e-08	4.2498e-05	3.1982e-05	1.0517e-05	2.2187e-17
26.79	4.1865e-08	3.0047e-05	2.26e-05	7.4469e-06	2.1919e-17
26.8	3.8476e-08	2.7635e-05	2.0762e-05	6.8733e-06	2.1449e-17
26.81	5.0209e-08	3.6089e-05	2.7126e-05	8.9629e-06	2.1139e-17
26.82	6.0289e-08	4.3366e-05	3.2633e-05	1.0733e-05	2.0875e-17
26.83	5.7173e-08	4.1156e-05	3.0986e-05	1.017e-05	2.0354e-17
26.84	4.7241e-08	3.4031e-05	2.56e-05	8.4314e-06	1.9738e-17
26.85	4.3431e-08	3.131e-05	2.3518e-05	7.7926e-06	1.9365e-17
26.86	4.8365e-08	3.4893e-05	2.6219e-05	8.6739e-06	1.9084e-17
26.87	5.3708e-08	3.8777e-05	2.9182e-05	9.5949e-06	1.8568e-17
26.88	5.2916e-08	3.8233e-05	2.8792e-05	9.4412e-06	1.8041e-17
26.89	4.8626e-08	3.516e-05	2.645e-05	8.7096e-06	1.7963e-17
26.9	4.698e-08	3.3995e-05	2.5536e-05	8.4589e-06	1.8204e-17
26.91	4.9157e-08	3.5597e-05	2.6746e-05	8.8515e-06	1.8271e-17
26.92	5.1202e-08	3.7105e-05	2.7917e-05	9.1884e-06	1.8187e-17
26.93	5.0257e-08	3.6448e-05	2.7439e-05	9.0087e-06	1.8354e-17
26.94	4.8041e-08	3.4866e-05	2.6226e-05	8.64e-06	1.8669e-17
26.95	4.7893e-08	3.4785e-05	2.6138e-05	8.6469e-06	1.864e-17
26.96	5.0139e-08	3.6443e-05	2.739e-05	9.0523e-06	1.8317e-17
26.97	5.1661e-08	3.7577e-05	2.8269e-05	9.308e-06	1.8224e-17
26.98	4.9953e-08	3.6361e-05	2.7364e-05	8.9979e-06	1.8376e-17
26.99	4.659e-08	3.3939e-05	2.5527e-05	8.4122e-06	1.8269e-17
27	4.5686e-08	3.3305e-05	2.5038e-05	8.2672e-06	1.7877e-17
27.01	4.8821e-08	3.5617e-05	2.6784e-05	8.8328e-06	1.7698e-17
27.02	5.26e-08	3.8402e-05	2.8889e-05	9.5135e-06	1.7725e-17
27.03	5.2356e-08	3.8252e-05	2.8768e-05	9.4842e-06	1.7382e-17
27.04	4.7876e-08	3.5005e-05	2.6309e-05	8.6962e-06	1.6649e-17
27.05	4.406e-08	3.2239e-05	2.4229e-05	8.0099e-06	1.62e-17
27.06	4.5343e-08	3.3202e-05	2.4978e-05	8.2242e-06	1.6213e-17
27.07	5.0421e-08	3.6948e-05	2.7818e-05	9.13e-06	1.6091e-17
27.08	5.3598e-08	3.9305e-05	2.9583e-05	9.7215e-06	1.5682e-17
27.09	5.1228e-08	3.7594e-05	2.8262e-05	9.3326e-06	1.5602e-17
27.1	4.5836e-08	3.3663e-05	2.5276e-05	8.387e-06	1.5962e-17
27.11	4.3221e-08	3.1766e-05	2.3858e-05	7.9076e-06	1.5989e-17
27.12	4.5885e-08	3.3748e-05	2.5392e-05	8.3559e-06	1.5439e-17
27.13	5.0394e-08	3.7092e-05	2.7944e-05	9.1482e-06	1.5109e-17
27.14	5.1681e-08	3.8067e-05	2.8668e-05	9.3994e-06	1.5349e-17
27.15	4.8959e-08	3.6089e-05	2.713e-05	8.959e-06	1.5378e-17
27.16	4.5975e-08	3.3914e-05	2.5455e-05	8.4595e-06	1.4862e-17
27.17	4.5808e-08	3.3816e-05	2.5396e-05	8.4203e-06	1.4725e-17
27.18	4.7537e-08	3.5118e-05	2.643e-05	8.6886e-06	1.5463e-17
27.19	4.8746e-08	3.6038e-05	2.7154e-05	8.8836e-06	1.6132e-17
27.2	4.902e-08	3.6267e-05	2.7299e-05	8.9678e-06	1.6134e-17
27.21	4.8984e-08	3.6267e-05	2.7243e-05	9.024e-06	1.6443e-17
27.22	4.7799e-08	3.5416e-05	2.6582e-05	8.833e-06	1.7684e-17
27.23	4.4887e-08	3.3283e-05	2.5015e-05	8.2673e-06	1.8649e-17
27.24	4.3229e-08	3.2077e-05	2.4157e-05	7.9202e-06	1.8436e-17
27.25	4.6586e-08	3.4593e-05	2.6053e-05	8.5398e-06	1.8313e-17
27.26	5.2591e-08	3.9081e-05	2.9389e-05	9.6919e-06	1.9384e-17
27.27	5.3323e-08	3.9654e-05	2.9785e-05	9.8687e-06	2.0203e-17
27.28	4.5952e-08	3.4197e-05	2.5687e-05	8.5108e-06	1.9333e-17
27.29	3.8955e-08	2.9011e-05	2.1817e-05	7.1949e-06	1.8463e-17
27.3	4.2314e-08	3.1537e-05	2.3734e-05	7.8023e-06	1.9675e-17
27.31	5.3123e-08	3.9621e-05	2.9807e-05	9.8141e-06	2.1312e-17
27.32	5.758e-08	4.2977e-05	3.2312e-05	1.0665e-05	2.0785e-17
27.33	4.8941e-08	3.6556e-05	2.7472e-05	9.0841e-06	2.0155e-17
27.34	3.7416e-08	2.7967e-05	2.1013e-05	6.9541e-06	2.3574e-17
27.35	3.7501e-08	2.8052e-05	2.1088e-05	6.9632e-06	2.9407e-17
27.36	4.9081e-08	3.6741e-05	2.7645e-05	9.0953e-06	3.1075e-17
27.37	5.7578e-08	4.3133e-05	3.2478e-05	1.0655e-05	2.6979e-17
27.38	5.2761e-08	3.9553e-05	2.9794e-05	9.7587e-06	2.3207e-17
27.39	4.1241e-08	3.0939e-05	2.3299e-05	7.64e-06	2.3877e-17
27.4	3.7168e-08	2.7905e-05	2.0988e-05	6.9165e-06	2.5571e-17
27.41	4.4496e-08	3.343e-05	2.513e-05	8.2997e-06	2.5634e-17
27.42	5.3424e-08	4.0167e-05	3.021e-05	9.9577e-06	2.8911e-17
27.43	5.3598e-08	4.0327e-05	3.0349e-05	9.9783e-06	3.9023e-17
27.44	4.6016e-08	3.4648e-05	2.6079e-05	8.5692e-06	4.8516e-17
27.45	3.9979e-08	3.0124e-05	2.2659e-05	7.4657e-06	4.7494e-17
27.46	4.1331e-08	3.1166e-05	2.3425e-05	7.7406e-06	3.9586e-17
27.47	4.7045e-08	3.55e-05	2.6687e-05	8.8138e-06	3.8765e-17
27.48	5.0542e-08	3.8167e-05	2.8708e-05	9.4594e-06	4.9584e-17
27.49	4.9101e-08	3.7105e-05	2.7924e-05	9.1818e-06	6.066e-17
27.5	4.5085e-08	3.4096e-05	2.5663e-05	8.4323e-06	6.0944e-17
27.51	4.221e-08	3.1945e-05	2.4037e-05	7.908e-06	5.3462e-17
27.52	4.2439e-08	3.2142e-05	2.4168e-05	7.9739e-06	4.7734e-17
27.53	4.5354e-08	3.4374e-05	2.5832e-05	8.5419e-06	4.6283e-17
27.54	4.8527e-08	3.6805e-05	2.7663e-05	9.1423e-06	4.5813e-17
27.55	4.8874e-08	3.7095e-05	2.7904e-05	9.1914e-06	4.625e-17
27.56	4.5551e-08	3.4599e-05	2.6048e-05	8.5505e-06	5.0251e-17
27.57	4.1732e-08	3.1721e-05	2.3876e-05	7.8445e-06	5.6135e-17
27.58	4.1742e-08	3.1751e-05	2.3865e-05	7.8863e-06	5.882e-17
27.59	4.5784e-08	3.4851e-05	2.6175e-05	8.6754e-06	5.7229e-17
27.6	4.9126e-08	3.7422e-05	2.8134e-05	9.2883e-06	5.4868e-17
27.61	4.7708e-08	3.6369e-05	2.7387e-05	8.9817e-06	5.3432e-17
27.62	4.3258e-08	3.3e-05	2.4862e-05	8.1376e-06	5.1313e-17
27.63	4.1153e-08	3.1417e-05	2.3627e-05	7.7901e-06	4.8441e-17
27.64	4.3785e-08	3.345e-05	2.5109e-05	8.341e-06	4.7425e-17
27.65	4.7844e-08	3.6578e-05	2.7472e-05	9.1064e-06	4.9365e-17
27.66	4.8482e-08	3.7093e-05	2.7915e-05	9.178e-06	5.3024e-17
27.67	4.4847e-08	3.4336e-05	2.5876e-05	8.4607e-06	5.8282e-17
27.68	4.0771e-08	3.1238e-05	2.3519e-05	7.7195e-06	6.5624e-17
27.69	4.0495e-08	3.1049e-05	2.3327e-05	7.7223e-06	7.1945e-17
27.7	4.4201e-08	3.3915e-05	2.547e-05	8.4444e-06	7.228e-17
27.71	4.7813e-08	3.6713e-05	2.7608e-05	9.1056e-06	6.6941e-17
27.72	4.7373e-08	3.6402e-05	2.7402e-05	8.9998e-06	6.1891e-17
27.73	4.3547e-08	3.3486e-05	2.5201e-05	8.2852e-06	6.0569e-17
27.74	4.093e-08	3.1496e-05	2.3681e-05	7.8153e-06	6.0477e-17
27.75	4.2392e-08	3.2645e-05	2.4542e-05	8.1027e-06	5.9552e-17
27.76	4.5485e-08	3.5051e-05	2.6367e-05	8.6838e-06	5.9858e-17
27.77	4.5977e-08	3.5456e-05	2.6675e-05	8.7809e-06	6.2031e-17
27.78	4.3748e-08	3.3762e-05	2.5386e-05	8.3763e-06	6.2392e-17
27.79	4.2466e-08	3.2796e-05	2.4652e-05	8.1444e-06	6.033e-17
27.8	4.3662e-08	3.3743e-05	2.5381e-05	8.3622e-06	6.2631e-17
27.81	4.456e-08	3.4462e-05	2.594e-05	8.522e-06	7.3769e-17
27.82	4.3116e-08	3.3369e-05	2.5108e-05	8.2609e-06	8.6199e-17
27.83	4.1833e-08	3.24e-05	2.4351e-05	8.049e-06	8.8242e-17
27.84	4.361e-08	3.3801e-05	2.5397e-05	8.4041e-06	7.9503e-17
27.85	4.6205e-08	3.5838e-05	2.6955e-05	8.8824e-06	7.0573e-17
27.86	4.5081e-08	3.4991e-05	2.6346e-05	8.645e-06	6.8258e-17
27.87	4.0972e-08	3.1825e-05	2.3955e-05	7.8696e-06	6.9208e-17
27.88	3.9795e-08	3.0933e-05	2.3248e-05	7.6848e-06	6.8959e-17
27.89	4.3826e-08	3.409e-05	2.5605e-05	8.4852e-06	6.8971e-17
27.9	4.7504e-08	3.6978e-05	2.7801e-05	9.1768e-06	7.1416e-17
27.91	4.5176e-08	3.5191e-05	2.6494e-05	8.6967e-06	7.3747e-17
27.92	3.9726e-08	3.0968e-05	2.3323e-05	7.6449e-06	7.3119e-17
27.93	3.8837e-08	3.0296e-05	2.2784e-05	7.512e-06	7.1702e-17
27.94	4.39e-08	3.427e-05	2.574e-05	8.5305e-06	7.3147e-17
27.95	4.7855e-08	3.7385e-05	2.8087e-05	9.2978e-06	7.7133e-17
27.96	4.5199e-08	3.5335e-05	2.6582e-05	8.7529e-06	8.1301e-17
27.97	3.9591e-08	3.0973e-05	2.3328e-05	7.645e-06	8.5455e-17
27.98	3.8407e-08	3.0068e-05	2.2635e-05	7.4336e-06	8.9766e-17
27.99	4.2634e-08	3.3401e-05	2.5104e-05	8.2971e-06	9.1538e-17
28	4.6357e-08	3.6344e-05	2.7298e-05	9.0458e-06	8.8236e-17
28.01	4.5302e-08	3.5542e-05	2.6715e-05	8.827e-06	8.1947e-17
28.02	4.1668e-08	3.2715e-05	2.4624e-05	8.0902e-06	7.6815e-17
28.03	3.9755e-08	3.1235e-05	2.3522e-05	7.7131e-06	7.3613e-17
28.04	4.0496e-08	3.1839e-05	2.395e-05	7.889e-06	7.0788e-17
28.05	4.2215e-08	3.3215e-05	2.4954e-05	8.2605e-06	6.9241e-17
28.06	4.3883e-08	3.4552e-05	2.596e-05	8.5914e-06	7.1471e-17
28.07	4.4832e-08	3.5324e-05	2.6571e-05	8.7527e-06	7.6813e-17
28.08	4.3415e-08	3.4232e-05	2.5775e-05	8.4579e-06	8.2143e-17
28.09	3.9559e-08	3.1214e-05	2.3496e-05	7.7183e-06	8.6852e-17
28.1	3.7408e-08	2.9538e-05	2.2204e-05	7.3333e-06	9.234e-17
28.11	4.1019e-08	3.2412e-05	2.4348e-05	8.0642e-06	9.6593e-17
28.12	4.7221e-08	3.7339e-05	2.8067e-05	9.2727e-06	9.4874e-17
28.13	4.7719e-08	3.776e-05	2.8413e-05	9.3466e-06	8.7525e-17
28.14	4.0482e-08	3.2056e-05	2.4139e-05	7.9168e-06	8.2073e-17
28.15	3.4361e-08	2.7228e-05	2.0492e-05	6.736e-06	8.4542e-17
28.16	3.7931e-08	3.0079e-05	2.2603e-05	7.476e-06	9.2168e-17
28.17	4.7005e-08	3.7301e-05	2.8018e-05	9.2829e-06	9.7725e-17
28.18	4.9517e-08	3.9322e-05	2.9557e-05	9.7649e-06	9.8033e-17
28.19	4.2087e-08	3.3446e-05	2.5173e-05	8.2725e-06	9.4939e-17
28.2	3.4754e-08	2.7638e-05	2.0818e-05	6.82e-06	9.0546e-17
28.21	3.6932e-08	2.9391e-05	2.211e-05	7.281e-06	8.5569e-17
28.22	4.479e-08	3.567e-05	2.6796e-05	8.8731e-06	8.1357e-17
28.23	4.7534e-08	3.7882e-05	2.8458e-05	9.4238e-06	7.9796e-17
28.24	4.2373e-08	3.3792e-05	2.5416e-05	8.3759e-06	8.111e-17
28.25	3.687e-08	2.9425e-05	2.2161e-05	7.264e-06	8.4119e-17
28.26	3.7461e-08	2.9917e-05	2.2521e-05	7.3963e-06	8.8501e-17
28.27	4.1845e-08	3.3442e-05	2.5137e-05	8.305e-06	9.4706e-17
28.28	4.4175e-08	3.5329e-05	2.654e-05	8.7893e-06	1.0199e-16
28.29	4.2833e-08	3.4281e-05	2.577e-05	8.5105e-06	1.0868e-16
28.3	4.0297e-08	3.2273e-05	2.4288e-05	7.9855e-06	1.1416e-16
28.31	3.8697e-08	3.1014e-05	2.3344e-05	7.6692e-06	1.1851e-16
28.32	3.8693e-08	3.1032e-05	2.334e-05	7.6921e-06	1.205e-16
28.33	4.0541e-08	3.2538e-05	2.4458e-05	8.0801e-06	1.1813e-16
28.34	4.3117e-08	3.463e-05	2.6034e-05	8.5955e-06	1.1168e-16
28.35	4.3383e-08	3.4868e-05	2.6226e-05	8.6422e-06	1.0431e-16
28.36	4.0034e-08	3.2199e-05	2.4226e-05	7.9737e-06	9.9186e-17
28.37	3.6702e-08	2.954e-05	2.2224e-05	7.3156e-06	9.7298e-17
28.38	3.8018e-08	3.062e-05	2.3031e-05	7.5888e-06	9.81e-17
28.39	4.2734e-08	3.4443e-05	2.5899e-05	8.5439e-06	1.0055e-16
28.4	4.4551e-08	3.5933e-05	2.7013e-05	8.9194e-06	1.03e-16
28.41	4.0748e-08	3.2889e-05	2.4726e-05	8.1626e-06	1.0376e-16
28.42	3.6318e-08	2.9334e-05	2.2066e-05	7.2687e-06	1.0261e-16
28.43	3.7137e-08	3.0017e-05	2.259e-05	7.4266e-06	1.0096e-16
28.44	4.183e-08	3.3833e-05	2.5456e-05	8.3771e-06	9.9918e-17
28.45	4.3932e-08	3.5558e-05	2.6736e-05	8.8221e-06	9.9446e-17
28.46	4.0892e-08	3.3122e-05	2.4893e-05	8.2289e-06	9.9431e-17
28.47	3.7066e-08	3.0044e-05	2.2587e-05	7.4573e-06	1.0048e-16
28.48	3.7246e-08	3.0211e-05	2.2731e-05	7.4802e-06	1.0294e-16
28.49	4.0511e-08	3.2882e-05	2.4748e-05	8.1341e-06	1.062e-16
28.5	4.2358e-08	3.4405e-05	2.5884e-05	8.5212e-06	1.0941e-16
28.51	4.0888e-08	3.3234e-05	2.4987e-05	8.2469e-06	1.1232e-16
28.52	3.842e-08	3.1251e-05	2.3488e-05	7.7628e-06	1.1501e-16
28.53	3.7705e-08	3.069e-05	2.3072e-05	7.6184e-06	1.1737e-16
28.54	3.8837e-08	3.1634e-05	2.3794e-05	7.8401e-06	1.193e-16
28.55	4.0213e-08	3.2778e-05	2.4662e-05	8.1154e-06	1.2091e-16
28.56	4.0747e-08	3.3236e-05	2.5004e-05	8.2329e-06	1.2283e-16
28.57	4.0286e-08	3.2884e-05	2.4724e-05	8.1593e-06	1.263e-16
28.58	3.9037e-08	3.1886e-05	2.3963e-05	7.9231e-06	1.3169e-16
28.59	3.7718e-08	3.083e-05	2.3174e-05	7.6568e-06	1.3569e-16
28.6	3.7605e-08	3.0759e-05	2.3138e-05	7.6214e-06	1.3229e-16
28.61	3.9178e-08	3.2068e-05	2.4135e-05	7.9327e-06	1.1975e-16
28.62	4.0946e-08	3.3539e-05	2.5237e-05	8.3023e-06	1.0585e-16
28.63	4.0783e-08	3.3429e-05	2.5138e-05	8.2909e-06	1.0186e-16
28.64	3.8613e-08	3.1672e-05	2.3808e-05	7.8642e-06	1.1057e-16
28.65	3.6762e-08	3.0175e-05	2.2687e-05	7.4884e-06	1.2363e-16
28.66	3.7196e-08	3.0552e-05	2.2979e-05	7.5735e-06	1.3194e-16
28.67	3.9217e-08	3.2235e-05	2.4247e-05	7.9886e-06	1.3467e-16
28.68	4.0539e-08	3.3345e-05	2.5079e-05	8.2657e-06	1.3577e-16
28.69	3.9987e-08	3.2914e-05	2.4756e-05	8.158e-06	1.361e-16
28.7	3.8383e-08	3.1616e-05	2.3782e-05	7.8334e-06	1.3376e-16
28.71	3.7206e-08	3.0667e-05	2.3067e-05	7.5999e-06	1.296e-16
28.72	3.724e-08	3.0717e-05	2.3098e-05	7.6187e-06	1.2725e-16
28.73	3.8326e-08	3.1635e-05	2.3784e-05	7.8509e-06	1.279e-16
28.74	3.9546e-08	3.2665e-05	2.4561e-05	8.1035e-06	1.2945e-16
28.75	3.9694e-08	3.2809e-05	2.4678e-05	8.1313e-06	1.3094e-16
28.76	3.8419e-08	3.1777e-05	2.3908e-05	7.8691e-06	1.3374e-16
28.77	3.6985e-08	3.0613e-05	2.3032e-05	7.581e-06	1.3788e-16
28.78	3.7032e-08	3.0673e-05	2.3069e-05	7.6044e-06	1.4089e-16
28.79	3.8421e-08	3.1846e-05	2.394e-05	7.9059e-06	1.4146e-16
28.8	3.9268e-08	3.257e-05	2.4482e-05	8.0878e-06	1.4106e-16
28.81	3.8488e-08	3.1946e-05	2.4025e-05	7.921e-06	1.4065e-16
28.82	3.7275e-08	3.096e-05	2.33e-05	7.6607e-06	1.3902e-16
28.83	3.7282e-08	3.0988e-05	2.3321e-05	7.6667e-06	1.3579e-16
28.84	3.8214e-08	3.1784e-05	2.3901e-05	7.8832e-06	1.3337e-16
28.85	3.8423e-08	3.1981e-05	2.4031e-05	7.9496e-06	1.3417e-16
28.86	3.7492e-08	3.1227e-05	2.3471e-05	7.756e-06	1.3789e-16
28.87	3.6852e-08	3.0715e-05	2.3111e-05	7.6045e-06	1.4297e-16
28.88	3.7593e-08	3.1355e-05	2.3604e-05	7.7506e-06	1.4789e-16
28.89	3.8732e-08	3.2327e-05	2.432e-05	8.0074e-06	1.4974e-16
28.9	3.8462e-08	3.2124e-05	2.4144e-05	7.9803e-06	1.4486e-16
28.91	3.6707e-08	3.0679e-05	2.3056e-05	7.6232e-06	1.3403e-16
28.92	3.5564e-08	2.9744e-05	2.2373e-05	7.3717e-06	1.2458e-16
28.93	3.6817e-08	3.0813e-05	2.319e-05	7.6239e-06	1.238e-16
28.94	3.9322e-08	3.2934e-05	2.4775e-05	8.1584e-06	1.3152e-16
28.95	3.9809e-08	3.3364e-05	2.5085e-05	8.2789e-06	1.4195e-16
28.96	3.6945e-08	3.0985e-05	2.3298e-05	7.6873e-06	1.5084e-16
28.97	3.3863e-08	2.842e-05	2.1379e-05	7.0412e-06	1.5747e-16
28.98	3.4868e-08	2.9283e-05	2.2026e-05	7.2575e-06	1.6108e-16
28.99	3.9413e-08	3.3123e-05	2.49e-05	8.2233e-06	1.6019e-16
29	4.1706e-08	3.5075e-05	2.6366e-05	8.7087e-06	1.5576e-16
29.01	3.8068e-08	3.2037e-05	2.4101e-05	7.9365e-06	1.5122e-16
29.02	3.2698e-08	2.7537e-05	2.0732e-05	6.8052e-06	1.4842e-16
29.03	3.282e-08	2.7659e-05	2.0812e-05	6.8472e-06	1.4664e-16
29.04	3.8688e-08	3.2626e-05	2.452e-05	8.1063e-06	1.4586e-16
29.05	4.2578e-08	3.5932e-05	2.6997e-05	8.9348e-06	1.4794e-16
29.06	3.9134e-08	3.3048e-05	2.4849e-05	8.1998e-06	1.5326e-16
29.07	3.2877e-08	2.7783e-05	2.0912e-05	6.8706e-06	1.5933e-16
29.08	3.2025e-08	2.7082e-05	2.0385e-05	6.6966e-06	1.6415e-16
29.09	3.7281e-08	3.1548e-05	2.3725e-05	7.823e-06	1.6826e-16
29.1	4.1326e-08	3.4996e-05	2.6304e-05	8.692e-06	1.7204e-16
29.11	3.9157e-08	3.3181e-05	2.4942e-05	8.2396e-06	1.7368e-16
29.12	3.4294e-08	2.9081e-05	2.187e-05	7.2113e-06	1.7189e-16
29.13	3.3002e-08	2.8004e-05	2.1069e-05	6.935e-06	1.6835e-16
29.14	3.5912e-08	3.0494e-05	2.2945e-05	7.5492e-06	1.6529e-16
29.15	3.8491e-08	3.2707e-05	2.4604e-05	8.1023e-06	1.627e-16
29.16	3.7901e-08	3.2227e-05	2.4232e-05	7.9947e-06	1.6004e-16
29.17	3.5872e-08	3.0523e-05	2.2942e-05	7.5812e-06	1.588e-16
29.18	3.5052e-08	2.9845e-05	2.2438e-05	7.4078e-06	1.607e-16
29.19	3.554e-08	3.0282e-05	2.2782e-05	7.4995e-06	1.6456e-16
29.2	3.5997e-08	3.0692e-05	2.3099e-05	7.5933e-06	1.6737e-16
29.21	3.6072e-08	3.0778e-05	2.3151e-05	7.6264e-06	1.6743e-16
29.22	3.6265e-08	3.0963e-05	2.3275e-05	7.6886e-06	1.6461e-16
29.23	3.6464e-08	3.1155e-05	2.342e-05	7.7343e-06	1.59e-16
29.24	3.6078e-08	3.0846e-05	2.3204e-05	7.6417e-06	1.5231e-16
29.25	3.5262e-08	3.0169e-05	2.2701e-05	7.4678e-06	1.4906e-16
29.26	3.4922e-08	2.9899e-05	2.2484e-05	7.4141e-06	1.5314e-16
29.27	3.5465e-08	3.0384e-05	2.2838e-05	7.546e-06	1.6307e-16
29.28	3.6232e-08	3.1063e-05	2.3358e-05	7.7044e-06	1.7323e-16
29.29	3.6337e-08	3.1174e-05	2.346e-05	7.7141e-06	1.7969e-16
29.3	3.5661e-08	3.0615e-05	2.3038e-05	7.5772e-06	1.8224e-16
29.31	3.4889e-08	2.9972e-05	2.2533e-05	7.4393e-06	1.8139e-16
29.32	3.4766e-08	2.9887e-05	2.2457e-05	7.4294e-06	1.7707e-16
29.33	3.536e-08	3.0419e-05	2.2874e-05	7.545e-06	1.7101e-16
29.34	3.5969e-08	3.0963e-05	2.3306e-05	7.6575e-06	1.6687e-16
29.35	3.5829e-08	3.0864e-05	2.3229e-05	7.6346e-06	1.6651e-16
29.36	3.5035e-08	3.02e-05	2.2707e-05	7.4937e-06	1.6853e-16
29.37	3.4521e-08	2.9778e-05	2.2375e-05	7.403e-06	1.7145e-16
29.38	3.4902e-08	3.0127e-05	2.265e-05	7.4772e-06	1.7577e-16
29.39	3.5587e-08	3.0739e-05	2.3131e-05	7.6082e-06	1.8136e-16
29.4	3.5532e-08	3.0712e-05	2.3114e-05	7.5985e-06	1.8574e-16
29.41	3.4744e-08	3.0052e-05	2.2603e-05	7.4495e-06	1.8689e-16
29.42	3.4344e-08	2.9726e-05	2.2345e-05	7.3806e-06	1.8588e-16
29.43	3.4911e-08	3.0238e-05	2.2733e-05	7.5047e-06	1.8461e-16
29.44	3.5519e-08	3.0784e-05	2.3153e-05	7.6311e-06	1.8289e-16
29.45	3.5079e-08	3.0424e-05	2.2886e-05	7.5376e-06	1.7988e-16
29.46	3.412e-08	2.9612e-05	2.2275e-05	7.3374e-06	1.7679e-16
29.47	3.4121e-08	2.9634e-05	2.229e-05	7.3438e-06	1.7542e-16
29.48	3.5151e-08	3.0549e-05	2.2976e-05	7.5729e-06	1.7539e-16
29.49	3.5517e-08	3.0888e-05	2.3225e-05	7.663e-06	1.7509e-16
29.5	3.4362e-08	2.9903e-05	2.248e-05	7.4235e-06	1.7453e-16
29.51	3.33e-08	2.8999e-05	2.1805e-05	7.1941e-06	1.7465e-16
29.52	3.4127e-08	2.9739e-05	2.2375e-05	7.3645e-06	1.7467e-16
29.53	3.5783e-08	3.1204e-05	2.3484e-05	7.7202e-06	1.7286e-16
29.54	3.5598e-08	3.1063e-05	2.3369e-05	7.6939e-06	1.6952e-16
29.55	3.3458e-08	2.9216e-05	2.1963e-05	7.2529e-06	1.6676e-16
29.56	3.2409e-08	2.8318e-05	2.128e-05	7.0381e-06	1.6546e-16
29.57	3.4167e-08	2.9875e-05	2.2462e-05	7.4138e-06	1.6503e-16
29.58	3.6228e-08	3.1698e-05	2.3851e-05	7.8475e-06	1.6606e-16
29.59	3.5409e-08	3.1003e-05	2.3336e-05	7.6675e-06	1.7041e-16
29.6	3.2759e-08	2.8702e-05	2.1595e-05	7.1078e-06	1.7766e-16
29.61	3.2124e-08	2.8164e-05	2.1172e-05	6.9927e-06	1.8386e-16
29.62	3.4331e-08	3.012e-05	2.2635e-05	7.4851e-06	1.8473e-16
29.63	3.5946e-08	3.1559e-05	2.3727e-05	7.8312e-06	1.7887e-16
29.64	3.4565e-08	3.0366e-05	2.2848e-05	7.5188e-06	1.6801e-16
29.65	3.2403e-08	2.8487e-05	2.144e-05	7.047e-06	1.5629e-16
29.66	3.2675e-08	2.8745e-05	2.1623e-05	7.1212e-06	1.4956e-16
29.67	3.4641e-08	3.0495e-05	2.2925e-05	7.5698e-06	1.5218e-16
29.68	3.5061e-08	3.0885e-05	2.3214e-05	7.6708e-06	1.6285e-16
29.69	3.3384e-08	2.9428e-05	2.2127e-05	7.3009e-06	1.752e-16
29.7	3.2354e-08	2.8539e-05	2.1471e-05	7.0682e-06	1.8373e-16
29.71	3.3415e-08	2.9495e-05	2.2195e-05	7.3001e-06	1.8752e-16
29.72	3.4586e-08	3.0549e-05	2.2982e-05	7.567e-06	1.8766e-16
29.73	3.3949e-08	3.0007e-05	2.2563e-05	7.4441e-06	1.8408e-16
29.74	3.2714e-08	2.8935e-05	2.1748e-05	7.1863e-06	1.7686e-16
29.75	3.2933e-08	2.9147e-05	2.1912e-05	7.2358e-06	1.6842e-16
29.76	3.3999e-08	3.0112e-05	2.265e-05	7.4614e-06	1.6164e-16
29.77	3.3819e-08	2.9972e-05	2.2557e-05	7.4152e-06	1.5693e-16
29.78	3.2519e-08	2.8839e-05	2.1701e-05	7.1378e-06	1.5331e-16
29.79	3.2342e-08	2.8701e-05	2.158e-05	7.121e-06	1.5119e-16
29.8	3.3821e-08	3.0034e-05	2.257e-05	7.4645e-06	1.517e-16
29.81	3.4615e-08	3.076e-05	2.3122e-05	7.6379e-06	1.5424e-16
29.82	3.3153e-08	2.9481e-05	2.218e-05	7.301e-06	1.5708e-16
29.83	3.1347e-08	2.7893e-05	2.0996e-05	6.8969e-06	1.5994e-16
29.84	3.1882e-08	2.8388e-05	2.1358e-05	7.0305e-06	1.636e-16
29.85	3.4093e-08	3.0378e-05	2.2835e-05	7.5431e-06	1.675e-16
29.86	3.4794e-08	3.1023e-05	2.3314e-05	7.7085e-06	1.6999e-16
29.87	3.2928e-08	2.9379e-05	2.2091e-05	7.2874e-06	1.7086e-16
29.88	3.11e-08	2.7766e-05	2.0894e-05	6.8721e-06	1.712e-16
29.89	3.174e-08	2.8357e-05	2.1339e-05	7.018e-06	1.7083e-16
29.9	3.3658e-08	3.0091e-05	2.263e-05	7.4611e-06	1.6818e-16
29.91	3.4008e-08	3.0424e-05	2.287e-05	7.5538e-06	1.6301e-16
29.92	3.2491e-08	2.9086e-05	2.1867e-05	7.2187e-06	1.5684e-16
29.93	3.151e-08	2.8227e-05	2.1232e-05	6.9952e-06	1.5043e-16
29.94	3.2342e-08	2.8991e-05	2.1812e-05	7.1796e-06	1.4307e-16
29.95	3.3347e-08	2.9912e-05	2.25e-05	7.4123e-06	1.3489e-16
29.96	3.2795e-08	2.9437e-05	2.2136e-05	7.3013e-06	1.2775e-16
29.97	3.1621e-08	2.8402e-05	2.1356e-05	7.0464e-06	1.2284e-16
29.98	3.1779e-08	2.8563e-05	2.1481e-05	7.0823e-06	1.1958e-16
29.99	3.2992e-08	2.9673e-05	2.232e-05	7.3536e-06	1.1762e-16
30	3.3206e-08	2.9885e-05	2.2479e-05	7.4062e-06	1.1786e-16
30.01	3.1952e-08	2.8776e-05	2.1641e-05	7.1345e-06	1.2046e-16
30.02	3.1122e-08	2.8047e-05	2.109e-05	6.9564e-06	1.238e-16
30.03	3.1914e-08	2.878e-05	2.1643e-05	7.1372e-06	1.2671e-16
30.04	3.2957e-08	2.9741e-05	2.2369e-05	7.3716e-06	1.298e-16
30.05	3.2598e-08	2.9436e-05	2.2142e-05	7.2939e-06	1.3362e-16
30.06	3.1514e-08	2.8476e-05	2.1418e-05	7.058e-06	1.3781e-16
30.07	3.1419e-08	2.8409e-05	2.1363e-05	7.0463e-06	1.4331e-16
30.08	3.2211e-08	2.9145e-05	2.1914e-05	7.2307e-06	1.5242e-16
30.09	3.2327e-08	2.9269e-05	2.2011e-05	7.2578e-06	1.6419e-16
30.1	3.1526e-08	2.8562e-05	2.1486e-05	7.0764e-06	1.7237e-16
30.11	3.1257e-08	2.8338e-05	2.1319e-05	7.019e-06	1.7132e-16
30.12	3.2048e-08	2.9074e-05	2.1867e-05	7.2069e-06	1.6271e-16
30.13	3.2486e-08	2.9492e-05	2.2174e-05	7.3178e-06	1.5319e-16
30.14	3.1617e-08	2.8722e-05	2.1593e-05	7.129e-06	1.4672e-16
30.15	3.0684e-08	2.7892e-05	2.0975e-05	6.9174e-06	1.425e-16
30.16	3.117e-08	2.8353e-05	2.133e-05	7.023e-06	1.3957e-16
30.17	3.2331e-08	2.9428e-05	2.2142e-05	7.2865e-06	1.3897e-16
30.18	3.2314e-08	2.9433e-05	2.2139e-05	7.2937e-06	1.4078e-16
30.19	3.1079e-08	2.8327e-05	2.1297e-05	7.0295e-06	1.4295e-16
30.2	3.0429e-08	2.7753e-05	2.0862e-05	6.8909e-06	1.4431e-16
30.21	3.1204e-08	2.8478e-05	2.1415e-05	7.0635e-06	1.46e-16
30.22	3.2114e-08	2.9328e-05	2.2065e-05	7.2627e-06	1.4868e-16
30.23	3.1827e-08	2.9085e-05	2.1886e-05	7.1993e-06	1.5079e-16
30.24	3.0861e-08	2.8221e-05	2.1227e-05	6.9944e-06	1.5118e-16
30.25	3.0547e-08	2.7953e-05	2.1013e-05	6.9399e-06	1.5101e-16
30.26	3.1061e-08	2.8441e-05	2.1379e-05	7.062e-06	1.5164e-16
30.27	3.1486e-08	2.885e-05	2.1698e-05	7.152e-06	1.5268e-16
30.28	3.1334e-08	2.873e-05	2.1618e-05	7.1118e-06	1.537e-16
30.29	3.0995e-08	2.8438e-05	2.1396e-05	7.0421e-06	1.559e-16
30.3	3.0849e-08	2.8322e-05	2.1297e-05	7.025e-06	1.6007e-16
30.31	3.0782e-08	2.8279e-05	2.1258e-05	7.0208e-06	1.649e-16
30.32	3.0697e-08	2.822e-05	2.1219e-05	7.0008e-06	1.6906e-16
30.33	3.079e-08	2.8324e-05	2.1306e-05	7.0177e-06	1.7324e-16
30.34	3.1076e-08	2.8606e-05	2.152e-05	7.0855e-06	1.7825e-16
30.35	3.114e-08	2.8683e-05	2.1574e-05	7.1096e-06	1.8276e-16
30.36	3.072e-08	2.8316e-05	2.1293e-05	7.0229e-06	1.8523e-16
30.37	3.0214e-08	2.7868e-05	2.0956e-05	6.9118e-06	1.8657e-16
30.38	3.0219e-08	2.7891e-05	2.0975e-05	6.9161e-06	1.8859e-16
30.39	3.0723e-08	2.8374e-05	2.1339e-05	7.0352e-06	1.9105e-16
30.4	3.1089e-08	2.8731e-05	2.1609e-05	7.1219e-06	1.9274e-16
30.41	3.0853e-08	2.8532e-05	2.1462e-05	7.07e-06	1.945e-16
30.42	3.0256e-08	2.7998e-05	2.106e-05	6.9388e-06	1.982e-16
30.43	2.9903e-08	2.769e-05	2.0822e-05	6.868e-06	2.0367e-16
30.44	3.0085e-08	2.7877e-05	2.0959e-05	6.9178e-06	2.0933e-16
30.45	3.0556e-08	2.8332e-05	2.1306e-05	7.0254e-06	2.1549e-16
30.46	3.0838e-08	2.8612e-05	2.1525e-05	7.0869e-06	2.2367e-16
30.47	3.062e-08	2.8428e-05	2.1386e-05	7.0417e-06	2.3274e-16
30.48	2.9984e-08	2.7856e-05	2.0947e-05	6.9091e-06	2.3927e-16
30.49	2.9451e-08	2.7379e-05	2.0583e-05	6.7958e-06	2.4204e-16
30.5	2.9645e-08	2.7577e-05	2.0738e-05	6.8386e-06	2.4316e-16
30.51	3.0559e-08	2.8446e-05	2.14e-05	7.0456e-06	2.4387e-16
30.52	3.1195e-08	2.9058e-05	2.1858e-05	7.1995e-06	2.4312e-16
30.53	3.0506e-08	2.8434e-05	2.138e-05	7.054e-06	2.4212e-16
30.54	2.8932e-08	2.6985e-05	2.0289e-05	6.6962e-06	2.4653e-16
30.55	2.8371e-08	2.6479e-05	1.9917e-05	6.5619e-06	2.6037e-16
30.56	2.9874e-08	2.79e-05	2.0991e-05	6.9092e-06	2.7946e-16
30.57	3.1819e-08	2.9736e-05	2.2363e-05	7.3722e-06	2.9395e-16
30.58	3.153e-08	2.9484e-05	2.2165e-05	7.3196e-06	2.9722e-16
30.59	2.889e-08	2.7034e-05	2.0325e-05	6.7081e-06	2.9017e-16
30.6	2.7055e-08	2.5334e-05	1.906e-05	6.2737e-06	2.7828e-16
30.61	2.861e-08	2.6807e-05	2.0171e-05	6.6356e-06	2.6682e-16
30.62	3.1883e-08	2.9893e-05	2.248e-05	7.4125e-06	2.5863e-16
30.63	3.2671e-08	3.0652e-05	2.3041e-05	7.6114e-06	2.5382e-16
30.64	2.9653e-08	2.7839e-05	2.093e-05	6.9089e-06	2.5066e-16
30.65	2.6426e-08	2.4825e-05	1.8676e-05	6.1487e-06	2.4783e-16
30.66	2.7111e-08	2.5485e-05	1.9176e-05	6.3094e-06	2.4569e-16
30.67	3.0969e-08	2.9131e-05	2.1909e-05	7.2226e-06	2.4488e-16
30.68	3.3123e-08	3.1177e-05	2.344e-05	7.7375e-06	2.4458e-16
30.69	3.0735e-08	2.8949e-05	2.1767e-05	7.1818e-06	2.437e-16
30.7	2.6749e-08	2.5211e-05	1.8963e-05	6.248e-06	2.4268e-16
30.71	2.6192e-08	2.4702e-05	1.8581e-05	6.1206e-06	2.424e-16
30.72	2.9683e-08	2.8012e-05	2.1067e-05	6.9448e-06	2.4208e-16
30.73	3.2611e-08	3.0795e-05	2.3159e-05	7.6361e-06	2.4013e-16
30.74	3.118e-08	2.9463e-05	2.2159e-05	7.3047e-06	2.3661e-16
30.75	2.7373e-08	2.5882e-05	1.9465e-05	6.4176e-06	2.3279e-16
30.76	2.6192e-08	2.4782e-05	1.8636e-05	6.1464e-06	2.286e-16
30.77	2.8928e-08	2.7389e-05	2.0599e-05	6.7903e-06	2.2293e-16
30.78	3.1625e-08	2.9961e-05	2.2538e-05	7.4237e-06	2.163e-16
30.79	3.0694e-08	2.9098e-05	2.1887e-05	7.2112e-06	2.11e-16
30.8	2.7701e-08	2.6278e-05	1.9759e-05	6.5189e-06	2.0816e-16
30.81	2.6779e-08	2.542e-05	1.9112e-05	6.3083e-06	2.0703e-16
30.82	2.8773e-08	2.7331e-05	2.0557e-05	6.7741e-06	2.0739e-16
30.83	3.0516e-08	2.9005e-05	2.1823e-05	7.1821e-06	2.1036e-16
30.84	2.9712e-08	2.8259e-05	2.1256e-05	7.003e-06	2.1597e-16
30.85	2.7913e-08	2.6565e-05	1.997e-05	6.5947e-06	2.2209e-16
30.86	2.7663e-08	2.6345e-05	1.9805e-05	6.5401e-06	2.2696e-16
30.87	2.8785e-08	2.7431e-05	2.0635e-05	6.7959e-06	2.3063e-16
30.88	2.9268e-08	2.7909e-05	2.1003e-05	6.9064e-06	2.3323e-16
30.89	2.8615e-08	2.7304e-05	2.0538e-05	6.7663e-06	2.337e-16
30.9	2.8192e-08	2.6918e-05	2.0232e-05	6.6854e-06	2.3186e-16
30.91	2.8619e-08	2.7343e-05	2.0553e-05	6.7898e-06	2.2965e-16
30.92	2.8852e-08	2.7584e-05	2.075e-05	6.8337e-06	2.2885e-16
30.93	2.8221e-08	2.6999e-05	2.0319e-05	6.68e-06	2.2953e-16
30.94	2.7688e-08	2.6505e-05	1.9938e-05	6.5674e-06	2.3206e-16
30.95	2.8203e-08	2.7016e-05	2.0308e-05	6.7076e-06	2.3819e-16
30.96	2.9035e-08	2.7831e-05	2.0921e-05	6.9097e-06	2.4758e-16
30.97	2.8867e-08	2.7688e-05	2.0825e-05	6.8628e-06	2.5543e-16
30.98	2.7844e-08	2.6724e-05	2.0106e-05	6.6175e-06	2.5722e-16
30.99	2.7349e-08	2.6265e-05	1.9757e-05	6.5084e-06	2.549e-16
31	2.7966e-08	2.6876e-05	2.021e-05	6.666e-06	2.5512e-16
31.01	2.875e-08	2.7647e-05	2.079e-05	6.8572e-06	2.6165e-16
31.02	2.8642e-08	2.756e-05	2.0727e-05	6.8333e-06	2.7228e-16
31.03	2.7829e-08	2.6795e-05	2.0151e-05	6.6444e-06	2.8292e-16
31.04	2.7332e-08	2.6334e-05	1.9804e-05	6.5305e-06	2.9131e-16
31.05	2.7676e-08	2.6682e-05	2.0069e-05	6.613e-06	2.9624e-16
31.06	2.835e-08	2.735e-05	2.0575e-05	6.7748e-06	2.9643e-16
31.07	2.8474e-08	2.7487e-05	2.0675e-05	6.8128e-06	2.923e-16
31.08	2.7817e-08	2.6871e-05	2.0202e-05	6.6681e-06	2.8666e-16
31.09	2.7116e-08	2.621e-05	1.9704e-05	6.5057e-06	2.8245e-16
31.1	2.7265e-08	2.6371e-05	1.9834e-05	6.5372e-06	2.8122e-16
31.11	2.8141e-08	2.7236e-05	2.0492e-05	6.7438e-06	2.8442e-16
31.12	2.8575e-08	2.7673e-05	2.0818e-05	6.855e-06	2.9386e-16
31.13	2.7825e-08	2.6965e-05	2.0276e-05	6.689e-06	3.0899e-16
31.14	2.6737e-08	2.5927e-05	1.949e-05	6.4362e-06	3.2541e-16
31.15	2.6753e-08	2.5959e-05	1.952e-05	6.4389e-06	3.3778e-16
31.16	2.7897e-08	2.7087e-05	2.0377e-05	6.71e-06	3.4377e-16
31.17	2.8604e-08	2.779e-05	2.0908e-05	6.8821e-06	3.4439e-16
31.18	2.7852e-08	2.7078e-05	2.0367e-05	6.7109e-06	3.4221e-16
31.19	2.6631e-08	2.5908e-05	1.948e-05	6.4279e-06	3.4026e-16
31.2	2.6542e-08	2.5837e-05	1.9425e-05	6.4127e-06	3.4095e-16
31.21	2.7538e-08	2.6823e-05	2.0171e-05	6.6526e-06	3.4403e-16
31.22	2.8089e-08	2.7378e-05	2.0595e-05	6.7835e-06	3.4674e-16
31.23	2.7476e-08	2.6798e-05	2.016e-05	6.6376e-06	3.4722e-16
31.24	2.6736e-08	2.6093e-05	1.9625e-05	6.4679e-06	3.4672e-16
31.25	2.6935e-08	2.6303e-05	1.9776e-05	6.5268e-06	3.4732e-16
31.26	2.7521e-08	2.6893e-05	2.0219e-05	6.6741e-06	3.4897e-16
31.27	2.7337e-08	2.6731e-05	2.0102e-05	6.6283e-06	3.5066e-16
31.28	2.6606e-08	2.6032e-05	1.9583e-05	6.4493e-06	3.5296e-16
31.29	2.662e-08	2.6062e-05	1.9606e-05	6.456e-06	3.5679e-16
31.3	2.753e-08	2.6971e-05	2.0286e-05	6.6848e-06	3.6089e-16
31.31	2.7854e-08	2.7306e-05	2.0533e-05	6.7725e-06	3.629e-16
31.32	2.6781e-08	2.627e-05	1.9752e-05	6.5189e-06	3.626e-16
31.33	2.5713e-08	2.5239e-05	1.8976e-05	6.2626e-06	3.6147e-16
31.34	2.6324e-08	2.5855e-05	1.9446e-05	6.4092e-06	3.5945e-16
31.35	2.786e-08	2.7382e-05	2.0602e-05	6.7797e-06	3.5503e-16
31.36	2.8021e-08	2.7558e-05	2.0734e-05	6.8236e-06	3.4845e-16
31.37	2.6409e-08	2.5988e-05	1.9542e-05	6.4464e-06	3.4221e-16
31.38	2.5282e-08	2.4895e-05	1.8709e-05	6.1861e-06	3.3762e-16
31.39	2.6237e-08	2.5852e-05	1.9435e-05	6.4172e-06	3.3364e-16
31.4	2.7791e-08	2.74e-05	2.0618e-05	6.7823e-06	3.2975e-16
31.41	2.7625e-08	2.7254e-05	2.0515e-05	6.7391e-06	3.2733e-16
31.42	2.607e-08	2.5737e-05	1.9357e-05	6.3793e-06	3.2699e-16
31.43	2.5454e-08	2.5144e-05	1.8892e-05	6.252e-06	3.2685e-16
31.44	2.6464e-08	2.6159e-05	1.966e-05	6.4995e-06	3.2513e-16
31.45	2.729e-08	2.6993e-05	2.031e-05	6.6828e-06	3.2237e-16
31.46	2.6682e-08	2.6408e-05	1.9881e-05	6.5271e-06	3.1961e-16
31.47	2.5829e-08	2.558e-05	1.9242e-05	6.3385e-06	3.1637e-16
31.48	2.6139e-08	2.5904e-05	1.9464e-05	6.4391e-06	3.1204e-16
31.49	2.6849e-08	2.6624e-05	2.001e-05	6.6141e-06	3.0774e-16
31.5	2.6482e-08	2.6277e-05	1.977e-05	6.5072e-06	3.0478e-16
31.51	2.5542e-08	2.536e-05	1.9088e-05	6.2723e-06	3.0269e-16
31.52	2.5732e-08	2.5565e-05	1.9227e-05	6.3376e-06	3.006e-16
31.53	2.6927e-08	2.6769e-05	2.012e-05	6.6498e-06	2.9927e-16
31.54	2.7129e-08	2.6988e-05	2.029e-05	6.6974e-06	2.9966e-16
31.55	2.5725e-08	2.5607e-05	1.9266e-05	6.341e-06	3.0057e-16
31.56	2.4724e-08	2.4626e-05	1.8528e-05	6.0982e-06	3.0012e-16
31.57	2.5712e-08	2.5627e-05	1.9268e-05	6.3582e-06	2.9847e-16
31.58	2.7262e-08	2.7188e-05	2.0439e-05	6.7487e-06	2.9696e-16
31.59	2.7016e-08	2.696e-05	2.0278e-05	6.6824e-06	2.9516e-16
31.6	2.5286e-08	2.525e-05	1.8997e-05	6.2524e-06	2.9158e-16
31.61	2.4567e-08	2.4547e-05	1.8461e-05	6.0861e-06	2.8663e-16
31.62	2.5766e-08	2.5762e-05	1.9366e-05	6.3954e-06	2.8247e-16
31.63	2.6954e-08	2.6966e-05	2.0278e-05	6.6883e-06	2.7967e-16
31.64	2.6394e-08	2.6423e-05	1.988e-05	6.5431e-06	2.7675e-16
31.65	2.5066e-08	2.5109e-05	1.8889e-05	6.2193e-06	2.7322e-16
31.66	2.4951e-08	2.501e-05	1.8803e-05	6.2066e-06	2.7041e-16
31.67	2.5995e-08	2.6073e-05	1.96e-05	6.4732e-06	2.6883e-16
31.68	2.6401e-08	2.6496e-05	1.9929e-05	6.5675e-06	2.6721e-16
31.69	2.5531e-08	2.5639e-05	1.9292e-05	6.3474e-06	2.6506e-16
31.7	2.4803e-08	2.4924e-05	1.8747e-05	6.1772e-06	2.6371e-16
31.71	2.5348e-08	2.5488e-05	1.916e-05	6.3273e-06	2.6369e-16
31.72	2.624e-08	2.6401e-05	1.985e-05	6.5512e-06	2.6325e-16
31.73	2.6004e-08	2.6181e-05	1.9695e-05	6.4854e-06	2.6099e-16
31.74	2.4936e-08	2.5121e-05	1.8901e-05	6.2206e-06	2.5791e-16
31.75	2.461e-08	2.4808e-05	1.8656e-05	6.1529e-06	2.5532e-16
31.76	2.5437e-08	2.5658e-05	1.9288e-05	6.37e-06	2.5267e-16
31.77	2.6089e-08	2.6333e-05	1.9802e-05	6.531e-06	2.4921e-16
31.78	2.5598e-08	2.5853e-05	1.945e-05	6.4031e-06	2.4614e-16
31.79	2.477e-08	2.5033e-05	1.8832e-05	6.2012e-06	2.4494e-16
31.8	2.4803e-08	2.5082e-05	1.8861e-05	6.2212e-06	2.4485e-16
31.81	2.542e-08	2.5722e-05	1.9339e-05	6.3824e-06	2.4426e-16
31.82	2.5485e-08	2.5804e-05	1.9405e-05	6.3985e-06	2.4332e-16
31.83	2.4931e-08	2.5259e-05	1.8998e-05	6.261e-06	2.4299e-16
31.84	2.4781e-08	2.5123e-05	1.8894e-05	6.2285e-06	2.4248e-16
31.85	2.5299e-08	2.5664e-05	1.9302e-05	6.3619e-06	2.4016e-16
31.86	2.5478e-08	2.5861e-05	1.9454e-05	6.4075e-06	2.3642e-16
31.87	2.479e-08	2.518e-05	1.8939e-05	6.241e-06	2.3327e-16
31.88	2.4243e-08	2.4639e-05	1.8523e-05	6.1161e-06	2.3125e-16
31.89	2.4799e-08	2.522e-05	1.8957e-05	6.2625e-06	2.2923e-16
31.9	2.5676e-08	2.6128e-05	1.9653e-05	6.4756e-06	2.2705e-16
31.91	2.5439e-08	2.5904e-05	1.9497e-05	6.407e-06	2.2605e-16
31.92	2.4287e-08	2.4746e-05	1.862e-05	6.1259e-06	2.2647e-16
31.93	2.3856e-08	2.4322e-05	1.8281e-05	6.0407e-06	2.2674e-16
31.94	2.4739e-08	2.5238e-05	1.8962e-05	6.2759e-06	2.2601e-16
31.95	2.5591e-08	2.6123e-05	1.9644e-05	6.4797e-06	2.2523e-16
31.96	2.5183e-08	2.5723e-05	1.9362e-05	6.3612e-06	2.25e-16
31.97	2.4174e-08	2.4708e-05	1.8596e-05	6.1119e-06	2.2454e-16
31.98	2.3964e-08	2.4508e-05	1.8427e-05	6.0814e-06	2.2348e-16
31.99	2.4604e-08	2.5179e-05	1.8922e-05	6.2575e-06	2.2289e-16
32	2.4977e-08	2.5576e-05	1.923e-05	6.346e-06	2.2334e-16
32.01	2.4631e-08	2.5238e-05	1.8989e-05	6.2493e-06	2.2378e-16
32.02	2.4281e-08	2.4894e-05	1.8729e-05	6.1656e-06	2.2354e-16
32.03	2.4435e-08	2.5068e-05	1.885e-05	6.2179e-06	2.2367e-16
32.04	2.4609e-08	2.5263e-05	1.8996e-05	6.2672e-06	2.2505e-16
32.05	2.4298e-08	2.4959e-05	1.8774e-05	6.1852e-06	2.2663e-16
32.06	2.3917e-08	2.4583e-05	1.8491e-05	6.0914e-06	2.2716e-16
32.07	2.4133e-08	2.4821e-05	1.8662e-05	6.1592e-06	2.2728e-16
32.08	2.4735e-08	2.5455e-05	1.9135e-05	6.3199e-06	2.2807e-16
32.09	2.4849e-08	2.5589e-05	1.9246e-05	6.3426e-06	2.2899e-16
32.1	2.4184e-08	2.4919e-05	1.8754e-05	6.1657e-06	2.2892e-16
32.11	2.346e-08	2.4189e-05	1.8199e-05	5.9897e-06	2.2833e-16
32.12	2.3507e-08	2.4252e-05	1.8231e-05	6.0213e-06	2.2846e-16
32.13	2.4285e-08	2.507e-05	1.884e-05	6.23e-06	2.2919e-16
32.14	2.4956e-08	2.5779e-05	1.9385e-05	6.3942e-06	2.2951e-16
32.15	2.4763e-08	2.5596e-05	1.9261e-05	6.335e-06	2.296e-16
32.16	2.3769e-08	2.4584e-05	1.8499e-05	6.0849e-06	2.3035e-16
32.17	2.2884e-08	2.3683e-05	1.781e-05	5.8731e-06	2.3131e-16
32.18	2.3086e-08	2.3907e-05	1.7972e-05	5.9351e-06	2.3116e-16
32.19	2.436e-08	2.5242e-05	1.898e-05	6.2626e-06	2.2995e-16
32.2	2.5403e-08	2.6339e-05	1.9809e-05	6.5296e-06	2.2886e-16
32.21	2.4828e-08	2.5759e-05	1.9373e-05	6.3857e-06	2.2798e-16
32.22	2.2934e-08	2.3808e-05	1.7906e-05	5.9023e-06	2.2621e-16
32.23	2.1823e-08	2.267e-05	1.7053e-05	5.6162e-06	2.2362e-16
32.24	2.3087e-08	2.3997e-05	1.8053e-05	5.9443e-06	2.2172e-16
32.25	2.5508e-08	2.6529e-05	1.995e-05	6.5799e-06	2.2104e-16
32.26	2.6044e-08	2.7104e-05	2.0372e-05	6.732e-06	2.2048e-16
32.27	2.3618e-08	2.4595e-05	1.8488e-05	6.1074e-06	2.1952e-16
32.28	2.1001e-08	2.1883e-05	1.6462e-05	5.4204e-06	2.1913e-16
32.29	2.1677e-08	2.2601e-05	1.7012e-05	5.5887e-06	2.1965e-16
32.3	2.5124e-08	2.6212e-05	1.972e-05	6.4916e-06	2.1984e-16
32.31	2.6946e-08	2.813e-05	2.1146e-05	6.9837e-06	2.1888e-16
32.32	2.447e-08	2.5561e-05	1.9208e-05	6.3533e-06	2.1766e-16
32.33	2.0656e-08	2.159e-05	1.6231e-05	5.3589e-06	2.1689e-16
32.34	2.0548e-08	2.1491e-05	1.6171e-05	5.3202e-06	2.1572e-16
32.35	2.4482e-08	2.5621e-05	1.9281e-05	6.3403e-06	2.1363e-16
32.36	2.7308e-08	2.8596e-05	2.1511e-05	7.0848e-06	2.1184e-16
32.37	2.5157e-08	2.636e-05	1.982e-05	6.5394e-06	2.1156e-16
32.38	2.0765e-08	2.1772e-05	1.6366e-05	5.4059e-06	2.1201e-16
32.39	1.9911e-08	2.0889e-05	1.5704e-05	5.1852e-06	2.1192e-16
32.4	2.3651e-08	2.4828e-05	1.8673e-05	6.1555e-06	2.1177e-16
32.41	2.6933e-08	2.829e-05	2.1284e-05	7.006e-06	2.1255e-16
32.42	2.5445e-08	2.6744e-05	2.0124e-05	6.62e-06	2.1358e-16
32.43	2.1306e-08	2.2408e-05	1.6855e-05	5.5523e-06	2.1347e-16
32.44	1.997e-08	2.1015e-05	1.5796e-05	5.2191e-06	2.1256e-16
32.45	2.2871e-08	2.4083e-05	1.81e-05	5.983e-06	2.1215e-16
32.46	2.5843e-08	2.723e-05	2.0477e-05	6.7524e-06	2.121e-16
32.47	2.5033e-08	2.6392e-05	1.986e-05	6.5318e-06	2.1118e-16
32.48	2.1894e-08	2.3097e-05	1.7381e-05	5.7154e-06	2.0946e-16
32.49	2.0711e-08	2.1863e-05	1.644e-05	5.4229e-06	2.0826e-16
32.5	2.2644e-08	2.3917e-05	1.7975e-05	5.9421e-06	2.0773e-16
32.51	2.46e-08	2.6e-05	1.9546e-05	6.4531e-06	2.0657e-16
32.52	2.3947e-08	2.5325e-05	1.9051e-05	6.2742e-06	2.0455e-16
32.53	2.2007e-08	2.3288e-05	1.7521e-05	5.7668e-06	2.0298e-16
32.54	2.166e-08	2.2935e-05	1.7248e-05	5.6872e-06	2.0245e-16
32.55	2.3059e-08	2.4431e-05	1.8368e-05	6.0623e-06	2.0199e-16
32.56	2.3769e-08	2.5199e-05	1.8953e-05	6.2463e-06	2.0115e-16
32.57	2.2701e-08	2.4081e-05	1.8118e-05	5.963e-06	2.0091e-16
32.58	2.1666e-08	2.2998e-05	1.7297e-05	5.7012e-06	2.0179e-16
32.59	2.2358e-08	2.3747e-05	1.7847e-05	5.8993e-06	2.0272e-16
32.6	2.3626e-08	2.5109e-05	1.8873e-05	6.2362e-06	2.0292e-16
32.61	2.3321e-08	2.4799e-05	1.8658e-05	6.1419e-06	2.0304e-16
32.62	2.1756e-08	2.315e-05	1.743e-05	5.7205e-06	2.0359e-16
32.63	2.1319e-08	2.2698e-05	1.7078e-05	5.6203e-06	2.0358e-16
32.64	2.2755e-08	2.4243e-05	1.8215e-05	6.0277e-06	2.0225e-16
32.65	2.3913e-08	2.5492e-05	1.9148e-05	6.3439e-06	2.0063e-16
32.66	2.2958e-08	2.4489e-05	1.8415e-05	6.0739e-06	2.0006e-16
32.67	2.1194e-08	2.2621e-05	1.7034e-05	5.5871e-06	2.0033e-16
32.68	2.1168e-08	2.2607e-05	1.7021e-05	5.5866e-06	2.0062e-16
32.69	2.2898e-08	2.447e-05	1.8396e-05	6.0735e-06	2.0132e-16
32.7	2.385e-08	2.5503e-05	1.9157e-05	6.3458e-06	2.0317e-16
32.71	2.2638e-08	2.4221e-05	1.8203e-05	6.0181e-06	2.0559e-16
32.72	2.097e-08	2.2451e-05	1.6892e-05	5.5591e-06	2.0744e-16
32.73	2.1131e-08	2.2636e-05	1.7038e-05	5.5987e-06	2.0871e-16
32.74	2.2771e-08	2.4408e-05	1.8361e-05	6.047e-06	2.0994e-16
32.75	2.3544e-08	2.5252e-05	1.8988e-05	6.2642e-06	2.1057e-16
32.76	2.2428e-08	2.407e-05	1.8099e-05	5.9706e-06	2.0964e-16
32.77	2.1002e-08	2.2554e-05	1.6959e-05	5.5946e-06	2.0777e-16
32.78	2.1132e-08	2.2707e-05	1.7069e-05	5.6376e-06	2.0647e-16
32.79	2.2474e-08	2.4163e-05	1.8165e-05	5.998e-06	2.0594e-16
32.8	2.3119e-08	2.4872e-05	1.8713e-05	6.1596e-06	2.052e-16
32.81	2.224e-08	2.3942e-05	1.8026e-05	5.9156e-06	2.0425e-16
32.82	2.109e-08	2.2717e-05	1.7096e-05	5.621e-06	2.0422e-16
32.83	2.1177e-08	2.2825e-05	1.715e-05	5.6751e-06	2.0515e-16
32.84	2.2242e-08	2.3987e-05	1.801e-05	5.9772e-06	2.0562e-16
32.85	2.2724e-08	2.4522e-05	1.8432e-05	6.0898e-06	2.0494e-16
32.86	2.196e-08	2.3712e-05	1.7856e-05	5.8553e-06	2.0399e-16
32.87	2.1049e-08	2.2742e-05	1.7135e-05	5.6068e-06	2.0351e-16
32.88	2.1245e-08	2.2967e-05	1.7277e-05	5.6905e-06	2.0312e-16
32.89	2.2178e-08	2.3991e-05	1.8014e-05	5.9765e-06	2.027e-16
32.9	2.2425e-08	2.4273e-05	1.8224e-05	6.0482e-06	2.0309e-16
32.91	2.1585e-08	2.3378e-05	1.7579e-05	5.799e-06	2.0462e-16
32.92	2.0866e-08	2.2613e-05	1.703e-05	5.5831e-06	2.0629e-16
32.93	2.1306e-08	2.3104e-05	1.74e-05	5.7035e-06	2.073e-16
32.94	2.2229e-08	2.4119e-05	1.8144e-05	5.9748e-06	2.0809e-16
32.95	2.221e-08	2.4113e-05	1.8118e-05	5.9951e-06	2.09e-16
32.96	2.1188e-08	2.3018e-05	1.7285e-05	5.7324e-06	2.0944e-16
32.97	2.0611e-08	2.2404e-05	1.6834e-05	5.5699e-06	2.0912e-16
32.98	2.1332e-08	2.3203e-05	1.7461e-05	5.7416e-06	2.0891e-16
32.99	2.2302e-08	2.4273e-05	1.8288e-05	5.9845e-06	2.0942e-16
33	2.2044e-08	2.4005e-05	1.808e-05	5.9251e-06	2.1015e-16
33.01	2.0832e-08	2.27e-05	1.706e-05	5.6398e-06	2.1097e-16
33.02	2.0374e-08	2.2214e-05	1.6663e-05	5.5517e-06	2.1296e-16
33.03	2.1329e-08	2.327e-05	1.7471e-05	5.7987e-06	2.1633e-16
33.04	2.2287e-08	2.433e-05	1.832e-05	6.0094e-06	2.1897e-16
33.05	2.1799e-08	2.3811e-05	1.796e-05	5.8507e-06	2.1894e-16
33.06	2.0542e-08	2.2452e-05	1.6908e-05	5.5441e-06	2.1729e-16
33.07	2.0343e-08	2.2248e-05	1.6698e-05	5.55e-06	2.1653e-16
33.08	2.1426e-08	2.3446e-05	1.7584e-05	5.8618e-06	2.1722e-16
33.09	2.2058e-08	2.4152e-05	1.8158e-05	5.9949e-06	2.1816e-16
33.1	2.123e-08	2.326e-05	1.753e-05	5.7301e-06	2.1908e-16
33.11	2.0252e-08	2.2201e-05	1.6727e-05	5.4742e-06	2.2083e-16
33.12	2.0682e-08	2.2687e-05	1.7054e-05	5.6337e-06	2.2309e-16
33.13	2.1785e-08	2.3911e-05	1.7957e-05	5.9546e-06	2.2435e-16
33.14	2.1648e-08	2.3776e-05	1.7872e-05	5.9033e-06	2.2431e-16
33.15	2.0337e-08	2.2349e-05	1.6816e-05	5.5325e-06	2.2426e-16
33.16	1.9944e-08	2.193e-05	1.6495e-05	5.4356e-06	2.2473e-16
33.17	2.1223e-08	2.3351e-05	1.7554e-05	5.7962e-06	2.2478e-16
33.18	2.2179e-08	2.4417e-05	1.837e-05	6.0476e-06	2.2418e-16
33.19	2.1149e-08	2.3297e-05	1.7541e-05	5.756e-06	2.2412e-16
33.2	1.9586e-08	2.1588e-05	1.6239e-05	5.3494e-06	2.2516e-16
33.21	1.9906e-08	2.1955e-05	1.6482e-05	5.4724e-06	2.2634e-16
33.22	2.1626e-08	2.3865e-05	1.792e-05	5.9451e-06	2.2723e-16
33.23	2.2027e-08	2.4323e-05	1.8306e-05	6.0172e-06	2.2888e-16
33.24	2.0461e-08	2.2607e-05	1.7044e-05	5.5627e-06	2.3168e-16
33.25	1.9402e-08	2.145e-05	1.615e-05	5.2998e-06	2.3422e-16
33.26	2.0472e-08	2.2647e-05	1.7004e-05	5.6423e-06	2.3555e-16
33.27	2.1815e-08	2.4147e-05	1.8124e-05	6.0224e-06	2.3682e-16
33.28	2.1133e-08	2.3406e-05	1.7601e-05	5.8045e-06	2.3925e-16
33.29	1.949e-08	2.1599e-05	1.6269e-05	5.3302e-06	2.4205e-16
33.3	1.9629e-08	2.1767e-05	1.6384e-05	5.3827e-06	2.4388e-16
33.31	2.1435e-08	2.3784e-05	1.7878e-05	5.9053e-06	2.4515e-16
33.32	2.1957e-08	2.4377e-05	1.8322e-05	6.0545e-06	2.4692e-16
33.33	2.0131e-08	2.2364e-05	1.6817e-05	5.5468e-06	2.4872e-16
33.34	1.8664e-08	2.0746e-05	1.5597e-05	5.1488e-06	2.4945e-16
33.35	1.9884e-08	2.2116e-05	1.6622e-05	5.4933e-06	2.4967e-16
33.36	2.2025e-08	2.4511e-05	1.844e-05	6.0711e-06	2.508e-16
33.37	2.1829e-08	2.4308e-05	1.8309e-05	5.9991e-06	2.5273e-16
33.38	1.9526e-08	2.1756e-05	1.6378e-05	5.378e-06	2.5438e-16
33.39	1.8475e-08	2.0597e-05	1.5466e-05	5.1313e-06	2.5591e-16
33.4	2.0093e-08	2.2415e-05	1.6818e-05	5.5967e-06	2.5852e-16
33.41	2.1846e-08	2.4385e-05	1.8339e-05	6.0462e-06	2.619e-16
33.42	2.1196e-08	2.3673e-05	1.7847e-05	5.8261e-06	2.6443e-16
33.43	1.9297e-08	2.1566e-05	1.625e-05	5.3159e-06	2.6571e-16
33.44	1.896e-08	2.1202e-05	1.5923e-05	5.2786e-06	2.6695e-16
33.45	2.0367e-08	2.2789e-05	1.7095e-05	5.6939e-06	2.6862e-16
33.46	2.1132e-08	2.3659e-05	1.7784e-05	5.8745e-06	2.6967e-16
33.47	2.0198e-08	2.2627e-05	1.7047e-05	5.5795e-06	2.6977e-16
33.48	1.9274e-08	2.1605e-05	1.6271e-05	5.3337e-06	2.7018e-16
33.49	1.9815e-08	2.2224e-05	1.6703e-05	5.5208e-06	2.7172e-16
33.5	2.0679e-08	2.3207e-05	1.7434e-05	5.773e-06	2.7365e-16
33.51	2.0203e-08	2.2686e-05	1.7062e-05	5.6243e-06	2.7544e-16
33.52	1.9106e-08	2.1468e-05	1.6154e-05	5.3141e-06	2.7771e-16
33.53	1.9345e-08	2.1748e-05	1.635e-05	5.3983e-06	2.8058e-16
33.54	2.0739e-08	2.3329e-05	1.7534e-05	5.7957e-06	2.8279e-16
33.55	2.1019e-08	2.3659e-05	1.7801e-05	5.8583e-06	2.8365e-16
33.56	1.9453e-08	2.191e-05	1.6498e-05	5.4119e-06	2.8423e-16
33.57	1.825e-08	2.0566e-05	1.5468e-05	5.0986e-06	2.8546e-16
33.58	1.9268e-08	2.1726e-05	1.6316e-05	5.4105e-06	2.8664e-16
33.59	2.1066e-08	2.3768e-05	1.7862e-05	5.9058e-06	2.8723e-16
33.6	2.1009e-08	2.3718e-05	1.7856e-05	5.8617e-06	2.8831e-16
33.61	1.9233e-08	2.1727e-05	1.6361e-05	5.3657e-06	2.9085e-16
33.62	1.8333e-08	2.0722e-05	1.5572e-05	5.1502e-06	2.9373e-16
33.63	1.9368e-08	2.1905e-05	1.6444e-05	5.4607e-06	2.9543e-16
33.64	2.0474e-08	2.317e-05	1.7426e-05	5.7443e-06	2.964e-16
33.65	2.0031e-08	2.2682e-05	1.7094e-05	5.5876e-06	2.9784e-16
33.66	1.9089e-08	2.1627e-05	1.6287e-05	5.3406e-06	2.9925e-16
33.67	1.93e-08	2.188e-05	1.6427e-05	5.4522e-06	2.9939e-16
33.68	2.0062e-08	2.2758e-05	1.7072e-05	5.6856e-06	2.9885e-16
33.69	1.9687e-08	2.2345e-05	1.6802e-05	5.5425e-06	2.9939e-16
33.7	1.8518e-08	2.103e-05	1.5856e-05	5.1744e-06	3.0119e-16
33.71	1.8593e-08	2.1129e-05	1.5918e-05	5.2107e-06	3.0294e-16
33.72	2.0203e-08	2.2971e-05	1.7257e-05	5.7145e-06	3.0438e-16
33.73	2.1028e-08	2.3923e-05	1.7954e-05	5.9699e-06	3.0632e-16
33.74	1.9573e-08	2.2282e-05	1.6747e-05	5.5353e-06	3.0831e-16
33.75	1.764e-08	2.0093e-05	1.5133e-05	4.9607e-06	3.087e-16
33.76	1.7882e-08	2.038e-05	1.5345e-05	5.0357e-06	3.0754e-16
33.77	2.0007e-08	2.2816e-05	1.7151e-05	5.6655e-06	3.0679e-16
33.78	2.12e-08	2.4191e-05	1.8175e-05	6.0153e-06	3.073e-16
33.79	1.9983e-08	2.2816e-05	1.7157e-05	5.6588e-06	3.0778e-16
33.8	1.7995e-08	2.0558e-05	1.5473e-05	5.085e-06	3.0753e-16
33.81	1.7585e-08	2.0102e-05	1.5123e-05	4.9792e-06	3.0794e-16
33.82	1.8959e-08	2.1685e-05	1.6298e-05	5.3873e-06	3.1004e-16
33.83	2.0377e-08	2.332e-05	1.7526e-05	5.794e-06	3.1272e-16
33.84	2.0378e-08	2.3336e-05	1.7553e-05	5.7831e-06	3.1476e-16
33.85	1.9083e-08	2.1866e-05	1.6458e-05	5.4074e-06	3.1664e-16
33.86	1.7765e-08	2.0368e-05	1.5325e-05	5.0426e-06	3.1878e-16
33.87	1.7716e-08	2.0323e-05	1.5275e-05	5.0475e-06	3.1985e-16
33.88	1.9131e-08	2.196e-05	1.65e-05	5.4598e-06	3.1884e-16
33.89	2.0632e-08	2.3696e-05	1.7816e-05	5.8795e-06	3.1724e-16
33.9	2.0352e-08	2.3389e-05	1.76e-05	5.7882e-06	3.1713e-16
33.91	1.822e-08	2.0951e-05	1.5769e-05	5.1817e-06	3.1822e-16
33.92	1.6649e-08	1.9156e-05	1.4407e-05	4.7491e-06	3.1894e-16
33.93	1.7866e-08	2.0568e-05	1.5457e-05	5.1106e-06	3.1927e-16
33.94	2.0694e-08	2.3838e-05	1.7919e-05	5.9191e-06	3.2025e-16
33.95	2.1483e-08	2.4762e-05	1.8624e-05	6.1378e-06	3.2155e-16
33.96	1.8831e-08	2.1717e-05	1.6338e-05	5.3786e-06	3.2186e-16
33.97	1.594e-08	1.8394e-05	1.3835e-05	4.559e-06	3.2129e-16
33.98	1.6742e-08	1.9331e-05	1.4537e-05	4.7942e-06	3.2128e-16
33.99	2.0453e-08	2.363e-05	1.7773e-05	5.857e-06	3.2226e-16
34	2.2194e-08	2.5656e-05	1.9297e-05	6.3586e-06	3.2348e-16
34.01	1.9451e-08	2.2499e-05	1.6915e-05	5.5833e-06	3.2503e-16
34.02	1.573e-08	1.8205e-05	1.3681e-05	4.5237e-06	3.2766e-16
34.03	1.601e-08	1.854e-05	1.3943e-05	4.5973e-06	3.307e-16
34.04	1.9935e-08	2.3099e-05	1.7387e-05	5.7122e-06	3.3234e-16
34.05	2.219e-08	2.5727e-05	1.9363e-05	6.3637e-06	3.3238e-16
34.06	1.974e-08	2.29e-05	1.7218e-05	5.6821e-06	3.3249e-16
34.07	1.5953e-08	1.8518e-05	1.3907e-05	4.6108e-06	3.3345e-16
34.08	1.5882e-08	1.8446e-05	1.3863e-05	4.5838e-06	3.3419e-16
34.09	1.9364e-08	2.2503e-05	1.6937e-05	5.5663e-06	3.3431e-16
34.1	2.15e-08	2.5e-05	1.8825e-05	6.1756e-06	3.3521e-16
34.11	1.9543e-08	2.2738e-05	1.7109e-05	5.629e-06	3.3756e-16
34.12	1.6414e-08	1.9109e-05	1.4359e-05	4.7496e-06	3.3997e-16
34.13	1.6286e-08	1.8971e-05	1.425e-05	4.7212e-06	3.4128e-16
34.14	1.8899e-08	2.2028e-05	1.6559e-05	5.4682e-06	3.4225e-16
34.15	2.0423e-08	2.3817e-05	1.7921e-05	5.8967e-06	3.4361e-16
34.16	1.8997e-08	2.2168e-05	1.6689e-05	5.4794e-06	3.4437e-16
34.17	1.6923e-08	1.9759e-05	1.4873e-05	4.8866e-06	3.4365e-16
34.18	1.6976e-08	1.9833e-05	1.4911e-05	4.9218e-06	3.4261e-16
34.19	1.8633e-08	2.1781e-05	1.6358e-05	5.423e-06	3.4259e-16
34.2	1.9326e-08	2.2604e-05	1.6978e-05	5.6262e-06	3.43e-16
34.21	1.8274e-08	2.1387e-05	1.6088e-05	5.2989e-06	3.4284e-16
34.22	1.7264e-08	2.0216e-05	1.5233e-05	4.9831e-06	3.4297e-16
34.23	1.7719e-08	2.0761e-05	1.5636e-05	5.125e-06	3.445e-16
34.24	1.8686e-08	2.1907e-05	1.6462e-05	5.4455e-06	3.463e-16
34.25	1.8516e-08	2.172e-05	1.6298e-05	5.4225e-06	3.4651e-16
34.26	1.7446e-08	2.0477e-05	1.5382e-05	5.0947e-06	3.458e-16
34.27	1.7198e-08	2.0198e-05	1.5212e-05	4.9859e-06	3.4636e-16
34.28	1.8274e-08	2.1474e-05	1.6183e-05	5.2911e-06	3.4819e-16
34.29	1.9067e-08	2.2418e-05	1.6864e-05	5.5547e-06	3.4912e-16
34.3	1.8217e-08	2.1433e-05	1.6092e-05	5.3411e-06	3.4845e-16
34.31	1.6769e-08	1.974e-05	1.4824e-05	4.9161e-06	3.4776e-16
34.32	1.6804e-08	1.9793e-05	1.4893e-05	4.8993e-06	3.4795e-16
34.33	1.839e-08	2.1674e-05	1.6322e-05	5.3519e-06	3.4816e-16
34.34	1.9322e-08	2.2785e-05	1.7143e-05	5.6428e-06	3.4814e-16
34.35	1.8215e-08	2.1492e-05	1.6151e-05	5.3407e-06	3.4922e-16
34.36	1.6538e-08	1.9525e-05	1.4674e-05	4.8511e-06	3.5177e-16
34.37	1.6569e-08	1.9573e-05	1.4723e-05	4.8494e-06	3.5409e-16
34.38	1.8169e-08	2.1476e-05	1.6157e-05	5.3183e-06	3.5495e-16
34.39	1.9051e-08	2.2531e-05	1.6942e-05	5.5887e-06	3.5527e-16
34.4	1.8067e-08	2.138e-05	1.6073e-05	5.3067e-06	3.5603e-16
34.41	1.6706e-08	1.9781e-05	1.4878e-05	4.9032e-06	3.5657e-16
34.42	1.6788e-08	1.989e-05	1.4964e-05	4.9254e-06	3.5629e-16
34.43	1.7926e-08	2.125e-05	1.5981e-05	5.2687e-06	3.5632e-16
34.44	1.8367e-08	2.1785e-05	1.6376e-05	5.4083e-06	3.5768e-16
34.45	1.7621e-08	2.0913e-05	1.5724e-05	5.189e-06	3.5943e-16
34.46	1.6931e-08	2.0105e-05	1.5123e-05	4.9815e-06	3.6036e-16
34.47	1.7219e-08	2.0459e-05	1.5389e-05	5.0697e-06	3.6109e-16
34.48	1.7834e-08	2.1202e-05	1.5942e-05	5.2601e-06	3.6258e-16
34.49	1.7764e-08	2.1132e-05	1.589e-05	5.2421e-06	3.6413e-16
34.5	1.7178e-08	2.0446e-05	1.5381e-05	5.0645e-06	3.647e-16
34.51	1.7002e-08	2.0248e-05	1.5233e-05	5.0147e-06	3.6521e-16
34.52	1.7448e-08	2.0791e-05	1.5631e-05	5.1605e-06	3.6723e-16
34.53	1.777e-08	2.1187e-05	1.5921e-05	5.2668e-06	3.7021e-16
34.54	1.7442e-08	2.0808e-05	1.5645e-05	5.1635e-06	3.7234e-16
34.55	1.6903e-08	2.0177e-05	1.5187e-05	4.9905e-06	3.7333e-16
34.56	1.6893e-08	2.0176e-05	1.5188e-05	4.9888e-06	3.7435e-16
34.57	1.742e-08	2.0819e-05	1.5654e-05	5.1643e-06	3.7545e-16
34.58	1.7763e-08	2.1241e-05	1.5959e-05	5.282e-06	3.756e-16
34.59	1.741e-08	2.083e-05	1.5656e-05	5.1742e-06	3.7506e-16
34.6	1.6729e-08	2.0027e-05	1.5067e-05	4.9602e-06	3.7532e-16
34.61	1.655e-08	1.9825e-05	1.4919e-05	4.9055e-06	3.7665e-16
34.62	1.7136e-08	2.0538e-05	1.5448e-05	5.0899e-06	3.7775e-16
34.63	1.7778e-08	2.132e-05	1.603e-05	5.2905e-06	3.7829e-16
34.64	1.7621e-08	2.1145e-05	1.5898e-05	5.2463e-06	3.7928e-16
34.65	1.6776e-08	2.0142e-05	1.5146e-05	4.9963e-06	3.8083e-16
34.66	1.6264e-08	1.9538e-05	1.469e-05	4.8485e-06	3.816e-16
34.67	1.672e-08	2.0098e-05	1.5113e-05	4.985e-06	3.8129e-16
34.68	1.7519e-08	2.1071e-05	1.5854e-05	5.2168e-06	3.8125e-16
34.69	1.7589e-08	2.1167e-05	1.5931e-05	5.2359e-06	3.819e-16
34.7	1.6868e-08	2.0311e-05	1.5276e-05	5.0346e-06	3.8185e-16
34.71	1.6355e-08	1.9704e-05	1.4803e-05	4.9014e-06	3.8065e-16
34.72	1.6666e-08	2.0091e-05	1.5092e-05	4.9986e-06	3.8019e-16
34.73	1.7192e-08	2.0736e-05	1.5597e-05	5.1395e-06	3.818e-16
34.74	1.7093e-08	2.0628e-05	1.5534e-05	5.0944e-06	3.8411e-16
34.75	1.6595e-08	2.0039e-05	1.5087e-05	4.9521e-06	3.8552e-16
34.76	1.6568e-08	2.0018e-05	1.505e-05	4.9682e-06	3.8667e-16
34.77	1.7055e-08	2.0619e-05	1.5487e-05	5.1321e-06	3.8859e-16
34.78	1.7142e-08	2.0735e-05	1.5579e-05	5.1558e-06	3.9016e-16
34.79	1.648e-08	1.9946e-05	1.5003e-05	4.9432e-06	3.8976e-16
34.8	1.6026e-08	1.9408e-05	1.461e-05	4.7981e-06	3.8815e-16
34.81	1.6611e-08	2.0128e-05	1.515e-05	4.9784e-06	3.8707e-16
34.82	1.7474e-08	2.1186e-05	1.5933e-05	5.2528e-06	3.8627e-16
34.83	1.7246e-08	2.0922e-05	1.5722e-05	5.2002e-06	3.845e-16
34.84	1.6093e-08	1.9535e-05	1.4676e-05	4.859e-06	3.8256e-16
34.85	1.5637e-08	1.8991e-05	1.4279e-05	4.7121e-06	3.8257e-16
34.86	1.6547e-08	2.0108e-05	1.5136e-05	4.9714e-06	3.8449e-16
34.87	1.7461e-08	2.1231e-05	1.5985e-05	5.2462e-06	3.862e-16
34.88	1.7028e-08	2.0717e-05	1.5581e-05	5.1358e-06	3.8693e-16
34.89	1.5957e-08	1.9425e-05	1.459e-05	4.8356e-06	3.8802e-16
34.9	1.5851e-08	1.9307e-05	1.4503e-05	4.8041e-06	3.8991e-16
34.91	1.6681e-08	2.033e-05	1.5296e-05	5.034e-06	3.9125e-16
34.92	1.6961e-08	2.0683e-05	1.5577e-05	5.1053e-06	3.9163e-16
34.93	1.6269e-08	1.985e-05	1.4939e-05	4.911e-06	3.9252e-16
34.94	1.5894e-08	1.9403e-05	1.4578e-05	4.8259e-06	3.9474e-16
34.95	1.6536e-08	2.0198e-05	1.5168e-05	5.0299e-06	3.9712e-16
34.96	1.7003e-08	2.0781e-05	1.5626e-05	5.1547e-06	3.988e-16
34.97	1.6257e-08	1.988e-05	1.4969e-05	4.9109e-06	4.0056e-16
34.98	1.5386e-08	1.8826e-05	1.4172e-05	4.6538e-06	4.0266e-16
34.99	1.5954e-08	1.9533e-05	1.4682e-05	4.8505e-06	4.0365e-16
35	1.7249e-08	2.1129e-05	1.5872e-05	5.2573e-06	4.0285e-16
35.01	1.7157e-08	2.1029e-05	1.5808e-05	5.221e-06	4.0213e-16
35.02	1.5582e-08	1.9109e-05	1.4381e-05	4.7284e-06	4.0335e-16
35.03	1.4847e-08	1.8219e-05	1.3712e-05	4.5065e-06	4.0584e-16
35.04	1.6141e-08	1.9818e-05	1.4902e-05	4.9161e-06	4.0805e-16
35.05	1.755e-08	2.156e-05	1.6204e-05	5.3568e-06	4.1019e-16
35.06	1.6931e-08	2.0811e-05	1.5645e-05	5.1659e-06	4.131e-16
35.07	1.5201e-08	1.8695e-05	1.4064e-05	4.6311e-06	4.1604e-16
35.08	1.4893e-08	1.8327e-05	1.379e-05	4.5376e-06	4.1795e-16
35.09	1.629e-08	2.0058e-05	1.5085e-05	4.9736e-06	4.1961e-16
35.1	1.7166e-08	2.1149e-05	1.5899e-05	5.2501e-06	4.2238e-16
35.11	1.6321e-08	2.0119e-05	1.5125e-05	4.9934e-06	4.2548e-16
35.12	1.5238e-08	1.8795e-05	1.4135e-05	4.6595e-06	4.2716e-16
35.13	1.5507e-08	1.9137e-05	1.4396e-05	4.7409e-06	4.2787e-16
35.14	1.639e-08	2.0238e-05	1.5223e-05	5.0154e-06	4.2966e-16
35.15	1.6307e-08	2.0147e-05	1.5151e-05	4.9967e-06	4.3272e-16
35.16	1.5491e-08	1.915e-05	1.4398e-05	4.7518e-06	4.3522e-16
35.17	1.5441e-08	1.9099e-05	1.4361e-05	4.7385e-06	4.3649e-16
35.18	1.6284e-08	2.0154e-05	1.5157e-05	4.9972e-06	4.3785e-16
35.19	1.6527e-08	2.0466e-05	1.5394e-05	5.0723e-06	4.3992e-16
35.2	1.5582e-08	1.9306e-05	1.4521e-05	4.785e-06	4.416e-16
35.21	1.4847e-08	1.8407e-05	1.3842e-05	4.5645e-06	4.4238e-16
35.22	1.5519e-08	1.925e-05	1.4475e-05	4.7755e-06	4.4337e-16
35.23	1.6626e-08	2.0635e-05	1.5517e-05	5.118e-06	4.4504e-16
35.24	1.6476e-08	2.0461e-05	1.5389e-05	5.0728e-06	4.461e-16
35.25	1.5262e-08	1.8964e-05	1.4262e-05	4.7013e-06	4.4574e-16
35.26	1.4754e-08	1.8344e-05	1.3794e-05	4.5499e-06	4.4509e-16
35.27	1.5601e-08	1.9408e-05	1.4593e-05	4.8142e-06	4.4516e-16
35.28	1.6414e-08	2.043e-05	1.5366e-05	5.0643e-06	4.4515e-16
35.29	1.5979e-08	1.99e-05	1.497e-05	4.9298e-06	4.4416e-16
35.3	1.5072e-08	1.8781e-05	1.4125e-05	4.6559e-06	4.4284e-16
35.31	1.5116e-08	1.8847e-05	1.4167e-05	4.6794e-06	4.4196e-16
35.32	1.591e-08	1.9847e-05	1.4918e-05	4.9287e-06	4.4095e-16
35.33	1.6037e-08	2.0017e-05	1.5055e-05	4.9621e-06	4.3933e-16
35.34	1.5226e-08	1.9016e-05	1.4311e-05	4.705e-06	4.3805e-16
35.35	1.4819e-08	1.8518e-05	1.3933e-05	4.5849e-06	4.3789e-16
35.36	1.5558e-08	1.9453e-05	1.4623e-05	4.83e-06	4.378e-16
35.37	1.6277e-08	2.0364e-05	1.5301e-05	5.0629e-06	4.3662e-16
35.38	1.5703e-08	1.9656e-05	1.4777e-05	4.8787e-06	4.3517e-16
35.39	1.4577e-08	1.8257e-05	1.3739e-05	4.5181e-06	4.3462e-16
35.4	1.4636e-08	1.8342e-05	1.3804e-05	4.5371e-06	4.3415e-16
35.41	1.5886e-08	1.9919e-05	1.4979e-05	4.9399e-06	4.3233e-16
35.42	1.6458e-08	2.0647e-05	1.5517e-05	5.1302e-06	4.2994e-16
35.43	1.5399e-08	1.9331e-05	1.453e-05	4.8002e-06	4.2882e-16
35.44	1.4176e-08	1.7805e-05	1.3393e-05	4.4119e-06	4.2878e-16
35.45	1.4539e-08	1.8272e-05	1.3747e-05	4.5246e-06	4.2806e-16
35.46	1.5961e-08	2.0069e-05	1.5093e-05	4.9758e-06	4.2644e-16
35.47	1.6426e-08	2.0666e-05	1.5538e-05	5.1279e-06	4.2542e-16
35.48	1.5315e-08	1.9278e-05	1.4497e-05	4.7811e-06	4.2522e-16
35.49	1.4144e-08	1.7814e-05	1.34e-05	4.4145e-06	4.244e-16
35.5	1.4355e-08	1.8091e-05	1.3605e-05	4.4859e-06	4.2267e-16
35.51	1.5506e-08	1.9552e-05	1.4699e-05	4.8536e-06	4.2157e-16
35.52	1.6132e-08	2.0353e-05	1.5301e-05	5.0515e-06	4.2161e-16
35.53	1.5628e-08	1.9729e-05	1.484e-05	4.8892e-06	4.2137e-16
35.54	1.4657e-08	1.8513e-05	1.3931e-05	4.582e-06	4.2017e-16
35.55	1.4159e-08	1.7895e-05	1.3462e-05	4.4328e-06	4.1934e-16
35.56	1.4538e-08	1.8384e-05	1.3819e-05	4.5646e-06	4.1966e-16
35.57	1.5475e-08	1.9579e-05	1.4713e-05	4.8667e-06	4.1982e-16
35.58	1.6083e-08	2.036e-05	1.5306e-05	5.0541e-06	4.189e-16
35.59	1.5559e-08	1.9708e-05	1.4828e-05	4.8793e-06	4.1822e-16
35.6	1.4224e-08	1.8027e-05	1.3571e-05	4.4563e-06	4.1903e-16
35.61	1.3588e-08	1.723e-05	1.2963e-05	4.2674e-06	4.2018e-16
35.62	1.4635e-08	1.8568e-05	1.3953e-05	4.6156e-06	4.2004e-16
35.63	1.625e-08	2.0629e-05	1.5496e-05	5.133e-06	4.1925e-16
35.64	1.6311e-08	2.0718e-05	1.5575e-05	5.1426e-06	4.1927e-16
35.65	1.452e-08	1.8454e-05	1.3891e-05	4.5626e-06	4.1975e-16
35.66	1.3103e-08	1.6662e-05	1.2547e-05	4.1149e-06	4.1934e-16
35.67	1.3975e-08	1.7781e-05	1.3372e-05	4.4094e-06	4.1827e-16
35.68	1.6048e-08	2.043e-05	1.5346e-05	5.0843e-06	4.179e-16
35.69	1.6543e-08	2.1072e-05	1.5831e-05	5.2419e-06	4.1823e-16
35.7	1.475e-08	1.8798e-05	1.4139e-05	4.6596e-06	4.1814e-16
35.71	1.3051e-08	1.6643e-05	1.2531e-05	4.1119e-06	4.1751e-16
35.72	1.3694e-08	1.7472e-05	1.3149e-05	4.3232e-06	4.1713e-16
35.73	1.5717e-08	2.0064e-05	1.5083e-05	4.981e-06	4.1689e-16
35.74	1.6317e-08	2.0843e-05	1.5662e-05	5.1808e-06	4.1615e-16
35.75	1.4732e-08	1.8829e-05	1.4153e-05	4.6754e-06	4.1564e-16
35.76	1.3203e-08	1.6884e-05	1.27e-05	4.1842e-06	4.1666e-16
35.77	1.3759e-08	1.7604e-05	1.3245e-05	4.3591e-06	4.186e-16
35.78	1.5434e-08	1.9759e-05	1.4864e-05	4.895e-06	4.1947e-16
35.79	1.5807e-08	2.0248e-05	1.5228e-05	5.0198e-06	4.1903e-16
35.8	1.4471e-08	1.8547e-05	1.3944e-05	4.6024e-06	4.1903e-16
35.81	1.3436e-08	1.7229e-05	1.2951e-05	4.2782e-06	4.2023e-16
35.82	1.4076e-08	1.806e-05	1.3579e-05	4.4812e-06	4.2148e-16
35.83	1.5241e-08	1.9566e-05	1.4718e-05	4.8476e-06	4.2235e-16
35.84	1.5159e-08	1.9472e-05	1.465e-05	4.8219e-06	4.2418e-16
35.85	1.4075e-08	1.809e-05	1.3605e-05	4.4847e-06	4.2759e-16
35.86	1.3685e-08	1.7598e-05	1.3229e-05	4.3686e-06	4.3111e-16
35.87	1.4472e-08	1.8621e-05	1.4001e-05	4.6205e-06	4.3359e-16
35.88	1.5092e-08	1.9429e-05	1.4614e-05	4.8152e-06	4.3577e-16
35.89	1.456e-08	1.8755e-05	1.4106e-05	4.6485e-06	4.3825e-16
35.9	1.3738e-08	1.7706e-05	1.3311e-05	4.3943e-06	4.3994e-16
35.91	1.3894e-08	1.7916e-05	1.347e-05	4.4467e-06	4.4019e-16
35.92	1.4728e-08	1.9003e-05	1.4295e-05	4.707e-06	4.4059e-16
35.93	1.49e-08	1.9235e-05	1.4475e-05	4.76e-06	4.4281e-16
35.94	1.412e-08	1.8239e-05	1.3716e-05	4.5227e-06	4.4618e-16
35.95	1.3558e-08	1.7523e-05	1.3164e-05	4.3583e-06	4.4927e-16
35.96	1.4039e-08	1.8155e-05	1.3643e-05	4.5118e-06	4.524e-16
35.97	1.4817e-08	1.9171e-05	1.4425e-05	4.7454e-06	4.563e-16
35.98	1.4703e-08	1.9034e-05	1.4332e-05	4.7015e-06	4.598e-16
35.99	1.3814e-08	1.7893e-05	1.3461e-05	4.4316e-06	4.6124e-16
36	1.3398e-08	1.7364e-05	1.3043e-05	4.3205e-06	4.6126e-16
36.01	1.4051e-08	1.822e-05	1.3686e-05	4.5341e-06	4.6183e-16
36.02	1.4861e-08	1.9281e-05	1.4502e-05	4.7787e-06	4.6298e-16
36.03	1.4663e-08	1.9034e-05	1.4331e-05	4.7032e-06	4.6318e-16
36.04	1.3657e-08	1.7739e-05	1.335e-05	4.3887e-06	4.6245e-16
36.05	1.3175e-08	1.7122e-05	1.287e-05	4.253e-06	4.6255e-16
36.06	1.3873e-08	1.8039e-05	1.3553e-05	4.4864e-06	4.6417e-16
36.07	1.4802e-08	1.9258e-05	1.4479e-05	4.779e-06	4.6621e-16
36.08	1.4677e-08	1.9106e-05	1.4375e-05	4.7304e-06	4.6827e-16
36.09	1.365e-08	1.7779e-05	1.3377e-05	4.4015e-06	4.7102e-16
36.1	1.3109e-08	1.7084e-05	1.2847e-05	4.2367e-06	4.74e-16
36.11	1.373e-08	1.7902e-05	1.3458e-05	4.4439e-06	4.7529e-16
36.12	1.4546e-08	1.8977e-05	1.4269e-05	4.7087e-06	4.7434e-16
36.13	1.4392e-08	1.8787e-05	1.4129e-05	4.6581e-06	4.7283e-16
36.14	1.358e-08	1.7736e-05	1.3339e-05	4.397e-06	4.7192e-16
36.15	1.3336e-08	1.7428e-05	1.3107e-05	4.3213e-06	4.7094e-16
36.16	1.3909e-08	1.8186e-05	1.3677e-05	4.5094e-06	4.6964e-16
36.17	1.4268e-08	1.8666e-05	1.4038e-05	4.6281e-06	4.6929e-16
36.18	1.3802e-08	1.8067e-05	1.3587e-05	4.4802e-06	4.7028e-16
36.19	1.3287e-08	1.7402e-05	1.3085e-05	4.3165e-06	4.7084e-16
36.2	1.3594e-08	1.7815e-05	1.3396e-05	4.4191e-06	4.6987e-16
36.21	1.4252e-08	1.8687e-05	1.4053e-05	4.6338e-06	4.688e-16
36.22	1.4163e-08	1.858e-05	1.3975e-05	4.6057e-06	4.69e-16
36.23	1.336e-08	1.7536e-05	1.3189e-05	4.347e-06	4.6918e-16
36.24	1.2999e-08	1.7072e-05	1.2838e-05	4.234e-06	4.6771e-16
36.25	1.3604e-08	1.7876e-05	1.3441e-05	4.4353e-06	4.6566e-16
36.26	1.4284e-08	1.878e-05	1.4122e-05	4.6583e-06	4.6503e-16
36.27	1.4073e-08	1.8513e-05	1.3923e-05	4.5891e-06	4.6533e-16
36.28	1.3305e-08	1.7512e-05	1.3172e-05	4.3402e-06	4.6463e-16
36.29	1.3022e-08	1.715e-05	1.2897e-05	4.2532e-06	4.6311e-16
36.3	1.3473e-08	1.7753e-05	1.3347e-05	4.4055e-06	4.6259e-16
36.31	1.3914e-08	1.8344e-05	1.3793e-05	4.5508e-06	4.6311e-16
36.32	1.379e-08	1.8191e-05	1.3682e-05	4.5083e-06	4.6294e-16
36.33	1.3404e-08	1.7691e-05	1.3308e-05	4.383e-06	4.6184e-16
36.34	1.3288e-08	1.7548e-05	1.3196e-05	4.3516e-06	4.614e-16
36.35	1.3439e-08	1.7757e-05	1.3348e-05	4.4085e-06	4.6204e-16
36.36	1.3506e-08	1.7855e-05	1.3423e-05	4.4319e-06	4.6244e-16
36.37	1.3407e-08	1.7734e-05	1.3339e-05	4.3952e-06	4.6239e-16
36.38	1.337e-08	1.7696e-05	1.3314e-05	4.3812e-06	4.6348e-16
36.39	1.3474e-08	1.7843e-05	1.3422e-05	4.4214e-06	4.6611e-16
36.4	1.3504e-08	1.7893e-05	1.3451e-05	4.4419e-06	4.6841e-16
36.41	1.3322e-08	1.7661e-05	1.3273e-05	4.3879e-06	4.6888e-16
36.42	1.3123e-08	1.7407e-05	1.3088e-05	4.3193e-06	4.6819e-16
36.43	1.3177e-08	1.7488e-05	1.3158e-05	4.3304e-06	4.6708e-16
36.44	1.3433e-08	1.7838e-05	1.3423e-05	4.4143e-06	4.6497e-16
36.45	1.3556e-08	1.801e-05	1.3546e-05	4.4641e-06	4.6193e-16
36.46	1.3345e-08	1.774e-05	1.3333e-05	4.4071e-06	4.5995e-16
36.47	1.3006e-08	1.7299e-05	1.2999e-05	4.3e-06	4.6043e-16
36.48	1.2923e-08	1.7198e-05	1.2932e-05	4.2662e-06	4.623e-16
36.49	1.32e-08	1.7576e-05	1.3227e-05	4.349e-06	4.6417e-16
36.5	1.351e-08	1.7999e-05	1.3546e-05	4.4528e-06	4.665e-16
36.51	1.3456e-08	1.7937e-05	1.3489e-05	4.4477e-06	4.6979e-16
36.52	1.3049e-08	1.7403e-05	1.3077e-05	4.3264e-06	4.7249e-16
36.53	1.2739e-08	1.7e-05	1.2774e-05	4.2261e-06	4.7296e-16
36.54	1.2897e-08	1.7219e-05	1.295e-05	4.269e-06	4.7207e-16
36.55	1.3326e-08	1.7802e-05	1.3399e-05	4.4031e-06	4.717e-16
36.56	1.3473e-08	1.8008e-05	1.3553e-05	4.4555e-06	4.7155e-16
36.57	1.3128e-08	1.7557e-05	1.3202e-05	4.3552e-06	4.7018e-16
36.58	1.2722e-08	1.7023e-05	1.279e-05	4.233e-06	4.6807e-16
36.59	1.2754e-08	1.7075e-05	1.2831e-05	4.2445e-06	4.672e-16
36.6	1.3106e-08	1.7557e-05	1.3205e-05	4.3518e-06	4.6778e-16
36.61	1.3237e-08	1.7741e-05	1.3354e-05	4.3868e-06	4.6831e-16
36.62	1.2989e-08	1.7419e-05	1.311e-05	4.3091e-06	4.6846e-16
36.63	1.2795e-08	1.7167e-05	1.2907e-05	4.2605e-06	4.694e-16
36.64	1.2936e-08	1.7367e-05	1.3046e-05	4.3212e-06	4.7116e-16
36.65	1.3072e-08	1.7559e-05	1.3195e-05	4.3644e-06	4.7217e-16
36.66	1.284e-08	1.7257e-05	1.2983e-05	4.2735e-06	4.7199e-16
36.67	1.2565e-08	1.6897e-05	1.2722e-05	4.1748e-06	4.7203e-16
36.68	1.2783e-08	1.7198e-05	1.294e-05	4.2581e-06	4.7296e-16
36.69	1.3255e-08	1.7843e-05	1.3409e-05	4.4344e-06	4.7386e-16
36.7	1.3191e-08	1.7766e-05	1.3346e-05	4.4206e-06	4.7443e-16
36.71	1.2524e-08	1.6878e-05	1.2689e-05	4.1887e-06	4.7588e-16
36.72	1.2186e-08	1.6431e-05	1.2367e-05	4.0639e-06	4.7856e-16
36.73	1.2723e-08	1.7165e-05	1.2919e-05	4.2456e-06	4.8105e-16
36.74	1.3362e-08	1.8037e-05	1.3563e-05	4.4738e-06	4.8272e-16
36.75	1.3121e-08	1.7721e-05	1.3316e-05	4.4047e-06	4.8489e-16
36.76	1.2337e-08	1.667e-05	1.2529e-05	4.1415e-06	4.8806e-16
36.77	1.2166e-08	1.6448e-05	1.2371e-05	4.0768e-06	4.9031e-16
36.78	1.2791e-08	1.7303e-05	1.302e-05	4.2832e-06	4.9022e-16
36.79	1.3171e-08	1.7827e-05	1.3411e-05	4.4156e-06	4.8923e-16
36.8	1.2722e-08	1.7229e-05	1.2955e-05	4.274e-06	4.8921e-16
36.81	1.2211e-08	1.6545e-05	1.2436e-05	4.1088e-06	4.8957e-16
36.82	1.244e-08	1.6866e-05	1.2678e-05	4.1874e-06	4.89e-16
36.83	1.2946e-08	1.756e-05	1.3206e-05	4.3542e-06	4.8835e-16
36.84	1.2817e-08	1.7395e-05	1.3087e-05	4.3079e-06	4.8923e-16
36.85	1.2246e-08	1.6629e-05	1.2511e-05	4.1182e-06	4.9085e-16
36.86	1.2193e-08	1.6567e-05	1.2458e-05	4.109e-06	4.9121e-16
36.87	1.2751e-08	1.7334e-05	1.3029e-05	4.3053e-06	4.9048e-16
36.88	1.296e-08	1.7627e-05	1.325e-05	4.377e-06	4.9042e-16
36.89	1.2407e-08	1.6885e-05	1.2699e-05	4.186e-06	4.9103e-16
36.9	1.195e-08	1.6272e-05	1.2243e-05	4.0291e-06	4.9067e-16
36.91	1.2328e-08	1.6795e-05	1.2634e-05	4.1611e-06	4.8945e-16
36.92	1.2932e-08	1.7627e-05	1.3254e-05	4.373e-06	4.893e-16
36.93	1.2763e-08	1.7406e-05	1.3085e-05	4.3209e-06	4.9064e-16
36.94	1.2045e-08	1.6435e-05	1.2356e-05	4.0791e-06	4.9162e-16
36.95	1.1879e-08	1.6219e-05	1.2196e-05	4.0226e-06	4.9148e-16
36.96	1.2493e-08	1.7066e-05	1.2836e-05	4.2299e-06	4.9174e-16
36.97	1.289e-08	1.7618e-05	1.3253e-05	4.3645e-06	4.9318e-16
36.98	1.2442e-08	1.7015e-05	1.2799e-05	4.2158e-06	4.9426e-16
36.99	1.1861e-08	1.6229e-05	1.2203e-05	4.0266e-06	4.9379e-16
37	1.2028e-08	1.6467e-05	1.2375e-05	4.0912e-06	4.9294e-16
37.01	1.2596e-08	1.7253e-05	1.2969e-05	4.2842e-06	4.9305e-16
37.02	1.2594e-08	1.7259e-05	1.2983e-05	4.2758e-06	4.9343e-16
37.03	1.2019e-08	1.6481e-05	1.2405e-05	4.0764e-06	4.931e-16
37.04	1.1832e-08	1.6233e-05	1.2212e-05	4.0211e-06	4.927e-16
37.05	1.2358e-08	1.6964e-05	1.2749e-05	4.2153e-06	4.9318e-16
37.06	1.2707e-08	1.7452e-05	1.3112e-05	4.3405e-06	4.9388e-16
37.07	1.22e-08	1.6765e-05	1.2605e-05	4.1598e-06	4.9394e-16
37.08	1.1546e-08	1.5875e-05	1.1948e-05	3.9263e-06	4.9409e-16
37.09	1.18e-08	1.6233e-05	1.2218e-05	4.0154e-06	4.9519e-16
37.1	1.2662e-08	1.7429e-05	1.3104e-05	4.3242e-06	4.9636e-16
37.11	1.2819e-08	1.7654e-05	1.3264e-05	4.3895e-06	4.9649e-16
37.12	1.193e-08	1.6439e-05	1.2354e-05	4.0845e-06	4.9641e-16
37.13	1.1225e-08	1.5476e-05	1.1642e-05	3.8342e-06	4.9751e-16
37.14	1.1719e-08	1.6164e-05	1.2165e-05	3.9993e-06	4.9918e-16
37.15	1.2703e-08	1.7532e-05	1.3188e-05	4.3434e-06	4.9984e-16
37.16	1.2779e-08	1.7646e-05	1.3265e-05	4.3804e-06	4.9964e-16
37.17	1.186e-08	1.6386e-05	1.2315e-05	4.0706e-06	4.9992e-16
37.18	1.1213e-08	1.55e-05	1.1654e-05	3.8459e-06	5.0055e-16
37.19	1.1614e-08	1.6063e-05	1.2083e-05	3.9796e-06	5.002e-16
37.2	1.2393e-08	1.7151e-05	1.2902e-05	4.2489e-06	4.9896e-16
37.21	1.2541e-08	1.7364e-05	1.3058e-05	4.3061e-06	4.9822e-16
37.22	1.201e-08	1.6638e-05	1.2509e-05	4.129e-06	4.9807e-16
37.23	1.1498e-08	1.5938e-05	1.1984e-05	3.9534e-06	4.9722e-16
37.24	1.145e-08	1.588e-05	1.1943e-05	3.9364e-06	4.9567e-16
37.25	1.178e-08	1.6345e-05	1.2292e-05	4.0531e-06	4.9503e-16
37.26	1.2204e-08	1.6943e-05	1.2738e-05	4.2048e-06	4.9574e-16
37.27	1.2374e-08	1.7188e-05	1.2923e-05	4.2648e-06	4.9642e-16
37.28	1.1978e-08	1.6648e-05	1.2522e-05	4.1251e-06	4.9653e-16
37.29	1.1249e-08	1.5642e-05	1.1769e-05	3.873e-06	4.9725e-16
37.3	1.1054e-08	1.538e-05	1.1566e-05	3.814e-06	4.9915e-16
37.31	1.185e-08	1.6495e-05	1.2396e-05	4.0991e-06	5.0107e-16
37.32	1.2738e-08	1.7742e-05	1.3334e-05	4.4075e-06	5.0244e-16
37.33	1.2429e-08	1.732e-05	1.3028e-05	4.2921e-06	5.0426e-16
37.34	1.1138e-08	1.553e-05	1.1689e-05	3.8403e-06	5.0658e-16
37.35	1.0564e-08	1.4737e-05	1.1088e-05	3.6496e-06	5.0759e-16
37.36	1.1561e-08	1.6136e-05	1.2127e-05	4.0095e-06	5.0684e-16
37.37	1.2792e-08	1.7865e-05	1.3422e-05	4.4426e-06	5.0686e-16
37.38	1.2532e-08	1.751e-05	1.3165e-05	4.3454e-06	5.0959e-16
37.39	1.1131e-08	1.5562e-05	1.1711e-05	3.8508e-06	5.1314e-16
37.4	1.0528e-08	1.4726e-05	1.1083e-05	3.6429e-06	5.1478e-16
37.41	1.147e-08	1.6052e-05	1.2071e-05	3.9813e-06	5.153e-16
37.42	1.2519e-08	1.753e-05	1.3174e-05	4.356e-06	5.1743e-16
37.43	1.2209e-08	1.7104e-05	1.2855e-05	4.2496e-06	5.2115e-16
37.44	1.1097e-08	1.5555e-05	1.1697e-05	3.8578e-06	5.2385e-16
37.45	1.0789e-08	1.5132e-05	1.1386e-05	3.7465e-06	5.2445e-16
37.46	1.1575e-08	1.6243e-05	1.2221e-05	4.0221e-06	5.2432e-16
37.47	1.2174e-08	1.7093e-05	1.2854e-05	4.2384e-06	5.2424e-16
37.48	1.1741e-08	1.6493e-05	1.2397e-05	4.0955e-06	5.2353e-16
37.49	1.1014e-08	1.548e-05	1.1635e-05	3.845e-06	5.2249e-16
37.5	1.1059e-08	1.5552e-05	1.1695e-05	3.8576e-06	5.2291e-16
37.51	1.1686e-08	1.6442e-05	1.2369e-05	4.0725e-06	5.2531e-16
37.52	1.1872e-08	1.6713e-05	1.2573e-05	4.1395e-06	5.2803e-16
37.53	1.1366e-08	1.601e-05	1.204e-05	3.9702e-06	5.2992e-16
37.54	1.0982e-08	1.5476e-05	1.1634e-05	3.8417e-06	5.3169e-16
37.55	1.1272e-08	1.5893e-05	1.1949e-05	3.9442e-06	5.3382e-16
37.56	1.1706e-08	1.6514e-05	1.2418e-05	4.0955e-06	5.3524e-16
37.57	1.1558e-08	1.6314e-05	1.2268e-05	4.0454e-06	5.353e-16
37.58	1.1052e-08	1.5608e-05	1.1737e-05	3.8706e-06	5.3504e-16
37.59	1.0989e-08	1.5528e-05	1.1679e-05	3.8486e-06	5.3533e-16
37.6	1.1473e-08	1.622e-05	1.2201e-05	4.0185e-06	5.3563e-16
37.61	1.1725e-08	1.6586e-05	1.2473e-05	4.1133e-06	5.3575e-16
37.62	1.1291e-08	1.5979e-05	1.201e-05	3.9699e-06	5.37e-16
37.63	1.0765e-08	1.5244e-05	1.1457e-05	3.7874e-06	5.3995e-16
37.64	1.0927e-08	1.5481e-05	1.1645e-05	3.8361e-06	5.4286e-16
37.65	1.156e-08	1.6387e-05	1.2334e-05	4.0521e-06	5.4397e-16
37.66	1.1744e-08	1.6656e-05	1.2532e-05	4.1243e-06	5.4385e-16
37.67	1.1185e-08	1.5871e-05	1.1928e-05	3.9437e-06	5.4374e-16
37.68	1.0631e-08	1.5094e-05	1.1338e-05	3.7562e-06	5.4314e-16
37.69	1.0808e-08	1.5354e-05	1.1544e-05	3.81e-06	5.4107e-16
37.7	1.1427e-08	1.6242e-05	1.2225e-05	4.017e-06	5.3852e-16
37.71	1.1637e-08	1.6548e-05	1.2455e-05	4.093e-06	5.3727e-16
37.72	1.1187e-08	1.5917e-05	1.1968e-05	3.9485e-06	5.3732e-16
37.73	1.0691e-08	1.5219e-05	1.1435e-05	3.784e-06	5.3758e-16
37.74	1.0744e-08	1.5303e-05	1.1502e-05	3.8015e-06	5.3833e-16
37.75	1.1185e-08	1.5939e-05	1.1988e-05	3.9507e-06	5.4052e-16
37.76	1.1401e-08	1.6256e-05	1.2231e-05	4.0257e-06	5.4318e-16
37.77	1.1152e-08	1.5909e-05	1.1968e-05	3.9415e-06	5.4423e-16
37.78	1.08e-08	1.5415e-05	1.1593e-05	3.8222e-06	5.4353e-16
37.79	1.0772e-08	1.5383e-05	1.1566e-05	3.8173e-06	5.4288e-16
37.8	1.1018e-08	1.5743e-05	1.1834e-05	3.9092e-06	5.429e-16
37.81	1.1148e-08	1.5937e-05	1.198e-05	3.9568e-06	5.4253e-16
37.82	1.0995e-08	1.5727e-05	1.1828e-05	3.899e-06	5.4174e-16
37.83	1.0816e-08	1.548e-05	1.1648e-05	3.8315e-06	5.4209e-16
37.84	1.0866e-08	1.5559e-05	1.1706e-05	3.8529e-06	5.4404e-16
37.85	1.1003e-08	1.5763e-05	1.185e-05	3.9125e-06	5.4604e-16
37.86	1.0935e-08	1.5674e-05	1.1778e-05	3.8961e-06	5.4719e-16
37.87	1.0729e-08	1.5386e-05	1.1566e-05	3.8198e-06	5.4841e-16
37.88	1.0733e-08	1.5401e-05	1.1587e-05	3.8145e-06	5.501e-16
37.89	1.0989e-08	1.5776e-05	1.1871e-05	3.9054e-06	5.5077e-16
37.9	1.1079e-08	1.5914e-05	1.1969e-05	3.9457e-06	5.496e-16
37.91	1.0771e-08	1.548e-05	1.1637e-05	3.8431e-06	5.4826e-16
37.92	1.0455e-08	1.5034e-05	1.1302e-05	3.7315e-06	5.4837e-16
37.93	1.0607e-08	1.5261e-05	1.1476e-05	3.7849e-06	5.4912e-16
37.94	1.1032e-08	1.5881e-05	1.1942e-05	3.9383e-06	5.4922e-16
37.95	1.1103e-08	1.599e-05	1.2024e-05	3.9658e-06	5.4935e-16
37.96	1.0689e-08	1.5403e-05	1.1585e-05	3.8178e-06	5.5075e-16
37.97	1.0358e-08	1.4934e-05	1.1234e-05	3.6995e-06	5.5264e-16
37.98	1.0526e-08	1.5183e-05	1.1418e-05	3.7651e-06	5.5338e-16
37.99	1.0882e-08	1.5705e-05	1.1804e-05	3.9012e-06	5.5311e-16
38	1.0915e-08	1.5761e-05	1.1846e-05	3.9157e-06	5.5304e-16
38.01	1.0652e-08	1.539e-05	1.1575e-05	3.8152e-06	5.53e-16
38.02	1.0497e-08	1.5174e-05	1.142e-05	3.7539e-06	5.5207e-16
38.03	1.057e-08	1.5288e-05	1.1502e-05	3.7855e-06	5.5087e-16
38.04	1.0633e-08	1.5386e-05	1.1565e-05	3.8206e-06	5.5089e-16
38.05	1.0574e-08	1.531e-05	1.1503e-05	3.8069e-06	5.5205e-16
38.06	1.0561e-08	1.5299e-05	1.1501e-05	3.7977e-06	5.5311e-16
38.07	1.0656e-08	1.5443e-05	1.162e-05	3.8237e-06	5.5419e-16
38.08	1.0663e-08	1.5462e-05	1.1635e-05	3.8266e-06	5.565e-16
38.09	1.0488e-08	1.5216e-05	1.1443e-05	3.7731e-06	5.5959e-16
38.1	1.0346e-08	1.5018e-05	1.1288e-05	3.7306e-06	5.6137e-16
38.11	1.0434e-08	1.5155e-05	1.1391e-05	3.7632e-06	5.6126e-16
38.12	1.0612e-08	1.5421e-05	1.1597e-05	3.8234e-06	5.6077e-16
38.13	1.0617e-08	1.5436e-05	1.1612e-05	3.8245e-06	5.6054e-16
38.14	1.0452e-08	1.5204e-05	1.1435e-05	3.7695e-06	5.5938e-16
38.15	1.0338e-08	1.5046e-05	1.1313e-05	3.7332e-06	5.5702e-16
38.16	1.0372e-08	1.5104e-05	1.1357e-05	3.7468e-06	5.5524e-16
38.17	1.0441e-08	1.5212e-05	1.1441e-05	3.7718e-06	5.5497e-16
38.18	1.0443e-08	1.5223e-05	1.1448e-05	3.7746e-06	5.5459e-16
38.19	1.0404e-08	1.5174e-05	1.141e-05	3.765e-06	5.5266e-16
38.2	1.0374e-08	1.5139e-05	1.1382e-05	3.7567e-06	5.5039e-16
38.21	1.0346e-08	1.5106e-05	1.136e-05	3.7459e-06	5.4961e-16
38.22	1.0319e-08	1.5074e-05	1.1339e-05	3.7352e-06	5.4991e-16
38.23	1.0318e-08	1.508e-05	1.1342e-05	3.7377e-06	5.4993e-16
38.24	1.0329e-08	1.5104e-05	1.1357e-05	3.7477e-06	5.4973e-16
38.25	1.0307e-08	1.5079e-05	1.1335e-05	3.7439e-06	5.5007e-16
38.26	1.0263e-08	1.5023e-05	1.1295e-05	3.7279e-06	5.5034e-16
38.27	1.026e-08	1.5027e-05	1.1302e-05	3.7249e-06	5.4958e-16
38.28	1.0292e-08	1.5082e-05	1.1345e-05	3.7364e-06	5.4871e-16
38.29	1.027e-08	1.5058e-05	1.1325e-05	3.7322e-06	5.495e-16
38.3	1.0182e-08	1.4936e-05	1.123e-05	3.7059e-06	5.5175e-16
38.31	1.0141e-08	1.4884e-05	1.1188e-05	3.6955e-06	5.5367e-16
38.32	1.0211e-08	1.4994e-05	1.1272e-05	3.7219e-06	5.545e-16
38.33	1.0275e-08	1.5096e-05	1.1353e-05	3.7432e-06	5.5482e-16
38.34	1.02e-08	1.4993e-05	1.1279e-05	3.7137e-06	5.5463e-16
38.35	1.006e-08	1.4795e-05	1.113e-05	3.6648e-06	5.5338e-16
38.36	1.0051e-08	1.479e-05	1.1121e-05	3.6688e-06	5.5178e-16
38.37	1.0186e-08	1.4996e-05	1.127e-05	3.7253e-06	5.5136e-16
38.38	1.0244e-08	1.5089e-05	1.1341e-05	3.748e-06	5.5215e-16
38.39	1.0095e-08	1.4879e-05	1.119e-05	3.6889e-06	5.5257e-16
38.4	9.9235e-09	1.4633e-05	1.1011e-05	3.6218e-06	5.5193e-16
38.41	9.9732e-09	1.4714e-05	1.107e-05	3.6436e-06	5.5107e-16
38.42	1.0174e-08	1.5017e-05	1.129e-05	3.727e-06	5.5025e-16
38.43	1.0213e-08	1.5083e-05	1.1334e-05	3.7489e-06	5.4866e-16
38.44	9.9979e-09	1.4773e-05	1.1104e-05	3.6691e-06	5.465e-16
38.45	9.8133e-09	1.4508e-05	1.0913e-05	3.5953e-06	5.4535e-16
38.46	9.9084e-09	1.4656e-05	1.1029e-05	3.6276e-06	5.4564e-16
38.47	1.0119e-08	1.4975e-05	1.1265e-05	3.7098e-06	5.4579e-16
38.48	1.0112e-08	1.4973e-05	1.1257e-05	3.7165e-06	5.4491e-16
38.49	9.8979e-09	1.4663e-05	1.102e-05	3.6434e-06	5.4426e-16
38.5	9.7961e-09	1.452e-05	1.0915e-05	3.6052e-06	5.4489e-16
38.51	9.925e-09	1.4719e-05	1.1071e-05	3.6482e-06	5.4568e-16
38.52	1.0025e-08	1.4875e-05	1.1191e-05	3.6831e-06	5.4537e-16
38.53	9.9038e-09	1.4703e-05	1.106e-05	3.6426e-06	5.446e-16
38.54	9.7609e-09	1.4498e-05	1.0901e-05	3.5977e-06	5.4437e-16
38.55	9.8387e-09	1.4621e-05	1.0989e-05	3.6319e-06	5.4399e-16
38.56	9.9922e-09	1.4857e-05	1.1169e-05	3.6885e-06	5.4253e-16
38.57	9.9217e-09	1.476e-05	1.1101e-05	3.6592e-06	5.4103e-16
38.58	9.6943e-09	1.4429e-05	1.0855e-05	3.5738e-06	5.4114e-16
38.59	9.6599e-09	1.4385e-05	1.0821e-05	3.5645e-06	5.4244e-16
38.6	9.8678e-09	1.4703e-05	1.1055e-05	3.6475e-06	5.4344e-16
38.61	9.9649e-09	1.4855e-05	1.1167e-05	3.6885e-06	5.4418e-16
38.62	9.7721e-09	1.4575e-05	1.0957e-05	3.6186e-06	5.4561e-16
38.63	9.5848e-09	1.4303e-05	1.0756e-05	3.5475e-06	5.4713e-16
38.64	9.6834e-09	1.4458e-05	1.0876e-05	3.5821e-06	5.4705e-16
38.65	9.8674e-09	1.474e-05	1.1089e-05	3.6515e-06	5.4542e-16
38.66	9.7983e-09	1.4644e-05	1.1013e-05	3.6314e-06	5.4396e-16
38.67	9.5751e-09	1.4318e-05	1.0763e-05	3.5554e-06	5.4324e-16
38.68	9.5665e-09	1.4313e-05	1.0758e-05	3.555e-06	5.4225e-16
38.69	9.7767e-09	1.4635e-05	1.1005e-05	3.6302e-06	5.4082e-16
38.7	9.8231e-09	1.4712e-05	1.1068e-05	3.6438e-06	5.4019e-16
38.71	9.5807e-09	1.4356e-05	1.0801e-05	3.5555e-06	5.4061e-16
38.72	9.4165e-09	1.4118e-05	1.0616e-05	3.5019e-06	5.4062e-16
38.73	9.5983e-09	1.4398e-05	1.0821e-05	3.5762e-06	5.3962e-16
38.74	9.8347e-09	1.476e-05	1.1095e-05	3.6649e-06	5.3884e-16
38.75	9.7178e-09	1.4592e-05	1.0974e-05	3.618e-06	5.3898e-16
38.76	9.38e-09	1.4092e-05	1.0601e-05	3.4906e-06	5.3906e-16
38.77	9.3162e-09	1.4003e-05	1.0533e-05	3.4703e-06	5.3844e-16
38.78	9.6283e-09	1.448e-05	1.0888e-05	3.5924e-06	5.3818e-16
38.79	9.8519e-09	1.4824e-05	1.1144e-05	3.68e-06	5.3893e-16
38.8	9.6314e-09	1.45e-05	1.0901e-05	3.5988e-06	5.3956e-16
38.81	9.2401e-09	1.3918e-05	1.0466e-05	3.4518e-06	5.3917e-16
38.82	9.1971e-09	1.386e-05	1.0425e-05	3.435e-06	5.3882e-16
38.83	9.5509e-09	1.4401e-05	1.0832e-05	3.5688e-06	5.3952e-16
38.84	9.8246e-09	1.4821e-05	1.1145e-05	3.6756e-06	5.403e-16
38.85	9.6527e-09	1.4569e-05	1.0953e-05	3.6163e-06	5.3999e-16
38.86	9.2367e-09	1.3948e-05	1.0486e-05	3.4625e-06	5.3943e-16
38.87	9.0664e-09	1.3698e-05	1.0301e-05	3.3971e-06	5.3995e-16
38.88	9.3207e-09	1.409e-05	1.0598e-05	3.4914e-06	5.4077e-16
38.89	9.6806e-09	1.4641e-05	1.1012e-05	3.6295e-06	5.4052e-16
38.9	9.7191e-09	1.4707e-05	1.1058e-05	3.6493e-06	5.3991e-16
38.91	9.3794e-09	1.42e-05	1.0676e-05	3.5244e-06	5.4066e-16
38.92	9.0265e-09	1.3673e-05	1.0282e-05	3.3908e-06	5.4246e-16
38.93	9.0463e-09	1.371e-05	1.0312e-05	3.3984e-06	5.4353e-16
38.94	9.4193e-09	1.4283e-05	1.074e-05	3.5426e-06	5.4383e-16
38.95	9.7142e-09	1.4737e-05	1.1079e-05	3.6579e-06	5.4482e-16
38.96	9.5514e-09	1.4498e-05	1.0901e-05	3.5967e-06	5.4644e-16
38.97	9.0708e-09	1.3775e-05	1.0362e-05	3.4136e-06	5.4686e-16
38.98	8.8334e-09	1.3422e-05	1.0096e-05	3.3261e-06	5.4585e-16
38.99	9.1591e-09	1.3924e-05	1.0468e-05	3.4556e-06	5.4545e-16
39	9.6609e-09	1.4694e-05	1.1044e-05	3.6497e-06	5.4673e-16
39.01	9.6626e-09	1.4704e-05	1.1056e-05	3.6485e-06	5.4819e-16
39.02	9.0943e-09	1.3847e-05	1.0417e-05	3.4299e-06	5.4857e-16
39.03	8.6717e-09	1.321e-05	9.9381e-06	3.2719e-06	5.4876e-16
39.04	8.9762e-09	1.3681e-05	1.0286e-05	3.3946e-06	5.497e-16
39.05	9.6137e-09	1.466e-05	1.1018e-05	3.6416e-06	5.505e-16
39.06	9.6935e-09	1.4789e-05	1.1118e-05	3.671e-06	5.5013e-16
39.07	9.0665e-09	1.384e-05	1.041e-05	3.43e-06	5.493e-16
39.08	8.5734e-09	1.3094e-05	9.8503e-06	3.2434e-06	5.4899e-16
39.09	8.876e-09	1.3563e-05	1.02e-05	3.3632e-06	5.488e-16
39.1	9.5196e-09	1.4554e-05	1.0941e-05	3.6125e-06	5.4819e-16
39.11	9.5916e-09	1.4671e-05	1.103e-05	3.6416e-06	5.4804e-16
39.12	9.0204e-09	1.3805e-05	1.038e-05	3.4242e-06	5.4918e-16
39.13	8.6222e-09	1.3202e-05	9.9291e-06	3.2728e-06	5.5075e-16
39.14	8.8876e-09	1.3615e-05	1.024e-05	3.3754e-06	5.5166e-16
39.15	9.3343e-09	1.4307e-05	1.0759e-05	3.5482e-06	5.5246e-16
39.16	9.309e-09	1.4275e-05	1.0734e-05	3.5417e-06	5.5379e-16
39.17	8.9323e-09	1.3705e-05	1.0304e-05	3.4006e-06	5.5444e-16
39.18	8.7962e-09	1.3503e-05	1.0153e-05	3.3494e-06	5.5308e-16
39.19	9.0185e-09	1.3851e-05	1.0417e-05	3.4343e-06	5.5091e-16
39.2	9.148e-09	1.4057e-05	1.0572e-05	3.4855e-06	5.5013e-16
39.21	8.9565e-09	1.377e-05	1.0354e-05	3.4159e-06	5.5062e-16
39.22	8.7858e-09	1.3514e-05	1.0161e-05	3.3532e-06	5.5056e-16
39.23	8.9397e-09	1.3758e-05	1.0346e-05	3.4122e-06	5.4994e-16
39.24	9.1607e-09	1.4105e-05	1.0608e-05	3.497e-06	5.5058e-16
39.25	9.0427e-09	1.3931e-05	1.0476e-05	3.455e-06	5.5277e-16
39.26	8.7044e-09	1.3416e-05	1.0087e-05	3.3297e-06	5.5467e-16
39.27	8.6394e-09	1.3323e-05	1.0017e-05	3.306e-06	5.5534e-16
39.28	8.9613e-09	1.3827e-05	1.0399e-05	3.4277e-06	5.5587e-16
39.29	9.2023e-09	1.4206e-05	1.0685e-05	3.5206e-06	5.5675e-16
39.3	8.9867e-09	1.388e-05	1.0437e-05	3.4428e-06	5.5666e-16
39.31	8.5873e-09	1.327e-05	9.9751e-06	3.2947e-06	5.5495e-16
39.32	8.5458e-09	1.3212e-05	9.9334e-06	3.279e-06	5.5308e-16
39.33	8.9031e-09	1.3772e-05	1.0358e-05	3.4134e-06	5.5214e-16
39.34	9.1436e-09	1.4151e-05	1.0645e-05	3.5063e-06	5.5124e-16
39.35	8.9241e-09	1.3818e-05	1.0391e-05	3.4276e-06	5.4963e-16
39.36	8.5445e-09	1.3237e-05	9.9504e-06	3.2868e-06	5.4845e-16
39.37	8.5093e-09	1.3189e-05	9.9161e-06	3.2732e-06	5.4876e-16
39.38	8.823e-09	1.3683e-05	1.0291e-05	3.3914e-06	5.4962e-16
39.39	9.0173e-09	1.3991e-05	1.0524e-05	3.4671e-06	5.4986e-16
39.4	8.8304e-09	1.3708e-05	1.0308e-05	3.4003e-06	5.503e-16
39.41	8.5447e-09	1.3271e-05	9.9766e-06	3.2946e-06	5.52e-16
39.42	8.5366e-09	1.3265e-05	9.9738e-06	3.2916e-06	5.539e-16
39.43	8.7469e-09	1.3599e-05	1.0228e-05	3.3713e-06	5.5429e-16
39.44	8.8308e-09	1.3736e-05	1.0331e-05	3.4051e-06	5.5363e-16
39.45	8.689e-09	1.3523e-05	1.0168e-05	3.3544e-06	5.535e-16
39.46	8.562e-09	1.3332e-05	1.0023e-05	3.3084e-06	5.5374e-16
39.47	8.6133e-09	1.3418e-05	1.009e-05	3.3288e-06	5.5296e-16
39.48	8.698e-09	1.3557e-05	1.0196e-05	3.3618e-06	5.5137e-16
39.49	8.6428e-09	1.3478e-05	1.0136e-05	3.3423e-06	5.5056e-16
39.5	8.5319e-09	1.3312e-05	1.001e-05	3.3021e-06	5.5076e-16
39.51	8.5454e-09	1.334e-05	1.0031e-05	3.3091e-06	5.507e-16
39.52	8.6514e-09	1.3512e-05	1.0161e-05	3.3514e-06	5.5032e-16
39.53	8.66e-09	1.3532e-05	1.0176e-05	3.3565e-06	5.5103e-16
39.54	8.5314e-09	1.3338e-05	1.003e-05	3.3086e-06	5.5296e-16
39.55	8.4361e-09	1.3196e-05	9.9228e-06	3.273e-06	5.5437e-16
39.56	8.4912e-09	1.3289e-05	9.9932e-06	3.2956e-06	5.5448e-16
39.57	8.5948e-09	1.3458e-05	1.012e-05	3.3378e-06	5.5452e-16
39.58	8.5874e-09	1.3453e-05	1.0115e-05	3.3375e-06	5.5521e-16
39.59	8.4753e-09	1.3284e-05	9.9886e-06	3.2953e-06	5.5535e-16
39.6	8.4006e-09	1.3173e-05	9.9068e-06	3.2667e-06	5.5411e-16
39.61	8.4395e-09	1.3241e-05	9.9576e-06	3.2836e-06	5.5259e-16
39.62	8.5133e-09	1.3364e-05	1.0048e-05	3.3157e-06	5.518e-16
39.63	8.505e-09	1.3357e-05	1.0043e-05	3.3149e-06	5.5095e-16
39.64	8.4118e-09	1.3218e-05	9.9396e-06	3.2781e-06	5.4938e-16
39.65	8.3451e-09	1.312e-05	9.8682e-06	3.2514e-06	5.4836e-16
39.66	8.3835e-09	1.3186e-05	9.9171e-06	3.2694e-06	5.492e-16
39.67	8.4629e-09	1.3318e-05	1.0012e-05	3.3063e-06	5.5088e-16
39.68	8.4566e-09	1.3315e-05	1.0008e-05	3.3066e-06	5.5147e-16
39.69	8.3509e-09	1.3155e-05	9.8926e-06	3.2626e-06	5.5092e-16
39.7	8.2722e-09	1.3038e-05	9.809e-06	3.2287e-06	5.5028e-16
39.71	8.3098e-09	1.3104e-05	9.8569e-06	3.2467e-06	5.4934e-16
39.72	8.3886e-09	1.3235e-05	9.9487e-06	3.2858e-06	5.4715e-16
39.73	8.3859e-09	1.3237e-05	9.9472e-06	3.2897e-06	5.4424e-16
39.74	8.3106e-09	1.3125e-05	9.8675e-06	3.2571e-06	5.4232e-16
39.75	8.2668e-09	1.3062e-05	9.8275e-06	3.2345e-06	5.4168e-16
39.76	8.2774e-09	1.3085e-05	9.8457e-06	3.2398e-06	5.4117e-16
39.77	8.2704e-09	1.3081e-05	9.8356e-06	3.2454e-06	5.4043e-16
39.78	8.2325e-09	1.3028e-05	9.7898e-06	3.2377e-06	5.4032e-16
39.79	8.2403e-09	1.3046e-05	9.8062e-06	3.2403e-06	5.4096e-16
39.8	8.3024e-09	1.3151e-05	9.8919e-06	3.2595e-06	5.413e-16
39.81	8.3042e-09	1.3161e-05	9.9022e-06	3.2587e-06	5.4095e-16
39.82	8.1896e-09	1.2986e-05	9.7668e-06	3.2189e-06	5.4069e-16
39.83	8.0839e-09	1.2824e-05	9.6403e-06	3.1842e-06	5.4067e-16
39.84	8.1269e-09	1.2899e-05	9.6956e-06	3.2037e-06	5.3994e-16
39.85	8.2579e-09	1.3114e-05	9.8603e-06	3.2534e-06	5.3828e-16
39.86	8.2924e-09	1.3175e-05	9.9095e-06	3.2656e-06	5.3686e-16
39.87	8.1783e-09	1.3e-05	9.7779e-06	3.2224e-06	5.3643e-16
39.88	8.0515e-09	1.2805e-05	9.6292e-06	3.176e-06	5.3636e-16
39.89	8.0399e-09	1.2793e-05	9.6192e-06	3.1741e-06	5.3612e-16
39.9	8.1192e-09	1.2926e-05	9.7187e-06	3.207e-06	5.3633e-16
39.91	8.182e-09	1.3032e-05	9.7988e-06	3.2335e-06	5.3723e-16
39.92	8.1671e-09	1.3015e-05	9.7861e-06	3.2291e-06	5.378e-16
39.93	8.0903e-09	1.2899e-05	9.7001e-06	3.1991e-06	5.3723e-16
39.94	8.0115e-09	1.278e-05	9.6119e-06	3.1681e-06	5.362e-16
39.95	7.9953e-09	1.276e-05	9.5969e-06	3.1636e-06	5.3545e-16
39.96	8.0517e-09	1.2857e-05	9.6672e-06	3.1898e-06	5.3446e-16
39.97	8.1051e-09	1.2949e-05	9.7343e-06	3.2144e-06	5.326e-16
39.98	8.074e-09	1.2905e-05	9.7026e-06	3.2029e-06	5.3055e-16
39.99	7.9867e-09	1.2772e-05	9.605e-06	3.1673e-06	5.292e-16
40	7.9484e-09	1.2718e-05	9.5653e-06	3.1522e-06	5.282e-16
40.01	7.9875e-09	1.2786e-05	9.6162e-06	3.1702e-06	5.2681e-16
40.02	8.0167e-09	1.2839e-05	9.6542e-06	3.1853e-06	5.2544e-16
40.03	7.9774e-09	1.2783e-05	9.6106e-06	3.1724e-06	5.2473e-16
40.04	7.9298e-09	1.2713e-05	9.5582e-06	3.1548e-06	5.2414e-16
40.05	7.941e-09	1.2737e-05	9.5775e-06	3.1599e-06	5.2299e-16
40.06	7.9668e-09	1.2785e-05	9.6145e-06	3.1705e-06	5.2202e-16
40.07	7.9311e-09	1.2734e-05	9.5772e-06	3.157e-06	5.2233e-16
40.08	7.8666e-09	1.2637e-05	9.5039e-06	3.133e-06	5.2315e-16
40.09	7.8674e-09	1.2645e-05	9.508e-06	3.1366e-06	5.2267e-16
40.1	7.9269e-09	1.2746e-05	9.5827e-06	3.1638e-06	5.2081e-16
40.11	7.9353e-09	1.2766e-05	9.5974e-06	3.169e-06	5.192e-16
40.12	7.8521e-09	1.2639e-05	9.5037e-06	3.1351e-06	5.1846e-16
40.13	7.7786e-09	1.2527e-05	9.422e-06	3.1047e-06	5.1753e-16
40.14	7.8092e-09	1.2582e-05	9.4639e-06	3.1184e-06	5.1597e-16
40.15	7.8879e-09	1.2715e-05	9.5612e-06	3.1543e-06	5.1482e-16
40.16	7.8878e-09	1.2722e-05	9.563e-06	3.1587e-06	5.1465e-16
40.17	7.7939e-09	1.2576e-05	9.4542e-06	3.1222e-06	5.1448e-16
40.18	7.7218e-09	1.2466e-05	9.3748e-06	3.0915e-06	5.1356e-16
40.19	7.7518e-09	1.2521e-05	9.4185e-06	3.1025e-06	5.1259e-16
40.2	7.8194e-09	1.2636e-05	9.5041e-06	3.1323e-06	5.1221e-16
40.21	7.8138e-09	1.2634e-05	9.4985e-06	3.1352e-06	5.1166e-16
40.22	7.7372e-09	1.2516e-05	9.4081e-06	3.1079e-06	5.1018e-16
40.23	7.6931e-09	1.2451e-05	9.3609e-06	3.09e-06	5.0822e-16
40.24	7.7261e-09	1.2511e-05	9.409e-06	3.1015e-06	5.0646e-16
40.25	7.7561e-09	1.2565e-05	9.4514e-06	3.114e-06	5.0455e-16
40.26	7.7101e-09	1.2497e-05	9.3982e-06	3.0988e-06	5.021e-16
40.27	7.6455e-09	1.2398e-05	9.3216e-06	3.0769e-06	4.999e-16
40.28	7.6597e-09	1.2428e-05	9.3428e-06	3.0849e-06	4.9881e-16
40.29	7.7229e-09	1.2536e-05	9.4256e-06	3.1108e-06	4.9843e-16
40.3	7.7145e-09	1.2529e-05	9.4217e-06	3.1073e-06	4.9792e-16
40.31	7.621e-09	1.2383e-05	9.3134e-06	3.0699e-06	4.9748e-16
40.32	7.5682e-09	1.2304e-05	9.2536e-06	3.0499e-06	4.9763e-16
40.33	7.6181e-09	1.2391e-05	9.3177e-06	3.0733e-06	4.9795e-16
40.34	7.6665e-09	1.2476e-05	9.3788e-06	3.0971e-06	4.977e-16
40.35	7.6218e-09	1.2409e-05	9.3277e-06	3.0815e-06	4.972e-16
40.36	7.5623e-09	1.2319e-05	9.2622e-06	3.0563e-06	4.9712e-16
40.37	7.5877e-09	1.2366e-05	9.3021e-06	3.0639e-06	4.9709e-16
40.38	7.6223e-09	1.2429e-05	9.3498e-06	3.0787e-06	4.964e-16
40.39	7.5445e-09	1.2308e-05	9.2547e-06	3.053e-06	4.9552e-16
40.4	7.4395e-09	1.2142e-05	9.1258e-06	3.0166e-06	4.9537e-16
40.41	7.4979e-09	1.2244e-05	9.2028e-06	3.0411e-06	4.9545e-16
40.42	7.6681e-09	1.2528e-05	9.4216e-06	3.1064e-06	4.9446e-16
40.43	7.6683e-09	1.2535e-05	9.4301e-06	3.1044e-06	4.9254e-16
40.44	7.4271e-09	1.2146e-05	9.1362e-06	3.01e-06	4.9122e-16
40.45	7.2588e-09	1.1877e-05	8.9291e-06	2.9478e-06	4.9099e-16
40.46	7.4199e-09	1.2146e-05	9.1297e-06	3.0168e-06	4.9076e-16
40.47	7.6918e-09	1.2598e-05	9.4709e-06	3.127e-06	4.8998e-16
40.48	7.6699e-09	1.2568e-05	9.4515e-06	3.1167e-06	4.8948e-16
40.49	7.3598e-09	1.2066e-05	9.0754e-06	2.9905e-06	4.8979e-16
40.5	7.1791e-09	1.1775e-05	8.8565e-06	2.9189e-06	4.9012e-16
40.51	7.3563e-09	1.2072e-05	9.0776e-06	2.9945e-06	4.8973e-16
40.52	7.6192e-09	1.251e-05	9.4042e-06	3.1055e-06	4.8901e-16
40.53	7.6011e-09	1.2486e-05	9.3859e-06	3.1003e-06	4.8836e-16
40.54	7.3378e-09	1.206e-05	9.0676e-06	2.992e-06	4.8756e-16
40.55	7.1714e-09	1.1792e-05	8.8698e-06	2.9221e-06	4.8674e-16
40.56	7.2796e-09	1.1976e-05	9.0084e-06	2.9675e-06	4.8667e-16
40.57	7.4914e-09	1.233e-05	9.271e-06	3.0593e-06	4.8719e-16
40.58	7.5422e-09	1.242e-05	9.3353e-06	3.0847e-06	4.8684e-16
40.59	7.3737e-09	1.2148e-05	9.1329e-06	3.0156e-06	4.8507e-16
40.6	7.1638e-09	1.1808e-05	8.8815e-06	2.927e-06	4.8339e-16
40.61	7.1363e-09	1.1769e-05	8.8527e-06	2.9163e-06	4.8313e-16
40.62	7.3329e-09	1.2099e-05	9.0974e-06	3.0018e-06	4.835e-16
40.63	7.5343e-09	1.2438e-05	9.3491e-06	3.0884e-06	4.8332e-16
40.64	7.467e-09	1.2332e-05	9.2722e-06	3.0602e-06	4.8328e-16
40.65	7.1537e-09	1.1821e-05	8.8913e-06	2.9297e-06	4.8461e-16
40.66	6.9616e-09	1.1509e-05	8.6564e-06	2.8527e-06	4.8652e-16
40.67	7.1617e-09	1.1846e-05	8.9054e-06	2.9403e-06	4.8712e-16
40.68	7.5191e-09	1.2443e-05	9.3527e-06	3.0903e-06	4.8615e-16
40.69	7.5428e-09	1.2488e-05	9.3902e-06	3.0983e-06	4.8486e-16
40.7	7.1549e-09	1.1852e-05	8.9157e-06	2.9364e-06	4.8373e-16
40.71	6.8481e-09	1.1349e-05	8.537e-06	2.8124e-06	4.8238e-16
40.72	7.0331e-09	1.1662e-05	8.7672e-06	2.8945e-06	4.8138e-16
40.73	7.4532e-09	1.2364e-05	9.2929e-06	3.0715e-06	4.8197e-16
40.74	7.5213e-09	1.2483e-05	9.3849e-06	3.0985e-06	4.8375e-16
40.75	7.1368e-09	1.1851e-05	8.9138e-06	2.9373e-06	4.8475e-16
40.76	6.8236e-09	1.1337e-05	8.5281e-06	2.8085e-06	4.8413e-16
40.77	6.9866e-09	1.1613e-05	8.7331e-06	2.8801e-06	4.8306e-16
40.78	7.3547e-09	1.2231e-05	9.1941e-06	3.0369e-06	4.824e-16
40.79	7.3962e-09	1.2306e-05	9.25e-06	3.0559e-06	4.8148e-16
40.8	7.0777e-09	1.1782e-05	8.8588e-06	2.923e-06	4.7986e-16
40.81	6.8661e-09	1.1435e-05	8.6011e-06	2.834e-06	4.7847e-16
40.82	7.0194e-09	1.1696e-05	8.7976e-06	2.8987e-06	4.7803e-16
40.83	7.2451e-09	1.2078e-05	9.0819e-06	2.9963e-06	4.7792e-16
40.84	7.1929e-09	1.1997e-05	9.0182e-06	2.9788e-06	4.7762e-16
40.85	6.9802e-09	1.1648e-05	8.7563e-06	2.8917e-06	4.7783e-16
40.86	6.9534e-09	1.1609e-05	8.73e-06	2.879e-06	4.7892e-16
40.87	7.1144e-09	1.1884e-05	8.9384e-06	2.9452e-06	4.7981e-16
40.88	7.1424e-09	1.1936e-05	8.9764e-06	2.9598e-06	4.797e-16
40.89	6.9513e-09	1.1622e-05	8.7377e-06	2.8848e-06	4.7953e-16
40.9	6.8514e-09	1.1461e-05	8.616e-06	2.8451e-06	4.8028e-16
40.91	7.0338e-09	1.1772e-05	8.8521e-06	2.9198e-06	4.8098e-16
40.92	7.219e-09	1.2088e-05	9.0914e-06	2.9965e-06	4.803e-16
40.93	7.0757e-09	1.1854e-05	8.9138e-06	2.9399e-06	4.7887e-16
40.94	6.7665e-09	1.1341e-05	8.5262e-06	2.8151e-06	4.7823e-16
40.95	6.7362e-09	1.1296e-05	8.4925e-06	2.8034e-06	4.7836e-16
40.96	7.0355e-09	1.1804e-05	8.8768e-06	2.9269e-06	4.7819e-16
40.97	7.2268e-09	1.213e-05	9.1234e-06	3.0071e-06	4.7785e-16
40.98	7.0268e-09	1.1801e-05	8.8731e-06	2.9275e-06	4.7838e-16
40.99	6.7145e-09	1.1282e-05	8.4807e-06	2.8008e-06	4.7951e-16
41	6.7059e-09	1.1273e-05	8.4752e-06	2.7974e-06	4.7977e-16
41.01	6.9626e-09	1.171e-05	8.8066e-06	2.9032e-06	4.7888e-16
41.02	7.0951e-09	1.1938e-05	8.9786e-06	2.9598e-06	4.7798e-16
41.03	6.9412e-09	1.1685e-05	8.786e-06	2.8994e-06	4.7738e-16
41.04	6.7474e-09	1.1364e-05	8.5435e-06	2.8209e-06	4.7623e-16
41.05	6.7603e-09	1.1392e-05	8.5657e-06	2.826e-06	4.746e-16
41.06	6.896e-09	1.1626e-05	8.7436e-06	2.8825e-06	4.7388e-16
41.07	6.9263e-09	1.1683e-05	8.7852e-06	2.8977e-06	4.7453e-16
41.08	6.8225e-09	1.1513e-05	8.6557e-06	2.8578e-06	4.7534e-16
41.09	6.7506e-09	1.1398e-05	8.5691e-06	2.8285e-06	4.7556e-16
41.1	6.7974e-09	1.1482e-05	8.6354e-06	2.8468e-06	4.7597e-16
41.11	6.8618e-09	1.1597e-05	8.7221e-06	2.8746e-06	4.7694e-16
41.12	6.8286e-09	1.1546e-05	8.6812e-06	2.8648e-06	4.772e-16
41.13	6.735e-09	1.1393e-05	8.5641e-06	2.8293e-06	4.7593e-16
41.14	6.7039e-09	1.1346e-05	8.5304e-06	2.8159e-06	4.7428e-16
41.15	6.7646e-09	1.1455e-05	8.6154e-06	2.8392e-06	4.7346e-16
41.16	6.8164e-09	1.1548e-05	8.6861e-06	2.8619e-06	4.7285e-16
41.17	6.7735e-09	1.1481e-05	8.6323e-06	2.8485e-06	4.7147e-16
41.18	6.6857e-09	1.1338e-05	8.5222e-06	2.8154e-06	4.7012e-16
41.19	6.666e-09	1.131e-05	8.5026e-06	2.807e-06	4.7008e-16
41.2	6.7246e-09	1.1415e-05	8.5844e-06	2.8303e-06	4.7076e-16
41.21	6.753e-09	1.1468e-05	8.6251e-06	2.8433e-06	4.7052e-16
41.22	6.6902e-09	1.1367e-05	8.5472e-06	2.82e-06	4.6921e-16
41.23	6.6222e-09	1.1257e-05	8.4639e-06	2.7933e-06	4.6794e-16
41.24	6.65e-09	1.131e-05	8.5045e-06	2.8054e-06	4.6695e-16
41.25	6.7211e-09	1.1436e-05	8.5994e-06	2.8369e-06	4.6548e-16
41.26	6.7017e-09	1.1409e-05	8.5771e-06	2.8317e-06	4.6373e-16
41.27	6.5921e-09	1.1228e-05	8.4411e-06	2.7867e-06	4.6291e-16
41.28	6.5419e-09	1.1148e-05	8.3839e-06	2.7637e-06	4.6332e-16
41.29	6.622e-09	1.129e-05	8.4926e-06	2.7971e-06	4.6401e-16
41.3	6.7064e-09	1.1439e-05	8.6018e-06	2.8373e-06	4.6447e-16
41.31	6.6571e-09	1.136e-05	8.5378e-06	2.8226e-06	4.6517e-16
41.32	6.5312e-09	1.1151e-05	8.3808e-06	2.7702e-06	4.6596e-16
41.33	6.4929e-09	1.1091e-05	8.3418e-06	2.7492e-06	4.6574e-16
41.34	6.5722e-09	1.1232e-05	8.4515e-06	2.7804e-06	4.6422e-16
41.35	6.6372e-09	1.1348e-05	8.535e-06	2.8134e-06	4.6243e-16
41.36	6.5959e-09	1.1283e-05	8.4795e-06	2.8039e-06	4.6121e-16
41.37	6.5111e-09	1.1144e-05	8.3742e-06	2.7694e-06	4.6034e-16
41.38	6.4827e-09	1.11e-05	8.3479e-06	2.7524e-06	4.5963e-16
41.39	6.5118e-09	1.1156e-05	8.3933e-06	2.7623e-06	4.5946e-16
41.4	6.5343e-09	1.12e-05	8.4229e-06	2.7767e-06	4.5965e-16
41.41	6.5248e-09	1.1189e-05	8.4097e-06	2.7791e-06	4.5928e-16
41.42	6.5045e-09	1.1159e-05	8.3882e-06	2.771e-06	4.5831e-16
41.43	6.4831e-09	1.1128e-05	8.3692e-06	2.7586e-06	4.5791e-16
41.44	6.4548e-09	1.1085e-05	8.3377e-06	2.7469e-06	4.5854e-16
41.45	6.4349e-09	1.1056e-05	8.3119e-06	2.7439e-06	4.5906e-16
41.46	6.4481e-09	1.1084e-05	8.3305e-06	2.7534e-06	4.5868e-16
41.47	6.4794e-09	1.1143e-05	8.3783e-06	2.7646e-06	4.583e-16
41.48	6.4786e-09	1.1147e-05	8.3861e-06	2.761e-06	4.5879e-16
41.49	6.4268e-09	1.1063e-05	8.3219e-06	2.7413e-06	4.5934e-16
41.5	6.368e-09	1.0967e-05	8.244e-06	2.7234e-06	4.5892e-16
41.51	6.3601e-09	1.0959e-05	8.2349e-06	2.7241e-06	4.5805e-16
41.52	6.4048e-09	1.1041e-05	8.3007e-06	2.7406e-06	4.5765e-16
41.53	6.4443e-09	1.1115e-05	8.3613e-06	2.7534e-06	4.5718e-16
41.54	6.4248e-09	1.1086e-05	8.3404e-06	2.7461e-06	4.5563e-16
41.55	6.3562e-09	1.0973e-05	8.2509e-06	2.7224e-06	4.5358e-16
41.56	6.3008e-09	1.0883e-05	8.1795e-06	2.7033e-06	4.5232e-16
41.57	6.3062e-09	1.0897e-05	8.1915e-06	2.706e-06	4.5161e-16
41.58	6.3551e-09	1.0987e-05	8.2621e-06	2.7253e-06	4.5033e-16
41.59	6.3874e-09	1.1048e-05	8.3096e-06	2.7389e-06	4.4876e-16
41.6	6.3641e-09	1.1014e-05	8.2827e-06	2.7308e-06	4.483e-16
41.61	6.3022e-09	1.0912e-05	8.2049e-06	2.7068e-06	4.4903e-16
41.62	6.2518e-09	1.083e-05	8.1423e-06	2.6872e-06	4.4949e-16
41.63	6.2499e-09	1.0831e-05	8.1431e-06	2.6882e-06	4.4909e-16
41.64	6.2895e-09	1.0905e-05	8.1987e-06	2.7066e-06	4.4868e-16
41.65	6.3236e-09	1.097e-05	8.2482e-06	2.7215e-06	4.4857e-16
41.66	6.307e-09	1.0946e-05	8.2321e-06	2.7141e-06	4.4797e-16
41.67	6.2476e-09	1.0848e-05	8.1589e-06	2.6894e-06	4.4677e-16
41.68	6.2029e-09	1.0776e-05	8.1028e-06	2.673e-06	4.4605e-16
41.69	6.2098e-09	1.0793e-05	8.1135e-06	2.6794e-06	4.4614e-16
41.7	6.2375e-09	1.0846e-05	8.1534e-06	2.6929e-06	4.4606e-16
41.71	6.2378e-09	1.0852e-05	8.1597e-06	2.6924e-06	4.4563e-16
41.72	6.2169e-09	1.0821e-05	8.1382e-06	2.6826e-06	4.4601e-16
41.73	6.2102e-09	1.0814e-05	8.1332e-06	2.6811e-06	4.4744e-16
41.74	6.2073e-09	1.0815e-05	8.1316e-06	2.683e-06	4.4817e-16
41.75	6.1694e-09	1.0754e-05	8.0845e-06	2.6692e-06	4.4711e-16
41.76	6.1201e-09	1.0673e-05	8.024e-06	2.6488e-06	4.4557e-16
41.77	6.1336e-09	1.0702e-05	8.0466e-06	2.655e-06	4.4485e-16
41.78	6.2054e-09	1.0832e-05	8.145e-06	2.687e-06	4.4399e-16
41.79	6.2242e-09	1.087e-05	8.1735e-06	2.6965e-06	4.4167e-16
41.8	6.1328e-09	1.0715e-05	8.0576e-06	2.6578e-06	4.3893e-16
41.81	6.037e-09	1.0553e-05	7.9361e-06	2.6169e-06	4.376e-16
41.82	6.0625e-09	1.0603e-05	7.9728e-06	2.63e-06	4.3734e-16
41.83	6.1619e-09	1.0782e-05	8.1052e-06	2.6766e-06	4.3659e-16
41.84	6.18e-09	1.0819e-05	8.1319e-06	2.6867e-06	4.3567e-16
41.85	6.087e-09	1.0661e-05	8.0155e-06	2.6453e-06	4.3626e-16
41.86	6.0143e-09	1.0539e-05	7.9272e-06	2.6114e-06	4.3816e-16
41.87	6.0453e-09	1.0598e-05	7.9724e-06	2.6255e-06	4.3928e-16
41.88	6.0994e-09	1.0698e-05	8.0437e-06	2.6541e-06	4.3876e-16
41.89	6.0795e-09	1.0668e-05	8.0172e-06	2.6509e-06	4.3779e-16
41.9	6.0235e-09	1.0575e-05	7.9475e-06	2.6274e-06	4.371e-16
41.91	6.019e-09	1.0572e-05	7.95e-06	2.622e-06	4.3596e-16
41.92	6.0493e-09	1.063e-05	7.9975e-06	2.6329e-06	4.3439e-16
41.93	6.0342e-09	1.0609e-05	7.9802e-06	2.6287e-06	4.3376e-16
41.94	5.9789e-09	1.0517e-05	7.9067e-06	2.6099e-06	4.3443e-16
41.95	5.9668e-09	1.05e-05	7.8919e-06	2.6085e-06	4.3486e-16
41.96	6.0115e-09	1.0584e-05	7.9555e-06	2.6286e-06	4.3422e-16
41.97	6.0272e-09	1.0617e-05	7.9825e-06	2.6342e-06	4.3388e-16
41.98	5.9702e-09	1.0521e-05	7.9131e-06	2.6082e-06	4.3495e-16
41.99	5.9141e-09	1.0428e-05	7.8437e-06	2.5838e-06	4.3617e-16
42	5.9327e-09	1.0465e-05	7.8711e-06	2.5942e-06	4.359e-16
42.01	5.982e-09	1.0557e-05	7.9368e-06	2.6205e-06	4.3463e-16
42.02	5.9715e-09	1.0544e-05	7.9231e-06	2.6206e-06	4.3373e-16
42.03	5.9082e-09	1.0437e-05	7.8438e-06	2.5933e-06	4.33e-16
42.04	5.8831e-09	1.0398e-05	7.8197e-06	2.5779e-06	4.315e-16
42.05	5.9219e-09	1.0471e-05	7.8798e-06	2.5914e-06	4.2984e-16
42.06	5.9397e-09	1.0508e-05	7.905e-06	2.6025e-06	4.2945e-16
42.07	5.8785e-09	1.0404e-05	7.8201e-06	2.5841e-06	4.302e-16
42.08	5.8175e-09	1.0301e-05	7.7384e-06	2.5628e-06	4.3068e-16
42.09	5.8636e-09	1.0388e-05	7.8071e-06	2.5807e-06	4.3054e-16
42.1	5.9649e-09	1.0572e-05	7.9529e-06	2.6193e-06	4.3057e-16
42.11	5.9476e-09	1.0547e-05	7.9365e-06	2.61e-06	4.3067e-16
42.12	5.7756e-09	1.0247e-05	7.7071e-06	2.5394e-06	4.2976e-16
42.13	5.6588e-09	1.0044e-05	7.5492e-06	2.4948e-06	4.2774e-16
42.14	5.7861e-09	1.0275e-05	7.7206e-06	2.5542e-06	4.2601e-16
42.15	6.0177e-09	1.0691e-05	8.036e-06	2.6552e-06	4.256e-16
42.16	6.0201e-09	1.0701e-05	8.0471e-06	2.6534e-06	4.2632e-16
42.17	5.7336e-09	1.0196e-05	7.6706e-06	2.5254e-06	4.278e-16
42.18	5.5108e-09	9.8046e-06	7.3758e-06	2.4288e-06	4.2991e-16
42.19	5.6599e-09	1.0075e-05	7.5747e-06	2.4998e-06	4.3168e-16
42.2	5.9949e-09	1.0676e-05	8.0222e-06	2.6537e-06	4.316e-16
42.21	6.0597e-09	1.0797e-05	8.1127e-06	2.6838e-06	4.2962e-16
42.22	5.7504e-09	1.025e-05	7.7076e-06	2.5426e-06	4.2743e-16
42.23	5.4642e-09	9.7448e-06	7.3334e-06	2.4114e-06	4.2625e-16
42.24	5.5595e-09	9.9193e-06	7.4633e-06	2.456e-06	4.2553e-16
42.25	5.8829e-09	1.0501e-05	7.8933e-06	2.6081e-06	4.2462e-16
42.26	6.0014e-09	1.0718e-05	8.0511e-06	2.6668e-06	4.2409e-16
42.27	5.777e-09	1.0322e-05	7.7575e-06	2.5646e-06	4.2457e-16
42.28	5.5064e-09	9.8432e-06	7.4057e-06	2.4374e-06	4.2547e-16
42.29	5.5057e-09	9.8467e-06	7.4108e-06	2.4359e-06	4.2595e-16
42.3	5.7359e-09	1.0263e-05	7.7177e-06	2.5455e-06	4.262e-16
42.31	5.8975e-09	1.0557e-05	7.9319e-06	2.6254e-06	4.2661e-16
42.32	5.7984e-09	1.0385e-05	7.8026e-06	2.5822e-06	4.2662e-16
42.33	5.5532e-09	9.9504e-06	7.4823e-06	2.4681e-06	4.2559e-16
42.34	5.4426e-09	9.7568e-06	7.3413e-06	2.4156e-06	4.2404e-16
42.35	5.5994e-09	1.0043e-05	7.5546e-06	2.488e-06	4.2293e-16
42.36	5.839e-09	1.0477e-05	7.8773e-06	2.6001e-06	4.2241e-16
42.37	5.8481e-09	1.0499e-05	7.8912e-06	2.6074e-06	4.2227e-16
42.38	5.5744e-09	1.0012e-05	7.5261e-06	2.4859e-06	4.2273e-16
42.39	5.3418e-09	9.5987e-06	7.2168e-06	2.3819e-06	4.2376e-16
42.4	5.4591e-09	9.8142e-06	7.3795e-06	2.4347e-06	4.2437e-16
42.41	5.7843e-09	1.0404e-05	7.8232e-06	2.5805e-06	4.2385e-16
42.42	5.876e-09	1.0574e-05	7.9514e-06	2.6222e-06	4.2299e-16
42.43	5.5935e-09	1.007e-05	7.5724e-06	2.4976e-06	4.2282e-16
42.44	5.3093e-09	9.5629e-06	7.19e-06	2.3729e-06	4.2286e-16
42.45	5.3938e-09	9.7196e-06	7.3071e-06	2.4125e-06	4.2209e-16
42.46	5.6951e-09	1.0267e-05	7.7193e-06	2.5481e-06	4.2091e-16
42.47	5.7734e-09	1.0414e-05	7.8299e-06	2.5836e-06	4.2058e-16
42.48	5.5398e-09	9.9969e-06	7.5171e-06	2.4798e-06	4.2096e-16
42.49	5.3521e-09	9.6627e-06	7.2661e-06	2.3966e-06	4.2081e-16
42.5	5.4544e-09	9.852e-06	7.4083e-06	2.4437e-06	4.2002e-16
42.51	5.6323e-09	1.0178e-05	7.6526e-06	2.5255e-06	4.1966e-16
42.52	5.5864e-09	1.01e-05	7.5927e-06	2.5072e-06	4.1986e-16
42.53	5.4055e-09	9.7775e-06	7.3505e-06	2.4269e-06	4.1947e-16
42.54	5.3962e-09	9.7653e-06	7.3432e-06	2.4221e-06	4.1819e-16
42.55	5.5679e-09	1.0081e-05	7.5816e-06	2.499e-06	4.1708e-16
42.56	5.6117e-09	1.0165e-05	7.6436e-06	2.5212e-06	4.1656e-16
42.57	5.4125e-09	9.8085e-06	7.3733e-06	2.4352e-06	4.158e-16
42.58	5.263e-09	9.5421e-06	7.1726e-06	2.3695e-06	4.1466e-16
42.59	5.4121e-09	9.817e-06	7.3816e-06	2.4354e-06	4.1428e-16
42.6	5.6457e-09	1.0246e-05	7.7058e-06	2.5398e-06	4.1489e-16
42.61	5.5876e-09	1.0145e-05	7.6291e-06	2.5158e-06	4.149e-16
42.62	5.2865e-09	9.6027e-06	7.2189e-06	2.3838e-06	4.1357e-16
42.63	5.1734e-09	9.4017e-06	7.0673e-06	2.3344e-06	4.1254e-16
42.64	5.418e-09	9.8508e-06	7.407e-06	2.4438e-06	4.1305e-16
42.65	5.656e-09	1.0288e-05	7.7374e-06	2.5509e-06	4.1356e-16
42.66	5.5239e-09	1.0053e-05	7.5592e-06	2.4936e-06	4.1205e-16
42.67	5.2039e-09	9.4749e-06	7.1229e-06	2.352e-06	4.0938e-16
42.68	5.1524e-09	9.3855e-06	7.0559e-06	2.3296e-06	4.0796e-16
42.69	5.4205e-09	9.8784e-06	7.4283e-06	2.4502e-06	4.0807e-16
42.7	5.5932e-09	1.0198e-05	7.6691e-06	2.529e-06	4.0797e-16
42.71	5.4208e-09	9.8883e-06	7.4346e-06	2.4536e-06	4.0708e-16
42.72	5.1711e-09	9.4372e-06	7.0944e-06	2.3429e-06	4.0664e-16
42.73	5.1956e-09	9.4864e-06	7.1323e-06	2.3541e-06	4.07e-16
42.74	5.4088e-09	9.8804e-06	7.4302e-06	2.4502e-06	4.0693e-16
42.75	5.4638e-09	9.9855e-06	7.5091e-06	2.4764e-06	4.0587e-16
42.76	5.2956e-09	9.6826e-06	7.2796e-06	2.403e-06	4.0489e-16
42.77	5.179e-09	9.4737e-06	7.1218e-06	2.352e-06	4.0461e-16
42.78	5.2683e-09	9.6416e-06	7.2493e-06	2.3923e-06	4.0427e-16
42.79	5.3801e-09	9.8508e-06	7.4079e-06	2.4429e-06	4.0343e-16
42.8	5.3221e-09	9.7493e-06	7.3312e-06	2.4182e-06	4.0291e-16
42.81	5.1942e-09	9.5193e-06	7.1568e-06	2.3625e-06	4.0315e-16
42.82	5.1955e-09	9.5262e-06	7.1617e-06	2.3645e-06	4.0317e-16
42.83	5.2993e-09	9.721e-06	7.3091e-06	2.4119e-06	4.023e-16
42.84	5.3204e-09	9.7644e-06	7.3423e-06	2.422e-06	4.0122e-16
42.85	5.2236e-09	9.5911e-06	7.2116e-06	2.3795e-06	4.0049e-16
42.86	5.1592e-09	9.4774e-06	7.1256e-06	2.3517e-06	3.9937e-16
42.87	5.2062e-09	9.5681e-06	7.1941e-06	2.3741e-06	3.9742e-16
42.88	5.2618e-09	9.6748e-06	7.2744e-06	2.4003e-06	3.958e-16
42.89	5.2282e-09	9.6176e-06	7.2311e-06	2.3865e-06	3.9574e-16
42.9	5.1619e-09	9.5001e-06	7.1426e-06	2.3575e-06	3.9653e-16
42.91	5.1605e-09	9.5018e-06	7.1446e-06	2.3572e-06	3.9677e-16
42.92	5.2055e-09	9.5892e-06	7.2108e-06	2.3784e-06	3.9648e-16
42.93	5.209e-09	9.6001e-06	7.2182e-06	2.3819e-06	3.9657e-16
42.94	5.1562e-09	9.5073e-06	7.1472e-06	2.3601e-06	3.9687e-16
42.95	5.1149e-09	9.4355e-06	7.0936e-06	2.3419e-06	3.9635e-16
42.96	5.1273e-09	9.4628e-06	7.116e-06	2.3468e-06	3.9483e-16
42.97	5.1633e-09	9.5337e-06	7.1699e-06	2.3638e-06	3.9302e-16
42.98	5.1745e-09	9.5588e-06	7.1869e-06	2.3719e-06	3.9119e-16
42.99	5.1462e-09	9.5109e-06	7.1488e-06	2.362e-06	3.8925e-16
43	5.0967e-09	9.4239e-06	7.0845e-06	2.3394e-06	3.8772e-16
43.01	5.0618e-09	9.3637e-06	7.0422e-06	2.3215e-06	3.8723e-16
43.02	5.0728e-09	9.3883e-06	7.0613e-06	2.327e-06	3.8739e-16
43.03	5.1203e-09	9.4806e-06	7.1278e-06	2.3528e-06	3.8738e-16
43.04	5.1471e-09	9.5348e-06	7.166e-06	2.3687e-06	3.8735e-16
43.05	5.1085e-09	9.4676e-06	7.117e-06	2.3505e-06	3.8783e-16
43.06	5.0343e-09	9.3344e-06	7.0205e-06	2.3139e-06	3.8803e-16
43.07	4.9998e-09	9.2747e-06	6.9762e-06	2.2985e-06	3.8659e-16
43.08	5.034e-09	9.3426e-06	7.0239e-06	2.3187e-06	3.8397e-16
43.09	5.0874e-09	9.4461e-06	7.099e-06	2.3471e-06	3.8211e-16
43.1	5.0953e-09	9.4651e-06	7.1153e-06	2.3498e-06	3.8153e-16
43.11	5.0486e-09	9.3827e-06	7.0573e-06	2.3255e-06	3.8076e-16
43.12	4.9918e-09	9.2814e-06	6.9814e-06	2.3e-06	3.791e-16
43.13	4.9703e-09	9.2457e-06	6.9507e-06	2.295e-06	3.7782e-16
43.14	4.9914e-09	9.2893e-06	6.9807e-06	2.3085e-06	3.7777e-16
43.15	5.0254e-09	9.3568e-06	7.0338e-06	2.3231e-06	3.777e-16
43.16	5.035e-09	9.3792e-06	7.0549e-06	2.3244e-06	3.7651e-16
43.17	5.0076e-09	9.3325e-06	7.0203e-06	2.3122e-06	3.7522e-16
43.18	4.9633e-09	9.2542e-06	6.9576e-06	2.2966e-06	3.7516e-16
43.19	4.9337e-09	9.2032e-06	6.9159e-06	2.2872e-06	3.7559e-16
43.2	4.9353e-09	9.2104e-06	6.9227e-06	2.2877e-06	3.75e-16
43.21	4.9614e-09	9.2635e-06	6.9668e-06	2.2967e-06	3.736e-16
43.22	4.9874e-09	9.3162e-06	7.0082e-06	2.308e-06	3.7278e-16
43.23	4.9806e-09	9.3078e-06	6.9996e-06	2.3083e-06	3.7259e-16
43.24	4.9289e-09	9.2156e-06	6.9267e-06	2.2889e-06	3.7192e-16
43.25	4.8705e-09	9.1106e-06	6.8469e-06	2.2637e-06	3.7069e-16
43.26	4.8687e-09	9.1114e-06	6.85e-06	2.2614e-06	3.6988e-16
43.27	4.9312e-09	9.2327e-06	6.9441e-06	2.2886e-06	3.6964e-16
43.28	4.9783e-09	9.3252e-06	7.0141e-06	2.3111e-06	3.6911e-16
43.29	4.9343e-09	9.2469e-06	6.9529e-06	2.294e-06	3.6813e-16
43.3	4.8371e-09	9.0691e-06	6.8166e-06	2.2525e-06	3.6747e-16
43.31	4.8019e-09	9.0072e-06	6.7699e-06	2.2373e-06	3.672e-16
43.32	4.8669e-09	9.1332e-06	6.8669e-06	2.2664e-06	3.6637e-16
43.33	4.9367e-09	9.2685e-06	6.9709e-06	2.2977e-06	3.6476e-16
43.34	4.9116e-09	9.2257e-06	6.9387e-06	2.287e-06	3.6336e-16
43.35	4.8227e-09	9.063e-06	6.8143e-06	2.2487e-06	3.6262e-16
43.36	4.7816e-09	8.9898e-06	6.7573e-06	2.2325e-06	3.618e-16
43.37	4.822e-09	9.0699e-06	6.8175e-06	2.2524e-06	3.6046e-16
43.38	4.8644e-09	9.154e-06	6.8824e-06	2.2716e-06	3.5935e-16
43.39	4.8432e-09	9.1183e-06	6.8573e-06	2.261e-06	3.5898e-16
43.4	4.7977e-09	9.0368e-06	6.7964e-06	2.2404e-06	3.587e-16
43.41	4.7965e-09	9.0386e-06	6.7963e-06	2.2422e-06	3.5802e-16
43.42	4.8223e-09	9.0914e-06	6.834e-06	2.2574e-06	3.5753e-16
43.43	4.8032e-09	9.0596e-06	6.8094e-06	2.2502e-06	3.5762e-16
43.44	4.741e-09	8.9465e-06	6.726e-06	2.2205e-06	3.5745e-16
43.45	4.7268e-09	8.9238e-06	6.7115e-06	2.2123e-06	3.5628e-16
43.46	4.7981e-09	9.0626e-06	6.8163e-06	2.2462e-06	3.5479e-16
43.47	4.8546e-09	9.1734e-06	6.8972e-06	2.2761e-06	3.5398e-16
43.48	4.7885e-09	9.0528e-06	6.804e-06	2.2488e-06	3.5359e-16
43.49	4.6598e-09	8.8134e-06	6.6245e-06	2.1889e-06	3.5285e-16
43.5	4.6366e-09	8.7736e-06	6.5975e-06	2.1761e-06	3.5196e-16
43.51	4.7555e-09	9.0027e-06	6.7713e-06	2.2313e-06	3.5161e-16
43.52	4.8497e-09	9.1853e-06	6.907e-06	2.2782e-06	3.5152e-16
43.53	4.778e-09	9.0536e-06	6.8055e-06	2.2481e-06	3.5087e-16
43.54	4.6313e-09	8.7797e-06	6.5994e-06	2.1803e-06	3.4973e-16
43.55	4.603e-09	8.7301e-06	6.5641e-06	2.1659e-06	3.4884e-16
43.56	4.7085e-09	8.9343e-06	6.719e-06	2.2154e-06	3.4826e-16
43.57	4.7753e-09	9.0652e-06	6.8164e-06	2.2488e-06	3.4745e-16
43.58	4.7094e-09	8.9442e-06	6.7239e-06	2.2203e-06	3.4644e-16
43.59	4.6224e-09	8.7829e-06	6.6026e-06	2.1803e-06	3.457e-16
43.6	4.6359e-09	8.8127e-06	6.6262e-06	2.1865e-06	3.4499e-16
43.61	4.6946e-09	8.9284e-06	6.7138e-06	2.2146e-06	3.437e-16
43.62	4.6798e-09	8.9043e-06	6.6952e-06	2.2091e-06	3.4214e-16
43.63	4.6125e-09	8.7803e-06	6.6011e-06	2.1792e-06	3.4124e-16
43.64	4.6041e-09	8.7683e-06	6.5919e-06	2.1764e-06	3.4094e-16
43.65	4.6571e-09	8.8732e-06	6.6711e-06	2.2021e-06	3.4026e-16
43.66	4.6657e-09	8.8937e-06	6.6872e-06	2.2065e-06	3.3906e-16
43.67	4.606e-09	8.7841e-06	6.6053e-06	2.1787e-06	3.3831e-16
43.68	4.5748e-09	8.7285e-06	6.5634e-06	2.1651e-06	3.3832e-16
43.69	4.6109e-09	8.8013e-06	6.617e-06	2.1843e-06	3.3815e-16
43.7	4.6235e-09	8.8295e-06	6.637e-06	2.1925e-06	3.3715e-16
43.71	4.5642e-09	8.7203e-06	6.5553e-06	2.165e-06	3.3595e-16
43.72	4.5323e-09	8.6633e-06	6.5145e-06	2.1488e-06	3.3517e-16
43.73	4.603e-09	8.8024e-06	6.6204e-06	2.182e-06	3.3451e-16
43.74	4.6639e-09	8.9228e-06	6.7098e-06	2.2131e-06	3.3378e-16
43.75	4.5763e-09	8.7593e-06	6.5844e-06	2.1749e-06	3.3359e-16
43.76	4.4291e-09	8.4815e-06	6.3746e-06	2.1068e-06	3.3403e-16
43.77	4.4438e-09	8.5135e-06	6.4003e-06	2.1132e-06	3.3391e-16
43.78	4.6272e-09	8.869e-06	6.6697e-06	2.1993e-06	3.3241e-16
43.79	4.7159e-09	9.0431e-06	6.801e-06	2.2421e-06	3.3045e-16
43.8	4.5489e-09	8.7267e-06	6.562e-06	2.1647e-06	3.294e-16
43.81	4.3303e-09	8.3113e-06	6.2483e-06	2.063e-06	3.2913e-16
43.82	4.3634e-09	8.3785e-06	6.2979e-06	2.0806e-06	3.2878e-16
43.83	4.6117e-09	8.8593e-06	6.6593e-06	2.2001e-06	3.2846e-16
43.84	4.7281e-09	9.0871e-06	6.8318e-06	2.2553e-06	3.2876e-16
43.85	4.5325e-09	8.7152e-06	6.5546e-06	2.1606e-06	3.292e-16
43.86	4.2735e-09	8.221e-06	6.1841e-06	2.0368e-06	3.2882e-16
43.87	4.2972e-09	8.2702e-06	6.2186e-06	2.0516e-06	3.2783e-16
43.88	4.5715e-09	8.8023e-06	6.6144e-06	2.1879e-06	3.2726e-16
43.89	4.7207e-09	9.0936e-06	6.8326e-06	2.261e-06	3.2705e-16
43.9	4.5292e-09	8.7287e-06	6.5626e-06	2.1661e-06	3.2613e-16
43.91	4.2377e-09	8.1706e-06	6.1478e-06	2.0227e-06	3.2448e-16
43.92	4.226e-09	8.1518e-06	6.1331e-06	2.0187e-06	3.2338e-16
43.93	4.5054e-09	8.6947e-06	6.5356e-06	2.159e-06	3.2337e-16
43.94	4.7001e-09	9.0747e-06	6.8173e-06	2.2574e-06	3.2349e-16
43.95	4.5452e-09	8.7796e-06	6.5974e-06	2.1822e-06	3.2304e-16
43.96	4.2356e-09	8.1852e-06	6.1559e-06	2.0293e-06	3.2262e-16
43.97	4.1648e-09	8.052e-06	6.0584e-06	1.9935e-06	3.228e-16
43.98	4.4084e-09	8.5269e-06	6.4133e-06	2.1136e-06	3.2293e-16
43.99	4.637e-09	8.9732e-06	6.7448e-06	2.2284e-06	3.2226e-16
44	4.5545e-09	8.8175e-06	6.6258e-06	2.1916e-06	3.2119e-16
44.01	4.2718e-09	8.2741e-06	6.2187e-06	2.0554e-06	3.2053e-16
44.02	4.1433e-09	8.0287e-06	6.037e-06	1.9916e-06	3.2026e-16
44.03	4.3086e-09	8.3528e-06	6.2828e-06	2.07e-06	3.1995e-16
44.04	4.5361e-09	8.7978e-06	6.6171e-06	2.1807e-06	3.1959e-16
44.05	4.5341e-09	8.798e-06	6.6149e-06	2.1831e-06	3.1929e-16
44.06	4.3121e-09	8.371e-06	6.2913e-06	2.0797e-06	3.1872e-16
44.07	4.1484e-09	8.0569e-06	6.0549e-06	2.002e-06	3.178e-16
44.08	4.2332e-09	8.2253e-06	6.1839e-06	2.0414e-06	3.1717e-16
44.09	4.4389e-09	8.6288e-06	6.4899e-06	2.1389e-06	3.172e-16
44.1	4.4926e-09	8.7374e-06	6.5717e-06	2.1656e-06	3.1711e-16
44.11	4.3255e-09	8.4161e-06	6.3281e-06	2.088e-06	3.1616e-16
44.12	4.1535e-09	8.0851e-06	6.0772e-06	2.0079e-06	3.1491e-16
44.13	4.1892e-09	8.1583e-06	6.1318e-06	2.0265e-06	3.145e-16
44.14	4.3634e-09	8.5013e-06	6.3908e-06	2.1105e-06	3.1487e-16
44.15	4.429e-09	8.633e-06	6.4914e-06	2.1416e-06	3.1509e-16
44.16	4.3023e-09	8.3899e-06	6.3098e-06	2.0801e-06	3.1484e-16
44.17	4.1645e-09	8.1249e-06	6.1104e-06	2.0145e-06	3.1461e-16
44.18	4.1908e-09	8.1798e-06	6.15e-06	2.0299e-06	3.1444e-16
44.19	4.3083e-09	8.4131e-06	6.3231e-06	2.0899e-06	3.1385e-16
44.2	4.3287e-09	8.4567e-06	6.3556e-06	2.1011e-06	3.1283e-16
44.21	4.2342e-09	8.2758e-06	6.222e-06	2.0538e-06	3.1185e-16
44.22	4.1811e-09	8.1758e-06	6.1496e-06	2.0262e-06	3.1097e-16
44.23	4.2378e-09	8.2904e-06	6.2357e-06	2.0547e-06	3.0983e-16
44.24	4.2828e-09	8.3821e-06	6.3018e-06	2.0803e-06	3.0862e-16
44.25	4.2164e-09	8.2559e-06	6.2044e-06	2.0515e-06	3.08e-16
44.26	4.134e-09	8.0983e-06	6.0864e-06	2.0119e-06	3.079e-16
44.27	4.1747e-09	8.1817e-06	6.1518e-06	2.0299e-06	3.0759e-16
44.28	4.2851e-09	8.4019e-06	6.3193e-06	2.0826e-06	3.0703e-16
44.29	4.2841e-09	8.4037e-06	6.3202e-06	2.0835e-06	3.069e-16
44.3	4.1426e-09	8.1298e-06	6.1123e-06	2.0176e-06	3.0725e-16
44.31	4.0478e-09	7.9474e-06	5.9734e-06	1.974e-06	3.072e-16
44.32	4.1362e-09	8.1246e-06	6.1066e-06	2.018e-06	3.0647e-16
44.33	4.2848e-09	8.4202e-06	6.3303e-06	2.09e-06	3.0591e-16
44.34	4.2758e-09	8.4065e-06	6.3218e-06	2.0847e-06	3.06e-16
44.35	4.1077e-09	8.0796e-06	6.0767e-06	2.0029e-06	3.0594e-16
44.36	4.0038e-09	7.8787e-06	5.9243e-06	1.9544e-06	3.0509e-16
44.37	4.0998e-09	8.0712e-06	6.0668e-06	2.0045e-06	3.0405e-16
44.38	4.2512e-09	8.373e-06	6.2928e-06	2.0803e-06	3.0359e-16
44.39	4.2368e-09	8.3485e-06	6.2758e-06	2.0726e-06	3.0335e-16
44.4	4.0719e-09	8.0273e-06	6.0368e-06	1.9905e-06	3.0276e-16
44.41	3.9841e-09	7.8575e-06	5.9099e-06	1.9476e-06	3.0226e-16
44.42	4.0849e-09	8.0601e-06	6.0605e-06	1.9996e-06	3.0239e-16
44.43	4.2135e-09	8.3176e-06	6.2518e-06	2.0658e-06	3.0258e-16
44.44	4.1764e-09	8.248e-06	6.199e-06	2.049e-06	3.0196e-16
44.45	4.0285e-09	7.9595e-06	5.9838e-06	1.9757e-06	3.0079e-16
44.46	3.9803e-09	7.8679e-06	5.917e-06	1.9509e-06	2.9987e-16
44.47	4.081e-09	8.0705e-06	6.0696e-06	2.0009e-06	2.9904e-16
44.48	4.1589e-09	8.2283e-06	6.1865e-06	2.0417e-06	2.977e-16
44.49	4.0961e-09	8.1077e-06	6.0942e-06	2.0136e-06	2.963e-16
44.5	3.9985e-09	7.9181e-06	5.9516e-06	1.9665e-06	2.9599e-16
44.51	4.0086e-09	7.9416e-06	5.9709e-06	1.9707e-06	2.9663e-16
44.52	4.0803e-09	8.0872e-06	6.0817e-06	2.0055e-06	2.9697e-16
44.53	4.075e-09	8.0804e-06	6.0763e-06	2.0041e-06	2.9659e-16
44.54	3.9996e-09	7.9344e-06	5.9651e-06	1.9693e-06	2.9635e-16
44.55	3.9847e-09	7.9084e-06	5.9447e-06	1.9637e-06	2.9655e-16
44.56	4.0518e-09	8.0453e-06	6.048e-06	1.9973e-06	2.9637e-16
44.57	4.0723e-09	8.0897e-06	6.0824e-06	2.0073e-06	2.9543e-16
44.58	3.9891e-09	7.9279e-06	5.9613e-06	1.9666e-06	2.9458e-16
44.59	3.9222e-09	7.7983e-06	5.8637e-06	1.9347e-06	2.9427e-16
44.6	3.9744e-09	7.9057e-06	5.9436e-06	1.9621e-06	2.9371e-16
44.61	4.0594e-09	8.0784e-06	6.0727e-06	2.0057e-06	2.924e-16
44.62	4.0377e-09	8.0388e-06	6.043e-06	1.9958e-06	2.9121e-16
44.63	3.9361e-09	7.8401e-06	5.8948e-06	1.9453e-06	2.9107e-16
44.64	3.898e-09	7.7676e-06	5.8415e-06	1.9261e-06	2.9136e-16
44.65	3.9589e-09	7.8926e-06	5.9346e-06	1.9579e-06	2.9102e-16
44.66	4.0099e-09	7.9979e-06	6.0116e-06	1.9863e-06	2.9015e-16
44.67	3.9795e-09	7.9407e-06	5.9679e-06	1.9728e-06	2.8952e-16
44.68	3.9244e-09	7.8344e-06	5.8904e-06	1.944e-06	2.8912e-16
44.69	3.9124e-09	7.8138e-06	5.8776e-06	1.9362e-06	2.8841e-16
44.7	3.924e-09	7.8405e-06	5.8965e-06	1.944e-06	2.8754e-16
44.71	3.9217e-09	7.8395e-06	5.8918e-06	1.9477e-06	2.8708e-16
44.72	3.9233e-09	7.846e-06	5.8952e-06	1.9508e-06	2.8686e-16
44.73	3.9426e-09	7.8882e-06	5.9304e-06	1.9578e-06	2.8622e-16
44.74	3.934e-09	7.8746e-06	5.9242e-06	1.9503e-06	2.8524e-16
44.75	3.8724e-09	7.7548e-06	5.8332e-06	1.9216e-06	2.8457e-16
44.76	3.8292e-09	7.6717e-06	5.7659e-06	1.9059e-06	2.8434e-16
44.77	3.8768e-09	7.7704e-06	5.8377e-06	1.9327e-06	2.8409e-16
44.78	3.9554e-09	7.9316e-06	5.962e-06	1.9696e-06	2.8388e-16
44.79	3.9408e-09	7.9058e-06	5.947e-06	1.9587e-06	2.8409e-16
44.8	3.8334e-09	7.6939e-06	5.788e-06	1.9059e-06	2.8444e-16
44.81	3.7726e-09	7.5752e-06	5.695e-06	1.8802e-06	2.8416e-16
44.82	3.8347e-09	7.7032e-06	5.7881e-06	1.9151e-06	2.8328e-16
44.83	3.9208e-09	7.8798e-06	5.9217e-06	1.9581e-06	2.8256e-16
44.84	3.9061e-09	7.8538e-06	5.9054e-06	1.9484e-06	2.821e-16
44.85	3.8184e-09	7.6808e-06	5.7776e-06	1.9032e-06	2.8124e-16
44.86	3.7796e-09	7.6061e-06	5.7206e-06	1.8854e-06	2.8002e-16
44.87	3.8179e-09	7.6867e-06	5.7783e-06	1.9084e-06	2.7942e-16
44.88	3.8461e-09	7.7468e-06	5.8211e-06	1.9257e-06	2.7969e-16
44.89	3.8171e-09	7.692e-06	5.7807e-06	1.9113e-06	2.7984e-16
44.9	3.7926e-09	7.6459e-06	5.7496e-06	1.8963e-06	2.7925e-16
44.91	3.8191e-09	7.7029e-06	5.7949e-06	1.908e-06	2.7875e-16
44.92	3.8369e-09	7.7421e-06	5.8225e-06	1.9196e-06	2.791e-16
44.93	3.7831e-09	7.6369e-06	5.7392e-06	1.8977e-06	2.7965e-16
44.94	3.7177e-09	7.5083e-06	5.6413e-06	1.867e-06	2.7941e-16
44.95	3.7436e-09	7.564e-06	5.6865e-06	1.8775e-06	2.7865e-16
44.96	3.8323e-09	7.7465e-06	5.8273e-06	1.9192e-06	2.7823e-16
44.97	3.8462e-09	7.7781e-06	5.8501e-06	1.9281e-06	2.7817e-16
44.98	3.7473e-09	7.5815e-06	5.6985e-06	1.883e-06	2.7788e-16
44.99	3.6672e-09	7.4228e-06	5.578e-06	1.8448e-06	2.7744e-16
45	3.7136e-09	7.5201e-06	5.6537e-06	1.8664e-06	2.7739e-16
45.01	3.8051e-09	7.7087e-06	5.7976e-06	1.9111e-06	2.7759e-16
45.02	3.7967e-09	7.6953e-06	5.7861e-06	1.9091e-06	2.7735e-16
45.03	3.7028e-09	7.5083e-06	5.6435e-06	1.8647e-06	2.7661e-16
45.04	3.6663e-09	7.4374e-06	5.5909e-06	1.8465e-06	2.7593e-16
45.05	3.7284e-09	7.5668e-06	5.69e-06	1.8768e-06	2.755e-16
45.06	3.7695e-09	7.6537e-06	5.755e-06	1.8987e-06	2.7507e-16
45.07	3.7106e-09	7.5374e-06	5.6656e-06	1.8718e-06	2.7474e-16
45.08	3.6427e-09	7.4026e-06	5.5642e-06	1.8384e-06	2.7493e-16
45.09	3.6734e-09	7.4685e-06	5.616e-06	1.8525e-06	2.754e-16
45.1	3.7473e-09	7.6221e-06	5.7323e-06	1.8898e-06	2.7554e-16
45.11	3.7341e-09	7.5986e-06	5.7122e-06	1.8863e-06	2.7537e-16
45.12	3.6411e-09	7.4125e-06	5.5703e-06	1.8422e-06	2.7549e-16
45.13	3.6029e-09	7.3381e-06	5.5162e-06	1.822e-06	2.7581e-16
45.14	3.669e-09	7.476e-06	5.623e-06	1.853e-06	2.7562e-16
45.15	3.729e-09	7.6017e-06	5.7173e-06	1.8844e-06	2.7488e-16
45.16	3.6874e-09	7.5201e-06	5.6525e-06	1.8676e-06	2.7441e-16
45.17	3.6035e-09	7.3524e-06	5.5246e-06	1.8277e-06	2.7459e-16
45.18	3.5909e-09	7.3299e-06	5.5101e-06	1.8198e-06	2.7476e-16
45.19	3.6497e-09	7.4532e-06	5.6057e-06	1.8474e-06	2.7452e-16
45.2	3.6835e-09	7.5256e-06	5.6599e-06	1.8657e-06	2.7437e-16
45.21	3.6458e-09	7.4517e-06	5.6018e-06	1.8499e-06	2.747e-16
45.22	3.5892e-09	7.3394e-06	5.5161e-06	1.8233e-06	2.7496e-16
45.23	3.5767e-09	7.3171e-06	5.5002e-06	1.8169e-06	2.7467e-16
45.24	3.6062e-09	7.3807e-06	5.5491e-06	1.8316e-06	2.7425e-16
45.25	3.634e-09	7.4407e-06	5.5947e-06	1.8461e-06	2.742e-16
45.26	3.6283e-09	7.4325e-06	5.5888e-06	1.8437e-06	2.742e-16
45.27	3.5904e-09	7.3581e-06	5.5328e-06	1.8253e-06	2.7385e-16
45.28	3.5503e-09	7.279e-06	5.4721e-06	1.807e-06	2.736e-16
45.29	3.5466e-09	7.2748e-06	5.4673e-06	1.8075e-06	2.7399e-16
45.3	3.5846e-09	7.356e-06	5.529e-06	1.827e-06	2.7452e-16
45.31	3.6157e-09	7.423e-06	5.582e-06	1.841e-06	2.7443e-16
45.32	3.5898e-09	7.3732e-06	5.5458e-06	1.8274e-06	2.7393e-16
45.33	3.5273e-09	7.2479e-06	5.4495e-06	1.7984e-06	2.7384e-16
45.34	3.5007e-09	7.1965e-06	5.4084e-06	1.7881e-06	2.7412e-16
45.35	3.5395e-09	7.2794e-06	5.4711e-06	1.8083e-06	2.7408e-16
45.36	3.5869e-09	7.3802e-06	5.5491e-06	1.8311e-06	2.7363e-16
45.37	3.5746e-09	7.358e-06	5.5331e-06	1.8249e-06	2.7336e-16
45.38	3.5108e-09	7.2299e-06	5.4357e-06	1.7942e-06	2.7337e-16
45.39	3.4686e-09	7.1461e-06	5.3723e-06	1.7738e-06	2.7328e-16
45.4	3.495e-09	7.2038e-06	5.4163e-06	1.7875e-06	2.7323e-16
45.41	3.5545e-09	7.3295e-06	5.5104e-06	1.8191e-06	2.737e-16
45.42	3.5668e-09	7.3582e-06	5.5304e-06	1.8279e-06	2.7439e-16
45.43	3.5005e-09	7.2246e-06	5.4301e-06	1.7946e-06	2.7428e-16
45.44	3.4216e-09	7.0649e-06	5.3129e-06	1.752e-06	2.732e-16
45.45	3.4296e-09	7.0846e-06	5.3294e-06	1.7552e-06	2.7216e-16
45.46	3.5276e-09	7.2903e-06	5.4812e-06	1.809e-06	2.7187e-16
45.47	3.5894e-09	7.4212e-06	5.5756e-06	1.8456e-06	2.7189e-16
45.48	3.508e-09	7.2561e-06	5.4522e-06	1.804e-06	2.7172e-16
45.49	3.3609e-09	6.9548e-06	5.2305e-06	1.7244e-06	2.7171e-16
45.5	3.3404e-09	6.9154e-06	5.2032e-06	1.7123e-06	2.7226e-16
45.51	3.4924e-09	7.2333e-06	5.4387e-06	1.7946e-06	2.7295e-16
45.52	3.619e-09	7.4988e-06	5.634e-06	1.8647e-06	2.7321e-16
45.53	3.528e-09	7.3134e-06	5.4955e-06	1.8179e-06	2.731e-16
45.54	3.3149e-09	6.8748e-06	5.17e-06	1.7048e-06	2.728e-16
45.55	3.2606e-09	6.7651e-06	5.0889e-06	1.6762e-06	2.7206e-16
45.56	3.4464e-09	7.1537e-06	5.3781e-06	1.7756e-06	2.7094e-16
45.57	3.6215e-09	7.5205e-06	5.6515e-06	1.869e-06	2.703e-16
45.58	3.5355e-09	7.345e-06	5.5212e-06	1.8239e-06	2.7075e-16
45.59	3.29e-09	6.8381e-06	5.1425e-06	1.6956e-06	2.7168e-16
45.6	3.2108e-09	6.6764e-06	5.0203e-06	1.656e-06	2.7219e-16
45.61	3.4014e-09	7.0759e-06	5.3183e-06	1.7576e-06	2.7239e-16
45.62	3.5967e-09	7.4854e-06	5.626e-06	1.8594e-06	2.7286e-16
45.63	3.5239e-09	7.3372e-06	5.517e-06	1.8202e-06	2.7325e-16
45.64	3.2759e-09	6.8237e-06	5.132e-06	1.6917e-06	2.7272e-16
45.65	3.1815e-09	6.6299e-06	4.9844e-06	1.6455e-06	2.7136e-16
45.66	3.3566e-09	6.9981e-06	5.2591e-06	1.739e-06	2.7016e-16
45.67	3.5531e-09	7.411e-06	5.5704e-06	1.8406e-06	2.6966e-16
45.68	3.5031e-09	7.3099e-06	5.4968e-06	1.8131e-06	2.696e-16
45.69	3.277e-09	6.841e-06	5.1448e-06	1.6962e-06	2.6984e-16
45.7	3.1722e-09	6.6251e-06	4.9807e-06	1.6444e-06	2.7062e-16
45.71	3.3073e-09	6.9102e-06	5.1936e-06	1.7166e-06	2.7173e-16
45.72	3.4812e-09	7.2769e-06	5.4699e-06	1.807e-06	2.7243e-16
45.73	3.4637e-09	7.2433e-06	5.4459e-06	1.7974e-06	2.7247e-16
45.74	3.2936e-09	6.8906e-06	5.1811e-06	1.7095e-06	2.7229e-16
45.75	3.1954e-09	6.6881e-06	5.0285e-06	1.6596e-06	2.7204e-16
45.76	3.2696e-09	6.8464e-06	5.1472e-06	1.6992e-06	2.713e-16
45.77	3.3882e-09	7.0979e-06	5.336e-06	1.762e-06	2.7005e-16
45.78	3.3952e-09	7.1157e-06	5.3488e-06	1.767e-06	2.6902e-16
45.79	3.302e-09	6.9233e-06	5.2041e-06	1.7192e-06	2.6868e-16
45.8	3.2351e-09	6.786e-06	5.1022e-06	1.6838e-06	2.6877e-16
45.81	3.257e-09	6.835e-06	5.1401e-06	1.6949e-06	2.6905e-16
45.82	3.3103e-09	6.9499e-06	5.2256e-06	1.7243e-06	2.6972e-16
45.83	3.3193e-09	6.9718e-06	5.2399e-06	1.7319e-06	2.7064e-16
45.84	3.2834e-09	6.8994e-06	5.1849e-06	1.7145e-06	2.7109e-16
45.85	3.2539e-09	6.8404e-06	5.1427e-06	1.6977e-06	2.7075e-16
45.86	3.2567e-09	6.8493e-06	5.1515e-06	1.6977e-06	2.7035e-16
45.87	3.2681e-09	6.8764e-06	5.1711e-06	1.7053e-06	2.7041e-16
45.88	3.2601e-09	6.8624e-06	5.1578e-06	1.7046e-06	2.7044e-16
45.89	3.242e-09	6.8272e-06	5.1304e-06	1.6969e-06	2.6989e-16
45.9	3.2423e-09	6.8309e-06	5.1351e-06	1.6958e-06	2.6926e-16
45.91	3.2581e-09	6.8672e-06	5.1646e-06	1.7027e-06	2.693e-16
45.92	3.2523e-09	6.858e-06	5.1573e-06	1.7007e-06	2.6981e-16
45.93	3.2133e-09	6.7787e-06	5.0956e-06	1.6831e-06	2.7018e-16
45.94	3.1877e-09	6.7276e-06	5.0562e-06	1.6714e-06	2.7047e-16
45.95	3.2175e-09	6.7934e-06	5.1066e-06	1.6868e-06	2.7098e-16
45.96	3.2635e-09	6.8935e-06	5.183e-06	1.7105e-06	2.7116e-16
45.97	3.2465e-09	6.8607e-06	5.1585e-06	1.7022e-06	2.7025e-16
45.98	3.1691e-09	6.7001e-06	5.0375e-06	1.6626e-06	2.6871e-16
45.99	3.131e-09	6.6223e-06	4.9788e-06	1.6435e-06	2.6774e-16
46	3.189e-09	6.748e-06	5.0727e-06	1.6753e-06	2.6762e-16
46.01	3.262e-09	6.9053e-06	5.19e-06	1.7153e-06	2.6766e-16
46.02	3.2374e-09	6.8564e-06	5.1535e-06	1.7029e-06	2.6767e-16
46.03	3.1376e-09	6.6478e-06	4.9988e-06	1.6491e-06	2.6817e-16
46.04	3.0937e-09	6.5577e-06	4.9325e-06	1.6252e-06	2.6908e-16
46.05	3.1587e-09	6.6985e-06	5.0366e-06	1.6618e-06	2.6946e-16
46.06	3.233e-09	6.859e-06	5.1538e-06	1.7051e-06	2.6902e-16
46.07	3.2094e-09	6.8117e-06	5.1177e-06	1.694e-06	2.6856e-16
46.08	3.1212e-09	6.6274e-06	4.9829e-06	1.6446e-06	2.685e-16
46.09	3.0845e-09	6.5525e-06	4.93e-06	1.6224e-06	2.6824e-16
46.1	3.1332e-09	6.6588e-06	5.0084e-06	1.6504e-06	2.6759e-16
46.11	3.1852e-09	6.7721e-06	5.0887e-06	1.6834e-06	2.6749e-16
46.12	3.167e-09	6.7363e-06	5.0599e-06	1.6764e-06	2.6854e-16
46.13	3.1074e-09	6.6125e-06	4.9705e-06	1.642e-06	2.6975e-16
46.14	3.0827e-09	6.5629e-06	4.9374e-06	1.6255e-06	2.6993e-16
46.15	3.1114e-09	6.6267e-06	4.9849e-06	1.6418e-06	2.6937e-16
46.16	3.1414e-09	6.6936e-06	5.031e-06	1.6625e-06	2.6899e-16
46.17	3.1282e-09	6.6683e-06	5.0099e-06	1.6584e-06	2.6866e-16
46.18	3.0894e-09	6.5884e-06	4.9517e-06	1.6367e-06	2.676e-16
46.19	3.0725e-09	6.5551e-06	4.9294e-06	1.6257e-06	2.6613e-16
46.2	3.0892e-09	6.5937e-06	4.9587e-06	1.635e-06	2.6541e-16
46.21	3.1046e-09	6.6294e-06	4.9843e-06	1.6451e-06	2.6581e-16
46.22	3.0909e-09	6.603e-06	4.9638e-06	1.6391e-06	2.6659e-16
46.23	3.0666e-09	6.554e-06	4.9266e-06	1.6273e-06	2.6727e-16
46.24	3.0643e-09	6.5518e-06	4.9241e-06	1.6277e-06	2.6796e-16
46.25	3.0767e-09	6.5812e-06	4.9461e-06	1.6351e-06	2.6851e-16
46.26	3.0693e-09	6.5682e-06	4.9388e-06	1.6294e-06	2.6838e-16
46.27	3.0413e-09	6.5112e-06	4.8984e-06	1.6128e-06	2.6765e-16
46.28	3.0333e-09	6.4968e-06	4.886e-06	1.6108e-06	2.6713e-16
46.29	3.0596e-09	6.5561e-06	4.9258e-06	1.6303e-06	2.6711e-16
46.3	3.0756e-09	6.5931e-06	4.9517e-06	1.6413e-06	2.6695e-16
46.31	3.0428e-09	6.5256e-06	4.9054e-06	1.6202e-06	2.6636e-16
46.32	2.9956e-09	6.4273e-06	4.8369e-06	1.5904e-06	2.6595e-16
46.33	2.9957e-09	6.4301e-06	4.8381e-06	1.592e-06	2.6616e-16
46.34	3.0384e-09	6.5246e-06	4.9027e-06	1.6219e-06	2.6657e-16
46.35	3.0585e-09	6.5705e-06	4.9336e-06	1.6369e-06	2.6669e-16
46.36	3.0255e-09	6.5026e-06	4.8866e-06	1.6161e-06	2.668e-16
46.37	2.9824e-09	6.4128e-06	4.8252e-06	1.5876e-06	2.6713e-16
46.38	2.9757e-09	6.401e-06	4.8168e-06	1.5842e-06	2.6721e-16
46.39	2.9953e-09	6.4459e-06	4.8451e-06	1.6008e-06	2.6661e-16
46.4	3.0065e-09	6.4728e-06	4.8614e-06	1.6114e-06	2.6579e-16
46.41	3.0021e-09	6.4662e-06	4.8587e-06	1.6075e-06	2.6548e-16
46.42	2.9928e-09	6.449e-06	4.8505e-06	1.5985e-06	2.6559e-16
46.43	2.9768e-09	6.4172e-06	4.8277e-06	1.5895e-06	2.6561e-16
46.44	2.9538e-09	6.3703e-06	4.7894e-06	1.5809e-06	2.656e-16
46.45	2.9461e-09	6.3565e-06	4.7762e-06	1.5803e-06	2.6595e-16
46.46	2.9679e-09	6.4062e-06	4.8142e-06	1.5921e-06	2.6653e-16
46.47	2.9898e-09	6.4564e-06	4.8542e-06	1.6021e-06	2.6684e-16
46.48	2.9734e-09	6.4236e-06	4.8308e-06	1.5929e-06	2.6681e-16
46.49	2.9309e-09	6.3345e-06	4.763e-06	1.5716e-06	2.6674e-16
46.5	2.9122e-09	6.297e-06	4.7334e-06	1.5636e-06	2.6653e-16
46.51	2.9334e-09	6.3455e-06	4.7693e-06	1.5762e-06	2.6584e-16
46.52	2.9571e-09	6.3995e-06	4.8102e-06	1.5893e-06	2.6476e-16
46.53	2.95e-09	6.3869e-06	4.8017e-06	1.5852e-06	2.6383e-16
46.54	2.9234e-09	6.332e-06	4.7612e-06	1.5708e-06	2.6339e-16
46.55	2.9048e-09	6.2944e-06	4.7326e-06	1.5618e-06	2.6339e-16
46.56	2.901e-09	6.2888e-06	4.7272e-06	1.5616e-06	2.6385e-16
46.57	2.9059e-09	6.3023e-06	4.7367e-06	1.5656e-06	2.6479e-16
46.58	2.9166e-09	6.3281e-06	4.757e-06	1.5711e-06	2.6565e-16
46.59	2.9226e-09	6.3439e-06	4.7702e-06	1.5738e-06	2.6569e-16
46.6	2.9055e-09	6.3096e-06	4.7441e-06	1.5654e-06	2.6484e-16
46.61	2.8706e-09	6.2364e-06	4.6877e-06	1.5487e-06	2.6371e-16
46.62	2.8561e-09	6.2075e-06	4.6656e-06	1.542e-06	2.6272e-16
46.63	2.8825e-09	6.2677e-06	4.712e-06	1.5557e-06	2.6185e-16
46.64	2.9128e-09	6.3361e-06	4.7645e-06	1.5716e-06	2.612e-16
46.65	2.8975e-09	6.3057e-06	4.7407e-06	1.565e-06	2.6104e-16
46.66	2.849e-09	6.2028e-06	4.6618e-06	1.541e-06	2.6119e-16
46.67	2.8275e-09	6.1586e-06	4.6286e-06	1.5299e-06	2.6115e-16
46.68	2.854e-09	6.219e-06	4.6759e-06	1.5431e-06	2.6102e-16
46.69	2.8809e-09	6.2802e-06	4.7229e-06	1.5573e-06	2.6144e-16
46.7	2.865e-09	6.2484e-06	4.6977e-06	1.5506e-06	2.6236e-16
46.71	2.8309e-09	6.1765e-06	4.642e-06	1.5345e-06	2.6276e-16
46.72	2.8264e-09	6.1694e-06	4.6366e-06	1.5328e-06	2.6198e-16
46.73	2.8458e-09	6.2144e-06	4.6719e-06	1.5426e-06	2.6064e-16
46.74	2.8423e-09	6.2093e-06	4.669e-06	1.5404e-06	2.5961e-16
46.75	2.8091e-09	6.1394e-06	4.6162e-06	1.5233e-06	2.5897e-16
46.76	2.7958e-09	6.113e-06	4.5956e-06	1.5175e-06	2.5845e-16
46.77	2.8276e-09	6.1851e-06	4.6492e-06	1.5358e-06	2.5823e-16
46.78	2.855e-09	6.2478e-06	4.6961e-06	1.5517e-06	2.5852e-16
46.79	2.8233e-09	6.1811e-06	4.6459e-06	1.5351e-06	2.5887e-16
46.8	2.7614e-09	6.0482e-06	4.5469e-06	1.5013e-06	2.5878e-16
46.81	2.7496e-09	6.0249e-06	4.5306e-06	1.4943e-06	2.5853e-16
46.82	2.8033e-09	6.1452e-06	4.6209e-06	1.5242e-06	2.5857e-16
46.83	2.8458e-09	6.241e-06	4.6912e-06	1.5498e-06	2.5854e-16
46.84	2.8151e-09	6.1763e-06	4.641e-06	1.5353e-06	2.5773e-16
46.85	2.7492e-09	6.0343e-06	4.5351e-06	1.4992e-06	2.5635e-16
46.86	2.7278e-09	5.9898e-06	4.504e-06	1.4858e-06	2.5531e-16
46.87	2.7624e-09	6.0684e-06	4.5642e-06	1.5042e-06	2.5487e-16
46.88	2.7951e-09	6.1428e-06	4.6187e-06	1.5242e-06	2.5451e-16
46.89	2.7876e-09	6.129e-06	4.6061e-06	1.5229e-06	2.5408e-16
46.9	2.7594e-09	6.0697e-06	4.5611e-06	1.5086e-06	2.5407e-16
46.91	2.7388e-09	6.0268e-06	4.5303e-06	1.4964e-06	2.5462e-16
46.92	2.7284e-09	6.0066e-06	4.5167e-06	1.4899e-06	2.551e-16
46.93	2.7295e-09	6.0115e-06	4.5205e-06	1.491e-06	2.5511e-16
46.94	2.7488e-09	6.0566e-06	4.5533e-06	1.5033e-06	2.5484e-16
46.95	2.7658e-09	6.0967e-06	4.5824e-06	1.5143e-06	2.543e-16
46.96	2.7429e-09	6.0487e-06	4.5461e-06	1.5026e-06	2.531e-16
46.97	2.6933e-09	5.9419e-06	4.4664e-06	1.4755e-06	2.5136e-16
46.98	2.6846e-09	5.9253e-06	4.4549e-06	1.4704e-06	2.5007e-16
46.99	2.7351e-09	6.0393e-06	4.541e-06	1.4983e-06	2.4988e-16
47	2.7641e-09	6.106e-06	4.5906e-06	1.5154e-06	2.5022e-16
47.01	2.7091e-09	5.987e-06	4.5001e-06	1.4868e-06	2.5014e-16
47.02	2.6401e-09	5.8369e-06	4.3871e-06	1.4498e-06	2.4961e-16
47.03	2.6659e-09	5.8966e-06	4.4328e-06	1.4638e-06	2.4917e-16
47.04	2.7538e-09	6.0936e-06	4.5814e-06	1.5122e-06	2.4902e-16
47.05	2.7597e-09	6.1091e-06	4.5925e-06	1.5166e-06	2.4891e-16
47.06	2.6519e-09	5.8731e-06	4.4144e-06	1.4587e-06	2.487e-16
47.07	2.5804e-09	5.717e-06	4.2976e-06	1.4194e-06	2.4837e-16
47.08	2.6568e-09	5.889e-06	4.428e-06	1.461e-06	2.4774e-16
47.09	2.7738e-09	6.1507e-06	4.6246e-06	1.5261e-06	2.4683e-16
47.1	2.7516e-09	6.1042e-06	4.588e-06	1.5162e-06	2.4604e-16
47.11	2.6064e-09	5.7844e-06	4.3466e-06	1.4378e-06	2.4562e-16
47.12	2.5343e-09	5.6268e-06	4.2296e-06	1.3972e-06	2.4517e-16
47.13	2.633e-09	5.8486e-06	4.3985e-06	1.4501e-06	2.4437e-16
47.14	2.765e-09	6.1443e-06	4.6207e-06	1.5236e-06	2.436e-16
47.15	2.7493e-09	6.112e-06	4.5941e-06	1.518e-06	2.4338e-16
47.16	2.6014e-09	5.7856e-06	4.3471e-06	1.4385e-06	2.4342e-16
47.17	2.5027e-09	5.5686e-06	4.1852e-06	1.3834e-06	2.4311e-16
47.18	2.5687e-09	5.7178e-06	4.2996e-06	1.4182e-06	2.4258e-16
47.19	2.7162e-09	6.0487e-06	4.5486e-06	1.5001e-06	2.4232e-16
47.2	2.7669e-09	6.1642e-06	4.6339e-06	1.5303e-06	2.4217e-16
47.21	2.6492e-09	5.9044e-06	4.4377e-06	1.4667e-06	2.4147e-16
47.22	2.4847e-09	5.5403e-06	4.1646e-06	1.3757e-06	2.4037e-16
47.23	2.4663e-09	5.5015e-06	4.1359e-06	1.3656e-06	2.397e-16
47.24	2.6329e-09	5.8755e-06	4.4164e-06	1.4592e-06	2.3953e-16
47.25	2.7909e-09	6.2309e-06	4.6832e-06	1.5477e-06	2.3899e-16
47.26	2.725e-09	6.0863e-06	4.5759e-06	1.5104e-06	2.3773e-16
47.27	2.4868e-09	5.5566e-06	4.1791e-06	1.3775e-06	2.3657e-16
47.28	2.3715e-09	5.3012e-06	3.9859e-06	1.3154e-06	2.3618e-16
47.29	2.5437e-09	5.6886e-06	4.2741e-06	1.4145e-06	2.3613e-16
47.3	2.7889e-09	6.2395e-06	4.6874e-06	1.5521e-06	2.3583e-16
47.31	2.7725e-09	6.2056e-06	4.665e-06	1.5406e-06	2.355e-16
47.32	2.499e-09	5.5957e-06	4.2099e-06	1.3857e-06	2.3544e-16
47.33	2.3268e-09	5.2124e-06	3.9211e-06	1.2913e-06	2.3521e-16
47.34	2.4843e-09	5.5675e-06	4.1837e-06	1.3838e-06	2.3433e-16
47.35	2.7495e-09	6.1644e-06	4.6297e-06	1.5348e-06	2.3326e-16
47.36	2.7562e-09	6.1821e-06	4.6452e-06	1.5369e-06	2.3279e-16
47.37	2.5008e-09	5.6117e-06	4.2208e-06	1.3908e-06	2.3276e-16
47.38	2.3352e-09	5.2422e-06	3.9444e-06	1.2979e-06	2.3238e-16
47.39	2.4675e-09	5.5415e-06	4.1662e-06	1.3752e-06	2.3152e-16
47.4	2.6874e-09	6.038e-06	4.5361e-06	1.5019e-06	2.3076e-16
47.41	2.6867e-09	6.0389e-06	4.5369e-06	1.502e-06	2.3035e-16
47.42	2.4876e-09	5.5939e-06	4.2052e-06	1.3887e-06	2.3e-16
47.43	2.3765e-09	5.3463e-06	4.021e-06	1.3253e-06	2.2959e-16
47.44	2.4809e-09	5.5833e-06	4.1986e-06	1.3847e-06	2.2938e-16
47.45	2.6172e-09	5.8927e-06	4.4295e-06	1.4632e-06	2.2928e-16
47.46	2.59e-09	5.8339e-06	4.3845e-06	1.4495e-06	2.2878e-16
47.47	2.4642e-09	5.5529e-06	4.1734e-06	1.3796e-06	2.2777e-16
47.48	2.4303e-09	5.4787e-06	4.118e-06	1.3607e-06	2.2668e-16
47.49	2.5106e-09	5.6621e-06	4.2568e-06	1.4054e-06	2.2582e-16
47.5	2.5551e-09	5.7649e-06	4.335e-06	1.4299e-06	2.2512e-16
47.51	2.4925e-09	5.6261e-06	4.2305e-06	1.3956e-06	2.2467e-16
47.52	2.4302e-09	5.4877e-06	4.1246e-06	1.363e-06	2.2482e-16
47.53	2.4675e-09	5.5743e-06	4.1882e-06	1.3861e-06	2.2537e-16
47.54	2.5373e-09	5.7345e-06	4.3096e-06	1.4249e-06	2.2537e-16
47.55	2.5182e-09	5.6936e-06	4.2816e-06	1.412e-06	2.2426e-16
47.56	2.4271e-09	5.4899e-06	4.1295e-06	1.3605e-06	2.2268e-16
47.57	2.3936e-09	5.4165e-06	4.0719e-06	1.3446e-06	2.2173e-16
47.58	2.464e-09	5.5781e-06	4.1906e-06	1.3875e-06	2.218e-16
47.59	2.5342e-09	5.7395e-06	4.3124e-06	1.4271e-06	2.222e-16
47.6	2.5018e-09	5.6684e-06	4.2621e-06	1.4063e-06	2.22e-16
47.61	2.4068e-09	5.4556e-06	4.1038e-06	1.3518e-06	2.2082e-16
47.62	2.3707e-09	5.376e-06	4.0423e-06	1.3336e-06	2.1932e-16
47.63	2.4321e-09	5.5175e-06	4.146e-06	1.3715e-06	2.1866e-16
47.64	2.5028e-09	5.6804e-06	4.2677e-06	1.4126e-06	2.1932e-16
47.65	2.4868e-09	5.6463e-06	4.244e-06	1.4024e-06	2.2031e-16
47.66	2.4015e-09	5.455e-06	4.1022e-06	1.3528e-06	2.2019e-16
47.67	2.3538e-09	5.3489e-06	4.0228e-06	1.3261e-06	2.1892e-16
47.68	2.4029e-09	5.4626e-06	4.1068e-06	1.3558e-06	2.1785e-16
47.69	2.4797e-09	5.6397e-06	4.2379e-06	1.4019e-06	2.1776e-16
47.7	2.4721e-09	5.6248e-06	4.226e-06	1.3988e-06	2.1791e-16
47.71	2.3778e-09	5.4125e-06	4.0682e-06	1.3444e-06	2.1743e-16
47.72	2.3205e-09	5.2843e-06	3.9745e-06	1.3098e-06	2.1671e-16
47.73	2.3832e-09	5.4294e-06	4.084e-06	1.3454e-06	2.1659e-16
47.74	2.4798e-09	5.6518e-06	4.2484e-06	1.4035e-06	2.1689e-16
47.75	2.4644e-09	5.6191e-06	4.2207e-06	1.3984e-06	2.1692e-16
47.76	2.3442e-09	5.3472e-06	4.0171e-06	1.33e-06	2.1676e-16
47.77	2.2823e-09	5.2082e-06	3.9166e-06	1.2916e-06	2.169e-16
47.78	2.3652e-09	5.3996e-06	4.0625e-06	1.337e-06	2.1713e-16
47.79	2.4705e-09	5.6424e-06	4.2426e-06	1.3998e-06	2.1679e-16
47.8	2.4431e-09	5.582e-06	4.1935e-06	1.3885e-06	2.1605e-16
47.81	2.3218e-09	5.3072e-06	3.9868e-06	1.3203e-06	2.157e-16
47.82	2.2774e-09	5.208e-06	3.9154e-06	1.2926e-06	2.1569e-16
47.83	2.3575e-09	5.3932e-06	4.0565e-06	1.3367e-06	2.1521e-16
47.84	2.427e-09	5.5545e-06	4.1763e-06	1.3782e-06	2.1425e-16
47.85	2.3837e-09	5.4578e-06	4.1017e-06	1.356e-06	2.1378e-16
47.86	2.3052e-09	5.2801e-06	3.9684e-06	1.3118e-06	2.1415e-16
47.87	2.3099e-09	5.2932e-06	3.979e-06	1.3142e-06	2.1439e-16
47.88	2.3703e-09	5.4339e-06	4.0845e-06	1.3494e-06	2.1378e-16
47.89	2.3718e-09	5.4396e-06	4.0884e-06	1.3512e-06	2.1295e-16
47.9	2.3061e-09	5.2912e-06	3.9782e-06	1.313e-06	2.1274e-16
47.91	2.2812e-09	5.2363e-06	3.9382e-06	1.2981e-06	2.1287e-16
47.92	2.3395e-09	5.3722e-06	4.0386e-06	1.3336e-06	2.1268e-16
47.93	2.3844e-09	5.4778e-06	4.1148e-06	1.363e-06	2.1236e-16
47.94	2.3337e-09	5.3634e-06	4.029e-06	1.3344e-06	2.1248e-16
47.95	2.2519e-09	5.1775e-06	3.8937e-06	1.2838e-06	2.1278e-16
47.96	2.2553e-09	5.1875e-06	3.904e-06	1.2835e-06	2.1257e-16
47.97	2.3363e-09	5.376e-06	4.0423e-06	1.3337e-06	2.1188e-16
47.98	2.3748e-09	5.467e-06	4.1053e-06	1.3617e-06	2.1131e-16
47.99	2.3135e-09	5.3282e-06	4.0009e-06	1.3272e-06	2.11e-16
48	2.2349e-09	5.1492e-06	3.8721e-06	1.2771e-06	2.1052e-16
48.01	2.2386e-09	5.1598e-06	3.8839e-06	1.276e-06	2.0987e-16
48.02	2.3062e-09	5.3179e-06	3.9994e-06	1.3184e-06	2.0954e-16
48.03	2.3389e-09	5.3956e-06	4.0523e-06	1.3433e-06	2.0967e-16
48.04	2.2965e-09	5.2999e-06	3.9799e-06	1.32e-06	2.0984e-16
48.05	2.2394e-09	5.1703e-06	3.887e-06	1.2832e-06	2.0985e-16
48.06	2.2349e-09	5.162e-06	3.884e-06	1.278e-06	2.0988e-16
48.07	2.2716e-09	5.249e-06	3.9475e-06	1.3015e-06	2.0981e-16
48.08	2.2907e-09	5.2955e-06	3.9789e-06	1.3166e-06	2.0923e-16
48.09	2.2703e-09	5.2503e-06	3.9443e-06	1.306e-06	2.0828e-16
48.1	2.243e-09	5.1894e-06	3.9006e-06	1.2887e-06	2.0765e-16
48.11	2.2403e-09	5.1853e-06	3.8992e-06	1.2861e-06	2.0759e-16
48.12	2.2515e-09	5.2134e-06	3.92e-06	1.2934e-06	2.0752e-16
48.13	2.2492e-09	5.2103e-06	3.9166e-06	1.2936e-06	2.0701e-16
48.14	2.2326e-09	5.1739e-06	3.8887e-06	1.2852e-06	2.0638e-16
48.15	2.2255e-09	5.1597e-06	3.8777e-06	1.282e-06	2.0612e-16
48.16	2.2382e-09	5.1912e-06	3.9016e-06	1.2896e-06	2.0621e-16
48.17	2.249e-09	5.2185e-06	3.9234e-06	1.2951e-06	2.0644e-16
48.18	2.2331e-09	5.1838e-06	3.8984e-06	1.2854e-06	2.068e-16
48.19	2.1995e-09	5.1079e-06	3.8402e-06	1.2676e-06	2.0722e-16
48.2	2.1863e-09	5.0792e-06	3.8162e-06	1.263e-06	2.0721e-16
48.21	2.213e-09	5.1435e-06	3.864e-06	1.2795e-06	2.0653e-16
48.22	2.2472e-09	5.2252e-06	3.9282e-06	1.2969e-06	2.0564e-16
48.23	2.2375e-09	5.2047e-06	3.9157e-06	1.289e-06	2.0505e-16
48.24	2.1837e-09	5.0817e-06	3.8219e-06	1.2598e-06	2.0464e-16
48.25	2.149e-09	5.0029e-06	3.7584e-06	1.2445e-06	2.0407e-16
48.26	2.1789e-09	5.0748e-06	3.8108e-06	1.2641e-06	2.035e-16
48.27	2.2314e-09	5.1991e-06	3.9076e-06	1.2915e-06	2.0332e-16
48.28	2.2274e-09	5.192e-06	3.9067e-06	1.2854e-06	2.0344e-16
48.29	2.1666e-09	5.0525e-06	3.8013e-06	1.2511e-06	2.0352e-16
48.3	2.134e-09	4.9783e-06	3.7409e-06	1.2374e-06	2.0346e-16
48.31	2.173e-09	5.0715e-06	3.8079e-06	1.2636e-06	2.034e-16
48.32	2.2148e-09	5.1712e-06	3.8852e-06	1.286e-06	2.0324e-16
48.33	2.1833e-09	5.0997e-06	3.836e-06	1.2637e-06	2.0282e-16
48.34	2.1214e-09	4.9572e-06	3.73e-06	1.2273e-06	2.0231e-16
48.35	2.1292e-09	4.9775e-06	3.7419e-06	1.2356e-06	2.0191e-16
48.36	2.1986e-09	5.1419e-06	3.8622e-06	1.2798e-06	2.0137e-16
48.37	2.2131e-09	5.1779e-06	3.8897e-06	1.2882e-06	2.0041e-16
48.38	2.1311e-09	4.9881e-06	3.7501e-06	1.238e-06	1.9941e-16
48.39	2.0659e-09	4.8376e-06	3.6387e-06	1.1988e-06	1.9895e-16
48.4	2.1182e-09	4.962e-06	3.7311e-06	1.2308e-06	1.9894e-16
48.41	2.2129e-09	5.186e-06	3.8975e-06	1.2886e-06	1.9885e-16
48.42	2.205e-09	5.1696e-06	3.8844e-06	1.2852e-06	1.9866e-16
48.43	2.099e-09	4.9232e-06	3.6999e-06	1.2233e-06	1.9879e-16
48.44	2.0439e-09	4.796e-06	3.6053e-06	1.1907e-06	1.9918e-16
48.45	2.1088e-09	4.9503e-06	3.722e-06	1.2283e-06	1.9918e-16
48.46	2.1864e-09	5.1344e-06	3.8606e-06	1.2738e-06	1.9859e-16
48.47	2.163e-09	5.0816e-06	3.8202e-06	1.2614e-06	1.9795e-16
48.48	2.083e-09	4.8957e-06	3.679e-06	1.2168e-06	1.9755e-16
48.49	2.0627e-09	4.85e-06	3.6439e-06	1.2061e-06	1.9703e-16
48.5	2.1111e-09	4.9658e-06	3.7324e-06	1.2334e-06	1.9624e-16
48.51	2.1367e-09	5.0281e-06	3.7816e-06	1.2466e-06	1.9575e-16
48.52	2.1028e-09	4.9504e-06	3.7234e-06	1.2271e-06	1.9589e-16
48.53	2.0717e-09	4.8791e-06	3.6671e-06	1.212e-06	1.9608e-16
48.54	2.0873e-09	4.918e-06	3.694e-06	1.224e-06	1.9573e-16
48.55	2.108e-09	4.9687e-06	3.7332e-06	1.2355e-06	1.9507e-16
48.56	2.0894e-09	4.9271e-06	3.7053e-06	1.2218e-06	1.9461e-16
48.57	2.062e-09	4.8644e-06	3.6593e-06	1.2051e-06	1.9423e-16
48.58	2.0703e-09	4.8859e-06	3.6729e-06	1.213e-06	1.937e-16
48.59	2.0913e-09	4.9375e-06	3.7091e-06	1.2285e-06	1.9343e-16
48.6	2.0777e-09	4.9075e-06	3.6871e-06	1.2204e-06	1.9386e-16
48.61	2.0469e-09	4.8367e-06	3.6366e-06	1.2002e-06	1.9462e-16
48.62	2.0534e-09	4.8539e-06	3.6504e-06	1.2036e-06	1.9491e-16
48.63	2.0864e-09	4.9341e-06	3.709e-06	1.2251e-06	1.9467e-16
48.64	2.0774e-09	4.9149e-06	3.6933e-06	1.2215e-06	1.9443e-16
48.65	2.0206e-09	4.7823e-06	3.5946e-06	1.1878e-06	1.9429e-16
48.66	2.0025e-09	4.7416e-06	3.5649e-06	1.1767e-06	1.939e-16
48.67	2.0664e-09	4.8947e-06	3.6791e-06	1.2156e-06	1.9339e-16
48.68	2.1191e-09	5.0217e-06	3.7735e-06	1.2483e-06	1.9328e-16
48.69	2.0586e-09	4.8803e-06	3.6681e-06	1.2122e-06	1.9355e-16
48.7	1.948e-09	4.62e-06	3.4744e-06	1.1455e-06	1.9362e-16
48.71	1.9511e-09	4.6292e-06	3.4811e-06	1.1481e-06	1.9343e-16
48.72	2.0858e-09	4.9508e-06	3.7201e-06	1.2307e-06	1.9358e-16
48.73	2.1642e-09	5.1391e-06	3.8603e-06	1.2788e-06	1.9416e-16
48.74	2.0496e-09	4.8691e-06	3.6596e-06	1.2095e-06	1.9445e-16
48.75	1.8771e-09	4.461e-06	3.3555e-06	1.1054e-06	1.9406e-16
48.76	1.8891e-09	4.4914e-06	3.3778e-06	1.1136e-06	1.9358e-16
48.77	2.0877e-09	4.9657e-06	3.7313e-06	1.2344e-06	1.9352e-16
48.78	2.2047e-09	5.246e-06	3.9408e-06	1.3051e-06	1.9346e-16
48.79	2.0639e-09	4.913e-06	3.6926e-06	1.2204e-06	1.9297e-16
48.8	1.8384e-09	4.378e-06	3.2924e-06	1.0856e-06	1.9263e-16
48.81	1.8265e-09	4.3514e-06	3.2718e-06	1.0797e-06	1.9329e-16
48.82	2.0463e-09	4.8771e-06	3.6652e-06	1.2119e-06	1.9465e-16
48.83	2.2074e-09	5.2632e-06	3.9553e-06	1.3079e-06	1.9558e-16
48.84	2.097e-09	5.0021e-06	3.7603e-06	1.2419e-06	1.9552e-16
48.85	1.8556e-09	4.4281e-06	3.329e-06	1.0991e-06	1.9499e-16
48.86	1.7847e-09	4.2606e-06	3.2021e-06	1.0584e-06	1.9461e-16
48.87	1.9613e-09	4.6842e-06	3.5204e-06	1.1639e-06	1.9441e-16
48.88	2.1564e-09	5.1521e-06	3.8731e-06	1.2791e-06	1.9418e-16
48.89	2.1301e-09	5.0914e-06	3.828e-06	1.2634e-06	1.9394e-16
48.9	1.9179e-09	4.5861e-06	3.4474e-06	1.1388e-06	1.9383e-16
48.91	1.7735e-09	4.2425e-06	3.1882e-06	1.0543e-06	1.9395e-16
48.92	1.8633e-09	4.4591e-06	3.3514e-06	1.1077e-06	1.9437e-16
48.93	2.074e-09	4.9655e-06	3.7328e-06	1.2327e-06	1.9501e-16
48.94	2.1473e-09	5.143e-06	3.8661e-06	1.2769e-06	1.9558e-16
48.95	1.9872e-09	4.7616e-06	3.5789e-06	1.1827e-06	1.9576e-16
48.96	1.7836e-09	4.2753e-06	3.2137e-06	1.0616e-06	1.955e-16
48.97	1.7872e-09	4.2858e-06	3.2222e-06	1.0636e-06	1.9496e-16
48.98	1.9932e-09	4.7817e-06	3.5944e-06	1.1873e-06	1.9424e-16
48.99	2.1353e-09	5.1247e-06	3.8507e-06	1.274e-06	1.9359e-16
49	2.0254e-09	4.863e-06	3.6539e-06	1.2091e-06	1.9343e-16
49.01	1.8048e-09	4.3351e-06	3.2591e-06	1.076e-06	1.9396e-16
49.02	1.7591e-09	4.2272e-06	3.1796e-06	1.0475e-06	1.9475e-16
49.03	1.9354e-09	4.6527e-06	3.4981e-06	1.1546e-06	1.9522e-16
49.04	2.0847e-09	5.0137e-06	3.7665e-06	1.2472e-06	1.9536e-16
49.05	2.0093e-09	4.8341e-06	3.6308e-06	1.2033e-06	1.9544e-16
49.06	1.8255e-09	4.3937e-06	3.3024e-06	1.0913e-06	1.9535e-16
49.07	1.7827e-09	4.2925e-06	3.2291e-06	1.0634e-06	1.9484e-16
49.08	1.9135e-09	4.6093e-06	3.4669e-06	1.1424e-06	1.9422e-16
49.09	2.0128e-09	4.8505e-06	3.6453e-06	1.2053e-06	1.9413e-16
49.1	1.9466e-09	4.6929e-06	3.5247e-06	1.1682e-06	1.945e-16
49.11	1.8277e-09	4.4081e-06	3.3115e-06	1.0966e-06	1.9461e-16
49.12	1.8264e-09	4.4066e-06	3.3131e-06	1.0935e-06	1.9431e-16
49.13	1.9224e-09	4.6401e-06	3.4904e-06	1.1497e-06	1.9428e-16
49.14	1.9573e-09	4.7263e-06	3.5544e-06	1.1718e-06	1.948e-16
49.15	1.8794e-09	4.54e-06	3.4118e-06	1.1282e-06	1.9528e-16
49.16	1.8092e-09	4.3724e-06	3.2838e-06	1.0886e-06	1.9521e-16
49.17	1.8483e-09	4.4686e-06	3.3568e-06	1.1118e-06	1.9495e-16
49.18	1.9303e-09	4.6686e-06	3.5102e-06	1.1584e-06	1.95e-16
49.19	1.9278e-09	4.6646e-06	3.5095e-06	1.1551e-06	1.9517e-16
49.2	1.8412e-09	4.4568e-06	3.3522e-06	1.1046e-06	1.9524e-16
49.21	1.7922e-09	4.34e-06	3.2606e-06	1.0794e-06	1.956e-16
49.22	1.844e-09	4.4674e-06	3.3541e-06	1.1133e-06	1.965e-16
49.23	1.9148e-09	4.6407e-06	3.4865e-06	1.1543e-06	1.973e-16
49.24	1.9008e-09	4.6087e-06	3.4665e-06	1.1422e-06	1.9729e-16
49.25	1.823e-09	4.4218e-06	3.3274e-06	1.0944e-06	1.9694e-16
49.26	1.7897e-09	4.3427e-06	3.2651e-06	1.0777e-06	1.9714e-16
49.27	1.8391e-09	4.4645e-06	3.3529e-06	1.1117e-06	1.9776e-16
49.28	1.8907e-09	4.5916e-06	3.448e-06	1.1437e-06	1.9784e-16
49.29	1.8656e-09	4.5325e-06	3.4066e-06	1.1259e-06	1.9731e-16
49.3	1.7986e-09	4.3715e-06	3.2886e-06	1.0829e-06	1.9719e-16
49.31	1.7843e-09	4.3384e-06	3.2636e-06	1.0747e-06	1.9809e-16
49.32	1.84e-09	4.4756e-06	3.364e-06	1.1116e-06	1.9944e-16
49.33	1.8812e-09	4.5778e-06	3.4382e-06	1.1396e-06	2.005e-16
49.34	1.8416e-09	4.4832e-06	3.3671e-06	1.1161e-06	2.013e-16
49.35	1.7682e-09	4.3064e-06	3.2367e-06	1.0696e-06	2.0205e-16
49.36	1.7597e-09	4.2873e-06	3.2251e-06	1.0621e-06	2.0246e-16
49.37	1.8292e-09	4.4586e-06	3.3541e-06	1.1045e-06	2.0232e-16
49.38	1.8811e-09	4.5867e-06	3.4476e-06	1.1392e-06	2.0197e-16
49.39	1.8369e-09	4.4808e-06	3.365e-06	1.1159e-06	2.0182e-16
49.4	1.7466e-09	4.2625e-06	3.201e-06	1.0614e-06	2.0189e-16
49.41	1.7282e-09	4.2191e-06	3.1718e-06	1.0473e-06	2.0209e-16
49.42	1.807e-09	4.4134e-06	3.3206e-06	1.0928e-06	2.0263e-16
49.43	1.874e-09	4.5787e-06	3.4439e-06	1.1348e-06	2.036e-16
49.44	1.8307e-09	4.4747e-06	3.3624e-06	1.1124e-06	2.0464e-16
49.45	1.7304e-09	4.2315e-06	3.1776e-06	1.0539e-06	2.0545e-16
49.46	1.7095e-09	4.182e-06	3.1418e-06	1.0402e-06	2.0614e-16
49.47	1.7937e-09	4.3897e-06	3.3007e-06	1.0891e-06	2.0677e-16
49.48	1.8574e-09	4.5475e-06	3.4204e-06	1.1271e-06	2.0701e-16
49.49	1.8041e-09	4.4188e-06	3.3226e-06	1.0962e-06	2.0675e-16
49.5	1.7094e-09	4.1884e-06	3.1476e-06	1.0408e-06	2.064e-16
49.51	1.7092e-09	4.1897e-06	3.1475e-06	1.0422e-06	2.0619e-16
49.52	1.7962e-09	4.4047e-06	3.3093e-06	1.0953e-06	2.0581e-16
49.53	1.8319e-09	4.4941e-06	3.378e-06	1.1161e-06	2.0528e-16
49.54	1.7594e-09	4.318e-06	3.2472e-06	1.0708e-06	2.0545e-16
49.55	1.6889e-09	4.1466e-06	3.1186e-06	1.028e-06	2.0681e-16
49.56	1.7244e-09	4.2356e-06	3.1836e-06	1.052e-06	2.085e-16
49.57	1.8024e-09	4.4287e-06	3.3267e-06	1.102e-06	2.0925e-16
49.58	1.7941e-09	4.4101e-06	3.3128e-06	1.0973e-06	2.0917e-16
49.59	1.7094e-09	4.2036e-06	3.1601e-06	1.0435e-06	2.092e-16
49.6	1.679e-09	4.1307e-06	3.1071e-06	1.0236e-06	2.0942e-16
49.61	1.7465e-09	4.2985e-06	3.2321e-06	1.0664e-06	2.0908e-16
49.62	1.8e-09	4.4319e-06	3.3299e-06	1.102e-06	2.0826e-16
49.63	1.7498e-09	4.3099e-06	3.2376e-06	1.0723e-06	2.0806e-16
49.64	1.669e-09	4.1127e-06	3.0912e-06	1.0216e-06	2.089e-16
49.65	1.6784e-09	4.1375e-06	3.1112e-06	1.0262e-06	2.0991e-16
49.66	1.7586e-09	4.3368e-06	3.2603e-06	1.0765e-06	2.1039e-16
49.67	1.7826e-09	4.3979e-06	3.3047e-06	1.0932e-06	2.108e-16
49.68	1.7114e-09	4.224e-06	3.1741e-06	1.0499e-06	2.1153e-16
49.69	1.6492e-09	4.072e-06	3.0613e-06	1.0107e-06	2.1188e-16
49.7	1.682e-09	4.1548e-06	3.1238e-06	1.0309e-06	2.1122e-16
49.71	1.7522e-09	4.3299e-06	3.2539e-06	1.076e-06	2.102e-16
49.72	1.7515e-09	4.3298e-06	3.2528e-06	1.077e-06	2.0984e-16
49.73	1.6817e-09	4.159e-06	3.1256e-06	1.0334e-06	2.1005e-16
49.74	1.6439e-09	4.0672e-06	3.0586e-06	1.0087e-06	2.1015e-16
49.75	1.6855e-09	4.1718e-06	3.1372e-06	1.0345e-06	2.1025e-16
49.76	1.7368e-09	4.3003e-06	3.2318e-06	1.0685e-06	2.1088e-16
49.77	1.7195e-09	4.2593e-06	3.1994e-06	1.0599e-06	2.1178e-16
49.78	1.6586e-09	4.1101e-06	3.088e-06	1.0221e-06	2.1207e-16
49.79	1.6386e-09	4.0622e-06	3.0541e-06	1.0081e-06	2.1169e-16
49.8	1.6807e-09	4.1682e-06	3.1348e-06	1.0334e-06	2.1146e-16
49.81	1.7181e-09	4.2626e-06	3.2049e-06	1.0578e-06	2.1168e-16
49.82	1.6957e-09	4.2089e-06	3.1627e-06	1.0462e-06	2.1179e-16
49.83	1.6451e-09	4.0849e-06	3.0685e-06	1.0164e-06	2.1152e-16
49.84	1.6333e-09	4.0571e-06	3.0483e-06	1.0088e-06	2.1143e-16
49.85	1.6675e-09	4.1438e-06	3.1153e-06	1.0285e-06	2.1183e-16
49.86	1.6917e-09	4.2056e-06	3.1631e-06	1.0425e-06	2.1221e-16
49.87	1.6706e-09	4.1549e-06	3.1243e-06	1.0306e-06	2.1213e-16
49.88	1.6367e-09	4.0722e-06	3.0596e-06	1.0125e-06	2.1201e-16
49.89	1.6361e-09	4.0724e-06	3.0582e-06	1.0142e-06	2.1243e-16
49.9	1.6604e-09	4.1344e-06	3.1063e-06	1.0281e-06	2.1314e-16
49.91	1.6638e-09	4.1445e-06	3.1171e-06	1.0274e-06	2.1351e-16
49.92	1.6359e-09	4.0768e-06	3.0672e-06	1.0096e-06	2.1333e-16
49.93	1.6181e-09	4.034e-06	3.0323e-06	1.0017e-06	2.1292e-16
49.94	1.6386e-09	4.0866e-06	3.0686e-06	1.0179e-06	2.1256e-16
49.95	1.6652e-09	4.1546e-06	3.1201e-06	1.0345e-06	2.1231e-16
49.96	1.6499e-09	4.1183e-06	3.0962e-06	1.022e-06	2.1226e-16
49.97	1.6034e-09	4.0037e-06	3.0123e-06	9.9138e-07	2.1249e-16
49.98	1.587e-09	3.9644e-06	2.9812e-06	9.8325e-07	2.1289e-16
49.99	1.6267e-09	4.0652e-06	3.0537e-06	1.0114e-06	2.1327e-16
50	1.6685e-09	4.1713e-06	3.1327e-06	1.0386e-06	2.1354e-16
50.01	1.648e-09	4.1216e-06	3.0973e-06	1.0242e-06	2.1358e-16
50.02	1.5834e-09	3.9618e-06	2.9792e-06	9.8254e-07	2.1329e-16
50.03	1.5586e-09	3.9013e-06	2.9337e-06	9.676e-07	2.1285e-16
50.04	1.6076e-09	4.0253e-06	3.0256e-06	9.9976e-07	2.1268e-16
50.05	1.661e-09	4.1608e-06	3.1265e-06	1.0343e-06	2.1276e-16
50.06	1.6394e-09	4.1084e-06	3.0872e-06	1.0213e-06	2.1269e-16
50.07	1.5676e-09	3.93e-06	2.9532e-06	9.7676e-07	2.1233e-16
50.08	1.5432e-09	3.8704e-06	2.9089e-06	9.615e-07	2.1205e-16
50.09	1.5968e-09	4.0064e-06	3.0121e-06	9.9431e-07	2.1194e-16
50.1	1.6461e-09	4.1316e-06	3.1069e-06	1.0247e-06	2.1148e-16
50.11	1.6159e-09	4.0575e-06	3.0502e-06	1.0073e-06	2.1057e-16
50.12	1.5491e-09	3.8914e-06	2.9232e-06	9.6813e-07	2.0997e-16
50.13	1.5406e-09	3.8716e-06	2.9077e-06	9.6385e-07	2.1034e-16
50.14	1.5949e-09	4.0097e-06	3.0137e-06	9.9606e-07	2.1107e-16
50.15	1.6235e-09	4.0832e-06	3.0715e-06	1.0117e-06	2.1112e-16
50.16	1.5822e-09	3.9808e-06	2.9943e-06	9.8651e-07	2.1051e-16
50.17	1.5346e-09	3.8627e-06	2.9025e-06	9.6023e-07	2.1e-16
50.18	1.5483e-09	3.8987e-06	2.9274e-06	9.7135e-07	2.0975e-16
50.19	1.5918e-09	4.0097e-06	3.0121e-06	9.9758e-07	2.0926e-16
50.2	1.5916e-09	4.0108e-06	3.0161e-06	9.9476e-07	2.0852e-16
50.21	1.5487e-09	3.9044e-06	2.9371e-06	9.6726e-07	2.0819e-16
50.22	1.5292e-09	3.8568e-06	2.8994e-06	9.5738e-07	2.085e-16
50.23	1.5555e-09	3.9247e-06	2.9482e-06	9.7646e-07	2.0876e-16
50.24	1.5775e-09	3.9818e-06	2.9911e-06	9.9068e-07	2.0846e-16
50.25	1.5595e-09	3.9379e-06	2.9596e-06	9.7824e-07	2.0779e-16
50.26	1.5317e-09	3.8692e-06	2.9089e-06	9.6023e-07	2.0693e-16
50.27	1.5311e-09	3.8693e-06	2.9088e-06	9.6049e-07	2.0574e-16
50.28	1.544e-09	3.9033e-06	2.9339e-06	9.6938e-07	2.0457e-16
50.29	1.5426e-09	3.9013e-06	2.9322e-06	9.6901e-07	2.043e-16
50.3	1.5368e-09	3.8883e-06	2.9221e-06	9.6619e-07	2.0505e-16
50.31	1.5446e-09	3.9097e-06	2.9376e-06	9.7205e-07	2.0566e-16
50.32	1.5443e-09	3.9103e-06	2.9384e-06	9.7193e-07	2.0527e-16
50.33	1.5117e-09	3.8293e-06	2.8788e-06	9.5057e-07	2.0441e-16
50.34	1.4833e-09	3.7588e-06	2.8264e-06	9.324e-07	2.0401e-16
50.35	1.5142e-09	3.8387e-06	2.8854e-06	9.5331e-07	2.0379e-16
50.36	1.5766e-09	3.9985e-06	3.004e-06	9.9446e-07	2.0288e-16
50.37	1.5734e-09	3.992e-06	2.9993e-06	9.9266e-07	2.0139e-16
50.38	1.4827e-09	3.7633e-06	2.829e-06	9.3435e-07	2.0026e-16
50.39	1.4174e-09	3.5991e-06	2.7061e-06	8.93e-07	1.9989e-16
50.4	1.479e-09	3.7569e-06	2.8236e-06	9.3335e-07	1.9981e-16
50.41	1.5972e-09	4.0588e-06	3.0496e-06	1.0092e-06	1.9964e-16
50.42	1.6061e-09	4.0829e-06	3.0687e-06	1.0142e-06	1.993e-16
50.43	1.4754e-09	3.7521e-06	2.8213e-06	9.3083e-07	1.9847e-16
50.44	1.3708e-09	3.4876e-06	2.6216e-06	8.6598e-07	1.9693e-16
50.45	1.4361e-09	3.6552e-06	2.7456e-06	9.0958e-07	1.954e-16
50.46	1.5887e-09	4.0452e-06	3.0388e-06	1.0064e-06	1.95e-16
50.47	1.6218e-09	4.131e-06	3.1059e-06	1.0251e-06	1.9554e-16
50.48	1.4841e-09	3.7819e-06	2.845e-06	9.3687e-07	1.9548e-16
50.49	1.3536e-09	3.4506e-06	2.5939e-06	8.5663e-07	1.9393e-16
50.5	1.3989e-09	3.5676e-06	2.6788e-06	8.8876e-07	1.9179e-16
50.51	1.5544e-09	3.9657e-06	2.9782e-06	9.8745e-07	1.9039e-16
50.52	1.6118e-09	4.1139e-06	3.0929e-06	1.0209e-06	1.8986e-16
50.53	1.4984e-09	3.8258e-06	2.8783e-06	9.4744e-07	1.8948e-16
50.54	1.3638e-09	3.4836e-06	2.6193e-06	8.6432e-07	1.8885e-16
50.55	1.3742e-09	3.5115e-06	2.6373e-06	8.7417e-07	1.8792e-16
50.56	1.5011e-09	3.8372e-06	2.8819e-06	9.5527e-07	1.8654e-16
50.57	1.5759e-09	4.0302e-06	3.0291e-06	1.001e-06	1.8476e-16
50.58	1.5116e-09	3.8671e-06	2.908e-06	9.5918e-07	1.8307e-16
50.59	1.3963e-09	3.5737e-06	2.6867e-06	8.8699e-07	1.8173e-16
50.6	1.3662e-09	3.4979e-06	2.6288e-06	8.6913e-07	1.8032e-16
50.61	1.4418e-09	3.693e-06	2.7754e-06	9.1762e-07	1.7849e-16
50.62	1.5223e-09	3.9007e-06	2.9315e-06	9.6925e-07	1.7684e-16
50.63	1.5138e-09	3.8804e-06	2.9156e-06	9.6482e-07	1.7603e-16
50.64	1.4313e-09	3.6705e-06	2.758e-06	9.1252e-07	1.7549e-16
50.65	1.3717e-09	3.5189e-06	2.6457e-06	8.7329e-07	1.7413e-16
50.66	1.3997e-09	3.5922e-06	2.7016e-06	8.9053e-07	1.7195e-16
50.67	1.4745e-09	3.7857e-06	2.8455e-06	9.4024e-07	1.7004e-16
50.68	1.4991e-09	3.8504e-06	2.8916e-06	9.5873e-07	1.6887e-16
50.69	1.4405e-09	3.7013e-06	2.7798e-06	9.2147e-07	1.6774e-16
50.7	1.3744e-09	3.5328e-06	2.6561e-06	8.7667e-07	1.6606e-16
50.71	1.3861e-09	3.5645e-06	2.6816e-06	8.8281e-07	1.6429e-16
50.72	1.4534e-09	3.7388e-06	2.8108e-06	9.2803e-07	1.6304e-16
50.73	1.4757e-09	3.7977e-06	2.8521e-06	9.4566e-07	1.6216e-16
50.74	1.4186e-09	3.6522e-06	2.7427e-06	9.0959e-07	1.6116e-16
50.75	1.3641e-09	3.5134e-06	2.6411e-06	8.7233e-07	1.5995e-16
50.76	1.3894e-09	3.5798e-06	2.6929e-06	8.8697e-07	1.5863e-16
50.77	1.4513e-09	3.7408e-06	2.8126e-06	9.2817e-07	1.5706e-16
50.78	1.4521e-09	3.7444e-06	2.8129e-06	9.3151e-07	1.552e-16
50.79	1.3876e-09	3.5794e-06	2.6882e-06	8.9116e-07	1.5331e-16
50.8	1.3516e-09	3.488e-06	2.6211e-06	8.6695e-07	1.5163e-16
50.81	1.3934e-09	3.5972e-06	2.7049e-06	8.9233e-07	1.5001e-16
50.82	1.4448e-09	3.7314e-06	2.806e-06	9.2542e-07	1.4835e-16
50.83	1.4263e-09	3.6851e-06	2.77e-06	9.1516e-07	1.4701e-16
50.84	1.3647e-09	3.5274e-06	2.6498e-06	8.7755e-07	1.4621e-16
50.85	1.348e-09	3.4856e-06	2.6179e-06	8.6762e-07	1.4558e-16
50.86	1.3935e-09	3.6046e-06	2.7088e-06	8.9586e-07	1.4464e-16
50.87	1.4281e-09	3.6955e-06	2.7791e-06	9.1638e-07	1.4348e-16
50.88	1.3998e-09	3.6238e-06	2.7256e-06	8.9813e-07	1.4243e-16
50.89	1.3497e-09	3.4955e-06	2.6271e-06	8.6839e-07	1.4142e-16
50.9	1.346e-09	3.4872e-06	2.6184e-06	8.6878e-07	1.4013e-16
50.91	1.387e-09	3.5948e-06	2.6997e-06	8.9514e-07	1.3865e-16
50.92	1.4099e-09	3.6556e-06	2.7484e-06	9.072e-07	1.3733e-16
50.93	1.3813e-09	3.583e-06	2.6958e-06	8.8716e-07	1.3615e-16
50.94	1.3395e-09	3.4759e-06	2.6137e-06	8.6219e-07	1.3486e-16
50.95	1.3376e-09	3.4722e-06	2.6077e-06	8.6454e-07	1.3364e-16
50.96	1.3726e-09	3.5646e-06	2.6763e-06	8.8828e-07	1.3294e-16
50.97	1.3931e-09	3.6191e-06	2.7198e-06	8.9933e-07	1.327e-16
50.98	1.3692e-09	3.5584e-06	2.6767e-06	8.8175e-07	1.3228e-16
50.99	1.3314e-09	3.4616e-06	2.6033e-06	8.5821e-07	1.3139e-16
51	1.3281e-09	3.4545e-06	2.5955e-06	8.5897e-07	1.3042e-16
51.01	1.3595e-09	3.5375e-06	2.6567e-06	8.808e-07	1.2967e-16
51.02	1.3769e-09	3.5842e-06	2.693e-06	8.9112e-07	1.2886e-16
51.03	1.3514e-09	3.5192e-06	2.6459e-06	8.7325e-07	1.2774e-16
51.04	1.3165e-09	3.4296e-06	2.5787e-06	8.51e-07	1.2656e-16
51.05	1.3214e-09	3.4438e-06	2.588e-06	8.5582e-07	1.2576e-16
51.06	1.3577e-09	3.5398e-06	2.6594e-06	8.8035e-07	1.2536e-16
51.07	1.3676e-09	3.5668e-06	2.6804e-06	8.8635e-07	1.2505e-16
51.08	1.3283e-09	3.4657e-06	2.6054e-06	8.6037e-07	1.2468e-16
51.09	1.2914e-09	3.3708e-06	2.5338e-06	8.3703e-07	1.2423e-16
51.1	1.3109e-09	3.423e-06	2.572e-06	8.5096e-07	1.2368e-16
51.11	1.3603e-09	3.5533e-06	2.6697e-06	8.836e-07	1.2307e-16
51.12	1.3646e-09	3.566e-06	2.6802e-06	8.858e-07	1.2254e-16
51.13	1.3095e-09	3.4233e-06	2.5739e-06	8.4943e-07	1.2213e-16
51.14	1.2681e-09	3.3166e-06	2.4932e-06	8.2339e-07	1.2165e-16
51.15	1.2984e-09	3.3971e-06	2.5522e-06	8.4482e-07	1.2099e-16
51.16	1.3556e-09	3.548e-06	2.6652e-06	8.8284e-07	1.2031e-16
51.17	1.3538e-09	3.5447e-06	2.6639e-06	8.8079e-07	1.198e-16
51.18	1.2919e-09	3.3839e-06	2.5445e-06	8.394e-07	1.1945e-16
51.19	1.2571e-09	3.2942e-06	2.4769e-06	8.1739e-07	1.1919e-16
51.2	1.2964e-09	3.3984e-06	2.5535e-06	8.4498e-07	1.1906e-16
51.21	1.3455e-09	3.5286e-06	2.6504e-06	8.7821e-07	1.1905e-16
51.22	1.3267e-09	3.4805e-06	2.6153e-06	8.652e-07	1.1895e-16
51.23	1.2671e-09	3.3255e-06	2.5003e-06	8.252e-07	1.186e-16
51.24	1.2567e-09	3.2994e-06	2.4807e-06	8.1874e-07	1.1814e-16
51.25	1.3073e-09	3.4337e-06	2.5803e-06	8.5339e-07	1.177e-16
51.26	1.3341e-09	3.5055e-06	2.6336e-06	8.7188e-07	1.1727e-16
51.27	1.2899e-09	3.3907e-06	2.548e-06	8.4272e-07	1.1691e-16
51.28	1.2414e-09	3.2645e-06	2.4539e-06	8.1067e-07	1.1684e-16
51.29	1.2635e-09	3.3238e-06	2.4982e-06	8.256e-07	1.1702e-16
51.3	1.3181e-09	3.4687e-06	2.6067e-06	8.6206e-07	1.1699e-16
51.31	1.3136e-09	3.4582e-06	2.599e-06	8.5922e-07	1.1651e-16
51.32	1.252e-09	3.2974e-06	2.4786e-06	8.1883e-07	1.1606e-16
51.33	1.2278e-09	3.235e-06	2.4314e-06	8.0366e-07	1.1613e-16
51.34	1.2771e-09	3.3662e-06	2.5292e-06	8.37e-07	1.1641e-16
51.35	1.3185e-09	3.4766e-06	2.6122e-06	8.6442e-07	1.1621e-16
51.36	1.2822e-09	3.3821e-06	2.5421e-06	8.4004e-07	1.1564e-16
51.37	1.221e-09	3.2221e-06	2.4224e-06	7.9972e-07	1.1547e-16
51.38	1.2269e-09	3.239e-06	2.4345e-06	8.0448e-07	1.1593e-16
51.39	1.2866e-09	3.3978e-06	2.553e-06	8.4478e-07	1.1639e-16
51.4	1.3045e-09	3.4463e-06	2.5894e-06	8.5694e-07	1.1635e-16
51.41	1.2521e-09	3.3093e-06	2.4869e-06	8.2239e-07	1.1611e-16
51.42	1.2076e-09	3.1929e-06	2.3998e-06	7.9307e-07	1.1608e-16
51.43	1.231e-09	3.2561e-06	2.4474e-06	8.0871e-07	1.161e-16
51.44	1.2778e-09	3.3811e-06	2.5413e-06	8.3975e-07	1.1591e-16
51.45	1.2756e-09	3.3766e-06	2.5378e-06	8.388e-07	1.1569e-16
51.46	1.2327e-09	3.2642e-06	2.4529e-06	8.1136e-07	1.1574e-16
51.47	1.2129e-09	3.2132e-06	2.4142e-06	7.9905e-07	1.1591e-16
51.48	1.235e-09	3.2729e-06	2.4594e-06	8.1349e-07	1.1591e-16
51.49	1.255e-09	3.3273e-06	2.5011e-06	8.2615e-07	1.1586e-16
51.5	1.2427e-09	3.296e-06	2.4779e-06	8.1814e-07	1.1609e-16
51.51	1.221e-09	3.2398e-06	2.4349e-06	8.0485e-07	1.1649e-16
51.52	1.2201e-09	3.2384e-06	2.4332e-06	8.0523e-07	1.1666e-16
51.53	1.2322e-09	3.2719e-06	2.4584e-06	8.1356e-07	1.1646e-16
51.54	1.2333e-09	3.276e-06	2.4619e-06	8.1414e-07	1.1616e-16
51.55	1.2212e-09	3.2452e-06	2.439e-06	8.0622e-07	1.1593e-16
51.56	1.2127e-09	3.2239e-06	2.4232e-06	8.0074e-07	1.157e-16
51.57	1.2152e-09	3.2318e-06	2.4293e-06	8.0243e-07	1.1545e-16
51.58	1.2204e-09	3.247e-06	2.4406e-06	8.0639e-07	1.1531e-16
51.59	1.2194e-09	3.2454e-06	2.4384e-06	8.0694e-07	1.1531e-16
51.6	1.2111e-09	3.2246e-06	2.422e-06	8.0256e-07	1.1545e-16
51.61	1.2019e-09	3.2013e-06	2.4052e-06	7.9608e-07	1.1584e-16
51.62	1.2008e-09	3.1996e-06	2.4057e-06	7.9389e-07	1.165e-16
51.63	1.2094e-09	3.224e-06	2.4247e-06	7.9926e-07	1.1707e-16
51.64	1.2144e-09	3.2384e-06	2.4341e-06	8.0434e-07	1.1717e-16
51.65	1.2013e-09	3.2047e-06	2.4067e-06	7.98e-07	1.1686e-16
51.66	1.1809e-09	3.1516e-06	2.3667e-06	7.8493e-07	1.1655e-16
51.67	1.182e-09	3.1557e-06	2.3717e-06	7.8398e-07	1.1638e-16
51.68	1.2072e-09	3.2242e-06	2.4249e-06	7.9931e-07	1.1611e-16
51.69	1.2188e-09	3.2564e-06	2.4487e-06	8.0774e-07	1.1569e-16
51.7	1.19e-09	3.1808e-06	2.39e-06	7.908e-07	1.1546e-16
51.71	1.1531e-09	3.0832e-06	2.3155e-06	7.6769e-07	1.1564e-16
51.72	1.1604e-09	3.1041e-06	2.3317e-06	7.7235e-07	1.1609e-16
51.73	1.2053e-09	3.2252e-06	2.4242e-06	8.0105e-07	1.1659e-16
51.74	1.2223e-09	3.2721e-06	2.4602e-06	8.1182e-07	1.1708e-16
51.75	1.1806e-09	3.1618e-06	2.3771e-06	7.8472e-07	1.1746e-16
51.76	1.1339e-09	3.0378e-06	2.2829e-06	7.5496e-07	1.1746e-16
51.77	1.1456e-09	3.0704e-06	2.3065e-06	7.6393e-07	1.1704e-16
51.78	1.1957e-09	3.2059e-06	2.4084e-06	7.9756e-07	1.1646e-16
51.79	1.209e-09	3.2427e-06	2.4369e-06	8.0584e-07	1.1598e-16
51.8	1.1659e-09	3.1283e-06	2.3518e-06	7.7653e-07	1.1559e-16
51.81	1.1294e-09	3.0316e-06	2.2792e-06	7.524e-07	1.1532e-16
51.82	1.1483e-09	3.0836e-06	2.3176e-06	7.6606e-07	1.1542e-16
51.83	1.1856e-09	3.1849e-06	2.3929e-06	7.9204e-07	1.1593e-16
51.84	1.1795e-09	3.1698e-06	2.3813e-06	7.885e-07	1.1652e-16
51.85	1.1396e-09	3.0638e-06	2.302e-06	7.6175e-07	1.169e-16
51.86	1.1282e-09	3.0343e-06	2.2806e-06	7.537e-07	1.1714e-16
51.87	1.16e-09	3.121e-06	2.3463e-06	7.7466e-07	1.1726e-16
51.88	1.18e-09	3.176e-06	2.3876e-06	7.884e-07	1.1705e-16
51.89	1.152e-09	3.102e-06	2.331e-06	7.7092e-07	1.1648e-16
51.9	1.1157e-09	3.0053e-06	2.2573e-06	7.4798e-07	1.1594e-16
51.91	1.1231e-09	3.0263e-06	2.2731e-06	7.5321e-07	1.158e-16
51.92	1.1588e-09	3.1237e-06	2.3477e-06	7.7597e-07	1.1586e-16
51.93	1.1671e-09	3.1474e-06	2.3669e-06	7.8049e-07	1.1582e-16
51.94	1.1376e-09	3.0689e-06	2.3075e-06	7.6136e-07	1.1579e-16
51.95	1.1129e-09	3.0035e-06	2.2564e-06	7.4702e-07	1.1602e-16
51.96	1.1192e-09	3.0216e-06	2.2689e-06	7.5275e-07	1.1625e-16
51.97	1.1349e-09	3.0653e-06	2.3027e-06	7.6265e-07	1.1611e-16
51.98	1.137e-09	3.0721e-06	2.3098e-06	7.6235e-07	1.1575e-16
51.99	1.1332e-09	3.0629e-06	2.3035e-06	7.5934e-07	1.1565e-16
52	1.1317e-09	3.0602e-06	2.3003e-06	7.5994e-07	1.1581e-16
52.01	1.1199e-09	3.0292e-06	2.2753e-06	7.5393e-07	1.1579e-16
52.02	1.0977e-09	2.9705e-06	2.2309e-06	7.3969e-07	1.1562e-16
52.03	1.098e-09	2.9723e-06	2.2333e-06	7.3902e-07	1.1577e-16
52.04	1.1336e-09	3.0699e-06	2.308e-06	7.619e-07	1.1632e-16
52.05	1.157e-09	3.1345e-06	2.357e-06	7.7752e-07	1.1669e-16
52.06	1.1207e-09	3.0375e-06	2.2832e-06	7.5422e-07	1.1659e-16
52.07	1.0614e-09	2.8777e-06	2.1618e-06	7.1595e-07	1.164e-16
52.08	1.0626e-09	2.882e-06	2.1642e-06	7.1779e-07	1.1645e-16
52.09	1.1309e-09	3.0684e-06	2.3051e-06	7.6327e-07	1.1652e-16
52.1	1.1722e-09	3.1819e-06	2.3923e-06	7.8963e-07	1.1635e-16
52.11	1.1215e-09	3.0453e-06	2.2905e-06	7.5479e-07	1.1622e-16
52.12	1.0408e-09	2.8273e-06	2.1254e-06	7.0191e-07	1.1637e-16
52.13	1.0376e-09	2.8197e-06	2.1175e-06	7.0215e-07	1.1656e-16
52.14	1.1142e-09	3.0291e-06	2.2744e-06	7.5469e-07	1.1653e-16
52.15	1.1652e-09	3.169e-06	2.3813e-06	7.877e-07	1.1657e-16
52.16	1.1226e-09	3.0542e-06	2.2969e-06	7.573e-07	1.1701e-16
52.17	1.0436e-09	2.8404e-06	2.136e-06	7.0436e-07	1.1749e-16
52.18	1.0272e-09	2.7969e-06	2.1015e-06	6.9537e-07	1.1752e-16
52.19	1.0848e-09	2.9547e-06	2.2189e-06	7.3575e-07	1.1721e-16
52.2	1.136e-09	3.0954e-06	2.3253e-06	7.7008e-07	1.1707e-16
52.21	1.1184e-09	3.0488e-06	2.2916e-06	7.572e-07	1.1706e-16
52.22	1.0592e-09	2.8882e-06	2.1713e-06	7.1697e-07	1.1685e-16
52.23	1.0298e-09	2.8092e-06	2.1112e-06	6.9796e-07	1.1656e-16
52.24	1.0576e-09	2.8862e-06	2.1686e-06	7.1756e-07	1.1666e-16
52.25	1.1012e-09	3.0064e-06	2.2591e-06	7.4724e-07	1.1709e-16
52.26	1.1064e-09	3.0216e-06	2.2708e-06	7.5083e-07	1.173e-16
52.27	1.0687e-09	2.9199e-06	2.1941e-06	7.2582e-07	1.172e-16
52.28	1.0338e-09	2.8255e-06	2.1229e-06	7.0261e-07	1.173e-16
52.29	1.0405e-09	2.8451e-06	2.138e-06	7.0709e-07	1.1776e-16
52.3	1.0758e-09	2.9428e-06	2.2121e-06	7.3069e-07	1.18e-16
52.31	1.0922e-09	2.9887e-06	2.2466e-06	7.421e-07	1.177e-16
52.32	1.0673e-09	2.9216e-06	2.1953e-06	7.2626e-07	1.1728e-16
52.33	1.0316e-09	2.8248e-06	2.1219e-06	7.0292e-07	1.1717e-16
52.34	1.0287e-09	2.8181e-06	2.1172e-06	7.0089e-07	1.1712e-16
52.35	1.0589e-09	2.9019e-06	2.1812e-06	7.2071e-07	1.1685e-16
52.36	1.079e-09	2.9581e-06	2.2239e-06	7.3427e-07	1.1669e-16
52.37	1.0602e-09	2.9078e-06	2.1854e-06	7.2241e-07	1.1702e-16
52.38	1.0263e-09	2.8158e-06	2.1154e-06	7.0044e-07	1.1756e-16
52.39	1.0206e-09	2.8012e-06	2.1044e-06	6.9679e-07	1.1782e-16
52.4	1.0465e-09	2.8735e-06	2.1596e-06	7.1394e-07	1.179e-16
52.41	1.064e-09	2.9226e-06	2.197e-06	7.2566e-07	1.1825e-16
52.42	1.0465e-09	2.8757e-06	2.1612e-06	7.1451e-07	1.1878e-16
52.43	1.0184e-09	2.7996e-06	2.1032e-06	6.9641e-07	1.19e-16
52.44	1.0186e-09	2.801e-06	2.1043e-06	6.9668e-07	1.1886e-16
52.45	1.0425e-09	2.868e-06	2.1556e-06	7.1234e-07	1.1877e-16
52.46	1.0496e-09	2.8884e-06	2.1716e-06	7.1684e-07	1.1894e-16
52.47	1.0248e-09	2.8215e-06	2.1205e-06	7.0094e-07	1.1907e-16
52.48	1.0035e-09	2.7637e-06	2.0759e-06	6.8784e-07	1.1903e-16
52.49	1.0175e-09	2.8035e-06	2.1056e-06	6.979e-07	1.1902e-16
52.5	1.0451e-09	2.8806e-06	2.1648e-06	7.1572e-07	1.192e-16
52.51	1.0408e-09	2.8699e-06	2.1581e-06	7.1182e-07	1.1947e-16
52.52	1.0051e-09	2.7724e-06	2.0844e-06	6.8798e-07	1.197e-16
52.53	9.8614e-10	2.7212e-06	2.0443e-06	6.7688e-07	1.1994e-16
52.54	1.01e-09	2.788e-06	2.0935e-06	6.9442e-07	1.2013e-16
52.55	1.0413e-09	2.8756e-06	2.1602e-06	7.154e-07	1.2021e-16
52.56	1.0341e-09	2.8566e-06	2.1474e-06	7.0922e-07	1.2031e-16
52.57	9.9633e-10	2.7535e-06	2.0703e-06	6.8313e-07	1.2062e-16
52.58	9.7698e-10	2.701e-06	2.0301e-06	6.7093e-07	1.2099e-16
52.59	9.9707e-10	2.7576e-06	2.0717e-06	6.8594e-07	1.2106e-16
52.6	1.0248e-09	2.8354e-06	2.1299e-06	7.0546e-07	1.2089e-16
52.61	1.0224e-09	2.8297e-06	2.126e-06	7.0373e-07	1.2096e-16
52.62	9.9436e-10	2.7533e-06	2.0689e-06	6.8433e-07	1.2141e-16
52.63	9.7582e-10	2.7029e-06	2.0315e-06	6.714e-07	1.2184e-16
52.64	9.8534e-10	2.7303e-06	2.0525e-06	6.7782e-07	1.2197e-16
52.65	1.0054e-09	2.787e-06	2.0949e-06	6.9208e-07	1.2208e-16
52.66	1.008e-09	2.7951e-06	2.1e-06	6.9514e-07	1.2245e-16
52.67	9.892e-10	2.7442e-06	2.0608e-06	6.8338e-07	1.2288e-16
52.68	9.7246e-10	2.6988e-06	2.0272e-06	6.716e-07	1.2312e-16
52.69	9.7763e-10	2.7141e-06	2.0403e-06	6.7381e-07	1.2333e-16
52.7	9.9437e-10	2.7617e-06	2.077e-06	6.8469e-07	1.2366e-16
52.71	9.952e-10	2.765e-06	2.0785e-06	6.865e-07	1.2384e-16
52.72	9.7503e-10	2.71e-06	2.0353e-06	6.7467e-07	1.236e-16
52.73	9.6162e-10	2.6737e-06	2.0075e-06	6.6626e-07	1.2327e-16
52.74	9.7532e-10	2.7129e-06	2.0381e-06	6.7473e-07	1.2333e-16
52.75	9.9415e-10	2.7663e-06	2.0799e-06	6.8635e-07	1.2368e-16
52.76	9.8322e-10	2.7369e-06	2.0582e-06	6.7874e-07	1.2392e-16
52.77	9.5157e-10	2.6498e-06	1.9915e-06	6.5828e-07	1.2408e-16
52.78	9.4552e-10	2.634e-06	1.9782e-06	6.5572e-07	1.2452e-16
52.79	9.7794e-10	2.7253e-06	2.0466e-06	6.7873e-07	1.2512e-16
52.8	1.0005e-09	2.7891e-06	2.0955e-06	6.9364e-07	1.2531e-16
52.81	9.7208e-10	2.711e-06	2.0381e-06	6.729e-07	1.2499e-16
52.82	9.2641e-10	2.5846e-06	1.9436e-06	6.4104e-07	1.247e-16
52.83	9.2855e-10	2.5916e-06	1.9479e-06	6.4374e-07	1.2482e-16
52.84	9.7742e-10	2.729e-06	2.0496e-06	6.7942e-07	1.2505e-16
52.85	1.0016e-09	2.7976e-06	2.1007e-06	6.9687e-07	1.2505e-16
52.86	9.6237e-10	2.689e-06	2.0205e-06	6.6858e-07	1.2497e-16
52.87	9.1246e-10	2.5505e-06	1.918e-06	6.3259e-07	1.2516e-16
52.88	9.199e-10	2.5723e-06	1.9342e-06	6.3812e-07	1.2555e-16
52.89	9.6901e-10	2.7107e-06	2.0364e-06	6.7425e-07	1.259e-16
52.9	9.8564e-10	2.7582e-06	2.071e-06	6.8719e-07	1.2617e-16
52.91	9.4712e-10	2.6514e-06	1.9918e-06	6.5967e-07	1.2649e-16
52.92	9.1169e-10	2.5532e-06	1.9197e-06	6.3351e-07	1.2684e-16
52.93	9.2716e-10	2.5975e-06	1.9531e-06	6.4445e-07	1.2712e-16
52.94	9.6109e-10	2.6936e-06	2.0236e-06	6.7001e-07	1.2734e-16
52.95	9.5622e-10	2.681e-06	2.0131e-06	6.6789e-07	1.275e-16
52.96	9.2059e-10	2.582e-06	1.9399e-06	6.4214e-07	1.2756e-16
52.97	9.1173e-10	2.5582e-06	1.9237e-06	6.3446e-07	1.2768e-16
52.98	9.4276e-10	2.6462e-06	1.9896e-06	6.5657e-07	1.2812e-16
52.99	9.6027e-10	2.6964e-06	2.0253e-06	6.7106e-07	1.2885e-16
53	9.2984e-10	2.6119e-06	1.9608e-06	6.5113e-07	1.2939e-16
53.01	8.9364e-10	2.5112e-06	1.8865e-06	6.2463e-07	1.2944e-16
53.02	9.0658e-10	2.5485e-06	1.9167e-06	6.3177e-07	1.2931e-16
53.03	9.4923e-10	2.6694e-06	2.0076e-06	6.6179e-07	1.2941e-16
53.04	9.5519e-10	2.6872e-06	2.0188e-06	6.6836e-07	1.2966e-16
53.05	9.1269e-10	2.5686e-06	1.9281e-06	6.4053e-07	1.2972e-16
53.06	8.8268e-10	2.4851e-06	1.8661e-06	6.1893e-07	1.297e-16
53.07	9.052e-10	2.5494e-06	1.9168e-06	6.3268e-07	1.3e-16
53.08	9.4032e-10	2.6494e-06	1.9928e-06	6.5651e-07	1.3065e-16
53.09	9.3324e-10	2.6304e-06	1.9773e-06	6.5305e-07	1.3126e-16
53.1	8.9777e-10	2.5314e-06	1.9009e-06	6.3042e-07	1.316e-16
53.11	8.8843e-10	2.506e-06	1.8813e-06	6.2466e-07	1.3178e-16
53.12	9.1233e-10	2.5743e-06	1.934e-06	6.4034e-07	1.3187e-16
53.13	9.2343e-10	2.6067e-06	1.96e-06	6.4669e-07	1.3174e-16
53.14	9.0182e-10	2.5466e-06	1.9151e-06	6.3146e-07	1.3139e-16
53.15	8.841e-10	2.4975e-06	1.877e-06	6.2057e-07	1.311e-16
53.16	8.9864e-10	2.5395e-06	1.907e-06	6.3253e-07	1.3104e-16
53.17	9.1759e-10	2.5941e-06	1.9478e-06	6.4625e-07	1.3116e-16
53.18	9.0499e-10	2.5594e-06	1.9231e-06	6.3632e-07	1.3138e-16
53.19	8.7773e-10	2.4832e-06	1.8672e-06	6.16e-07	1.3183e-16
53.2	8.7753e-10	2.4836e-06	1.8675e-06	6.1613e-07	1.3247e-16
53.21	9.0231e-10	2.5547e-06	1.9195e-06	6.3522e-07	1.3304e-16
53.22	9.1031e-10	2.5783e-06	1.936e-06	6.4233e-07	1.3328e-16
53.23	8.8748e-10	2.5146e-06	1.8884e-06	6.2616e-07	1.3319e-16
53.24	8.6744e-10	2.4588e-06	1.848e-06	6.1079e-07	1.3284e-16
53.25	8.764e-10	2.4851e-06	1.8687e-06	6.1639e-07	1.3237e-16
53.26	8.9517e-10	2.5393e-06	1.9087e-06	6.3052e-07	1.3212e-16
53.27	8.9378e-10	2.5363e-06	1.9051e-06	6.3121e-07	1.3247e-16
53.28	8.7606e-10	2.4869e-06	1.8675e-06	6.1941e-07	1.3331e-16
53.29	8.6674e-10	2.4614e-06	1.8493e-06	6.1206e-07	1.3402e-16
53.3	8.7251e-10	2.4787e-06	1.8635e-06	6.1524e-07	1.3428e-16
53.31	8.7931e-10	2.499e-06	1.8785e-06	6.2044e-07	1.3437e-16
53.32	8.7806e-10	2.4963e-06	1.8755e-06	6.2087e-07	1.3463e-16
53.33	8.7241e-10	2.4812e-06	1.8636e-06	6.1761e-07	1.3486e-16
53.34	8.6653e-10	2.4654e-06	1.8524e-06	6.1302e-07	1.3474e-16
53.35	8.6206e-10	2.4536e-06	1.8443e-06	6.0935e-07	1.345e-16
53.36	8.6305e-10	2.4574e-06	1.8468e-06	6.1052e-07	1.3456e-16
53.37	8.6921e-10	2.4758e-06	1.86e-06	6.1586e-07	1.3489e-16
53.38	8.6961e-10	2.4779e-06	1.8614e-06	6.1645e-07	1.3516e-16
53.39	8.5815e-10	2.4462e-06	1.8383e-06	6.0787e-07	1.3541e-16
53.4	8.4861e-10	2.4199e-06	1.8189e-06	6.01e-07	1.359e-16
53.41	8.5592e-10	2.4416e-06	1.8346e-06	6.0698e-07	1.3657e-16
53.42	8.6822e-10	2.4776e-06	1.8611e-06	6.1653e-07	1.3699e-16
53.43	8.6135e-10	2.459e-06	1.8474e-06	6.116e-07	1.3707e-16
53.44	8.4004e-10	2.399e-06	1.8031e-06	5.9595e-07	1.3713e-16
53.45	8.3588e-10	2.388e-06	1.7949e-06	5.9317e-07	1.3732e-16
53.46	8.5689e-10	2.449e-06	1.84e-06	6.09e-07	1.3737e-16
53.47	8.6914e-10	2.4849e-06	1.8666e-06	6.1831e-07	1.3713e-16
53.48	8.4794e-10	2.4252e-06	1.8222e-06	6.0297e-07	1.3688e-16
53.49	8.2062e-10	2.3479e-06	1.7647e-06	5.832e-07	1.3684e-16
53.5	8.2775e-10	2.3692e-06	1.7805e-06	5.8872e-07	1.3685e-16
53.51	8.5858e-10	2.4584e-06	1.8468e-06	6.1155e-07	1.3679e-16
53.52	8.6412e-10	2.4752e-06	1.8594e-06	6.1581e-07	1.369e-16
53.53	8.3209e-10	2.3843e-06	1.7917e-06	5.9261e-07	1.3743e-16
53.54	8.0769e-10	2.3153e-06	1.7403e-06	5.7501e-07	1.3826e-16
53.55	8.2533e-10	2.3667e-06	1.7786e-06	5.8816e-07	1.3899e-16
53.56	8.5604e-10	2.4557e-06	1.8448e-06	6.1092e-07	1.3946e-16
53.57	8.5171e-10	2.4442e-06	1.836e-06	6.0816e-07	1.3965e-16
53.58	8.175e-10	2.3469e-06	1.7634e-06	5.8349e-07	1.3951e-16
53.59	8.0204e-10	2.3034e-06	1.7311e-06	5.7224e-07	1.3911e-16
53.6	8.2352e-10	2.3659e-06	1.7781e-06	5.878e-07	1.3875e-16
53.61	8.4581e-10	2.4309e-06	1.8266e-06	6.0427e-07	1.3865e-16
53.62	8.3609e-10	2.4039e-06	1.806e-06	5.9788e-07	1.3871e-16
53.63	8.1092e-10	2.3324e-06	1.7521e-06	5.803e-07	1.3873e-16
53.64	8.0449e-10	2.3147e-06	1.7389e-06	5.758e-07	1.3882e-16
53.65	8.1708e-10	2.3518e-06	1.7673e-06	5.8451e-07	1.3921e-16
53.66	8.2356e-10	2.3713e-06	1.7825e-06	5.8884e-07	1.3978e-16
53.67	8.1751e-10	2.3548e-06	1.77e-06	5.8486e-07	1.4017e-16
53.68	8.1446e-10	2.3469e-06	1.7631e-06	5.8378e-07	1.4027e-16
53.69	8.1663e-10	2.354e-06	1.7677e-06	5.8629e-07	1.4028e-16
53.7	8.0871e-10	2.3321e-06	1.7516e-06	5.8048e-07	1.4034e-16
53.71	7.9312e-10	2.288e-06	1.7197e-06	5.683e-07	1.4046e-16
53.72	7.9549e-10	2.2957e-06	1.7262e-06	5.695e-07	1.4064e-16
53.73	8.2e-10	2.3673e-06	1.7793e-06	5.8795e-07	1.4092e-16
53.74	8.3031e-10	2.3979e-06	1.801e-06	5.9689e-07	1.4112e-16
53.75	8.0178e-10	2.3164e-06	1.7392e-06	5.7718e-07	1.4111e-16
53.76	7.6798e-10	2.2196e-06	1.6672e-06	5.5238e-07	1.4102e-16
53.77	7.7799e-10	2.2493e-06	1.6908e-06	5.5855e-07	1.4115e-16
53.78	8.1997e-10	2.3716e-06	1.7832e-06	5.8844e-07	1.4143e-16
53.79	8.3206e-10	2.4075e-06	1.8095e-06	5.9794e-07	1.4155e-16
53.8	7.9276e-10	2.2946e-06	1.7236e-06	5.7101e-07	1.4143e-16
53.81	7.5547e-10	2.1875e-06	1.6424e-06	5.4504e-07	1.4137e-16
53.82	7.7116e-10	2.2337e-06	1.6776e-06	5.5611e-07	1.4154e-16
53.83	8.1407e-10	2.3589e-06	1.7729e-06	5.8598e-07	1.418e-16
53.84	8.2094e-10	2.3797e-06	1.7895e-06	5.9025e-07	1.4207e-16
53.85	7.8248e-10	2.2691e-06	1.7058e-06	5.6323e-07	1.4241e-16
53.86	7.5217e-10	2.182e-06	1.6389e-06	5.4311e-07	1.4277e-16
53.87	7.6704e-10	2.2259e-06	1.671e-06	5.5493e-07	1.4284e-16
53.88	8.0048e-10	2.3238e-06	1.7454e-06	5.7847e-07	1.4258e-16
53.89	8.0657e-10	2.3424e-06	1.7609e-06	5.8147e-07	1.4246e-16
53.9	7.8073e-10	2.2682e-06	1.7056e-06	5.6254e-07	1.428e-16
53.91	7.5601e-10	2.1972e-06	1.6511e-06	5.4605e-07	1.4334e-16
53.92	7.5667e-10	2.1999e-06	1.6519e-06	5.4799e-07	1.4365e-16
53.93	7.7601e-10	2.257e-06	1.6949e-06	5.6204e-07	1.4371e-16
53.94	7.918e-10	2.3038e-06	1.7312e-06	5.7258e-07	1.4375e-16
53.95	7.8788e-10	2.2932e-06	1.7237e-06	5.6948e-07	1.437e-16
53.96	7.6565e-10	2.2293e-06	1.6752e-06	5.5417e-07	1.4343e-16
53.97	7.4534e-10	2.171e-06	1.6309e-06	5.4014e-07	1.4321e-16
53.98	7.4942e-10	2.1837e-06	1.6408e-06	5.4292e-07	1.4351e-16
53.99	7.7457e-10	2.2578e-06	1.6969e-06	5.6093e-07	1.4422e-16
54	7.8901e-10	2.3008e-06	1.7286e-06	5.7211e-07	1.4472e-16
54.01	7.7117e-10	2.2496e-06	1.6894e-06	5.6015e-07	1.4477e-16
54.02	7.4155e-10	2.164e-06	1.6254e-06	5.3852e-07	1.4469e-16
54.03	7.3718e-10	2.152e-06	1.6177e-06	5.3426e-07	1.4478e-16
54.04	7.6007e-10	2.2196e-06	1.669e-06	5.5064e-07	1.448e-16
54.05	7.751e-10	2.2644e-06	1.7013e-06	5.6306e-07	1.4452e-16
54.06	7.6161e-10	2.2258e-06	1.6709e-06	5.549e-07	1.4431e-16
54.07	7.412e-10	2.1669e-06	1.6271e-06	5.3987e-07	1.4464e-16
54.08	7.4161e-10	2.1689e-06	1.6304e-06	5.3855e-07	1.4532e-16
54.09	7.5513e-10	2.2093e-06	1.6616e-06	5.4771e-07	1.457e-16
54.1	7.5505e-10	2.2099e-06	1.6609e-06	5.4902e-07	1.4563e-16
54.11	7.4027e-10	2.1674e-06	1.6273e-06	5.4008e-07	1.4564e-16
54.12	7.3568e-10	2.1548e-06	1.6178e-06	5.3699e-07	1.4616e-16
54.13	7.4947e-10	2.196e-06	1.6501e-06	5.459e-07	1.4685e-16
54.14	7.5743e-10	2.2201e-06	1.6691e-06	5.5098e-07	1.4712e-16
54.15	7.4106e-10	2.173e-06	1.6333e-06	5.3967e-07	1.4688e-16
54.16	7.197e-10	2.1111e-06	1.5859e-06	5.252e-07	1.467e-16
54.17	7.2427e-10	2.1253e-06	1.5962e-06	5.2907e-07	1.4689e-16
54.18	7.4983e-10	2.2011e-06	1.6534e-06	5.4767e-07	1.4716e-16
54.19	7.59e-10	2.2289e-06	1.6746e-06	5.5422e-07	1.471e-16
54.2	7.3464e-10	2.1581e-06	1.6218e-06	5.3635e-07	1.4693e-16
54.21	7.065e-10	2.0762e-06	1.5604e-06	5.1578e-07	1.4718e-16
54.22	7.1151e-10	2.0917e-06	1.5719e-06	5.1981e-07	1.4783e-16
54.23	7.4215e-10	2.1826e-06	1.6395e-06	5.4307e-07	1.482e-16
54.24	7.5558e-10	2.2229e-06	1.6694e-06	5.5356e-07	1.4793e-16
54.25	7.3188e-10	2.154e-06	1.618e-06	5.3596e-07	1.4752e-16
54.26	7.0089e-10	2.0635e-06	1.551e-06	5.125e-07	1.4773e-16
54.27	7.0131e-10	2.0655e-06	1.5528e-06	5.1272e-07	1.485e-16
54.28	7.2916e-10	2.1483e-06	1.6142e-06	5.3414e-07	1.4915e-16
54.29	7.4525e-10	2.1966e-06	1.6495e-06	5.4705e-07	1.4934e-16
54.3	7.2846e-10	2.1479e-06	1.613e-06	5.3488e-07	1.4944e-16
54.31	7.0129e-10	2.0685e-06	1.5542e-06	5.1428e-07	1.4976e-16
54.32	6.9674e-10	2.0558e-06	1.5454e-06	5.1047e-07	1.5014e-16
54.33	7.1547e-10	2.1119e-06	1.5874e-06	5.2453e-07	1.5032e-16
54.34	7.2924e-10	2.1533e-06	1.6179e-06	5.3545e-07	1.504e-16
54.35	7.2024e-10	2.1275e-06	1.5979e-06	5.2958e-07	1.5056e-16
54.36	7.0173e-10	2.0736e-06	1.5573e-06	5.1633e-07	1.5076e-16
54.37	6.968e-10	2.0598e-06	1.5473e-06	5.1247e-07	1.509e-16
54.38	7.0757e-10	2.0924e-06	1.5726e-06	5.1977e-07	1.5101e-16
54.39	7.1511e-10	2.1155e-06	1.5904e-06	5.2507e-07	1.5109e-16
54.4	7.0702e-10	2.0923e-06	1.5724e-06	5.1988e-07	1.5096e-16
54.41	6.9444e-10	2.0559e-06	1.5439e-06	5.1197e-07	1.5065e-16
54.42	6.9548e-10	2.0597e-06	1.5463e-06	5.1335e-07	1.5054e-16
54.43	7.0765e-10	2.0965e-06	1.5749e-06	5.2161e-07	1.5097e-16
54.44	7.0949e-10	2.1027e-06	1.5808e-06	5.2196e-07	1.5175e-16
54.45	6.9266e-10	2.0536e-06	1.544e-06	5.0963e-07	1.5253e-16
54.46	6.786e-10	2.0126e-06	1.5122e-06	5.0046e-07	1.5317e-16
54.47	6.8939e-10	2.0454e-06	1.5359e-06	5.0951e-07	1.5361e-16
54.48	7.1128e-10	2.1111e-06	1.5854e-06	5.2574e-07	1.5365e-16
54.49	7.0923e-10	2.1058e-06	1.5821e-06	5.2368e-07	1.5332e-16
54.5	6.7953e-10	2.0184e-06	1.517e-06	5.014e-07	1.5303e-16
54.51	6.616e-10	1.9658e-06	1.4775e-06	4.8833e-07	1.5303e-16
54.52	6.8261e-10	2.029e-06	1.5246e-06	5.0435e-07	1.53e-16
54.53	7.131e-10	2.1204e-06	1.5929e-06	5.2756e-07	1.5271e-16
54.54	7.0602e-10	2.1001e-06	1.5773e-06	5.2289e-07	1.5261e-16
54.55	6.6729e-10	1.9857e-06	1.4914e-06	4.9428e-07	1.5321e-16
54.56	6.5071e-10	1.937e-06	1.4556e-06	4.8148e-07	1.5409e-16
54.57	6.7921e-10	2.0226e-06	1.5204e-06	5.0219e-07	1.5443e-16
54.58	7.0948e-10	2.1135e-06	1.5884e-06	5.2516e-07	1.5444e-16
54.59	6.9566e-10	2.0731e-06	1.5571e-06	5.1604e-07	1.5492e-16
54.6	6.5727e-10	1.9594e-06	1.4713e-06	4.881e-07	1.5575e-16
54.61	6.4881e-10	1.9349e-06	1.4536e-06	4.8127e-07	1.5575e-16
54.62	6.7806e-10	2.0229e-06	1.5205e-06	5.0238e-07	1.5474e-16
54.63	6.9738e-10	2.0813e-06	1.5642e-06	5.1714e-07	1.541e-16
54.64	6.7795e-10	2.024e-06	1.5203e-06	5.0374e-07	1.5489e-16
54.65	6.5101e-10	1.9443e-06	1.4602e-06	4.8407e-07	1.5623e-16
54.66	6.5571e-10	1.9591e-06	1.4721e-06	4.8701e-07	1.5673e-16
54.67	6.7881e-10	2.0288e-06	1.5249e-06	5.0392e-07	1.5651e-16
54.68	6.7945e-10	2.0315e-06	1.5263e-06	5.052e-07	1.5668e-16
54.69	6.5561e-10	1.9609e-06	1.4725e-06	4.8845e-07	1.5735e-16
54.7	6.4582e-10	1.9324e-06	1.4513e-06	4.8102e-07	1.5768e-16
54.71	6.654e-10	1.9917e-06	1.4971e-06	4.9461e-07	1.5754e-16
54.72	6.8067e-10	2.0381e-06	1.5324e-06	5.0577e-07	1.5771e-16
54.73	6.6289e-10	1.9856e-06	1.4918e-06	4.938e-07	1.5845e-16
54.74	6.3592e-10	1.9055e-06	1.4304e-06	4.7513e-07	1.5907e-16
54.75	6.4039e-10	1.9196e-06	1.4413e-06	4.7836e-07	1.5924e-16
54.76	6.6934e-10	2.0071e-06	1.5085e-06	4.9856e-07	1.5956e-16
54.77	6.7707e-10	2.0311e-06	1.5275e-06	5.036e-07	1.6032e-16
54.78	6.495e-10	1.9491e-06	1.465e-06	4.8408e-07	1.6097e-16
54.79	6.2644e-10	1.8805e-06	1.4119e-06	4.6864e-07	1.6114e-16
54.8	6.4029e-10	1.9228e-06	1.4432e-06	4.7959e-07	1.6145e-16
54.81	6.663e-10	2.0017e-06	1.5036e-06	4.9803e-07	1.6235e-16
54.82	6.6213e-10	1.9899e-06	1.4961e-06	4.9378e-07	1.6326e-16
54.83	6.3416e-10	1.9065e-06	1.4334e-06	4.7305e-07	1.6349e-16
54.84	6.2588e-10	1.8823e-06	1.4141e-06	4.6817e-07	1.6347e-16
54.85	6.4774e-10	1.9488e-06	1.4631e-06	4.8566e-07	1.6398e-16
54.86	6.6104e-10	1.9895e-06	1.4938e-06	4.9569e-07	1.6491e-16
54.87	6.4129e-10	1.9307e-06	1.4505e-06	4.802e-07	1.656e-16
54.88	6.1833e-10	1.8623e-06	1.3999e-06	4.6239e-07	1.6609e-16
54.89	6.2797e-10	1.892e-06	1.4223e-06	4.6973e-07	1.6687e-16
54.9	6.5361e-10	1.97e-06	1.4802e-06	4.8984e-07	1.6769e-16
54.91	6.5249e-10	1.9673e-06	1.4772e-06	4.901e-07	1.6776e-16
54.92	6.2413e-10	1.8825e-06	1.4133e-06	4.6922e-07	1.6714e-16
54.93	6.1075e-10	1.8428e-06	1.3844e-06	4.5843e-07	1.6687e-16
54.94	6.3e-10	1.9016e-06	1.4298e-06	4.7184e-07	1.6753e-16
54.95	6.4871e-10	1.9588e-06	1.4728e-06	4.8603e-07	1.6864e-16
54.96	6.3709e-10	1.9244e-06	1.4455e-06	4.7891e-07	1.6964e-16
54.97	6.1399e-10	1.8553e-06	1.3923e-06	4.6294e-07	1.7063e-16
54.98	6.1332e-10	1.8539e-06	1.392e-06	4.6195e-07	1.7178e-16
54.99	6.3075e-10	1.9073e-06	1.4339e-06	4.7342e-07	1.727e-16
55	6.3533e-10	1.9219e-06	1.4454e-06	4.7645e-07	1.7312e-16
55.01	6.2051e-10	1.8777e-06	1.4108e-06	4.669e-07	1.7349e-16
55.02	6.1023e-10	1.8473e-06	1.3865e-06	4.6081e-07	1.7427e-16
55.03	6.1709e-10	1.8687e-06	1.403e-06	4.6571e-07	1.7515e-16
55.04	6.2513e-10	1.8938e-06	1.4234e-06	4.704e-07	1.7551e-16
55.05	6.2015e-10	1.8794e-06	1.413e-06	4.6641e-07	1.7542e-16
55.06	6.1124e-10	1.853e-06	1.3921e-06	4.609e-07	1.755e-16
55.07	6.1108e-10	1.8532e-06	1.3916e-06	4.6159e-07	1.7614e-16
55.08	6.1497e-10	1.8657e-06	1.4016e-06	4.6405e-07	1.7726e-16
55.09	6.1315e-10	1.8609e-06	1.3985e-06	4.6236e-07	1.7862e-16
55.1	6.0874e-10	1.8481e-06	1.3882e-06	4.5997e-07	1.7997e-16
55.11	6.0879e-10	1.849e-06	1.3881e-06	4.6085e-07	1.8086e-16
55.12	6.0967e-10	1.8523e-06	1.3917e-06	4.6063e-07	1.8106e-16
55.13	6.0569e-10	1.8409e-06	1.3846e-06	4.5625e-07	1.8095e-16
55.14	6.0242e-10	1.8316e-06	1.377e-06	4.5458e-07	1.812e-16
55.15	6.0605e-10	1.8433e-06	1.3833e-06	4.5998e-07	1.8204e-16
55.16	6.0842e-10	1.8512e-06	1.3884e-06	4.6278e-07	1.8313e-16
55.17	5.9988e-10	1.8259e-06	1.3718e-06	4.5403e-07	1.8411e-16
55.18	5.9026e-10	1.7972e-06	1.3529e-06	4.4432e-07	1.8486e-16
55.19	5.9624e-10	1.8161e-06	1.3661e-06	4.5e-07	1.8533e-16
55.2	6.1071e-10	1.8609e-06	1.3963e-06	4.6453e-07	1.8557e-16
55.21	6.0852e-10	1.8549e-06	1.3906e-06	4.6427e-07	1.8594e-16
55.22	5.8677e-10	1.7892e-06	1.3438e-06	4.4541e-07	1.8674e-16
55.23	5.7458e-10	1.7527e-06	1.3191e-06	4.3361e-07	1.8776e-16
55.24	5.904e-10	1.8016e-06	1.3552e-06	4.4641e-07	1.8852e-16
55.25	6.1133e-10	1.8661e-06	1.401e-06	4.6516e-07	1.8892e-16
55.26	6.0547e-10	1.8489e-06	1.3871e-06	4.6182e-07	1.893e-16
55.27	5.7967e-10	1.7708e-06	1.33e-06	4.4082e-07	1.8985e-16
55.28	5.6903e-10	1.7389e-06	1.3074e-06	4.3148e-07	1.9037e-16
55.29	5.845e-10	1.7868e-06	1.3429e-06	4.4388e-07	1.9077e-16
55.3	5.995e-10	1.8333e-06	1.3769e-06	4.5643e-07	1.9126e-16
55.31	5.9276e-10	1.8134e-06	1.3621e-06	4.5127e-07	1.9195e-16
55.32	5.7779e-10	1.7682e-06	1.3287e-06	4.3946e-07	1.9263e-16
55.33	5.7615e-10	1.7638e-06	1.325e-06	4.3882e-07	1.9315e-16
55.34	5.8305e-10	1.7856e-06	1.3406e-06	4.4502e-07	1.9359e-16
55.35	5.808e-10	1.7793e-06	1.3364e-06	4.4294e-07	1.9399e-16
55.36	5.7235e-10	1.7541e-06	1.3188e-06	4.3528e-07	1.9423e-16
55.37	5.7515e-10	1.7633e-06	1.3258e-06	4.3755e-07	1.9439e-16
55.38	5.8654e-10	1.7989e-06	1.3508e-06	4.481e-07	1.9483e-16
55.39	5.8394e-10	1.7915e-06	1.3443e-06	4.4728e-07	1.956e-16
55.4	5.642e-10	1.7316e-06	1.3005e-06	4.3109e-07	1.9624e-16
55.41	5.5515e-10	1.7045e-06	1.2819e-06	4.225e-07	1.965e-16
55.42	5.7275e-10	1.7591e-06	1.3228e-06	4.3639e-07	1.9668e-16
55.43	5.9086e-10	1.8154e-06	1.363e-06	4.5238e-07	1.972e-16
55.44	5.7827e-10	1.7774e-06	1.3336e-06	4.4377e-07	1.9797e-16
55.45	5.4982e-10	1.6905e-06	1.2698e-06	4.2077e-07	1.9861e-16
55.46	5.4758e-10	1.6843e-06	1.2666e-06	4.1765e-07	1.9906e-16
55.47	5.7548e-10	1.7707e-06	1.3312e-06	4.3952e-07	1.9945e-16
55.48	5.8968e-10	1.815e-06	1.363e-06	4.5209e-07	1.9976e-16
55.49	5.6492e-10	1.7395e-06	1.3056e-06	4.3384e-07	2.0004e-16
55.5	5.3568e-10	1.65e-06	1.2393e-06	4.1073e-07	2.0056e-16
55.51	5.4537e-10	1.6805e-06	1.2631e-06	4.1742e-07	2.0147e-16
55.52	5.7935e-10	1.7858e-06	1.3422e-06	4.4367e-07	2.0241e-16
55.53	5.8556e-10	1.8056e-06	1.3566e-06	4.4906e-07	2.0299e-16
55.54	5.5246e-10	1.7042e-06	1.2801e-06	4.2411e-07	2.0341e-16
55.55	5.2614e-10	1.6236e-06	1.2193e-06	4.0426e-07	2.0402e-16
55.56	5.4198e-10	1.673e-06	1.2563e-06	4.167e-07	2.0459e-16
55.57	5.7474e-10	1.7748e-06	1.3332e-06	4.4159e-07	2.0467e-16
55.58	5.7786e-10	1.7851e-06	1.3418e-06	4.4331e-07	2.0443e-16
55.59	5.4863e-10	1.6954e-06	1.2745e-06	4.2087e-07	2.0463e-16
55.6	5.2616e-10	1.6265e-06	1.2217e-06	4.0484e-07	2.0555e-16
55.61	5.3503e-10	1.6546e-06	1.2417e-06	4.1285e-07	2.0666e-16
55.62	5.5826e-10	1.727e-06	1.2967e-06	4.3036e-07	2.0756e-16
55.63	5.6656e-10	1.7533e-06	1.3179e-06	4.3542e-07	2.0836e-16
55.64	5.5314e-10	1.7124e-06	1.2877e-06	4.2475e-07	2.0917e-16
55.65	5.3366e-10	1.6527e-06	1.2417e-06	4.1099e-07	2.0966e-16
55.66	5.26e-10	1.6296e-06	1.2233e-06	4.0631e-07	2.0972e-16
55.67	5.3601e-10	1.6612e-06	1.2473e-06	4.1388e-07	2.0985e-16
55.68	5.5336e-10	1.7156e-06	1.289e-06	4.2653e-07	2.1049e-16
55.69	5.5834e-10	1.7316e-06	1.3012e-06	4.3038e-07	2.1131e-16
55.7	5.4194e-10	1.6814e-06	1.2631e-06	4.1831e-07	2.1181e-16
55.71	5.2063e-10	1.6158e-06	1.2139e-06	4.0195e-07	2.1208e-16
55.72	5.1964e-10	1.6133e-06	1.2124e-06	4.0094e-07	2.126e-16
55.73	5.3936e-10	1.6751e-06	1.2585e-06	4.1666e-07	2.1348e-16
55.74	5.5273e-10	1.7173e-06	1.2892e-06	4.281e-07	2.1447e-16
55.75	5.422e-10	1.6852e-06	1.2651e-06	4.2012e-07	2.1545e-16
55.76	5.2316e-10	1.6266e-06	1.2224e-06	4.0417e-07	2.1639e-16
55.77	5.1928e-10	1.6151e-06	1.2148e-06	4.0035e-07	2.1706e-16
55.78	5.2877e-10	1.6452e-06	1.2364e-06	4.0884e-07	2.1726e-16
55.79	5.3289e-10	1.6586e-06	1.2447e-06	4.1393e-07	2.1736e-16
55.8	5.2815e-10	1.6445e-06	1.234e-06	4.1051e-07	2.1788e-16
55.81	5.276e-10	1.6433e-06	1.2348e-06	4.0858e-07	2.1884e-16
55.82	5.3262e-10	1.6596e-06	1.248e-06	4.1155e-07	2.1978e-16
55.83	5.2806e-10	1.6459e-06	1.237e-06	4.0894e-07	2.2054e-16
55.84	5.1159e-10	1.5952e-06	1.1977e-06	3.975e-07	2.2142e-16
55.85	5.0541e-10	1.5765e-06	1.1837e-06	3.9276e-07	2.2255e-16
55.86	5.234e-10	1.6332e-06	1.227e-06	4.0616e-07	2.2361e-16
55.87	5.4353e-10	1.6966e-06	1.2745e-06	4.2206e-07	2.2441e-16
55.88	5.3463e-10	1.6694e-06	1.2536e-06	4.1587e-07	2.2505e-16
55.89	5.0308e-10	1.5715e-06	1.1805e-06	3.91e-07	2.2567e-16
55.9	4.8849e-10	1.5264e-06	1.1478e-06	3.7861e-07	2.2614e-16
55.91	5.1e-10	1.5942e-06	1.1985e-06	3.9572e-07	2.2645e-16
55.92	5.3873e-10	1.6846e-06	1.2644e-06	4.2026e-07	2.2688e-16
55.93	5.3635e-10	1.6778e-06	1.2581e-06	4.1967e-07	2.2765e-16
55.94	5.0597e-10	1.5833e-06	1.189e-06	3.9432e-07	2.2878e-16
55.95	4.8607e-10	1.5216e-06	1.1453e-06	3.7629e-07	2.3028e-16
55.96	4.9854e-10	1.5612e-06	1.1748e-06	3.864e-07	2.3218e-16
55.97	5.228e-10	1.6377e-06	1.2292e-06	4.0855e-07	2.3417e-16
55.98	5.2665e-10	1.6504e-06	1.2368e-06	4.1356e-07	2.3578e-16
55.99	5.0784e-10	1.592e-06	1.1949e-06	3.9715e-07	2.369e-16
56	4.9182e-10	1.5424e-06	1.1606e-06	3.8174e-07	2.378e-16
56.01	4.9542e-10	1.5542e-06	1.1697e-06	3.8447e-07	2.3849e-16
56.02	5.0806e-10	1.5944e-06	1.1973e-06	3.971e-07	2.3865e-16
56.03	5.1104e-10	1.6043e-06	1.203e-06	4.0135e-07	2.3842e-16
56.04	5.0266e-10	1.5786e-06	1.1848e-06	3.9379e-07	2.386e-16
56.05	4.958e-10	1.5576e-06	1.1712e-06	3.8643e-07	2.3972e-16
56.06	4.9723e-10	1.5626e-06	1.1752e-06	3.874e-07	2.4133e-16
56.07	5.002e-10	1.5725e-06	1.1812e-06	3.9136e-07	2.4276e-16
56.08	4.9748e-10	1.5646e-06	1.1742e-06	3.9038e-07	2.4406e-16
56.09	4.9264e-10	1.5499e-06	1.1637e-06	3.8616e-07	2.4565e-16
56.1	4.934e-10	1.5528e-06	1.167e-06	3.8584e-07	2.4735e-16
56.11	4.9862e-10	1.5698e-06	1.1799e-06	3.8989e-07	2.4856e-16
56.12	4.9873e-10	1.5707e-06	1.1799e-06	3.9079e-07	2.4922e-16
56.13	4.8964e-10	1.5427e-06	1.1582e-06	3.8443e-07	2.4979e-16
56.14	4.8076e-10	1.5152e-06	1.1376e-06	3.7759e-07	2.5039e-16
56.15	4.8424e-10	1.5267e-06	1.1469e-06	3.7984e-07	2.5069e-16
56.16	4.9717e-10	1.568e-06	1.1786e-06	3.8943e-07	2.5081e-16
56.17	5.0162e-10	1.5826e-06	1.1896e-06	3.9302e-07	2.5135e-16
56.18	4.8734e-10	1.5381e-06	1.1553e-06	3.8285e-07	2.5256e-16
56.19	4.6926e-10	1.4816e-06	1.1118e-06	3.698e-07	2.5399e-16
56.2	4.7139e-10	1.4889e-06	1.1175e-06	3.7139e-07	2.5522e-16
56.21	4.9283e-10	1.5571e-06	1.1703e-06	3.8686e-07	2.5638e-16
56.22	5.0406e-10	1.5932e-06	1.1984e-06	3.9473e-07	2.575e-16
56.23	4.8616e-10	1.5371e-06	1.1555e-06	3.8164e-07	2.5819e-16
56.24	4.6071e-10	1.4572e-06	1.0935e-06	3.637e-07	2.5824e-16
56.25	4.6242e-10	1.4631e-06	1.0973e-06	3.6585e-07	2.5811e-16
56.26	4.8853e-10	1.5463e-06	1.1612e-06	3.8509e-07	2.5836e-16
56.27	5.0032e-10	1.5842e-06	1.1915e-06	3.9269e-07	2.5896e-16
56.28	4.7921e-10	1.5179e-06	1.1418e-06	3.761e-07	2.5962e-16
56.29	4.5513e-10	1.4421e-06	1.0833e-06	3.5884e-07	2.6044e-16
56.3	4.6202e-10	1.4645e-06	1.0987e-06	3.6581e-07	2.617e-16
56.31	4.8669e-10	1.5432e-06	1.1579e-06	3.8526e-07	2.6323e-16
56.32	4.8971e-10	1.5533e-06	1.1668e-06	3.8649e-07	2.6456e-16
56.33	4.6632e-10	1.4797e-06	1.1126e-06	3.6708e-07	2.6537e-16
56.34	4.5239e-10	1.436e-06	1.0798e-06	3.5622e-07	2.6564e-16
56.35	4.6713e-10	1.4833e-06	1.1143e-06	3.6899e-07	2.6545e-16
56.36	4.8397e-10	1.5373e-06	1.1537e-06	3.8357e-07	2.6507e-16
56.37	4.7468e-10	1.5083e-06	1.1317e-06	3.7659e-07	2.6495e-16
56.38	4.5428e-10	1.444e-06	1.0844e-06	3.5957e-07	2.6528e-16
56.39	4.5488e-10	1.4465e-06	1.0876e-06	3.5884e-07	2.6575e-16
56.4	4.728e-10	1.504e-06	1.131e-06	3.7292e-07	2.6609e-16
56.41	4.7563e-10	1.5135e-06	1.137e-06	3.7653e-07	2.6651e-16
56.42	4.5668e-10	1.4537e-06	1.0907e-06	3.6301e-07	2.6723e-16
56.43	4.4643e-10	1.4216e-06	1.0666e-06	3.5494e-07	2.6788e-16
56.44	4.6185e-10	1.4712e-06	1.1053e-06	3.6588e-07	2.6799e-16
56.45	4.7697e-10	1.5199e-06	1.143e-06	3.7689e-07	2.6782e-16
56.46	4.6422e-10	1.4798e-06	1.1125e-06	3.6733e-07	2.6793e-16
56.47	4.4034e-10	1.4042e-06	1.0543e-06	3.4987e-07	2.6829e-16
56.48	4.4157e-10	1.4086e-06	1.0569e-06	3.5168e-07	2.6835e-16
56.49	4.661e-10	1.4874e-06	1.1167e-06	3.7069e-07	2.681e-16
56.5	4.7559e-10	1.5182e-06	1.141e-06	3.7724e-07	2.6806e-16
56.51	4.5417e-10	1.4503e-06	1.0904e-06	3.6e-07	2.6831e-16
56.52	4.3281e-10	1.3826e-06	1.0388e-06	3.4383e-07	2.6835e-16
56.53	4.4117e-10	1.4098e-06	1.0583e-06	3.5148e-07	2.6794e-16
56.54	4.6306e-10	1.4803e-06	1.1112e-06	3.6909e-07	2.6744e-16
56.55	4.6373e-10	1.483e-06	1.1139e-06	3.6903e-07	2.6695e-16
56.56	4.4376e-10	1.4196e-06	1.0669e-06	3.5266e-07	2.6606e-16
56.57	4.3487e-10	1.3917e-06	1.0457e-06	3.4594e-07	2.6474e-16
56.58	4.4775e-10	1.4334e-06	1.0764e-06	3.5702e-07	2.6378e-16
56.59	4.569e-10	1.4632e-06	1.0985e-06	3.6465e-07	2.6365e-16
56.6	4.4479e-10	1.4249e-06	1.0703e-06	3.5465e-07	2.6369e-16
56.61	4.3112e-10	1.3816e-06	1.0381e-06	3.4347e-07	2.6321e-16
56.62	4.392e-10	1.408e-06	1.0578e-06	3.5023e-07	2.6256e-16
56.63	4.5566e-10	1.4613e-06	1.0974e-06	3.6387e-07	2.6238e-16
56.64	4.512e-10	1.4475e-06	1.0871e-06	3.6036e-07	2.6227e-16
56.65	4.293e-10	1.3777e-06	1.035e-06	3.4268e-07	2.6129e-16
56.66	4.2255e-10	1.3565e-06	1.019e-06	3.3753e-07	2.5951e-16
56.67	4.4075e-10	1.4155e-06	1.0628e-06	3.5263e-07	2.5791e-16
56.68	4.5466e-10	1.4606e-06	1.0969e-06	3.6376e-07	2.569e-16
56.69	4.4202e-10	1.4205e-06	1.0675e-06	3.5306e-07	2.5591e-16
56.7	4.2209e-10	1.357e-06	1.02e-06	3.3701e-07	2.5468e-16
56.71	4.2382e-10	1.363e-06	1.0236e-06	3.3941e-07	2.5371e-16
56.72	4.405e-10	1.4172e-06	1.0633e-06	3.5381e-07	2.5326e-16
56.73	4.433e-10	1.4267e-06	1.071e-06	3.5567e-07	2.5275e-16
56.74	4.2844e-10	1.3793e-06	1.0369e-06	3.4239e-07	2.5169e-16
56.75	4.2046e-10	1.3541e-06	1.0185e-06	3.3561e-07	2.5042e-16
56.76	4.2993e-10	1.3851e-06	1.0405e-06	3.4464e-07	2.4949e-16
56.77	4.3776e-10	1.4108e-06	1.0582e-06	3.526e-07	2.4881e-16
56.78	4.2945e-10	1.3845e-06	1.0387e-06	3.4586e-07	2.4795e-16
56.79	4.1861e-10	1.3501e-06	1.0145e-06	3.3558e-07	2.4679e-16
56.8	4.2174e-10	1.3606e-06	1.0236e-06	3.3707e-07	2.4546e-16
56.81	4.3053e-10	1.3895e-06	1.0446e-06	3.4489e-07	2.4396e-16
56.82	4.2841e-10	1.3831e-06	1.0383e-06	3.4485e-07	2.4244e-16
56.83	4.1943e-10	1.3546e-06	1.0161e-06	3.3854e-07	2.4126e-16
56.84	4.1876e-10	1.3529e-06	1.0154e-06	3.3754e-07	2.4036e-16
56.85	4.2449e-10	1.3719e-06	1.0309e-06	3.4102e-07	2.3915e-16
56.86	4.224e-10	1.3656e-06	1.027e-06	3.3862e-07	2.3739e-16
56.87	4.1392e-10	1.3387e-06	1.0065e-06	3.3219e-07	2.3576e-16
56.88	4.1468e-10	1.3416e-06	1.0075e-06	3.3416e-07	2.35e-16
56.89	4.2462e-10	1.3743e-06	1.0308e-06	3.4347e-07	2.3476e-16
56.9	4.2478e-10	1.3753e-06	1.0317e-06	3.436e-07	2.3415e-16
56.91	4.1023e-10	1.3286e-06	9.9813e-07	3.3049e-07	2.3302e-16
56.92	4.0206e-10	1.3026e-06	9.8001e-07	3.2262e-07	2.3197e-16
56.93	4.1378e-10	1.3411e-06	1.0086e-06	3.3246e-07	2.3117e-16
56.94	4.2696e-10	1.3843e-06	1.0393e-06	3.4492e-07	2.301e-16
56.95	4.1943e-10	1.3603e-06	1.02e-06	3.4028e-07	2.2857e-16
56.96	4.0121e-10	1.3017e-06	9.7645e-07	3.2524e-07	2.2712e-16
56.97	3.9865e-10	1.2938e-06	9.7218e-07	3.2167e-07	2.261e-16
56.98	4.1267e-10	1.3398e-06	1.0079e-06	3.3198e-07	2.2526e-16
56.99	4.1932e-10	1.3619e-06	1.0241e-06	3.378e-07	2.2428e-16
57	4.0932e-10	1.3299e-06	9.9872e-07	3.3117e-07	2.2331e-16
57.01	4.0018e-10	1.3006e-06	9.7561e-07	3.2503e-07	2.2249e-16
57.02	4.0387e-10	1.3131e-06	9.8497e-07	3.2814e-07	2.2164e-16
57.03	4.0827e-10	1.3279e-06	9.9725e-07	3.3063e-07	2.2054e-16
57.04	4.0244e-10	1.3094e-06	9.8472e-07	3.2464e-07	2.1932e-16
57.05	3.9775e-10	1.2945e-06	9.7382e-07	3.2072e-07	2.1813e-16
57.06	4.0566e-10	1.3208e-06	9.9219e-07	3.2857e-07	2.1694e-16
57.07	4.1263e-10	1.3439e-06	1.008e-06	3.3595e-07	2.1586e-16
57.08	4.0119e-10	1.3071e-06	9.8016e-07	3.2697e-07	2.1517e-16
57.09	3.8418e-10	1.2521e-06	9.4035e-07	3.1179e-07	2.1473e-16
57.1	3.8911e-10	1.2687e-06	9.5432e-07	3.1434e-07	2.1406e-16
57.11	4.1166e-10	1.3427e-06	1.0099e-06	3.3277e-07	2.131e-16
57.12	4.164e-10	1.3586e-06	1.0204e-06	3.3816e-07	2.125e-16
57.13	3.915e-10	1.2778e-06	9.5848e-07	3.1933e-07	2.1246e-16
57.14	3.7186e-10	1.2141e-06	9.107e-07	3.0341e-07	2.1218e-16
57.15	3.8772e-10	1.2663e-06	9.5108e-07	3.1525e-07	2.1094e-16
57.16	4.1558e-10	1.3578e-06	1.0209e-06	3.3693e-07	2.093e-16
57.17	4.1125e-10	1.3441e-06	1.0107e-06	3.3341e-07	2.0825e-16
57.18	3.783e-10	1.2369e-06	9.2925e-07	3.0761e-07	2.0772e-16
57.19	3.6521e-10	1.1945e-06	8.9626e-07	2.9823e-07	2.0687e-16
57.2	3.9204e-10	1.2827e-06	9.6215e-07	3.2052e-07	2.0564e-16
57.21	4.1819e-10	1.3687e-06	1.0277e-06	3.4104e-07	2.0498e-16
57.22	4.0263e-10	1.3183e-06	9.9109e-07	3.2717e-07	2.0523e-16
57.23	3.6599e-10	1.1987e-06	9.0158e-07	2.9714e-07	2.0552e-16
57.24	3.6046e-10	1.181e-06	8.8713e-07	2.9388e-07	2.05e-16
57.25	3.9285e-10	1.2876e-06	9.6588e-07	3.2171e-07	2.0403e-16
57.26	4.1577e-10	1.3632e-06	1.0227e-06	3.4049e-07	2.0342e-16
57.27	3.9713e-10	1.3025e-06	9.7843e-07	3.241e-07	2.0324e-16
57.28	3.6355e-10	1.1928e-06	8.9704e-07	2.9578e-07	2.0284e-16
57.29	3.5868e-10	1.1772e-06	8.8494e-07	2.9231e-07	2.0194e-16
57.3	3.8346e-10	1.259e-06	9.4511e-07	3.139e-07	2.0089e-16
57.31	4.0199e-10	1.3203e-06	9.9051e-07	3.2979e-07	2.0016e-16
57.32	3.9344e-10	1.2927e-06	9.7038e-07	3.2229e-07	1.9986e-16
57.33	3.7292e-10	1.2257e-06	9.2118e-07	3.0451e-07	1.9989e-16
57.34	3.6353e-10	1.1953e-06	8.987e-07	2.9656e-07	1.9996e-16
57.35	3.6949e-10	1.2153e-06	9.1294e-07	3.0232e-07	1.9979e-16
57.36	3.8057e-10	1.2522e-06	9.3958e-07	3.1258e-07	1.9934e-16
57.37	3.869e-10	1.2734e-06	9.5541e-07	3.18e-07	1.989e-16
57.38	3.8327e-10	1.2619e-06	9.4781e-07	3.1408e-07	1.9862e-16
57.39	3.7104e-10	1.2221e-06	9.1897e-07	3.031e-07	1.9831e-16
57.4	3.6112e-10	1.1898e-06	8.9448e-07	2.9533e-07	1.9783e-16
57.41	3.6493e-10	1.2028e-06	9.0283e-07	2.9994e-07	1.9741e-16
57.42	3.7784e-10	1.2458e-06	9.343e-07	3.1147e-07	1.9723e-16
57.43	3.8228e-10	1.2608e-06	9.4641e-07	3.1443e-07	1.9708e-16
57.44	3.7205e-10	1.2275e-06	9.2282e-07	3.0472e-07	1.9672e-16
57.45	3.6151e-10	1.1932e-06	8.9729e-07	2.9589e-07	1.9641e-16
57.46	3.632e-10	1.1992e-06	9.0067e-07	2.9849e-07	1.9653e-16
57.47	3.6955e-10	1.2205e-06	9.1576e-07	3.0479e-07	1.9684e-16
57.48	3.6837e-10	1.2171e-06	9.1342e-07	3.0365e-07	1.9673e-16
57.49	3.6407e-10	1.2033e-06	9.0392e-07	2.9937e-07	1.9609e-16
57.5	3.6706e-10	1.2136e-06	9.1192e-07	3.0167e-07	1.9545e-16
57.51	3.7129e-10	1.228e-06	9.2245e-07	3.0555e-07	1.9512e-16
57.52	3.6338e-10	1.2023e-06	9.0304e-07	2.9922e-07	1.9489e-16
57.53	3.5015e-10	1.1589e-06	8.7059e-07	2.883e-07	1.9462e-16
57.54	3.5313e-10	1.1691e-06	8.7793e-07	2.9121e-07	1.9459e-16
57.55	3.7215e-10	1.2326e-06	9.2491e-07	3.0766e-07	1.9492e-16
57.56	3.7903e-10	1.2558e-06	9.4253e-07	3.1326e-07	1.9517e-16
57.57	3.591e-10	1.1902e-06	8.9446e-07	2.9569e-07	1.9492e-16
57.58	3.3755e-10	1.1191e-06	8.4188e-07	2.7726e-07	1.9441e-16
57.59	3.448e-10	1.1435e-06	8.592e-07	2.8435e-07	1.9418e-16
57.6	3.7058e-10	1.2295e-06	9.2206e-07	3.0746e-07	1.9437e-16
57.61	3.7791e-10	1.2542e-06	9.4044e-07	3.138e-07	1.9468e-16
57.62	3.5653e-10	1.1837e-06	8.8914e-07	2.9455e-07	1.9492e-16
57.63	3.3612e-10	1.1163e-06	8.3998e-07	2.7635e-07	1.9506e-16
57.64	3.4199e-10	1.1362e-06	8.5431e-07	2.819e-07	1.9498e-16
57.65	3.6138e-10	1.2011e-06	9.0125e-07	2.9982e-07	1.9459e-16
57.66	3.6639e-10	1.2181e-06	9.1335e-07	3.0476e-07	1.9411e-16
57.67	3.5332e-10	1.1751e-06	8.8208e-07	2.93e-07	1.9401e-16
57.68	3.4205e-10	1.138e-06	8.5554e-07	2.8247e-07	1.9442e-16
57.69	3.4447e-10	1.1465e-06	8.6193e-07	2.8453e-07	1.951e-16
57.7	3.5165e-10	1.1707e-06	8.7919e-07	2.9155e-07	1.9569e-16
57.71	3.5186e-10	1.1718e-06	8.7936e-07	2.9249e-07	1.9597e-16
57.72	3.468e-10	1.1554e-06	8.6729e-07	2.8811e-07	1.9574e-16
57.73	3.4486e-10	1.1493e-06	8.6339e-07	2.8594e-07	1.9496e-16
57.74	3.4735e-10	1.158e-06	8.7015e-07	2.8789e-07	1.9402e-16
57.75	3.4822e-10	1.1613e-06	8.723e-07	2.8904e-07	1.9371e-16
57.76	3.4398e-10	1.1476e-06	8.6162e-07	2.8598e-07	1.9456e-16
57.77	3.3875e-10	1.1305e-06	8.4884e-07	2.8171e-07	1.9633e-16
57.78	3.3907e-10	1.132e-06	8.5025e-07	2.8176e-07	1.9804e-16
57.79	3.4525e-10	1.153e-06	8.6619e-07	2.8683e-07	1.9851e-16
57.8	3.4925e-10	1.1668e-06	8.7632e-07	2.9047e-07	1.971e-16
57.81	3.4356e-10	1.1482e-06	8.6203e-07	2.8613e-07	1.9437e-16
57.82	3.3249e-10	1.1115e-06	8.3455e-07	2.77e-07	1.9215e-16
57.83	3.2966e-10	1.1025e-06	8.2807e-07	2.7441e-07	1.9242e-16
57.84	3.3999e-10	1.1374e-06	8.5453e-07	2.829e-07	1.9555e-16
57.85	3.4971e-10	1.1704e-06	8.7906e-07	2.913e-07	1.9957e-16
57.86	3.4322e-10	1.149e-06	8.6269e-07	2.8632e-07	2.0154e-16
57.87	3.2683e-10	1.0945e-06	8.2172e-07	2.7281e-07	1.9996e-16
57.88	3.2284e-10	1.0816e-06	8.1222e-07	2.6934e-07	1.9602e-16
57.89	3.3736e-10	1.1306e-06	8.4923e-07	2.8134e-07	1.9266e-16
57.9	3.4879e-10	1.1693e-06	8.7829e-07	2.9101e-07	1.9205e-16
57.91	3.3836e-10	1.1347e-06	8.5223e-07	2.8249e-07	1.94e-16
57.92	3.195e-10	1.0719e-06	8.0496e-07	2.6689e-07	1.9651e-16
57.93	3.1954e-10	1.0723e-06	8.0522e-07	2.6711e-07	1.9777e-16
57.94	3.3814e-10	1.1351e-06	8.5227e-07	2.8288e-07	1.9751e-16
57.95	3.4627e-10	1.1629e-06	8.7317e-07	2.8969e-07	1.9657e-16
57.96	3.3009e-10	1.1089e-06	8.3296e-07	2.7592e-07	1.9578e-16
57.97	3.1302e-10	1.0519e-06	7.9035e-07	2.6156e-07	1.9544e-16
57.98	3.2017e-10	1.0763e-06	8.0838e-07	2.6794e-07	1.9561e-16
57.99	3.3902e-10	1.1401e-06	8.558e-07	2.8427e-07	1.9629e-16
58	3.3874e-10	1.1395e-06	8.5538e-07	2.8414e-07	1.9715e-16
58.01	3.1905e-10	1.0737e-06	8.0639e-07	2.6727e-07	1.9758e-16
58.02	3.1088e-10	1.0465e-06	7.8632e-07	2.602e-07	1.9731e-16
58.03	3.2647e-10	1.0994e-06	8.2581e-07	2.7358e-07	1.9666e-16
58.04	3.389e-10	1.1416e-06	8.5715e-07	2.8448e-07	1.961e-16
58.05	3.2549e-10	1.0969e-06	8.2351e-07	2.7335e-07	1.9583e-16
58.06	3.0613e-10	1.0319e-06	7.75e-07	2.5694e-07	1.9579e-16
58.07	3.1236e-10	1.0533e-06	7.911e-07	2.6222e-07	1.9597e-16
58.08	3.3515e-10	1.1306e-06	8.489e-07	2.8165e-07	1.9631e-16
58.09	3.3683e-10	1.1366e-06	8.5345e-07	2.8316e-07	1.9666e-16
58.1	3.1143e-10	1.0513e-06	7.8967e-07	2.6159e-07	1.9693e-16
58.11	2.9668e-10	1.0018e-06	7.527e-07	2.4912e-07	1.9721e-16
58.12	3.1547e-10	1.0656e-06	8.0024e-07	2.6539e-07	1.9746e-16
58.13	3.3862e-10	1.1442e-06	8.5877e-07	2.8548e-07	1.9744e-16
58.14	3.2957e-10	1.114e-06	8.3615e-07	2.779e-07	1.9712e-16
58.15	3.0136e-10	1.019e-06	7.6544e-07	2.5359e-07	1.9685e-16
58.16	2.9598e-10	1.0012e-06	7.5253e-07	2.4866e-07	1.9688e-16
58.17	3.1905e-10	1.0796e-06	8.1111e-07	2.6847e-07	1.9698e-16
58.18	3.3284e-10	1.1266e-06	8.4569e-07	2.8095e-07	1.9684e-16
58.19	3.165e-10	1.0717e-06	8.0406e-07	2.6765e-07	1.9671e-16
58.2	2.9669e-10	1.005e-06	7.5436e-07	2.5061e-07	1.9708e-16
58.21	3.0272e-10	1.0257e-06	7.7071e-07	2.5504e-07	1.9787e-16
58.22	3.211e-10	1.0884e-06	8.1808e-07	2.7033e-07	1.985e-16
58.23	3.2055e-10	1.0869e-06	8.1655e-07	2.7035e-07	1.9878e-16
58.24	3.0285e-10	1.0272e-06	7.7105e-07	2.5617e-07	1.9902e-16
58.25	2.9715e-10	1.0083e-06	7.5648e-07	2.5177e-07	1.9936e-16
58.26	3.1091e-10	1.0553e-06	7.9212e-07	2.6317e-07	1.9935e-16
58.27	3.1906e-10	1.0833e-06	8.1385e-07	2.6948e-07	1.9866e-16
58.28	3.0667e-10	1.0416e-06	7.8296e-07	2.5868e-07	1.9774e-16
58.29	2.9325e-10	9.9637e-07	7.4872e-07	2.4766e-07	1.9725e-16
58.3	3.0005e-10	1.0198e-06	7.6557e-07	2.5426e-07	1.9737e-16
58.31	3.1541e-10	1.0724e-06	8.0449e-07	2.6793e-07	1.9778e-16
58.32	3.1377e-10	1.0672e-06	8.0082e-07	2.6639e-07	1.9826e-16
58.33	2.9634e-10	1.0083e-06	7.5746e-07	2.5079e-07	1.9872e-16
58.34	2.8868e-10	9.8254e-07	7.3881e-07	2.4373e-07	1.99e-16
58.35	3.0092e-10	1.0245e-06	7.6992e-07	2.5461e-07	1.9896e-16
58.36	3.1337e-10	1.0673e-06	8.0092e-07	2.664e-07	1.9878e-16
58.37	3.0752e-10	1.0477e-06	7.8565e-07	2.6208e-07	1.9885e-16
58.38	2.9243e-10	9.9668e-07	7.4806e-07	2.4861e-07	1.9923e-16
58.39	2.8874e-10	9.8443e-07	7.4008e-07	2.4435e-07	1.996e-16
58.4	2.9837e-10	1.0176e-06	7.6517e-07	2.5243e-07	1.9973e-16
58.41	3.0516e-10	1.0411e-06	7.8178e-07	2.5936e-07	1.997e-16
58.42	3.0038e-10	1.0252e-06	7.6883e-07	2.5634e-07	1.9964e-16
58.43	2.926e-10	9.9896e-07	7.4949e-07	2.4947e-07	1.9953e-16
58.44	2.916e-10	9.9587e-07	7.4829e-07	2.4758e-07	1.9927e-16
58.45	2.9489e-10	1.0075e-06	7.574e-07	2.5005e-07	1.9886e-16
58.46	2.9538e-10	1.0095e-06	7.5823e-07	2.5127e-07	1.9836e-16
58.47	2.9324e-10	1.0025e-06	7.5221e-07	2.5029e-07	1.9782e-16
58.48	2.9274e-10	1.0012e-06	7.5134e-07	2.4981e-07	1.9736e-16
58.49	2.9322e-10	1.0031e-06	7.5346e-07	2.4966e-07	1.9708e-16
58.5	2.9108e-10	9.9614e-07	7.4843e-07	2.4771e-07	1.9693e-16
58.51	2.8804e-10	9.8607e-07	7.4054e-07	2.4553e-07	1.968e-16
58.52	2.8895e-10	9.8954e-07	7.4292e-07	2.4662e-07	1.9664e-16
58.53	2.9228e-10	1.0013e-06	7.5185e-07	2.4943e-07	1.9655e-16
58.54	2.9111e-10	9.9761e-07	7.4914e-07	2.4847e-07	1.9662e-16
58.55	2.8509e-10	9.7732e-07	7.3372e-07	2.436e-07	1.9686e-16
58.56	2.8279e-10	9.6975e-07	7.2807e-07	2.4168e-07	1.971e-16
58.57	2.881e-10	9.8831e-07	7.4243e-07	2.4589e-07	1.9697e-16
58.58	2.9237e-10	1.0033e-06	7.5388e-07	2.4944e-07	1.9621e-16
58.59	2.871e-10	9.8556e-07	7.4005e-07	2.4552e-07	1.9505e-16
58.6	2.7829e-10	9.5563e-07	7.1697e-07	2.3867e-07	1.9417e-16
58.61	2.7835e-10	9.5618e-07	7.1758e-07	2.3859e-07	1.9384e-16
58.62	2.8687e-10	9.8576e-07	7.4064e-07	2.4512e-07	1.9353e-16
58.63	2.9059e-10	9.989e-07	7.5086e-07	2.4804e-07	1.9254e-16
58.64	2.8341e-10	9.7456e-07	7.3197e-07	2.4259e-07	1.911e-16
58.65	2.7511e-10	9.4634e-07	7.1003e-07	2.3631e-07	1.902e-16
58.66	2.7597e-10	9.496e-07	7.1251e-07	2.3709e-07	1.9033e-16
58.67	2.8227e-10	9.7162e-07	7.2966e-07	2.4195e-07	1.9094e-16
58.68	2.8415e-10	9.7843e-07	7.3516e-07	2.4327e-07	1.9124e-16
58.69	2.8036e-10	9.6571e-07	7.2548e-07	2.4023e-07	1.9108e-16
58.7	2.7676e-10	9.5364e-07	7.1615e-07	2.375e-07	1.9071e-16
58.71	2.7543e-10	9.4938e-07	7.1274e-07	2.3664e-07	1.9015e-16
58.72	2.7458e-10	9.4676e-07	7.1054e-07	2.3621e-07	1.8927e-16
58.73	2.755e-10	9.5025e-07	7.1311e-07	2.3713e-07	1.8817e-16
58.74	2.7954e-10	9.6453e-07	7.2432e-07	2.402e-07	1.8714e-16
58.75	2.8069e-10	9.6883e-07	7.2827e-07	2.4057e-07	1.8629e-16
58.76	2.729e-10	9.4225e-07	7.0827e-07	2.3398e-07	1.8559e-16
58.77	2.6402e-10	9.1191e-07	6.8443e-07	2.2749e-07	1.8506e-16
58.78	2.6847e-10	9.2758e-07	6.953e-07	2.3229e-07	1.8469e-16
58.79	2.8289e-10	9.7774e-07	7.3349e-07	2.4425e-07	1.8432e-16
58.8	2.8523e-10	9.8615e-07	7.4129e-07	2.4486e-07	1.8391e-16
58.81	2.6706e-10	9.2366e-07	6.9499e-07	2.2866e-07	1.8363e-16
58.82	2.5169e-10	8.7081e-07	6.5425e-07	2.1656e-07	1.8351e-16
58.83	2.6321e-10	9.1095e-07	6.8287e-07	2.2808e-07	1.832e-16
58.84	2.8777e-10	9.9629e-07	7.4675e-07	2.4954e-07	1.8243e-16
58.85	2.8907e-10	1.0011e-06	7.5168e-07	2.4947e-07	1.8158e-16
58.86	2.6142e-10	9.0569e-07	6.8124e-07	2.2445e-07	1.8113e-16
58.87	2.4182e-10	8.3807e-07	6.3036e-07	2.0772e-07	1.8092e-16
58.88	2.584e-10	8.9585e-07	6.7251e-07	2.2334e-07	1.8045e-16
58.89	2.8842e-10	1.0003e-06	7.4986e-07	2.5039e-07	1.797e-16
58.9	2.8915e-10	1.0031e-06	7.5214e-07	2.5097e-07	1.7912e-16
58.91	2.5863e-10	8.9755e-07	6.7401e-07	2.2354e-07	1.7871e-16
58.92	2.3844e-10	8.2776e-07	6.2263e-07	2.0513e-07	1.7801e-16
58.93	2.5471e-10	8.8453e-07	6.6515e-07	2.1938e-07	1.7701e-16
58.94	2.8264e-10	9.8187e-07	7.3702e-07	2.4485e-07	1.7631e-16
58.95	2.8339e-10	9.8483e-07	7.3817e-07	2.4666e-07	1.7621e-16
58.96	2.5773e-10	8.9593e-07	6.7174e-07	2.2419e-07	1.762e-16
58.97	2.4116e-10	8.3864e-07	6.3016e-07	2.0848e-07	1.758e-16
58.98	2.5286e-10	8.7961e-07	6.6184e-07	2.1777e-07	1.7528e-16
58.99	2.727e-10	9.4896e-07	7.1319e-07	2.3577e-07	1.7496e-16
59	2.7367e-10	9.5265e-07	7.1448e-07	2.3817e-07	1.7464e-16
59.01	2.5772e-10	8.9744e-07	6.7261e-07	2.2483e-07	1.7409e-16
59.02	2.4719e-10	8.6105e-07	6.4638e-07	2.1467e-07	1.7379e-16
59.03	2.5206e-10	8.7832e-07	6.605e-07	2.1782e-07	1.7411e-16
59.04	2.613e-10	9.1083e-07	6.8471e-07	2.2612e-07	1.7446e-16
59.05	2.6286e-10	9.1657e-07	6.8789e-07	2.2868e-07	1.7389e-16
59.06	2.579e-10	8.9958e-07	6.7461e-07	2.2498e-07	1.7258e-16
59.07	2.5338e-10	8.8411e-07	6.6362e-07	2.2048e-07	1.7158e-16
59.08	2.516e-10	8.7821e-07	6.5997e-07	2.1824e-07	1.7139e-16
59.09	2.5172e-10	8.7893e-07	6.604e-07	2.1853e-07	1.7151e-16
59.1	2.5375e-10	8.8632e-07	6.6526e-07	2.2105e-07	1.7144e-16
59.11	2.5621e-10	8.9519e-07	6.7169e-07	2.235e-07	1.7136e-16
59.12	2.5531e-10	8.9235e-07	6.7e-07	2.2236e-07	1.7148e-16
59.13	2.5092e-10	8.773e-07	6.5909e-07	2.1821e-07	1.7151e-16
59.14	2.4824e-10	8.6821e-07	6.5211e-07	2.161e-07	1.7119e-16
59.15	2.4971e-10	8.7366e-07	6.5582e-07	2.1784e-07	1.7078e-16
59.16	2.5091e-10	8.7817e-07	6.5913e-07	2.1904e-07	1.7052e-16
59.17	2.49e-10	8.7177e-07	6.5452e-07	2.1725e-07	1.7017e-16
59.18	2.4847e-10	8.702e-07	6.5347e-07	2.1674e-07	1.6952e-16
59.19	2.518e-10	8.8218e-07	6.6248e-07	2.1969e-07	1.6894e-16
59.2	2.5179e-10	8.8243e-07	6.6275e-07	2.1968e-07	1.688e-16
59.21	2.4338e-10	8.5324e-07	6.4082e-07	2.1242e-07	1.6894e-16
59.22	2.3686e-10	8.3068e-07	6.2355e-07	2.0713e-07	1.6903e-16
59.23	2.4472e-10	8.5854e-07	6.4412e-07	2.1442e-07	1.6919e-16
59.24	2.5822e-10	9.062e-07	6.8014e-07	2.2606e-07	1.6951e-16
59.25	2.5543e-10	8.967e-07	6.7378e-07	2.2292e-07	1.6956e-16
59.26	2.3572e-10	8.2779e-07	6.2236e-07	2.0543e-07	1.6892e-16
59.27	2.2616e-10	7.9449e-07	5.9661e-07	1.9788e-07	1.6795e-16
59.28	2.4247e-10	8.5207e-07	6.3882e-07	2.1325e-07	1.6738e-16
59.29	2.6195e-10	9.2082e-07	6.9048e-07	2.3034e-07	1.6722e-16
59.3	2.5469e-10	8.956e-07	6.7272e-07	2.2288e-07	1.6686e-16
59.31	2.2934e-10	8.0675e-07	6.0687e-07	1.9988e-07	1.6624e-16
59.32	2.22e-10	7.8118e-07	5.8711e-07	1.9407e-07	1.6599e-16
59.33	2.424e-10	8.5327e-07	6.3997e-07	2.133e-07	1.6634e-16
59.34	2.5938e-10	9.1333e-07	6.8464e-07	2.2869e-07	1.6667e-16
59.35	2.4799e-10	8.7352e-07	6.5555e-07	2.1797e-07	1.6642e-16
59.36	2.2593e-10	7.9609e-07	5.9837e-07	1.9772e-07	1.6588e-16
59.37	2.2473e-10	7.9213e-07	5.9547e-07	1.9666e-07	1.6553e-16
59.38	2.4251e-10	8.551e-07	6.4211e-07	2.1299e-07	1.6537e-16
59.39	2.5029e-10	8.828e-07	6.6239e-07	2.2041e-07	1.6509e-16
59.4	2.377e-10	8.387e-07	6.2924e-07	2.0946e-07	1.6477e-16
59.41	2.2594e-10	7.9745e-07	5.9851e-07	1.9894e-07	1.6468e-16
59.42	2.3173e-10	8.1818e-07	6.1441e-07	2.0378e-07	1.6478e-16
59.43	2.4244e-10	8.5627e-07	6.4334e-07	2.1292e-07	1.6483e-16
59.44	2.3904e-10	8.4455e-07	6.3461e-07	2.0993e-07	1.6475e-16
59.45	2.2693e-10	8.0204e-07	6.0223e-07	1.9981e-07	1.6454e-16
59.46	2.2583e-10	7.9841e-07	5.9884e-07	1.9957e-07	1.6411e-16
59.47	2.3748e-10	8.3989e-07	6.2992e-07	2.0998e-07	1.6341e-16
59.48	2.4289e-10	8.593e-07	6.4521e-07	2.1409e-07	1.6274e-16
59.49	2.3203e-10	8.2118e-07	6.173e-07	2.0388e-07	1.6239e-16
59.5	2.1946e-10	7.7695e-07	5.8395e-07	1.93e-07	1.622e-16
59.51	2.2278e-10	7.8896e-07	5.9217e-07	1.9679e-07	1.6191e-16
59.52	2.3703e-10	8.397e-07	6.2975e-07	2.0995e-07	1.6166e-16
59.53	2.4197e-10	8.5749e-07	6.4335e-07	2.1414e-07	1.6182e-16
59.54	2.3035e-10	8.166e-07	6.1323e-07	2.0337e-07	1.6232e-16
59.55	2.1725e-10	7.704e-07	5.7884e-07	1.9155e-07	1.6259e-16
59.56	2.1898e-10	7.7682e-07	5.8358e-07	1.9324e-07	1.6228e-16
59.57	2.3173e-10	8.2233e-07	6.1747e-07	2.0485e-07	1.6158e-16
59.58	2.377e-10	8.4378e-07	6.3326e-07	2.1052e-07	1.6081e-16
59.59	2.2907e-10	8.1343e-07	6.1025e-07	2.0318e-07	1.6006e-16
59.6	2.1753e-10	7.727e-07	5.7981e-07	1.9288e-07	1.5934e-16
59.61	2.1773e-10	7.7367e-07	5.8108e-07	1.9259e-07	1.5874e-16
59.62	2.2767e-10	8.0927e-07	6.0824e-07	2.0102e-07	1.583e-16
59.63	2.3226e-10	8.2586e-07	6.2047e-07	2.0539e-07	1.5794e-16
59.64	2.2467e-10	7.9913e-07	5.9968e-07	1.9945e-07	1.5774e-16
59.65	2.157e-10	7.6748e-07	5.7549e-07	1.9199e-07	1.5783e-16
59.66	2.1792e-10	7.7565e-07	5.8197e-07	1.9367e-07	1.5808e-16
59.67	2.2715e-10	8.0878e-07	6.0758e-07	2.0119e-07	1.5807e-16
59.68	2.2845e-10	8.1368e-07	6.1161e-07	2.0206e-07	1.5759e-16
59.69	2.1859e-10	7.7882e-07	5.8511e-07	1.9371e-07	1.5689e-16
59.7	2.1164e-10	7.543e-07	5.6604e-07	1.8826e-07	1.5626e-16
59.71	2.1803e-10	7.7734e-07	5.8294e-07	1.9439e-07	1.5571e-16
59.72	2.2786e-10	8.1266e-07	6.0967e-07	2.0299e-07	1.5511e-16
59.73	2.2496e-10	8.0259e-07	6.0277e-07	1.9982e-07	1.5451e-16
59.74	2.1207e-10	7.5687e-07	5.6897e-07	1.879e-07	1.5402e-16
59.75	2.0813e-10	7.4303e-07	5.5838e-07	1.8464e-07	1.5359e-16
59.76	2.1939e-10	7.8351e-07	5.8793e-07	1.9558e-07	1.5323e-16
59.77	2.283e-10	8.1559e-07	6.1141e-07	2.0419e-07	1.5305e-16
59.78	2.1949e-10	7.8439e-07	5.8835e-07	1.9604e-07	1.5296e-16
59.79	2.0469e-10	7.3174e-07	5.4981e-07	1.8193e-07	1.5259e-16
59.8	2.063e-10	7.3774e-07	5.5477e-07	1.8298e-07	1.5174e-16
59.81	2.2243e-10	7.957e-07	5.9767e-07	1.9803e-07	1.5073e-16
59.82	2.2797e-10	8.1579e-07	6.1184e-07	2.0395e-07	1.4995e-16
59.83	2.1274e-10	7.6155e-07	5.7099e-07	1.9056e-07	1.4929e-16
59.84	1.9847e-10	7.1067e-07	5.3349e-07	1.7718e-07	1.4854e-16
59.85	2.0627e-10	7.3887e-07	5.5527e-07	1.836e-07	1.4792e-16
59.86	2.238e-10	8.0194e-07	6.0253e-07	1.9941e-07	1.4782e-16
59.87	2.238e-10	8.0219e-07	6.0221e-07	1.9997e-07	1.4805e-16
59.88	2.0611e-10	7.3905e-07	5.5451e-07	1.8453e-07	1.4794e-16
59.89	1.9749e-10	7.0835e-07	5.3155e-07	1.768e-07	1.4723e-16
59.9	2.0944e-10	7.5147e-07	5.6414e-07	1.8733e-07	1.4632e-16
59.91	2.2111e-10	7.9361e-07	5.9595e-07	1.9765e-07	1.4557e-16
59.92	2.1355e-10	7.6674e-07	5.7589e-07	1.9084e-07	1.4489e-16
59.93	1.9967e-10	7.1713e-07	5.3859e-07	1.7854e-07	1.441e-16
59.94	2.019e-10	7.254e-07	5.4451e-07	1.8089e-07	1.4335e-16
59.95	2.1517e-10	7.7333e-07	5.8021e-07	1.9312e-07	1.4283e-16
59.96	2.158e-10	7.7584e-07	5.8219e-07	1.9365e-07	1.424e-16
59.97	2.012e-10	7.236e-07	5.434e-07	1.802e-07	1.418e-16
59.98	1.9466e-10	7.0031e-07	5.2617e-07	1.7414e-07	1.4106e-16
59.99	2.0712e-10	7.4539e-07	5.5977e-07	1.8562e-07	1.404e-16
60	2.1861e-10	7.8698e-07	5.9054e-07	1.9644e-07	1.3988e-16
60.01	2.0984e-10	7.5567e-07	5.6694e-07	1.8873e-07	1.3936e-16
60.02	1.9313e-10	6.9572e-07	5.2227e-07	1.7345e-07	1.3868e-16
60.03	1.9314e-10	6.96e-07	5.2281e-07	1.7318e-07	1.3784e-16
60.04	2.0871e-10	7.5234e-07	5.6506e-07	1.8728e-07	1.3692e-16
60.05	2.1564e-10	7.7761e-07	5.8372e-07	1.9389e-07	1.3615e-16
60.06	2.0413e-10	7.3633e-07	5.5256e-07	1.8377e-07	1.3573e-16
60.07	1.9169e-10	6.9171e-07	5.1918e-07	1.7253e-07	1.3558e-16
60.08	1.9478e-10	7.0308e-07	5.2792e-07	1.7516e-07	1.3534e-16
60.09	2.0564e-10	7.4251e-07	5.5757e-07	1.8494e-07	1.3486e-16
60.1	2.0755e-10	7.4969e-07	5.6286e-07	1.8683e-07	1.3436e-16
60.11	1.999e-10	7.2228e-07	5.422e-07	1.8009e-07	1.3405e-16
60.12	1.949e-10	7.0444e-07	5.2879e-07	1.7566e-07	1.3367e-16
60.13	1.9706e-10	7.1248e-07	5.3483e-07	1.7765e-07	1.3284e-16
60.14	1.9952e-10	7.2163e-07	5.4172e-07	1.7991e-07	1.3163e-16
60.15	1.9832e-10	7.1753e-07	5.387e-07	1.7883e-07	1.305e-16
60.16	1.9748e-10	7.1474e-07	5.3668e-07	1.7806e-07	1.2969e-16
60.17	1.989e-10	7.2009e-07	5.4068e-07	1.7942e-07	1.2906e-16
60.18	1.9802e-10	7.1716e-07	5.3832e-07	1.7884e-07	1.2846e-16
60.19	1.9341e-10	7.007e-07	5.2583e-07	1.7486e-07	1.2795e-16
60.2	1.9144e-10	6.9379e-07	5.2076e-07	1.7303e-07	1.2756e-16
60.21	1.9591e-10	7.1024e-07	5.3337e-07	1.7687e-07	1.2724e-16
60.22	2.0009e-10	7.2563e-07	5.4499e-07	1.8063e-07	1.2698e-16
60.23	1.9639e-10	7.1244e-07	5.3483e-07	1.7761e-07	1.2681e-16
60.24	1.891e-10	6.8621e-07	5.1484e-07	1.7137e-07	1.2661e-16
60.25	1.8862e-10	6.8469e-07	5.1378e-07	1.7091e-07	1.2612e-16
60.26	1.9521e-10	7.0886e-07	5.3232e-07	1.7654e-07	1.2536e-16
60.27	1.9808e-10	7.1951e-07	5.4051e-07	1.79e-07	1.2461e-16
60.28	1.9199e-10	6.9763e-07	5.2382e-07	1.7381e-07	1.2397e-16
60.29	1.8563e-10	6.7476e-07	5.0625e-07	1.685e-07	1.2322e-16
60.3	1.8828e-10	6.8459e-07	5.1363e-07	1.7096e-07	1.2224e-16
60.31	1.9538e-10	7.1065e-07	5.3354e-07	1.771e-07	1.2133e-16
60.32	1.9541e-10	7.1101e-07	5.3406e-07	1.7695e-07	1.2079e-16
60.33	1.8739e-10	6.8205e-07	5.1219e-07	1.6986e-07	1.205e-16
60.34	1.8227e-10	6.6363e-07	4.9808e-07	1.6555e-07	1.2016e-16
60.35	1.8667e-10	6.7987e-07	5.1016e-07	1.6971e-07	1.1972e-16
60.36	1.937e-10	7.0569e-07	5.2965e-07	1.7604e-07	1.1932e-16
60.37	1.935e-10	7.0521e-07	5.2943e-07	1.7578e-07	1.1901e-16
60.38	1.8654e-10	6.8006e-07	5.1065e-07	1.6942e-07	1.1872e-16
60.39	1.8121e-10	6.6086e-07	4.9626e-07	1.646e-07	1.1845e-16
60.4	1.8231e-10	6.651e-07	4.9935e-07	1.6576e-07	1.1823e-16
60.41	1.8721e-10	6.8318e-07	5.1269e-07	1.7049e-07	1.1783e-16
60.42	1.9086e-10	6.9676e-07	5.2278e-07	1.7398e-07	1.1706e-16
60.43	1.8985e-10	6.933e-07	5.204e-07	1.729e-07	1.1609e-16
60.44	1.8359e-10	6.7066e-07	5.0373e-07	1.6692e-07	1.1535e-16
60.45	1.7675e-10	6.4588e-07	4.8513e-07	1.6074e-07	1.1501e-16
60.46	1.7767e-10	6.4947e-07	4.8746e-07	1.62e-07	1.1484e-16
60.47	1.8774e-10	6.8648e-07	5.1499e-07	1.7149e-07	1.1456e-16
60.48	1.9472e-10	7.1226e-07	5.3451e-07	1.7775e-07	1.142e-16
60.49	1.8644e-10	6.8217e-07	5.1225e-07	1.6992e-07	1.139e-16
60.5	1.7068e-10	6.2473e-07	4.6918e-07	1.5555e-07	1.1369e-16
60.51	1.691e-10	6.1916e-07	4.6478e-07	1.5437e-07	1.1352e-16
60.52	1.8636e-10	6.8259e-07	5.123e-07	1.703e-07	1.1332e-16
60.53	1.9902e-10	7.292e-07	5.4738e-07	1.8182e-07	1.1306e-16
60.54	1.8681e-10	6.8467e-07	5.1399e-07	1.7067e-07	1.1273e-16
60.55	1.6432e-10	6.0244e-07	4.5217e-07	1.5027e-07	1.1244e-16
60.56	1.6319e-10	5.985e-07	4.492e-07	1.493e-07	1.1224e-16
60.57	1.8618e-10	6.8305e-07	5.1284e-07	1.702e-07	1.1193e-16
60.58	2.0084e-10	7.3708e-07	5.5352e-07	1.8357e-07	1.1123e-16
60.59	1.8536e-10	6.8047e-07	5.1086e-07	1.6961e-07	1.1024e-16
60.6	1.6056e-10	5.8965e-07	4.4247e-07	1.4718e-07	1.0945e-16
60.61	1.6043e-10	5.8936e-07	4.4228e-07	1.4708e-07	1.0914e-16
60.62	1.8372e-10	6.7513e-07	5.0685e-07	1.6828e-07	1.0915e-16
60.63	1.9699e-10	7.2413e-07	5.4369e-07	1.8044e-07	1.0919e-16
60.64	1.8278e-10	6.7212e-07	5.0458e-07	1.6754e-07	1.0922e-16
60.65	1.6213e-10	5.9639e-07	4.4776e-07	1.4863e-07	1.0936e-16
60.66	1.6202e-10	5.9619e-07	4.4766e-07	1.4853e-07	1.0954e-16
60.67	1.7852e-10	6.5711e-07	4.9319e-07	1.6393e-07	1.0951e-16
60.68	1.869e-10	6.8818e-07	5.162e-07	1.7198e-07	1.091e-16
60.69	1.78e-10	6.5561e-07	4.9188e-07	1.6373e-07	1.0838e-16
60.7	1.6687e-10	6.1485e-07	4.6187e-07	1.5298e-07	1.0755e-16
60.71	1.6731e-10	6.1665e-07	4.6351e-07	1.5313e-07	1.069e-16
60.72	1.7408e-10	6.4182e-07	4.8186e-07	1.5996e-07	1.0661e-16
60.73	1.7557e-10	6.4754e-07	4.8538e-07	1.6216e-07	1.0664e-16
60.74	1.7165e-10	6.3327e-07	4.7472e-07	1.5856e-07	1.0671e-16
60.75	1.7005e-10	6.2757e-07	4.7132e-07	1.5626e-07	1.0672e-16
60.76	1.7208e-10	6.3528e-07	4.777e-07	1.5759e-07	1.0685e-16
60.77	1.7202e-10	6.3528e-07	4.7725e-07	1.5802e-07	1.0715e-16
60.78	1.6837e-10	6.2199e-07	4.6644e-07	1.5556e-07	1.073e-16
60.79	1.6653e-10	6.1539e-07	4.6128e-07	1.5411e-07	1.0695e-16
60.8	1.6938e-10	6.2612e-07	4.6988e-07	1.5624e-07	1.0623e-16
60.81	1.7238e-10	6.3743e-07	4.7888e-07	1.5856e-07	1.0551e-16
60.82	1.7079e-10	6.3175e-07	4.7458e-07	1.5717e-07	1.0496e-16
60.83	1.6646e-10	6.1593e-07	4.6241e-07	1.5352e-07	1.0453e-16
60.84	1.6428e-10	6.0808e-07	4.5632e-07	1.5176e-07	1.0435e-16
60.85	1.6559e-10	6.1313e-07	4.6001e-07	1.5313e-07	1.047e-16
60.86	1.6818e-10	6.2294e-07	4.6733e-07	1.5561e-07	1.055e-16
60.87	1.6978e-10	6.2906e-07	4.7213e-07	1.5693e-07	1.0624e-16
60.88	1.686e-10	6.2488e-07	4.6942e-07	1.5546e-07	1.0647e-16
60.89	1.6396e-10	6.0789e-07	4.568e-07	1.5109e-07	1.0627e-16
60.9	1.5951e-10	5.9158e-07	4.4406e-07	1.4752e-07	1.0587e-16
60.91	1.6159e-10	5.9952e-07	4.4942e-07	1.501e-07	1.0533e-16
60.92	1.6965e-10	6.296e-07	4.721e-07	1.5751e-07	1.0471e-16
60.93	1.7276e-10	6.4137e-07	4.8166e-07	1.5971e-07	1.0421e-16
60.94	1.6369e-10	6.079e-07	4.5698e-07	1.5092e-07	1.0399e-16
60.95	1.5261e-10	5.6692e-07	4.2581e-07	1.411e-07	1.0399e-16
60.96	1.557e-10	5.7858e-07	4.3389e-07	1.4469e-07	1.0406e-16
60.97	1.7029e-10	6.3303e-07	4.7464e-07	1.5839e-07	1.0422e-16
60.98	1.7524e-10	6.5165e-07	4.8907e-07	1.6258e-07	1.0449e-16
60.99	1.6146e-10	6.0058e-07	4.511e-07	1.4948e-07	1.0468e-16
61	1.4773e-10	5.4969e-07	4.1285e-07	1.3684e-07	1.0455e-16
61.01	1.5409e-10	5.7356e-07	4.3057e-07	1.4299e-07	1.0414e-16
61.02	1.708e-10	6.3596e-07	4.7729e-07	1.5866e-07	1.0367e-16
61.03	1.7211e-10	6.4106e-07	4.81e-07	1.6006e-07	1.0329e-16
61.04	1.5579e-10	5.8045e-07	4.3539e-07	1.4507e-07	1.0308e-16
61.05	1.4671e-10	5.4681e-07	4.1032e-07	1.3649e-07	1.0319e-16
61.06	1.579e-10	5.887e-07	4.4228e-07	1.4642e-07	1.0365e-16
61.07	1.7028e-10	6.3507e-07	4.773e-07	1.5778e-07	1.0414e-16
61.08	1.6356e-10	6.1022e-07	4.5807e-07	1.5215e-07	1.0429e-16
61.09	1.4866e-10	5.5478e-07	4.1569e-07	1.3909e-07	1.0414e-16
61.1	1.4944e-10	5.579e-07	4.1813e-07	1.3976e-07	1.0395e-16
61.11	1.6377e-10	6.1157e-07	4.5944e-07	1.5213e-07	1.0373e-16
61.12	1.6721e-10	6.2465e-07	4.6992e-07	1.5473e-07	1.0317e-16
61.13	1.5329e-10	5.7282e-07	4.3038e-07	1.4244e-07	1.0228e-16
61.14	1.442e-10	5.3902e-07	4.0383e-07	1.3519e-07	1.015e-16
61.15	1.5452e-10	5.7778e-07	4.3273e-07	1.4505e-07	1.0119e-16
61.16	1.6717e-10	6.2531e-07	4.6945e-07	1.5586e-07	1.0125e-16
61.17	1.6094e-10	6.0219e-07	4.5299e-07	1.492e-07	1.0149e-16
61.18	1.4484e-10	5.4215e-07	4.0751e-07	1.3464e-07	1.0197e-16
61.19	1.4387e-10	5.3868e-07	4.0382e-07	1.3486e-07	1.0275e-16
61.2	1.5915e-10	5.9607e-07	4.4659e-07	1.4949e-07	1.0344e-16
61.21	1.6631e-10	6.2312e-07	4.6764e-07	1.5548e-07	1.035e-16
61.22	1.5388e-10	5.7674e-07	4.3349e-07	1.4325e-07	1.0288e-16
61.23	1.4059e-10	5.271e-07	3.9594e-07	1.3116e-07	1.0201e-16
61.24	1.4567e-10	5.463e-07	4.097e-07	1.366e-07	1.0127e-16
61.25	1.5994e-10	6.0002e-07	4.5004e-07	1.4998e-07	1.0067e-16
61.26	1.6149e-10	6.0605e-07	4.5516e-07	1.5089e-07	1.0018e-16
61.27	1.4896e-10	5.5921e-07	4.2012e-07	1.3908e-07	9.9949e-17
61.28	1.4127e-10	5.3051e-07	3.9795e-07	1.3256e-07	1.0011e-16
61.29	1.4782e-10	5.5529e-07	4.1613e-07	1.3916e-07	1.0057e-16
61.3	1.5639e-10	5.8768e-07	4.4104e-07	1.4664e-07	1.0105e-16
61.31	1.5409e-10	5.792e-07	4.3557e-07	1.4363e-07	1.0136e-16
61.32	1.4594e-10	5.4877e-07	4.1259e-07	1.3618e-07	1.0134e-16
61.33	1.4444e-10	5.4328e-07	4.0728e-07	1.3599e-07	1.0093e-16
61.34	1.4989e-10	5.6396e-07	4.221e-07	1.4186e-07	1.0019e-16
61.35	1.5209e-10	5.7243e-07	4.2924e-07	1.4319e-07	9.9474e-17
61.36	1.4732e-10	5.5467e-07	4.1728e-07	1.3739e-07	9.9159e-17
61.37	1.4313e-10	5.3907e-07	4.058e-07	1.3328e-07	9.9326e-17
61.38	1.4565e-10	5.4873e-07	4.1182e-07	1.3691e-07	9.9722e-17
61.39	1.5051e-10	5.6723e-07	4.2451e-07	1.4272e-07	1.001e-16
61.4	1.5006e-10	5.6572e-07	4.2361e-07	1.4211e-07	1.0044e-16
61.41	1.4437e-10	5.4444e-07	4.0894e-07	1.355e-07	1.0082e-16
61.42	1.4053e-10	5.3014e-07	3.9905e-07	1.3109e-07	1.0108e-16
61.43	1.43e-10	5.3964e-07	4.0571e-07	1.3393e-07	1.0091e-16
61.44	1.4836e-10	5.6003e-07	4.1988e-07	1.4015e-07	1.0024e-16
61.45	1.4974e-10	5.6542e-07	4.2335e-07	1.4207e-07	9.9422e-17
61.46	1.4481e-10	5.47e-07	4.0998e-07	1.3702e-07	9.8878e-17
61.47	1.3869e-10	5.2403e-07	3.9366e-07	1.3037e-07	9.8626e-17
61.48	1.3856e-10	5.2373e-07	3.9393e-07	1.298e-07	9.8429e-17
61.49	1.4492e-10	5.4795e-07	4.1178e-07	1.3617e-07	9.8272e-17
61.5	1.4959e-10	5.6578e-07	4.2436e-07	1.4142e-07	9.8424e-17
61.51	1.4542e-10	5.5018e-07	4.1214e-07	1.3804e-07	9.8957e-17
61.52	1.3679e-10	5.177e-07	3.88e-07	1.2969e-07	9.9518e-17
61.53	1.3512e-10	5.1157e-07	3.8417e-07	1.274e-07	9.9709e-17
61.54	1.4287e-10	5.4108e-07	4.0686e-07	1.3422e-07	9.9491e-17
61.55	1.4873e-10	5.6346e-07	4.2347e-07	1.3999e-07	9.9012e-17
61.56	1.4353e-10	5.4393e-07	4.0809e-07	1.3584e-07	9.8302e-17
61.57	1.3438e-10	5.0942e-07	3.8164e-07	1.2779e-07	9.7406e-17
61.58	1.3451e-10	5.1009e-07	3.8228e-07	1.2781e-07	9.6636e-17
61.59	1.4287e-10	5.4195e-07	4.0689e-07	1.3505e-07	9.6333e-17
61.6	1.4561e-10	5.5253e-07	4.1543e-07	1.3709e-07	9.6454e-17
61.61	1.3818e-10	5.2451e-07	3.9431e-07	1.302e-07	9.6659e-17
61.62	1.3271e-10	5.0388e-07	3.7807e-07	1.2581e-07	9.6757e-17
61.63	1.3788e-10	5.2369e-07	3.9224e-07	1.3144e-07	9.677e-17
61.64	1.4407e-10	5.474e-07	4.1016e-07	1.3725e-07	9.6646e-17
61.65	1.3931e-10	5.2949e-07	3.9757e-07	1.3192e-07	9.6288e-17
61.66	1.3038e-10	4.9569e-07	3.7288e-07	1.2281e-07	9.5832e-17
61.67	1.3265e-10	5.0449e-07	3.7919e-07	1.253e-07	9.5487e-17
61.68	1.4365e-10	5.4651e-07	4.0977e-07	1.3674e-07	9.5095e-17
61.69	1.4498e-10	5.5173e-07	4.1317e-07	1.3856e-07	9.4319e-17
61.7	1.3216e-10	5.0313e-07	3.772e-07	1.2593e-07	9.3389e-17
61.71	1.2401e-10	4.7224e-07	3.549e-07	1.1734e-07	9.3088e-17
61.72	1.3364e-10	5.0908e-07	3.8278e-07	1.263e-07	9.3684e-17
61.73	1.4668e-10	5.5895e-07	4.1964e-07	1.3932e-07	9.4384e-17
61.74	1.4283e-10	5.4443e-07	4.0812e-07	1.3631e-07	9.429e-17
61.75	1.2747e-10	4.8607e-07	3.6434e-07	1.2173e-07	9.3534e-17
61.76	1.2319e-10	4.6987e-07	3.5265e-07	1.1721e-07	9.2916e-17
61.77	1.3473e-10	5.1405e-07	3.8614e-07	1.2791e-07	9.2722e-17
61.78	1.4317e-10	5.4643e-07	4.1036e-07	1.3607e-07	9.2542e-17
61.79	1.3652e-10	5.2122e-07	3.9119e-07	1.3003e-07	9.2117e-17
61.8	1.2668e-10	4.8383e-07	3.6298e-07	1.2085e-07	9.1677e-17
61.81	1.2792e-10	4.8871e-07	3.6663e-07	1.2208e-07	9.1369e-17
61.82	1.3487e-10	5.1543e-07	3.8675e-07	1.2868e-07	9.0967e-17
61.83	1.3472e-10	5.1503e-07	3.8656e-07	1.2846e-07	9.0362e-17
61.84	1.293e-10	4.9445e-07	3.7121e-07	1.2324e-07	8.9826e-17
61.85	1.2933e-10	4.9475e-07	3.7141e-07	1.2334e-07	8.9559e-17
61.86	1.3388e-10	5.1231e-07	3.8448e-07	1.2783e-07	8.9376e-17
61.87	1.325e-10	5.0719e-07	3.8057e-07	1.2663e-07	8.9119e-17
61.88	1.256e-10	4.8093e-07	3.6088e-07	1.2006e-07	8.8983e-17
61.89	1.2528e-10	4.7987e-07	3.6009e-07	1.1978e-07	8.9127e-17
61.9	1.3364e-10	5.1205e-07	3.8424e-07	1.2781e-07	8.9287e-17
61.91	1.368e-10	5.2435e-07	3.9357e-07	1.3078e-07	8.9145e-17
61.92	1.2759e-10	4.8917e-07	3.6733e-07	1.2184e-07	8.8804e-17
61.93	1.1923e-10	4.5727e-07	3.4334e-07	1.1393e-07	8.8555e-17
61.94	1.2516e-10	4.802e-07	3.6021e-07	1.1999e-07	8.8369e-17
61.95	1.3653e-10	5.2399e-07	3.9283e-07	1.3116e-07	8.798e-17
61.96	1.3515e-10	5.1884e-07	3.8922e-07	1.2962e-07	8.7353e-17
61.97	1.2236e-10	4.6991e-07	3.5302e-07	1.1689e-07	8.6731e-17
61.98	1.1737e-10	4.5088e-07	3.3885e-07	1.1203e-07	8.6284e-17
61.99	1.2715e-10	4.886e-07	3.6665e-07	1.2195e-07	8.6006e-17
62	1.3581e-10	5.2204e-07	3.9124e-07	1.308e-07	8.5855e-17
62.01	1.2981e-10	4.9917e-07	3.7421e-07	1.2495e-07	8.5748e-17
62.02	1.1867e-10	4.5645e-07	3.4272e-07	1.1372e-07	8.5529e-17
62.03	1.191e-10	4.5826e-07	3.4435e-07	1.1391e-07	8.5213e-17
62.04	1.2913e-10	4.9702e-07	3.7315e-07	1.2387e-07	8.5105e-17
62.05	1.3245e-10	5.0995e-07	3.8248e-07	1.2746e-07	8.5352e-17
62.06	1.2417e-10	4.7822e-07	3.5866e-07	1.1956e-07	8.5543e-17
62.07	1.1703e-10	4.5089e-07	3.3835e-07	1.1255e-07	8.5184e-17
62.08	1.2069e-10	4.6514e-07	3.4911e-07	1.1603e-07	8.4439e-17
62.09	1.2817e-10	4.9413e-07	3.7083e-07	1.233e-07	8.3935e-17
62.1	1.2849e-10	4.9551e-07	3.7195e-07	1.2356e-07	8.3854e-17
62.11	1.2252e-10	4.7265e-07	3.5491e-07	1.1774e-07	8.3769e-17
62.12	1.1863e-10	4.5778e-07	3.4363e-07	1.1415e-07	8.3432e-17
62.13	1.1948e-10	4.6122e-07	3.4589e-07	1.1533e-07	8.3138e-17
62.14	1.217e-10	4.6992e-07	3.5232e-07	1.176e-07	8.311e-17
62.15	1.238e-10	4.782e-07	3.5885e-07	1.1935e-07	8.3057e-17
62.16	1.258e-10	4.8606e-07	3.6514e-07	1.2092e-07	8.2688e-17
62.17	1.2414e-10	4.7983e-07	3.6046e-07	1.1937e-07	8.2236e-17
62.18	1.169e-10	4.5197e-07	3.3916e-07	1.1281e-07	8.2076e-17
62.19	1.1187e-10	4.3266e-07	3.2433e-07	1.0833e-07	8.2154e-17
62.2	1.184e-10	4.5806e-07	3.4344e-07	1.1463e-07	8.2187e-17
62.21	1.3035e-10	5.0446e-07	3.786e-07	1.2586e-07	8.2129e-17
62.22	1.3019e-10	5.0403e-07	3.786e-07	1.2543e-07	8.2032e-17
62.23	1.1489e-10	4.4493e-07	3.3427e-07	1.1066e-07	8.1732e-17
62.24	1.0451e-10	4.0486e-07	3.0387e-07	1.0099e-07	8.1132e-17
62.25	1.1479e-10	4.4481e-07	3.3343e-07	1.1137e-07	8.0592e-17
62.26	1.3202e-10	5.1174e-07	3.8357e-07	1.2817e-07	8.0521e-17
62.27	1.3107e-10	5.0825e-07	3.8133e-07	1.2692e-07	8.0718e-17
62.28	1.1261e-10	4.3681e-07	3.2821e-07	1.086e-07	8.0641e-17
62.29	1.0296e-10	3.9948e-07	3.0023e-07	9.9256e-08	8.0252e-17
62.3	1.1515e-10	4.4692e-07	3.3533e-07	1.1159e-07	8.0026e-17
62.31	1.2993e-10	5.0448e-07	3.7806e-07	1.2642e-07	8.0128e-17
62.32	1.2547e-10	4.8729e-07	3.6525e-07	1.2204e-07	8.0168e-17
62.33	1.096e-10	4.2581e-07	3.1963e-07	1.0619e-07	7.9887e-17
62.34	1.0605e-10	4.1215e-07	3.097e-07	1.0245e-07	7.9531e-17
62.35	1.1792e-10	4.5843e-07	3.4428e-07	1.1416e-07	7.9298e-17
62.36	1.2523e-10	4.87e-07	3.6536e-07	1.2165e-07	7.895e-17
62.37	1.1732e-10	4.5637e-07	3.4219e-07	1.1418e-07	7.8315e-17
62.38	1.0778e-10	4.1939e-07	3.1452e-07	1.0486e-07	7.7756e-17
62.39	1.1091e-10	4.3173e-07	3.2397e-07	1.0776e-07	7.7715e-17
62.4	1.1974e-10	4.6623e-07	3.5005e-07	1.1619e-07	7.8076e-17
62.41	1.1925e-10	4.6448e-07	3.4883e-07	1.1565e-07	7.8383e-17
62.42	1.1069e-10	4.3128e-07	3.2379e-07	1.0749e-07	7.8461e-17
62.43	1.0796e-10	4.2079e-07	3.1559e-07	1.0521e-07	7.8442e-17
62.44	1.146e-10	4.468e-07	3.349e-07	1.119e-07	7.833e-17
62.45	1.1912e-10	4.6458e-07	3.4848e-07	1.161e-07	7.7984e-17
62.46	1.1413e-10	4.4527e-07	3.3447e-07	1.108e-07	7.7447e-17
62.47	1.0729e-10	4.1869e-07	3.1464e-07	1.0405e-07	7.6933e-17
62.48	1.0839e-10	4.2315e-07	3.1754e-07	1.0561e-07	7.6509e-17
62.49	1.1485e-10	4.485e-07	3.361e-07	1.124e-07	7.6108e-17
62.5	1.1694e-10	4.5679e-07	3.4244e-07	1.1435e-07	7.5811e-17
62.51	1.1215e-10	4.3823e-07	3.2904e-07	1.0918e-07	7.5792e-17
62.52	1.0706e-10	4.1849e-07	3.1446e-07	1.0403e-07	7.5979e-17
62.53	1.0726e-10	4.1937e-07	3.1478e-07	1.0459e-07	7.6104e-17
62.54	1.1131e-10	4.3535e-07	3.2638e-07	1.0897e-07	7.6101e-17
62.55	1.1434e-10	4.4737e-07	3.3549e-07	1.1188e-07	7.6132e-17
62.56	1.1325e-10	4.4321e-07	3.3275e-07	1.1047e-07	7.6219e-17
62.57	1.0862e-10	4.2523e-07	3.1933e-07	1.059e-07	7.6159e-17
62.58	1.0465e-10	4.0984e-07	3.0748e-07	1.0236e-07	7.5887e-17
62.59	1.061e-10	4.1563e-07	3.1167e-07	1.0396e-07	7.5592e-17
62.6	1.1219e-10	4.3963e-07	3.2993e-07	1.0971e-07	7.5367e-17
62.61	1.1526e-10	4.5182e-07	3.3933e-07	1.1249e-07	7.5047e-17
62.62	1.0984e-10	4.3072e-07	3.2331e-07	1.0741e-07	7.4549e-17
62.63	1.0179e-10	3.9927e-07	2.9932e-07	9.9953e-08	7.4076e-17
62.64	1.0206e-10	4.0046e-07	3.0023e-07	1.0023e-07	7.3812e-17
62.65	1.1088e-10	4.3522e-07	3.2679e-07	1.0842e-07	7.3673e-17
62.66	1.1577e-10	4.5456e-07	3.4157e-07	1.1299e-07	7.3569e-17
62.67	1.0901e-10	4.2815e-07	3.2136e-07	1.0679e-07	7.3667e-17
62.68	9.9715e-11	3.9176e-07	2.935e-07	9.8262e-08	7.4113e-17
62.69	1.0104e-10	3.9711e-07	2.976e-07	9.9505e-08	7.4688e-17
62.7	1.1047e-10	4.3429e-07	3.262e-07	1.081e-07	7.5019e-17
62.71	1.1339e-10	4.459e-07	3.3527e-07	1.1063e-07	7.5011e-17
62.72	1.0537e-10	4.145e-07	3.112e-07	1.033e-07	7.4814e-17
62.73	9.8866e-11	3.8904e-07	2.9134e-07	9.7707e-08	7.446e-17
62.74	1.0352e-10	4.0748e-07	3.0518e-07	1.0231e-07	7.3846e-17
62.75	1.1094e-10	4.3683e-07	3.2801e-07	1.0882e-07	7.3053e-17
62.76	1.0834e-10	4.2674e-07	3.2101e-07	1.0573e-07	7.24e-17
62.77	9.9493e-11	3.9201e-07	2.9453e-07	9.7479e-08	7.2119e-17
62.78	9.8945e-11	3.8997e-07	2.9211e-07	9.7866e-08	7.2173e-17
62.79	1.0807e-10	4.2608e-07	3.1895e-07	1.0712e-07	7.2423e-17
62.8	1.1181e-10	4.4096e-07	3.308e-07	1.1016e-07	7.2796e-17
62.81	1.0271e-10	4.0519e-07	3.0468e-07	1.0051e-07	7.3252e-17
62.82	9.4014e-11	3.7101e-07	2.7893e-07	9.2084e-08	7.3723e-17
62.83	9.9548e-11	3.9298e-07	2.9469e-07	9.8287e-08	7.4111e-17
62.84	1.1126e-10	4.3936e-07	3.2906e-07	1.103e-07	7.4265e-17
62.85	1.1085e-10	4.3788e-07	3.2824e-07	1.0964e-07	7.3999e-17
62.86	9.8234e-11	3.8816e-07	2.9146e-07	9.6701e-08	7.3284e-17
62.87	9.2077e-11	3.6395e-07	2.7345e-07	9.0494e-08	7.2392e-17
62.88	1.0107e-10	3.996e-07	2.9998e-07	9.9626e-08	7.1696e-17
62.89	1.1076e-10	4.3808e-07	3.2862e-07	1.0946e-07	7.1344e-17
62.9	1.0632e-10	4.2066e-07	3.1551e-07	1.0514e-07	7.1279e-17
62.91	9.5054e-11	3.7619e-07	2.8216e-07	9.4031e-08	7.1495e-17
62.92	9.4013e-11	3.7219e-07	2.7913e-07	9.3057e-08	7.2021e-17
62.93	1.0344e-10	4.0963e-07	3.0734e-07	1.0229e-07	7.2688e-17
62.94	1.0764e-10	4.2642e-07	3.2024e-07	1.0619e-07	7.316e-17
62.95	1.0024e-10	3.9723e-07	2.9848e-07	9.8745e-08	7.3276e-17
62.96	9.3165e-11	3.693e-07	2.7719e-07	9.2118e-08	7.3129e-17
62.97	9.6884e-11	3.8417e-07	2.8775e-07	9.6417e-08	7.2779e-17
62.98	1.0451e-10	4.1453e-07	3.1042e-07	1.0411e-07	7.2168e-17
62.99	1.0381e-10	4.1189e-07	3.0908e-07	1.0281e-07	7.1434e-17
63	9.623e-11	3.8194e-07	2.8734e-07	9.4597e-08	7.0992e-17
63.01	9.3317e-11	3.7049e-07	2.7865e-07	9.1842e-08	7.1096e-17
63.02	9.8366e-11	3.9066e-07	2.9284e-07	9.7825e-08	7.1529e-17
63.03	1.0257e-10	4.0749e-07	3.0475e-07	1.0274e-07	7.1926e-17
63.04	9.9612e-11	3.9586e-07	2.9645e-07	9.9412e-08	7.2202e-17
63.05	9.4583e-11	3.76e-07	2.8266e-07	9.3333e-08	7.2442e-17
63.06	9.4858e-11	3.7721e-07	2.8405e-07	9.3156e-08	7.257e-17
63.07	9.8941e-11	3.9357e-07	2.9558e-07	9.7986e-08	7.2437e-17
63.08	9.9868e-11	3.9738e-07	2.9739e-07	9.9991e-08	7.2133e-17
63.09	9.6056e-11	3.8234e-07	2.8602e-07	9.6315e-08	7.1914e-17
63.1	9.3019e-11	3.7036e-07	2.7797e-07	9.2397e-08	7.1843e-17
63.11	9.4907e-11	3.78e-07	2.8444e-07	9.3563e-08	7.1744e-17
63.12	9.8866e-11	3.939e-07	2.9606e-07	9.7837e-08	7.1521e-17
63.13	9.923e-11	3.9547e-07	2.964e-07	9.9067e-08	7.1264e-17
63.14	9.4971e-11	3.7862e-07	2.8349e-07	9.5131e-08	7.1077e-17
63.15	9.0984e-11	3.6284e-07	2.7216e-07	9.0681e-08	7.0994e-17
63.16	9.2128e-11	3.6752e-07	2.7615e-07	9.1367e-08	7.1101e-17
63.17	9.7123e-11	3.8756e-07	2.9103e-07	9.6534e-08	7.147e-17
63.18	9.9609e-11	3.9761e-07	2.9814e-07	9.9473e-08	7.1951e-17
63.19	9.5868e-11	3.828e-07	2.8701e-07	9.579e-08	7.2239e-17
63.2	9.0066e-11	3.5974e-07	2.7008e-07	8.9668e-08	7.2232e-17
63.21	8.942e-11	3.5728e-07	2.6834e-07	8.8937e-08	7.2119e-17
63.22	9.4535e-11	3.7784e-07	2.8342e-07	9.442e-08	7.2066e-17
63.23	9.8189e-11	3.9256e-07	2.9418e-07	9.8386e-08	7.2016e-17
63.24	9.5266e-11	3.81e-07	2.8573e-07	9.5266e-08	7.189e-17
63.25	9.0042e-11	3.6022e-07	2.7058e-07	8.9638e-08	7.1752e-17
63.26	8.9758e-11	3.592e-07	2.6984e-07	8.9355e-08	7.1664e-17
63.27	9.3761e-11	3.7533e-07	2.8154e-07	9.3792e-08	7.1563e-17
63.28	9.4897e-11	3.8e-07	2.8478e-07	9.5223e-08	7.1425e-17
63.29	9.1167e-11	3.6518e-07	2.7386e-07	9.1323e-08	7.1372e-17
63.3	8.9016e-11	3.5668e-07	2.6779e-07	8.8885e-08	7.1465e-17
63.31	9.247e-11	3.7063e-07	2.7826e-07	9.237e-08	7.1572e-17
63.32	9.5634e-11	3.8344e-07	2.8766e-07	9.5775e-08	7.1596e-17
63.33	9.1853e-11	3.6839e-07	2.7634e-07	9.2051e-08	7.1666e-17
63.34	8.5625e-11	3.4353e-07	2.5783e-07	8.5695e-08	7.1908e-17
63.35	8.6913e-11	3.488e-07	2.6177e-07	8.703e-08	7.2161e-17
63.36	9.4967e-11	3.8124e-07	2.8587e-07	9.5374e-08	7.2175e-17
63.37	9.7644e-11	3.9211e-07	2.9394e-07	9.8172e-08	7.1991e-17
63.38	8.9578e-11	3.5984e-07	2.7003e-07	8.981e-08	7.1884e-17
63.39	8.1694e-11	3.2827e-07	2.4667e-07	8.16e-08	7.1953e-17
63.4	8.5649e-11	3.4427e-07	2.5855e-07	8.5718e-08	7.2011e-17
63.41	9.5792e-11	3.8516e-07	2.8876e-07	9.6405e-08	7.1889e-17
63.42	9.6968e-11	3.9001e-07	2.9215e-07	9.7868e-08	7.1632e-17
63.43	8.7237e-11	3.5099e-07	2.6314e-07	8.7847e-08	7.1369e-17
63.44	8.0766e-11	3.2505e-07	2.4415e-07	8.0901e-08	7.1182e-17
63.45	8.6305e-11	3.4746e-07	2.6112e-07	8.6335e-08	7.1137e-17
63.46	9.4494e-11	3.8054e-07	2.8568e-07	9.4857e-08	7.128e-17
63.47	9.3029e-11	3.7476e-07	2.8096e-07	9.3799e-08	7.1554e-17
63.48	8.512e-11	3.4301e-07	2.5697e-07	8.6044e-08	7.184e-17
63.49	8.2866e-11	3.3403e-07	2.504e-07	8.3631e-08	7.2109e-17
63.5	8.796e-11	3.5468e-07	2.663e-07	8.8377e-08	7.2391e-17
63.51	9.0828e-11	3.6636e-07	2.7537e-07	9.0985e-08	7.2597e-17
63.52	8.7383e-11	3.5257e-07	2.6488e-07	8.7695e-08	7.2569e-17
63.53	8.4532e-11	3.4118e-07	2.5577e-07	8.5407e-08	7.2339e-17
63.54	8.679e-11	3.504e-07	2.623e-07	8.8099e-08	7.215e-17
63.55	8.863e-11	3.5794e-07	2.6825e-07	8.9695e-08	7.2128e-17
63.56	8.5503e-11	3.4542e-07	2.5954e-07	8.5878e-08	7.2134e-17
63.57	8.2842e-11	3.3478e-07	2.5182e-07	8.2958e-08	7.202e-17
63.58	8.62e-11	3.4846e-07	2.6157e-07	8.6892e-08	7.1889e-17
63.59	9.0063e-11	3.6419e-07	2.7271e-07	9.1482e-08	7.1937e-17
63.6	8.6565e-11	3.5015e-07	2.6218e-07	8.7968e-08	7.2179e-17
63.61	8.0138e-11	3.2426e-07	2.4337e-07	8.0887e-08	7.245e-17
63.62	8.1545e-11	3.3006e-07	2.4813e-07	8.1928e-08	7.261e-17
63.63	8.9402e-11	3.6197e-07	2.7182e-07	9.0151e-08	7.2632e-17
63.64	9.0803e-11	3.6776e-07	2.7569e-07	9.2065e-08	7.2567e-17
63.65	8.2209e-11	3.3306e-07	2.4959e-07	8.3465e-08	7.2535e-17
63.66	7.6479e-11	3.0994e-07	2.3254e-07	7.7396e-08	7.2654e-17
63.67	8.2876e-11	3.3597e-07	2.5224e-07	8.3729e-08	7.2881e-17
63.68	9.1646e-11	3.7164e-07	2.7888e-07	9.2758e-08	7.3006e-17
63.69	8.8848e-11	3.604e-07	2.7034e-07	9.0062e-08	7.2909e-17
63.7	7.8337e-11	3.1787e-07	2.3851e-07	7.9358e-08	7.2732e-17
63.71	7.5762e-11	3.0751e-07	2.308e-07	7.6719e-08	7.2682e-17
63.72	8.4275e-11	3.4218e-07	2.5666e-07	8.5515e-08	7.277e-17
63.73	9.0373e-11	3.6705e-07	2.7522e-07	9.1833e-08	7.2886e-17
63.74	8.5295e-11	3.4654e-07	2.5999e-07	8.655e-08	7.2989e-17
63.75	7.7435e-11	3.147e-07	2.3632e-07	7.8386e-08	7.3089e-17
63.76	7.7833e-11	3.1642e-07	2.3751e-07	7.8911e-08	7.3134e-17
63.77	8.3821e-11	3.4087e-07	2.5554e-07	8.533e-08	7.3089e-17
63.78	8.5593e-11	3.4818e-07	2.6097e-07	8.7211e-08	7.3047e-17
63.79	8.1922e-11	3.3335e-07	2.5018e-07	8.3175e-08	7.3062e-17
63.8	7.9507e-11	3.2363e-07	2.4314e-07	8.049e-08	7.2978e-17
63.81	8.0557e-11	3.28e-07	2.4621e-07	8.179e-08	7.266e-17
63.82	8.102e-11	3.2999e-07	2.4731e-07	8.2682e-08	7.2294e-17
63.83	7.9942e-11	3.257e-07	2.4406e-07	8.1645e-08	7.219e-17
63.84	8.0908e-11	3.2974e-07	2.4746e-07	8.2286e-08	7.2325e-17
63.85	8.3308e-11	3.3963e-07	2.5515e-07	8.4484e-08	7.2377e-17
63.86	8.1568e-11	3.3264e-07	2.4976e-07	8.2883e-08	7.2245e-17
63.87	7.601e-11	3.1007e-07	2.3251e-07	7.7565e-08	7.2194e-17
63.88	7.5314e-11	3.0733e-07	2.3035e-07	7.6986e-08	7.2387e-17
63.89	8.2612e-11	3.3722e-07	2.5291e-07	8.4311e-08	7.2607e-17
63.9	8.7535e-11	3.5742e-07	2.6822e-07	8.92e-08	7.261e-17
63.91	8.0822e-11	3.3011e-07	2.4781e-07	8.2304e-08	7.2477e-17
63.92	7.0588e-11	2.8841e-07	2.1654e-07	7.1865e-08	7.2408e-17
63.93	7.2269e-11	2.9537e-07	2.2168e-07	7.3685e-08	7.2396e-17
63.94	8.4699e-11	3.4628e-07	2.5963e-07	8.6644e-08	7.2346e-17
63.95	8.9839e-11	3.6741e-07	2.7528e-07	9.2127e-08	7.2324e-17
63.96	7.9272e-11	3.2429e-07	2.4308e-07	8.121e-08	7.2422e-17
63.97	6.773e-11	2.7716e-07	2.0817e-07	6.899e-08	7.2507e-17
63.98	7.1689e-11	2.9345e-07	2.2063e-07	7.2821e-08	7.2372e-17
63.99	8.475e-11	3.4703e-07	2.605e-07	8.6529e-08	7.2061e-17
64	8.7451e-11	3.582e-07	2.6832e-07	8.9882e-08	7.179e-17
64.01	7.6483e-11	3.1337e-07	2.3456e-07	7.8814e-08	7.1621e-17
64.02	6.8652e-11	2.8137e-07	2.1104e-07	7.0336e-08	7.1481e-17
64.03	7.4536e-11	3.0559e-07	2.2976e-07	7.583e-08	7.1431e-17
64.04	8.3276e-11	3.4152e-07	2.5673e-07	8.4792e-08	7.1629e-17
64.05	8.0986e-11	3.3224e-07	2.4927e-07	8.2966e-08	7.2033e-17
64.06	7.2324e-11	2.9679e-07	2.2224e-07	7.4548e-08	7.2412e-17
64.07	7.158e-11	2.9383e-07	2.2007e-07	7.3761e-08	7.2656e-17
64.08	7.9216e-11	3.2528e-07	2.4407e-07	8.1211e-08	7.2835e-17
64.09	8.1828e-11	3.3611e-07	2.5252e-07	8.3587e-08	7.2918e-17
64.1	7.4499e-11	3.061e-07	2.3e-07	7.6107e-08	7.275e-17
64.11	6.8803e-11	2.8278e-07	2.1222e-07	7.0567e-08	7.2365e-17
64.12	7.3967e-11	3.0411e-07	2.2791e-07	7.6198e-08	7.2038e-17
64.13	8.1983e-11	3.3717e-07	2.526e-07	8.4569e-08	7.1915e-17
64.14	8.0219e-11	3.3002e-07	2.4739e-07	8.2627e-08	7.1843e-17
64.15	7.1031e-11	2.9231e-07	2.1943e-07	7.288e-08	7.1712e-17
64.16	6.7783e-11	2.7903e-07	2.0971e-07	6.932e-08	7.1684e-17
64.17	7.4537e-11	3.0693e-07	2.3055e-07	7.6379e-08	7.1908e-17
64.18	8.0862e-11	3.3308e-07	2.4976e-07	8.3312e-08	7.2225e-17
64.19	7.7994e-11	3.2136e-07	2.4063e-07	8.0734e-08	7.2412e-17
64.2	7.0711e-11	2.9145e-07	2.1827e-07	7.3171e-08	7.2511e-17
64.21	6.8814e-11	2.8371e-07	2.1297e-07	7.0746e-08	7.266e-17
64.22	7.3386e-11	3.0266e-07	2.2759e-07	7.507e-08	7.2749e-17
64.23	7.7316e-11	3.1897e-07	2.3971e-07	7.926e-08	7.2558e-17
64.24	7.602e-11	3.1372e-07	2.3523e-07	7.8486e-08	7.215e-17
64.25	7.2045e-11	2.9741e-07	2.2259e-07	7.4813e-08	7.1835e-17
64.26	7.0024e-11	2.8915e-07	2.1654e-07	7.2609e-08	7.1751e-17
64.27	7.1328e-11	2.9463e-07	2.2118e-07	7.3454e-08	7.175e-17
64.28	7.3947e-11	3.0554e-07	2.2974e-07	7.5806e-08	7.1717e-17
64.29	7.497e-11	3.0987e-07	2.3287e-07	7.7e-08	7.1738e-17
64.3	7.3051e-11	3.0203e-07	2.2653e-07	7.5503e-08	7.1891e-17
64.31	7.0042e-11	2.8968e-07	2.1688e-07	7.2793e-08	7.2095e-17
64.32	6.9564e-11	2.8779e-07	2.155e-07	7.2287e-08	7.2257e-17
64.33	7.236e-11	2.9945e-07	2.2467e-07	7.4787e-08	7.2375e-17
64.34	7.4461e-11	3.0824e-07	2.3169e-07	7.6549e-08	7.2434e-17
64.35	7.2404e-11	2.9982e-07	2.2542e-07	7.4397e-08	7.2343e-17
64.36	6.8768e-11	2.8485e-07	2.1377e-07	7.1082e-08	7.2078e-17
64.37	6.8849e-11	2.8528e-07	2.1357e-07	7.1703e-08	7.1741e-17
64.38	7.2497e-11	3.0048e-07	2.2491e-07	7.5575e-08	7.1423e-17
64.39	7.389e-11	3.0635e-07	2.298e-07	7.6558e-08	7.1141e-17
64.4	7.044e-11	2.9214e-07	2.1967e-07	7.2467e-08	7.0948e-17
64.41	6.7108e-11	2.7841e-07	2.0937e-07	6.9036e-08	7.094e-17
64.42	6.8885e-11	2.8587e-07	2.1442e-07	7.1447e-08	7.1078e-17
64.43	7.2891e-11	3.0259e-07	2.2648e-07	7.6112e-08	7.1173e-17
64.44	7.2696e-11	3.0187e-07	2.2603e-07	7.5836e-08	7.1156e-17
64.45	6.8316e-11	2.8377e-07	2.1298e-07	7.079e-08	7.1189e-17
64.46	6.6254e-11	2.7529e-07	2.0696e-07	6.8326e-08	7.1395e-17
64.47	6.941e-11	2.8849e-07	2.167e-07	7.179e-08	7.1636e-17
64.48	7.2591e-11	3.0181e-07	2.2628e-07	7.5525e-08	7.171e-17
64.49	7.0605e-11	2.9364e-07	2.1998e-07	7.3667e-08	7.1615e-17
64.5	6.6329e-11	2.7594e-07	2.0687e-07	6.9074e-08	7.1475e-17
64.51	6.6234e-11	2.7563e-07	2.0689e-07	6.874e-08	7.13e-17
64.52	7.0323e-11	2.9274e-07	2.198e-07	7.2944e-08	7.1042e-17
64.53	7.2035e-11	2.9996e-07	2.2511e-07	7.4856e-08	7.0771e-17
64.54	6.831e-11	2.8454e-07	2.1343e-07	7.1109e-08	7.0601e-17
64.55	6.4405e-11	2.6836e-07	2.0128e-07	6.7078e-08	7.0499e-17
64.56	6.6037e-11	2.7524e-07	2.0646e-07	6.8776e-08	7.0367e-17
64.57	7.0715e-11	2.9483e-07	2.2115e-07	7.3683e-08	7.0266e-17
64.58	7.1394e-11	2.9775e-07	2.2333e-07	7.4418e-08	7.0357e-17
64.59	6.692e-11	2.7918e-07	2.0948e-07	6.9703e-08	7.0634e-17
64.6	6.3604e-11	2.6543e-07	1.9926e-07	6.6171e-08	7.0925e-17
64.61	6.5761e-11	2.7452e-07	2.0604e-07	6.8473e-08	7.1146e-17
64.62	6.9603e-11	2.9065e-07	2.1796e-07	7.2686e-08	7.1343e-17
64.63	6.937e-11	2.8976e-07	2.1717e-07	7.2585e-08	7.1462e-17
64.64	6.5875e-11	2.7525e-07	2.0642e-07	6.8824e-08	7.1331e-17
64.65	6.454e-11	2.6975e-07	2.0255e-07	6.7201e-08	7.0941e-17
64.66	6.6677e-11	2.7877e-07	2.0933e-07	6.9436e-08	7.0551e-17
64.67	6.7925e-11	2.8408e-07	2.1304e-07	7.1039e-08	7.038e-17
64.68	6.5828e-11	2.7539e-07	2.0634e-07	6.9053e-08	7.0361e-17
64.69	6.3933e-11	2.6755e-07	2.0067e-07	6.6877e-08	7.0302e-17
64.7	6.5755e-11	2.7526e-07	2.0678e-07	6.8477e-08	7.0173e-17
64.71	6.8541e-11	2.8701e-07	2.155e-07	7.1502e-08	7.0081e-17
64.72	6.7285e-11	2.8183e-07	2.1118e-07	7.0654e-08	7.0113e-17
64.73	6.2939e-11	2.6371e-07	1.9746e-07	6.6259e-08	7.0297e-17
64.74	6.1635e-11	2.5833e-07	1.9389e-07	6.4432e-08	7.0619e-17
64.75	6.5533e-11	2.7475e-07	2.0667e-07	6.8076e-08	7.0946e-17
64.76	6.9174e-11	2.9011e-07	2.179e-07	7.2207e-08	7.1047e-17
64.77	6.7174e-11	2.818e-07	2.1093e-07	7.0875e-08	7.0838e-17
64.78	6.2046e-11	2.6037e-07	1.947e-07	6.5676e-08	7.05e-17
64.79	6.0661e-11	2.5464e-07	1.9113e-07	6.3513e-08	7.0212e-17
64.8	6.4519e-11	2.7092e-07	2.04e-07	6.6918e-08	6.9891e-17
64.81	6.7858e-11	2.8503e-07	2.1427e-07	7.0761e-08	6.9401e-17
64.82	6.5992e-11	2.7727e-07	2.0757e-07	6.9702e-08	6.8911e-17
64.83	6.1741e-11	2.5949e-07	1.9396e-07	6.5527e-08	6.8784e-17
64.84	6.1032e-11	2.5659e-07	1.9243e-07	6.416e-08	6.9105e-17
64.85	6.4367e-11	2.707e-07	2.0366e-07	6.7037e-08	6.9568e-17
64.86	6.6403e-11	2.7935e-07	2.1001e-07	6.934e-08	6.9881e-17
64.87	6.3949e-11	2.6911e-07	2.0174e-07	6.737e-08	7.007e-17
64.88	6.0592e-11	2.5506e-07	1.9097e-07	6.4084e-08	7.0267e-17
64.89	6.1257e-11	2.5793e-07	1.934e-07	6.4539e-08	7.0405e-17
64.9	6.4792e-11	2.729e-07	2.0485e-07	6.805e-08	7.0279e-17
64.91	6.564e-11	2.7656e-07	2.0754e-07	6.9017e-08	6.9827e-17
64.92	6.2217e-11	2.6222e-07	1.9674e-07	6.5482e-08	6.9204e-17
64.93	5.9402e-11	2.5044e-07	1.8801e-07	6.2423e-08	6.8642e-17
64.94	6.1209e-11	2.5813e-07	1.9377e-07	6.4357e-08	6.8321e-17
64.95	6.4665e-11	2.7279e-07	2.0447e-07	6.8318e-08	6.8309e-17
64.96	6.434e-11	2.715e-07	2.0331e-07	6.8194e-08	6.8526e-17
64.97	6.0667e-11	2.5608e-07	1.9203e-07	6.4055e-08	6.8793e-17
64.98	5.9188e-11	2.4991e-07	1.8787e-07	6.2049e-08	6.8996e-17
64.99	6.1877e-11	2.6135e-07	1.9645e-07	6.4903e-08	6.9159e-17
65	6.4119e-11	2.709e-07	2.0311e-07	6.7789e-08	6.9303e-17
65.01	6.2067e-11	2.6231e-07	1.9633e-07	6.5985e-08	6.9313e-17
65.02	5.8762e-11	2.4842e-07	1.8616e-07	6.2262e-08	6.9057e-17
65.03	5.9356e-11	2.5101e-07	1.8857e-07	6.2434e-08	6.8584e-17
65.04	6.2945e-11	2.6627e-07	2.001e-07	6.6171e-08	6.8105e-17
65.05	6.3837e-11	2.7013e-07	2.0265e-07	6.7475e-08	6.779e-17
65.06	6.0264e-11	2.5508e-07	1.9112e-07	6.3964e-08	6.7689e-17
65.07	5.7135e-11	2.4192e-07	1.8137e-07	6.0546e-08	6.7811e-17
65.08	5.8783e-11	2.4897e-07	1.869e-07	6.2072e-08	6.8145e-17
65.09	6.2742e-11	2.6582e-07	1.9954e-07	6.6282e-08	6.8564e-17
65.1	6.3471e-11	2.6899e-07	2.0173e-07	6.7257e-08	6.8833e-17
65.11	6.0026e-11	2.5447e-07	1.9077e-07	6.3698e-08	6.8792e-17
65.12	5.6864e-11	2.4114e-07	1.8091e-07	6.0224e-08	6.8482e-17
65.13	5.7592e-11	2.443e-07	1.8344e-07	6.0861e-08	6.8058e-17
65.14	6.0735e-11	2.5771e-07	1.9344e-07	6.4266e-08	6.7629e-17
65.15	6.2304e-11	2.6445e-07	1.9827e-07	6.6178e-08	6.7273e-17
65.16	6.0677e-11	2.5762e-07	1.93e-07	6.462e-08	6.7108e-17
65.17	5.7841e-11	2.4566e-07	1.8417e-07	6.1491e-08	6.7223e-17
65.18	5.6704e-11	2.409e-07	1.8094e-07	5.9968e-08	6.7529e-17
65.19	5.813e-11	2.4704e-07	1.857e-07	6.1338e-08	6.7785e-17
65.2	6.0373e-11	2.5665e-07	1.9264e-07	6.4011e-08	6.7859e-17
65.21	6.093e-11	2.591e-07	1.9401e-07	6.509e-08	6.7865e-17
65.22	5.9063e-11	2.5123e-07	1.8801e-07	6.3225e-08	6.796e-17
65.23	5.6653e-11	2.4105e-07	1.8084e-07	6.0217e-08	6.8045e-17
65.24	5.6279e-11	2.3954e-07	1.8022e-07	5.9321e-08	6.7847e-17
65.25	5.8277e-11	2.4812e-07	1.8657e-07	6.1544e-08	6.73e-17
65.26	6.0184e-11	2.5631e-07	1.9211e-07	6.4206e-08	6.671e-17
65.27	5.9558e-11	2.5373e-07	1.8976e-07	6.397e-08	6.6426e-17
65.28	5.6997e-11	2.4289e-07	1.819e-07	6.099e-08	6.6457e-17
65.29	5.552e-11	2.3667e-07	1.7782e-07	5.8852e-08	6.6563e-17
65.3	5.6809e-11	2.4224e-07	1.822e-07	6.0039e-08	6.6614e-17
65.31	5.8981e-11	2.5158e-07	1.8888e-07	6.2694e-08	6.6679e-17
65.32	5.8997e-11	2.5172e-07	1.8861e-07	6.3117e-08	6.6799e-17
65.33	5.6743e-11	2.4218e-07	1.8138e-07	6.0802e-08	6.6891e-17
65.34	5.5234e-11	2.3581e-07	1.7678e-07	5.9031e-08	6.6914e-17
65.35	5.6407e-11	2.4089e-07	1.8079e-07	6.0104e-08	6.6947e-17
65.36	5.8328e-11	2.4917e-07	1.8714e-07	6.2036e-08	6.6995e-17
65.37	5.797e-11	2.4772e-07	1.8609e-07	6.163e-08	6.6932e-17
65.38	5.5671e-11	2.3797e-07	1.786e-07	5.9362e-08	6.6741e-17
65.39	5.4647e-11	2.3366e-07	1.7503e-07	5.8631e-08	6.6639e-17
65.4	5.6225e-11	2.4049e-07	1.7999e-07	6.0498e-08	6.6773e-17
65.41	5.7951e-11	2.4794e-07	1.859e-07	6.2047e-08	6.695e-17
65.42	5.7298e-11	2.4522e-07	1.8438e-07	6.0847e-08	6.6884e-17
65.43	5.5186e-11	2.3626e-07	1.7776e-07	5.8499e-08	6.659e-17
65.44	5.4231e-11	2.3224e-07	1.7425e-07	5.7993e-08	6.631e-17
65.45	5.5043e-11	2.3579e-07	1.7636e-07	5.9433e-08	6.6144e-17
65.46	5.6188e-11	2.4077e-07	1.8013e-07	6.0634e-08	6.6e-17
65.47	5.6693e-11	2.43e-07	1.8241e-07	6.0594e-08	6.5889e-17
65.48	5.6492e-11	2.4222e-07	1.823e-07	5.9918e-08	6.5944e-17
65.49	5.5255e-11	2.3699e-07	1.7822e-07	5.8771e-08	6.6138e-17
65.5	5.324e-11	2.2841e-07	1.7118e-07	5.723e-08	6.6259e-17
65.51	5.2704e-11	2.2618e-07	1.6912e-07	5.7059e-08	6.6248e-17
65.52	5.5382e-11	2.3775e-07	1.7802e-07	5.9728e-08	6.629e-17
65.53	5.8539e-11	2.5138e-07	1.8882e-07	6.2556e-08	6.6474e-17
65.54	5.7277e-11	2.4603e-07	1.8513e-07	6.0904e-08	6.6616e-17
65.55	5.2016e-11	2.235e-07	1.6796e-07	5.5543e-08	6.6575e-17
65.56	4.9597e-11	2.1317e-07	1.5966e-07	5.3511e-08	6.6466e-17
65.57	5.3968e-11	2.3203e-07	1.7358e-07	5.8448e-08	6.6374e-17
65.58	5.9398e-11	2.5546e-07	1.9147e-07	6.3985e-08	6.6153e-17
65.59	5.7863e-11	2.4893e-07	1.8703e-07	6.1895e-08	6.5766e-17
65.6	5.1062e-11	2.1974e-07	1.6522e-07	5.452e-08	6.556e-17
65.61	4.8648e-11	2.0941e-07	1.5715e-07	5.2257e-08	6.5849e-17
65.62	5.4063e-11	2.3279e-07	1.7441e-07	5.8387e-08	6.6374e-17
65.63	5.9064e-11	2.5441e-07	1.9064e-07	6.3765e-08	6.659e-17
65.64	5.5941e-11	2.4103e-07	1.8079e-07	6.0242e-08	6.6384e-17
65.65	4.9315e-11	2.1254e-07	1.5951e-07	5.3034e-08	6.6125e-17
65.66	4.9237e-11	2.1227e-07	1.5932e-07	5.2954e-08	6.6031e-17
65.67	5.5735e-11	2.4036e-07	1.8044e-07	5.992e-08	6.5928e-17
65.68	5.8587e-11	2.5274e-07	1.8973e-07	6.3002e-08	6.5703e-17
65.69	5.3036e-11	2.2886e-07	1.7165e-07	5.7212e-08	6.5556e-17
65.7	4.7348e-11	2.0438e-07	1.5307e-07	5.1305e-08	6.5612e-17
65.71	5.0224e-11	2.1686e-07	1.6251e-07	5.4344e-08	6.5662e-17
65.72	5.7256e-11	2.4729e-07	1.857e-07	6.1593e-08	6.5535e-17
65.73	5.7517e-11	2.485e-07	1.868e-07	6.1694e-08	6.5425e-17
65.74	5.0406e-11	2.1784e-07	1.6357e-07	5.427e-08	6.5551e-17
65.75	4.6676e-11	2.0178e-07	1.5115e-07	5.0636e-08	6.575e-17
65.76	5.1827e-11	2.2412e-07	1.6785e-07	5.6267e-08	6.5724e-17
65.77	5.7576e-11	2.4906e-07	1.8684e-07	6.2214e-08	6.5515e-17
65.78	5.4795e-11	2.371e-07	1.7808e-07	5.9013e-08	6.5389e-17
65.79	4.7811e-11	2.0694e-07	1.554e-07	5.1545e-08	6.538e-17
65.8	4.7589e-11	2.0604e-07	1.5458e-07	5.1461e-08	6.5322e-17
65.81	5.4373e-11	2.3549e-07	1.7664e-07	5.8846e-08	6.5244e-17
65.82	5.7189e-11	2.4776e-07	1.8582e-07	6.1933e-08	6.5341e-17
65.83	5.1187e-11	2.2182e-07	1.6626e-07	5.5561e-08	6.5548e-17
65.84	4.5513e-11	1.973e-07	1.4787e-07	4.9428e-08	6.5508e-17
65.85	4.9066e-11	2.1276e-07	1.5974e-07	5.3018e-08	6.5101e-17
65.86	5.6428e-11	2.4476e-07	1.84e-07	6.0757e-08	6.4668e-17
65.87	5.6151e-11	2.4363e-07	1.8298e-07	6.0654e-08	6.4532e-17
65.88	4.8465e-11	2.1035e-07	1.5753e-07	5.2817e-08	6.4563e-17
65.89	4.4798e-11	1.9449e-07	1.4548e-07	4.9009e-08	6.4459e-17
65.9	5.0201e-11	2.1801e-07	1.6356e-07	5.445e-08	6.4257e-17
65.91	5.6109e-11	2.4375e-07	1.8336e-07	6.0388e-08	6.4276e-17
65.92	5.3906e-11	2.3425e-07	1.7614e-07	5.8107e-08	6.4604e-17
65.93	4.7501e-11	2.0648e-07	1.5475e-07	5.1723e-08	6.4925e-17
65.94	4.6236e-11	2.0104e-07	1.5037e-07	5.0668e-08	6.4906e-17
65.95	5.0722e-11	2.2061e-07	1.6534e-07	5.527e-08	6.4598e-17
65.96	5.3422e-11	2.3242e-07	1.7466e-07	5.7768e-08	6.4332e-17
65.97	5.0967e-11	2.2181e-07	1.6675e-07	5.5059e-08	6.4307e-17
65.98	4.8062e-11	2.0923e-07	1.5699e-07	5.2241e-08	6.4371e-17
65.99	4.8718e-11	2.1215e-07	1.5892e-07	5.3232e-08	6.4237e-17
66	5.053e-11	2.2011e-07	1.6495e-07	5.516e-08	6.3852e-17
66.01	5.01e-11	2.183e-07	1.6381e-07	5.4493e-08	6.347e-17
66.02	4.8752e-11	2.1249e-07	1.5956e-07	5.2927e-08	6.3365e-17
66.03	4.9188e-11	2.1446e-07	1.6099e-07	5.3466e-08	6.3548e-17
66.04	5.0334e-11	2.1952e-07	1.6468e-07	5.484e-08	6.3829e-17
66.05	4.9623e-11	2.1649e-07	1.6232e-07	5.4163e-08	6.4039e-17
66.06	4.795e-11	2.0925e-07	1.569e-07	5.2352e-08	6.4082e-17
66.07	4.8098e-11	2.0996e-07	1.5752e-07	5.2437e-08	6.3883e-17
66.08	4.9693e-11	2.1699e-07	1.629e-07	5.4091e-08	6.3481e-17
66.09	4.9856e-11	2.1776e-07	1.6347e-07	5.4298e-08	6.3117e-17
66.1	4.8317e-11	2.1111e-07	1.5834e-07	5.2762e-08	6.3002e-17
66.11	4.7769e-11	2.0878e-07	1.5651e-07	5.2263e-08	6.3006e-17
66.12	4.8903e-11	2.138e-07	1.6036e-07	5.3438e-08	6.2828e-17
66.13	4.9166e-11	2.1501e-07	1.6142e-07	5.3596e-08	6.2488e-17
66.14	4.7587e-11	2.0817e-07	1.563e-07	5.1875e-08	6.2353e-17
66.15	4.6925e-11	2.0533e-07	1.5402e-07	5.1314e-08	6.2587e-17
66.16	4.8823e-11	2.137e-07	1.6018e-07	5.3524e-08	6.2885e-17
66.17	5.0287e-11	2.2018e-07	1.6511e-07	5.5073e-08	6.2915e-17
66.18	4.8281e-11	2.1146e-07	1.5875e-07	5.2713e-08	6.2747e-17
66.19	4.526e-11	1.9829e-07	1.4893e-07	4.9355e-08	6.2615e-17
66.2	4.5892e-11	2.0112e-07	1.5091e-07	5.0211e-08	6.2499e-17
66.21	4.9518e-11	2.1707e-07	1.6267e-07	5.4402e-08	6.2265e-17
66.22	5.0646e-11	2.2209e-07	1.6643e-07	5.5659e-08	6.2005e-17
66.23	4.7352e-11	2.077e-07	1.5588e-07	5.1829e-08	6.1894e-17
66.24	4.4411e-11	1.9486e-07	1.4645e-07	4.8417e-08	6.1865e-17
66.25	4.5986e-11	2.0184e-07	1.5156e-07	5.0276e-08	6.1768e-17
66.26	4.9274e-11	2.1633e-07	1.621e-07	5.4234e-08	6.1708e-17
66.27	4.9097e-11	2.1562e-07	1.6144e-07	5.4178e-08	6.1849e-17
66.28	4.6009e-11	2.0212e-07	1.5162e-07	5.0498e-08	6.1993e-17
66.29	4.5027e-11	1.9787e-07	1.488e-07	4.9068e-08	6.1816e-17
66.3	4.7355e-11	2.0816e-07	1.5643e-07	5.1731e-08	6.1445e-17
66.31	4.8651e-11	2.1392e-07	1.6027e-07	5.3649e-08	6.1312e-17
66.32	4.6479e-11	2.0443e-07	1.5294e-07	5.1496e-08	6.1422e-17
66.33	4.4452e-11	1.9558e-07	1.4668e-07	4.8893e-08	6.1327e-17
66.34	4.6111e-11	2.0293e-07	1.527e-07	5.0237e-08	6.0933e-17
66.35	4.8738e-11	2.1456e-07	1.6132e-07	5.3246e-08	6.0724e-17
66.36	4.7663e-11	2.0989e-07	1.5722e-07	5.2669e-08	6.0909e-17
66.37	4.4192e-11	1.9466e-07	1.4554e-07	4.9121e-08	6.1013e-17
66.38	4.3845e-11	1.9319e-07	1.449e-07	4.8296e-08	6.0725e-17
66.39	4.7311e-11	2.0853e-07	1.5695e-07	5.1576e-08	6.0554e-17
66.4	4.8964e-11	2.1588e-07	1.6235e-07	5.3526e-08	6.1016e-17
66.41	4.584e-11	2.0217e-07	1.5146e-07	5.071e-08	6.1632e-17
66.42	4.2676e-11	1.8827e-07	1.4077e-07	4.7499e-08	6.154e-17
66.43	4.4482e-11	1.963e-07	1.472e-07	4.9093e-08	6.083e-17
66.44	4.8401e-11	2.1366e-07	1.6071e-07	5.2942e-08	6.0403e-17
66.45	4.8097e-11	2.1238e-07	1.5969e-07	5.2689e-08	6.0547e-17
66.46	4.383e-11	1.9359e-07	1.4515e-07	4.8449e-08	6.0578e-17
66.47	4.2098e-11	1.86e-07	1.3923e-07	4.677e-08	6.0066e-17
66.48	4.5403e-11	2.0066e-07	1.5043e-07	5.023e-08	5.9549e-17
66.49	4.8454e-11	2.1421e-07	1.6086e-07	5.3356e-08	5.9616e-17
66.5	4.6597e-11	2.0606e-07	1.5477e-07	5.1295e-08	5.9984e-17
66.51	4.2845e-11	1.8953e-07	1.4226e-07	4.7266e-08	6.0068e-17
66.52	4.2739e-11	1.8912e-07	1.4189e-07	4.7225e-08	5.9946e-17
66.53	4.5794e-11	2.0269e-07	1.52e-07	5.069e-08	6.0078e-17
66.54	4.6927e-11	2.0777e-07	1.5571e-07	5.2065e-08	6.0418e-17
66.55	4.4687e-11	1.9791e-07	1.4836e-07	4.9556e-08	6.0486e-17
66.56	4.293e-11	1.9019e-07	1.4284e-07	4.7352e-08	6.0174e-17
66.57	4.4157e-11	1.9568e-07	1.4715e-07	4.8534e-08	5.986e-17
66.58	4.5818e-11	2.0311e-07	1.5249e-07	5.0613e-08	5.9748e-17
66.59	4.4978e-11	1.9944e-07	1.4932e-07	5.0122e-08	5.9639e-17
66.6	4.3042e-11	1.9091e-07	1.4286e-07	4.805e-08	5.9414e-17
66.61	4.3132e-11	1.9137e-07	1.4365e-07	4.7726e-08	5.9243e-17
66.62	4.4989e-11	1.9967e-07	1.5025e-07	4.9418e-08	5.9204e-17
66.63	4.5583e-11	2.0237e-07	1.5209e-07	5.0272e-08	5.9129e-17
66.64	4.3911e-11	1.95e-07	1.4607e-07	4.8935e-08	5.8956e-17
66.65	4.2329e-11	1.8803e-07	1.4067e-07	4.7363e-08	5.8874e-17
66.66	4.2895e-11	1.9061e-07	1.4295e-07	4.7657e-08	5.895e-17
66.67	4.46e-11	1.9824e-07	1.4905e-07	4.9186e-08	5.8956e-17
66.68	4.5082e-11	2.0045e-07	1.5065e-07	4.9797e-08	5.8765e-17
66.69	4.3764e-11	1.9464e-07	1.4594e-07	4.8703e-08	5.859e-17
66.7	4.2264e-11	1.8803e-07	1.4081e-07	4.7215e-08	5.8621e-17
66.71	4.2262e-11	1.8807e-07	1.4104e-07	4.7031e-08	5.8688e-17
66.72	4.365e-11	1.9431e-07	1.4597e-07	4.8342e-08	5.8547e-17
66.73	4.473e-11	1.9918e-07	1.4959e-07	4.9583e-08	5.8271e-17
66.74	4.4048e-11	1.962e-07	1.4713e-07	4.9069e-08	5.8102e-17
66.75	4.2153e-11	1.8782e-07	1.4073e-07	4.7082e-08	5.8077e-17
66.76	4.1257e-11	1.8388e-07	1.3794e-07	4.5933e-08	5.8066e-17
66.77	4.263e-11	1.9005e-07	1.428e-07	4.7255e-08	5.8038e-17
66.78	4.467e-11	1.9921e-07	1.4964e-07	4.9572e-08	5.8038e-17
66.79	4.4585e-11	1.9889e-07	1.4912e-07	4.9771e-08	5.8016e-17
66.8	4.2101e-11	1.8787e-07	1.4067e-07	4.7201e-08	5.7912e-17
66.81	4.0221e-11	1.7953e-07	1.346e-07	4.4931e-08	5.7835e-17
66.82	4.1449e-11	1.8507e-07	1.3913e-07	4.5937e-08	5.7897e-17
66.83	4.4281e-11	1.9777e-07	1.4875e-07	4.9017e-08	5.7982e-17
66.84	4.4943e-11	2.0078e-07	1.5065e-07	5.0132e-08	5.7899e-17
66.85	4.2383e-11	1.8941e-07	1.4171e-07	4.7697e-08	5.77e-17
66.86	3.9805e-11	1.7794e-07	1.3317e-07	4.4767e-08	5.7585e-17
66.87	4.0476e-11	1.8099e-07	1.3596e-07	4.5031e-08	5.7555e-17
66.88	4.3369e-11	1.9399e-07	1.4605e-07	4.7934e-08	5.7434e-17
66.89	4.4557e-11	1.9936e-07	1.4985e-07	4.9504e-08	5.7217e-17
66.9	4.2504e-11	1.9023e-07	1.4249e-07	4.7742e-08	5.7089e-17
66.91	4.0016e-11	1.7915e-07	1.3397e-07	4.5177e-08	5.7072e-17
66.92	4.0272e-11	1.8035e-07	1.3518e-07	4.517e-08	5.6956e-17
66.93	4.2543e-11	1.9058e-07	1.4328e-07	4.7297e-08	5.6687e-17
66.94	4.3494e-11	1.9489e-07	1.4662e-07	4.8273e-08	5.6515e-17
66.95	4.1948e-11	1.8802e-07	1.4121e-07	4.6809e-08	5.6617e-17
66.96	4.0253e-11	1.8048e-07	1.3524e-07	4.524e-08	5.6824e-17
66.97	4.0618e-11	1.8217e-07	1.3638e-07	4.5793e-08	5.6885e-17
66.98	4.2075e-11	1.8876e-07	1.4143e-07	4.7326e-08	5.6822e-17
66.99	4.2321e-11	1.8992e-07	1.426e-07	4.7326e-08	5.6803e-17
67	4.1182e-11	1.8487e-07	1.3908e-07	4.579e-08	5.6835e-17
67.01	4.0461e-11	1.8168e-07	1.3666e-07	4.5018e-08	5.68e-17
67.02	4.0939e-11	1.8389e-07	1.3791e-07	4.5981e-08	5.6681e-17
67.03	4.1461e-11	1.8629e-07	1.3926e-07	4.7021e-08	5.6547e-17
67.04	4.1138e-11	1.8489e-07	1.3829e-07	4.6602e-08	5.6377e-17
67.05	4.0707e-11	1.8301e-07	1.375e-07	4.5508e-08	5.6106e-17
67.06	4.0945e-11	1.8413e-07	1.3885e-07	4.5278e-08	5.5815e-17
67.07	4.1186e-11	1.8527e-07	1.3945e-07	4.5819e-08	5.5676e-17
67.08	4.0581e-11	1.826e-07	1.3665e-07	4.5951e-08	5.5723e-17
67.09	3.9865e-11	1.7944e-07	1.3387e-07	4.5565e-08	5.5832e-17
67.1	4.0346e-11	1.8166e-07	1.3605e-07	4.5607e-08	5.5915e-17
67.11	4.1547e-11	1.8712e-07	1.4099e-07	4.6127e-08	5.599e-17
67.12	4.1515e-11	1.8703e-07	1.4109e-07	4.5941e-08	5.6042e-17
67.13	3.9797e-11	1.7934e-07	1.3462e-07	4.4729e-08	5.5982e-17
67.14	3.8588e-11	1.7395e-07	1.2985e-07	4.4093e-08	5.5783e-17
67.15	3.9819e-11	1.7955e-07	1.3418e-07	4.5365e-08	5.5536e-17
67.16	4.2054e-11	1.8968e-07	1.4255e-07	4.7132e-08	5.5336e-17
67.17	4.1998e-11	1.8949e-07	1.4286e-07	4.6631e-08	5.52e-17
67.18	3.9171e-11	1.7679e-07	1.3297e-07	4.3813e-08	5.5123e-17
67.19	3.7215e-11	1.6801e-07	1.2573e-07	4.2271e-08	5.5118e-17
67.2	3.9173e-11	1.769e-07	1.3225e-07	4.4647e-08	5.5166e-17
67.21	4.2746e-11	1.9309e-07	1.4484e-07	4.8254e-08	5.5197e-17
67.22	4.2758e-11	1.932e-07	1.4534e-07	4.7862e-08	5.5171e-17
67.23	3.8496e-11	1.74e-07	1.3086e-07	4.3135e-08	5.5117e-17
67.24	3.5586e-11	1.6089e-07	1.2067e-07	4.0227e-08	5.5085e-17
67.25	3.8492e-11	1.7408e-07	1.3039e-07	4.3697e-08	5.51e-17
67.26	4.3576e-11	1.9713e-07	1.4782e-07	4.9309e-08	5.5142e-17
67.27	4.3502e-11	1.9686e-07	1.4781e-07	4.9044e-08	5.5143e-17
67.28	3.7846e-11	1.7131e-07	1.2867e-07	4.264e-08	5.5023e-17
67.29	3.4409e-11	1.558e-07	1.1695e-07	3.8855e-08	5.4809e-17
67.3	3.8198e-11	1.7301e-07	1.298e-07	4.3216e-08	5.4656e-17
67.31	4.3799e-11	1.9844e-07	1.4885e-07	4.9592e-08	5.4629e-17
67.32	4.302e-11	1.9496e-07	1.4623e-07	4.8732e-08	5.456e-17
67.33	3.7015e-11	1.678e-07	1.2591e-07	4.1889e-08	5.4281e-17
67.34	3.4619e-11	1.5699e-07	1.1791e-07	3.9079e-08	5.395e-17
67.35	3.9074e-11	1.7724e-07	1.3311e-07	4.4137e-08	5.3905e-17
67.36	4.3256e-11	1.9627e-07	1.472e-07	4.9065e-08	5.4181e-17
67.37	4.0742e-11	1.8492e-07	1.3856e-07	4.6362e-08	5.441e-17
67.38	3.5637e-11	1.6179e-07	1.2136e-07	4.0429e-08	5.4322e-17
67.39	3.5962e-11	1.6332e-07	1.228e-07	4.0523e-08	5.4107e-17
67.4	4.1036e-11	1.8642e-07	1.4012e-07	4.6297e-08	5.411e-17
67.41	4.2614e-11	1.9364e-07	1.4518e-07	4.8463e-08	5.4343e-17
67.42	3.7955e-11	1.7252e-07	1.291e-07	4.3425e-08	5.453e-17
67.43	3.4233e-11	1.5565e-07	1.1671e-07	3.8942e-08	5.4525e-17
67.44	3.7326e-11	1.6976e-07	1.2775e-07	4.2013e-08	5.444e-17
67.45	4.2545e-11	1.9356e-07	1.4562e-07	4.7942e-08	5.4397e-17
67.46	4.1814e-11	1.9029e-07	1.427e-07	4.7594e-08	5.4367e-17
67.47	3.6123e-11	1.6444e-07	1.2298e-07	4.1456e-08	5.4278e-17
67.48	3.3968e-11	1.5468e-07	1.1592e-07	3.8757e-08	5.4132e-17
67.49	3.8343e-11	1.7465e-07	1.3138e-07	4.3267e-08	5.3979e-17
67.5	4.2382e-11	1.931e-07	1.4529e-07	4.7812e-08	5.3881e-17
67.51	4.0059e-11	1.8257e-07	1.37e-07	4.557e-08	5.3888e-17
67.52	3.5183e-11	1.604e-07	1.2006e-07	4.0331e-08	5.3967e-17
67.53	3.5116e-11	1.6014e-07	1.2e-07	4.0135e-08	5.3988e-17
67.54	3.9459e-11	1.8e-07	1.3522e-07	4.4776e-08	5.3892e-17
67.55	4.1152e-11	1.8778e-07	1.4116e-07	4.6621e-08	5.3817e-17
67.56	3.7679e-11	1.7198e-07	1.2914e-07	4.2841e-08	5.3926e-17
67.57	3.4667e-11	1.5828e-07	1.1868e-07	3.9598e-08	5.4136e-17
67.58	3.6731e-11	1.6775e-07	1.2576e-07	4.1991e-08	5.4212e-17
67.59	4.0349e-11	1.8433e-07	1.3829e-07	4.6039e-08	5.4094e-17
67.6	3.9725e-11	1.8153e-07	1.3632e-07	4.5219e-08	5.3949e-17
67.61	3.5905e-11	1.6413e-07	1.2332e-07	4.0808e-08	5.3886e-17
67.62	3.4806e-11	1.5915e-07	1.195e-07	3.9654e-08	5.384e-17
67.63	3.7812e-11	1.7295e-07	1.2964e-07	4.3303e-08	5.378e-17
67.64	3.9981e-11	1.8292e-07	1.3705e-07	4.5869e-08	5.3805e-17
67.65	3.8127e-11	1.7449e-07	1.3095e-07	4.3541e-08	5.3936e-17
67.66	3.548e-11	1.6243e-07	1.2218e-07	4.0244e-08	5.4015e-17
67.67	3.5983e-11	1.6477e-07	1.2387e-07	4.0903e-08	5.3937e-17
67.68	3.8143e-11	1.7472e-07	1.3092e-07	4.3803e-08	5.3827e-17
67.69	3.819e-11	1.7499e-07	1.309e-07	4.4083e-08	5.3825e-17
67.7	3.6445e-11	1.6704e-07	1.2529e-07	4.1754e-08	5.3861e-17
67.71	3.6189e-11	1.6591e-07	1.2494e-07	4.097e-08	5.3799e-17
67.72	3.7648e-11	1.7265e-07	1.2998e-07	4.267e-08	5.3654e-17
67.73	3.7783e-11	1.7333e-07	1.2993e-07	4.3392e-08	5.3525e-17
67.74	3.5985e-11	1.6513e-07	1.234e-07	4.1725e-08	5.3437e-17
67.75	3.5398e-11	1.6248e-07	1.2171e-07	4.0772e-08	5.3416e-17
67.76	3.7352e-11	1.715e-07	1.2906e-07	4.2437e-08	5.3582e-17
67.77	3.867e-11	1.776e-07	1.338e-07	4.3805e-08	5.3958e-17
67.78	3.6869e-11	1.6938e-07	1.272e-07	4.2178e-08	5.4296e-17
67.79	3.4572e-11	1.5887e-07	1.1887e-07	4.0009e-08	5.4346e-17
67.8	3.5396e-11	1.6271e-07	1.2176e-07	4.0947e-08	5.4197e-17
67.81	3.8002e-11	1.7474e-07	1.3118e-07	4.3554e-08	5.4089e-17
67.82	3.8242e-11	1.7589e-07	1.3236e-07	4.3531e-08	5.3989e-17
67.83	3.586e-11	1.6499e-07	1.2412e-07	4.0864e-08	5.3681e-17
67.84	3.4667e-11	1.5955e-07	1.1972e-07	3.9832e-08	5.3251e-17
67.85	3.6188e-11	1.666e-07	1.2473e-07	4.1868e-08	5.3079e-17
67.86	3.7485e-11	1.7262e-07	1.2928e-07	4.3336e-08	5.3274e-17
67.87	3.6433e-11	1.6782e-07	1.2602e-07	4.1808e-08	5.3473e-17
67.88	3.5168e-11	1.6204e-07	1.2196e-07	4.008e-08	5.3385e-17
67.89	3.6019e-11	1.6601e-07	1.2483e-07	4.1189e-08	5.3219e-17
67.9	3.7298e-11	1.7196e-07	1.2887e-07	4.309e-08	5.3308e-17
67.91	3.6321e-11	1.6751e-07	1.2534e-07	4.2163e-08	5.3582e-17
67.92	3.436e-11	1.5851e-07	1.1892e-07	3.9584e-08	5.3713e-17
67.93	3.4779e-11	1.6049e-07	1.2083e-07	3.9654e-08	5.362e-17
67.94	3.7267e-11	1.7202e-07	1.2938e-07	4.2637e-08	5.3495e-17
67.95	3.7949e-11	1.7522e-07	1.3125e-07	4.3969e-08	5.3439e-17
67.96	3.5509e-11	1.64e-07	1.2264e-07	4.1357e-08	5.3375e-17
67.97	3.3428e-11	1.5443e-07	1.1596e-07	3.8469e-08	5.3295e-17
67.98	3.4666e-11	1.602e-07	1.2081e-07	3.939e-08	5.3281e-17
67.99	3.7221e-11	1.7206e-07	1.2945e-07	4.2613e-08	5.3287e-17
68	3.7372e-11	1.7281e-07	1.2923e-07	4.3575e-08	5.3163e-17
68.01	3.5209e-11	1.6285e-07	1.2155e-07	4.1306e-08	5.2943e-17
68.02	3.3985e-11	1.5724e-07	1.1806e-07	3.9178e-08	5.2843e-17
68.03	3.5009e-11	1.6202e-07	1.224e-07	3.962e-08	5.292e-17
68.04	3.6212e-11	1.6764e-07	1.2637e-07	4.1268e-08	5.2972e-17
68.05	3.5879e-11	1.6615e-07	1.2428e-07	4.1864e-08	5.2873e-17
68.06	3.5016e-11	1.622e-07	1.2087e-07	4.1332e-08	5.2788e-17
68.07	3.5081e-11	1.6255e-07	1.2177e-07	4.0783e-08	5.2898e-17
68.08	3.5535e-11	1.647e-07	1.2429e-07	4.0412e-08	5.3111e-17
68.09	3.5207e-11	1.6323e-07	1.2325e-07	3.9975e-08	5.3214e-17
68.1	3.458e-11	1.6037e-07	1.2033e-07	4.0038e-08	5.315e-17
68.11	3.4879e-11	1.618e-07	1.2077e-07	4.1029e-08	5.2995e-17
68.12	3.5725e-11	1.6578e-07	1.2395e-07	4.1825e-08	5.2769e-17
68.13	3.5628e-11	1.6538e-07	1.2432e-07	4.1058e-08	5.2454e-17
68.14	3.4542e-11	1.6038e-07	1.209e-07	3.9476e-08	5.2135e-17
68.15	3.4076e-11	1.5827e-07	1.1906e-07	3.9205e-08	5.1925e-17
68.16	3.49e-11	1.6214e-07	1.2154e-07	4.0599e-08	5.1827e-17
68.17	3.5653e-11	1.6569e-07	1.2405e-07	4.1633e-08	5.1794e-17
68.18	3.5175e-11	1.6351e-07	1.2258e-07	4.0935e-08	5.1878e-17
68.19	3.4288e-11	1.5944e-07	1.1973e-07	3.9707e-08	5.2141e-17
68.2	3.4282e-11	1.5945e-07	1.1985e-07	3.9603e-08	5.2451e-17
68.21	3.4828e-11	1.6204e-07	1.2179e-07	4.0246e-08	5.2562e-17
68.22	3.4823e-11	1.6207e-07	1.2173e-07	4.0338e-08	5.2415e-17
68.23	3.4435e-11	1.6031e-07	1.2026e-07	4.0047e-08	5.2201e-17
68.24	3.4612e-11	1.6118e-07	1.2081e-07	4.0374e-08	5.2087e-17
68.25	3.5058e-11	1.633e-07	1.2245e-07	4.0852e-08	5.2021e-17
68.26	3.4592e-11	1.6118e-07	1.2104e-07	4.0139e-08	5.1885e-17
68.27	3.3515e-11	1.5621e-07	1.1744e-07	3.8771e-08	5.1696e-17
68.28	3.3589e-11	1.566e-07	1.1767e-07	3.8924e-08	5.1575e-17
68.29	3.5088e-11	1.6363e-07	1.228e-07	4.0836e-08	5.1575e-17
68.3	3.5864e-11	1.673e-07	1.2546e-07	4.1838e-08	5.1631e-17
68.31	3.4513e-11	1.6104e-07	1.2079e-07	4.025e-08	5.1645e-17
68.32	3.2763e-11	1.5293e-07	1.1476e-07	3.8164e-08	5.1576e-17
68.33	3.3012e-11	1.5413e-07	1.1572e-07	3.8411e-08	5.1445e-17
68.34	3.4753e-11	1.6231e-07	1.2194e-07	4.0369e-08	5.1309e-17
68.35	3.5511e-11	1.659e-07	1.247e-07	4.1193e-08	5.1201e-17
68.36	3.4561e-11	1.615e-07	1.2133e-07	4.0173e-08	5.1114e-17
68.37	3.3498e-11	1.5658e-07	1.174e-07	3.9186e-08	5.1057e-17
68.38	3.3371e-11	1.5604e-07	1.1683e-07	3.9207e-08	5.1091e-17
68.39	3.356e-11	1.5696e-07	1.1771e-07	3.9259e-08	5.1227e-17
68.4	3.3698e-11	1.5766e-07	1.1862e-07	3.9044e-08	5.1331e-17
68.41	3.4363e-11	1.6082e-07	1.2114e-07	3.968e-08	5.1242e-17
68.42	3.5152e-11	1.6456e-07	1.2363e-07	4.0923e-08	5.0993e-17
68.43	3.4463e-11	1.6138e-07	1.208e-07	4.0577e-08	5.0802e-17
68.44	3.2443e-11	1.5197e-07	1.1367e-07	3.8293e-08	5.0801e-17
68.45	3.1848e-11	1.4922e-07	1.1201e-07	3.7211e-08	5.0896e-17
68.46	3.4039e-11	1.5954e-07	1.2015e-07	3.9382e-08	5.0954e-17
68.47	3.6158e-11	1.6952e-07	1.2762e-07	4.1892e-08	5.0983e-17
68.48	3.4936e-11	1.6383e-07	1.2299e-07	4.0845e-08	5.103e-17
68.49	3.1895e-11	1.4961e-07	1.1202e-07	3.7598e-08	5.101e-17
68.5	3.1405e-11	1.4736e-07	1.1036e-07	3.7004e-08	5.0805e-17
68.51	3.4077e-11	1.5994e-07	1.2006e-07	3.988e-08	5.0459e-17
68.52	3.5801e-11	1.6808e-07	1.2641e-07	4.1671e-08	5.0149e-17
68.53	3.4096e-11	1.6013e-07	1.2049e-07	3.9635e-08	4.9957e-17
68.54	3.1772e-11	1.4926e-07	1.1217e-07	3.709e-08	4.9799e-17
68.55	3.2282e-11	1.5169e-07	1.1372e-07	3.7978e-08	4.9605e-17
68.56	3.4406e-11	1.6172e-07	1.2109e-07	4.0637e-08	4.9448e-17
68.57	3.46e-11	1.6268e-07	1.2197e-07	4.0715e-08	4.9454e-17
68.58	3.2755e-11	1.5405e-07	1.1586e-07	3.8189e-08	4.9646e-17
68.59	3.2021e-11	1.5064e-07	1.1349e-07	3.7158e-08	4.9914e-17
68.6	3.3459e-11	1.5746e-07	1.1834e-07	3.9117e-08	5.0106e-17
68.61	3.4481e-11	1.6231e-07	1.2156e-07	4.0759e-08	5.0137e-17
68.62	3.3309e-11	1.5684e-07	1.1736e-07	3.9482e-08	5.0054e-17
68.63	3.1855e-11	1.5004e-07	1.1262e-07	3.7416e-08	4.9981e-17
68.64	3.2467e-11	1.5297e-07	1.152e-07	3.7768e-08	4.9975e-17
68.65	3.4126e-11	1.6083e-07	1.2104e-07	3.9788e-08	4.9947e-17
68.66	3.4172e-11	1.611e-07	1.2085e-07	4.0247e-08	4.9784e-17
68.67	3.2518e-11	1.5334e-07	1.1479e-07	3.8553e-08	4.9502e-17
68.68	3.163e-11	1.492e-07	1.1185e-07	3.7347e-08	4.9221e-17
68.69	3.2662e-11	1.5411e-07	1.1588e-07	3.8231e-08	4.9016e-17
68.7	3.3924e-11	1.6011e-07	1.205e-07	3.961e-08	4.8891e-17
68.71	3.3659e-11	1.5891e-07	1.1939e-07	3.9515e-08	4.8875e-17
68.72	3.2485e-11	1.5341e-07	1.1499e-07	3.8425e-08	4.9011e-17
68.73	3.2069e-11	1.5149e-07	1.1348e-07	3.8005e-08	4.9243e-17
68.74	3.2631e-11	1.5419e-07	1.1574e-07	3.8448e-08	4.9437e-17
68.75	3.3055e-11	1.5624e-07	1.1756e-07	3.8671e-08	4.954e-17
68.76	3.2846e-11	1.5529e-07	1.1689e-07	3.8407e-08	4.96e-17
68.77	3.2637e-11	1.5435e-07	1.1587e-07	3.8482e-08	4.9616e-17
68.78	3.2833e-11	1.5532e-07	1.1626e-07	3.9058e-08	4.9486e-17
68.79	3.2902e-11	1.5569e-07	1.166e-07	3.9096e-08	4.9178e-17
68.8	3.2395e-11	1.5334e-07	1.1527e-07	3.8071e-08	4.8833e-17
68.81	3.1875e-11	1.5092e-07	1.1378e-07	3.7146e-08	4.86e-17
68.82	3.2186e-11	1.5244e-07	1.147e-07	3.7734e-08	4.8487e-17
68.83	3.3126e-11	1.5694e-07	1.1756e-07	3.9381e-08	4.8446e-17
68.84	3.3512e-11	1.5881e-07	1.1875e-07	4.0067e-08	4.851e-17
68.85	3.2654e-11	1.5479e-07	1.1607e-07	3.8719e-08	4.8711e-17
68.86	3.1369e-11	1.4874e-07	1.1202e-07	3.6717e-08	4.8967e-17
68.87	3.1186e-11	1.4792e-07	1.1149e-07	3.6423e-08	4.9166e-17
68.88	3.2518e-11	1.5428e-07	1.1591e-07	3.837e-08	4.9319e-17
68.89	3.3902e-11	1.6089e-07	1.2049e-07	4.0404e-08	4.9474e-17
68.9	3.3498e-11	1.5902e-07	1.1903e-07	3.9992e-08	4.9558e-17
68.91	3.1475e-11	1.4946e-07	1.1211e-07	3.7351e-08	4.9461e-17
68.92	3.0259e-11	1.4373e-07	1.0814e-07	3.559e-08	4.9234e-17
68.93	3.1641e-11	1.5034e-07	1.1326e-07	3.7075e-08	4.9041e-17
68.94	3.4058e-11	1.6187e-07	1.2177e-07	4.0104e-08	4.8926e-17
68.95	3.4169e-11	1.6244e-07	1.2179e-07	4.0651e-08	4.8797e-17
68.96	3.1458e-11	1.496e-07	1.1186e-07	3.7741e-08	4.8642e-17
68.97	2.9521e-11	1.4043e-07	1.0517e-07	3.5251e-08	4.8594e-17
68.98	3.1295e-11	1.4891e-07	1.1213e-07	3.6786e-08	4.8723e-17
68.99	3.4487e-11	1.6414e-07	1.2388e-07	4.0264e-08	4.8942e-17
69	3.4383e-11	1.637e-07	1.2317e-07	4.0525e-08	4.9156e-17
69.01	3.082e-11	1.4678e-07	1.0981e-07	3.6966e-08	4.9352e-17
69.02	2.8916e-11	1.3775e-07	1.0289e-07	3.4861e-08	4.948e-17
69.03	3.1652e-11	1.5083e-07	1.1325e-07	3.7579e-08	4.943e-17
69.04	3.5088e-11	1.6725e-07	1.2611e-07	4.1133e-08	4.9234e-17
69.05	3.3995e-11	1.6208e-07	1.2213e-07	3.9955e-08	4.9111e-17
69.06	2.9869e-11	1.4245e-07	1.0686e-07	3.5591e-08	4.9179e-17
69.07	2.8884e-11	1.378e-07	1.0312e-07	3.4676e-08	4.9273e-17
69.08	3.2486e-11	1.5502e-07	1.1631e-07	3.8718e-08	4.9214e-17
69.09	3.5097e-11	1.6753e-07	1.2599e-07	4.1546e-08	4.9102e-17
69.1	3.2722e-11	1.5624e-07	1.1746e-07	3.8781e-08	4.9152e-17
69.11	2.9121e-11	1.3909e-07	1.044e-07	3.4693e-08	4.9354e-17
69.12	2.9846e-11	1.4259e-07	1.0705e-07	3.554e-08	4.952e-17
69.13	3.3543e-11	1.603e-07	1.2051e-07	3.9794e-08	4.9609e-17
69.14	3.4259e-11	1.6377e-07	1.2307e-07	4.0696e-08	4.9704e-17
69.15	3.0939e-11	1.4794e-07	1.1095e-07	3.6994e-08	4.9735e-17
69.16	2.8952e-11	1.3848e-07	1.0375e-07	3.4725e-08	4.9498e-17
69.17	3.1387e-11	1.5017e-07	1.1277e-07	3.7395e-08	4.9037e-17
69.18	3.4197e-11	1.6366e-07	1.2319e-07	4.0466e-08	4.8705e-17
69.19	3.2834e-11	1.5718e-07	1.1831e-07	3.8872e-08	4.8741e-17
69.2	2.9521e-11	1.4136e-07	1.0613e-07	3.5231e-08	4.8993e-17
69.21	2.9548e-11	1.4154e-07	1.0602e-07	3.552e-08	4.92e-17
69.22	3.2773e-11	1.5703e-07	1.1769e-07	3.9345e-08	4.9341e-17
69.23	3.3965e-11	1.6279e-07	1.2226e-07	4.0524e-08	4.9515e-17
69.24	3.122e-11	1.4967e-07	1.1267e-07	3.7008e-08	4.969e-17
69.25	2.8907e-11	1.3862e-07	1.044e-07	3.4225e-08	4.9792e-17
69.26	3.0646e-11	1.4701e-07	1.1044e-07	3.6567e-08	4.991e-17
69.27	3.3631e-11	1.6137e-07	1.2088e-07	4.0495e-08	5.0138e-17
69.28	3.3142e-11	1.5907e-07	1.1907e-07	4.0004e-08	5.0306e-17
69.29	2.9925e-11	1.4367e-07	1.0785e-07	3.5826e-08	5.014e-17
69.3	2.8917e-11	1.3887e-07	1.0468e-07	3.4195e-08	4.9693e-17
69.31	3.1582e-11	1.5172e-07	1.1435e-07	3.7371e-08	4.9338e-17
69.32	3.3792e-11	1.6238e-07	1.2191e-07	4.0471e-08	4.9282e-17
69.33	3.2243e-11	1.5498e-07	1.1596e-07	3.9021e-08	4.9342e-17
69.34	2.9357e-11	1.4115e-07	1.0568e-07	3.5468e-08	4.93e-17
69.35	2.9401e-11	1.414e-07	1.0632e-07	3.5082e-08	4.9248e-17
69.36	3.2072e-11	1.5429e-07	1.1626e-07	3.8032e-08	4.9416e-17
69.37	3.3241e-11	1.5996e-07	1.2037e-07	3.9595e-08	4.979e-17
69.38	3.1296e-11	1.5065e-07	1.1306e-07	3.7584e-08	5.013e-17
69.39	2.9337e-11	1.4126e-07	1.0586e-07	3.5398e-08	5.0273e-17
69.4	3.0226e-11	1.4558e-07	1.0916e-07	3.6422e-08	5.0245e-17
69.41	3.2348e-11	1.5585e-07	1.1703e-07	3.8816e-08	5.0127e-17
69.42	3.2362e-11	1.5596e-07	1.173e-07	3.8654e-08	4.9962e-17
69.43	3.0368e-11	1.4639e-07	1.1021e-07	3.6176e-08	4.9814e-17
69.44	2.9522e-11	1.4235e-07	1.0702e-07	3.5329e-08	4.9765e-17
69.45	3.102e-11	1.4962e-07	1.1215e-07	3.7473e-08	4.982e-17
69.46	3.238e-11	1.5623e-07	1.1697e-07	3.9252e-08	4.9889e-17
69.47	3.1486e-11	1.5195e-07	1.1406e-07	3.7892e-08	4.9908e-17
69.48	2.9834e-11	1.4402e-07	1.0851e-07	3.5513e-08	4.9891e-17
69.49	2.9999e-11	1.4486e-07	1.0913e-07	3.573e-08	4.9871e-17
69.5	3.1556e-11	1.5242e-07	1.1439e-07	3.8033e-08	4.9838e-17
69.51	3.1922e-11	1.5424e-07	1.1548e-07	3.8755e-08	4.9783e-17
69.52	3.0556e-11	1.4768e-07	1.1078e-07	3.6905e-08	4.9752e-17
69.53	2.9729e-11	1.4372e-07	1.0816e-07	3.5562e-08	4.9812e-17
69.54	3.0775e-11	1.4882e-07	1.1199e-07	3.683e-08	4.9992e-17
69.55	3.1956e-11	1.5458e-07	1.1604e-07	3.8534e-08	5.0246e-17
69.56	3.128e-11	1.5135e-07	1.1354e-07	3.7814e-08	5.0443e-17
69.57	2.97e-11	1.4375e-07	1.0802e-07	3.5731e-08	5.0438e-17
69.58	2.9637e-11	1.4349e-07	1.0789e-07	3.5599e-08	5.0213e-17
69.59	3.1241e-11	1.5129e-07	1.1353e-07	3.7765e-08	4.9954e-17
69.6	3.217e-11	1.5584e-07	1.1682e-07	3.9015e-08	4.9885e-17
69.61	3.1082e-11	1.5061e-07	1.1318e-07	3.7425e-08	5.0017e-17
69.62	2.9498e-11	1.4297e-07	1.0776e-07	3.5209e-08	5.0142e-17
69.63	2.9515e-11	1.431e-07	1.0765e-07	3.5448e-08	5.0103e-17
69.64	3.0943e-11	1.5006e-07	1.1234e-07	3.7725e-08	4.9982e-17
69.65	3.1824e-11	1.5438e-07	1.1548e-07	3.8906e-08	4.9937e-17
69.66	3.1163e-11	1.5122e-07	1.1367e-07	3.7547e-08	4.9963e-17
69.67	2.9986e-11	1.4555e-07	1.0993e-07	3.5621e-08	4.9933e-17
69.68	2.9714e-11	1.4427e-07	1.087e-07	3.5573e-08	4.983e-17
69.69	3.0411e-11	1.477e-07	1.1054e-07	3.7156e-08	4.9806e-17
69.7	3.1036e-11	1.5077e-07	1.1262e-07	3.8149e-08	4.9956e-17
69.71	3.0932e-11	1.5031e-07	1.1285e-07	3.7462e-08	5.0175e-17
69.72	3.0462e-11	1.4807e-07	1.1179e-07	3.6283e-08	5.0286e-17
69.73	3.0245e-11	1.4706e-07	1.1093e-07	3.6129e-08	5.0253e-17
69.74	3.0317e-11	1.4745e-07	1.106e-07	3.6859e-08	5.0189e-17
69.75	3.0351e-11	1.4766e-07	1.1039e-07	3.7274e-08	5.0164e-17
69.76	3.0341e-11	1.4765e-07	1.1065e-07	3.7002e-08	5.0109e-17
69.77	3.054e-11	1.4866e-07	1.1191e-07	3.675e-08	4.9933e-17
69.78	3.0781e-11	1.4988e-07	1.1301e-07	3.6874e-08	4.9663e-17
69.79	3.0543e-11	1.4876e-07	1.1193e-07	3.6836e-08	4.943e-17
69.8	2.9903e-11	1.4569e-07	1.0927e-07	3.6423e-08	4.9324e-17
69.81	2.9752e-11	1.4499e-07	1.0859e-07	3.6408e-08	4.932e-17
69.82	3.0505e-11	1.4871e-07	1.1151e-07	3.7193e-08	4.9355e-17
69.83	3.1193e-11	1.5211e-07	1.144e-07	3.771e-08	4.9433e-17
69.84	3.0693e-11	1.4971e-07	1.1283e-07	3.6875e-08	4.9604e-17
69.85	2.9537e-11	1.4411e-07	1.0851e-07	3.5605e-08	4.9841e-17
69.86	2.9371e-11	1.4334e-07	1.0751e-07	3.5836e-08	5.0007e-17
69.87	3.0539e-11	1.4908e-07	1.1155e-07	3.7535e-08	4.9976e-17
69.88	3.141e-11	1.5338e-07	1.1501e-07	3.8371e-08	4.9772e-17
69.89	3.0692e-11	1.4992e-07	1.1291e-07	3.7008e-08	4.9543e-17
69.9	2.935e-11	1.434e-07	1.0818e-07	3.5226e-08	4.9403e-17
69.91	2.9233e-11	1.4287e-07	1.074e-07	3.5478e-08	4.9352e-17
69.92	3.043e-11	1.4877e-07	1.1138e-07	3.7387e-08	4.9341e-17
69.93	3.1237e-11	1.5276e-07	1.1443e-07	3.8331e-08	4.9358e-17
69.94	3.0625e-11	1.4981e-07	1.1265e-07	3.7161e-08	4.9411e-17
69.95	2.9532e-11	1.445e-07	1.089e-07	3.5606e-08	4.9465e-17
69.96	2.9357e-11	1.4369e-07	1.0806e-07	3.563e-08	4.9465e-17
69.97	3.0116e-11	1.4744e-07	1.1056e-07	3.6876e-08	4.9427e-17
69.98	3.0726e-11	1.5047e-07	1.1287e-07	3.76e-08	4.9411e-17
69.99	3.0558e-11	1.4969e-07	1.1255e-07	3.7146e-08	4.9404e-17
70	2.998e-11	1.469e-07	1.1052e-07	3.6384e-08	4.9283e-17
70.01	2.9619e-11	1.4517e-07	1.0902e-07	3.6156e-08	4.8994e-17
70.02	2.9697e-11	1.456e-07	1.0922e-07	3.6383e-08	4.8699e-17
70.03	3.0087e-11	1.4755e-07	1.1086e-07	3.669e-08	4.8635e-17
70.04	3.0494e-11	1.4959e-07	1.1261e-07	3.698e-08	4.8804e-17
70.05	3.0515e-11	1.4974e-07	1.1263e-07	3.7107e-08	4.8929e-17
70.06	2.9954e-11	1.4703e-07	1.1029e-07	3.6736e-08	4.8807e-17
70.07	2.9286e-11	1.4379e-07	1.0776e-07	3.6027e-08	4.8597e-17
70.08	2.9369e-11	1.4424e-07	1.0835e-07	3.5886e-08	4.8614e-17
70.09	3.0332e-11	1.4901e-07	1.1222e-07	3.6795e-08	4.8892e-17
70.1	3.1072e-11	1.5269e-07	1.1494e-07	3.7751e-08	4.9133e-17
70.11	3.0474e-11	1.4979e-07	1.1248e-07	3.7309e-08	4.9115e-17
70.12	2.9063e-11	1.429e-07	1.0713e-07	3.5765e-08	4.8959e-17
70.13	2.865e-11	1.4091e-07	1.0573e-07	3.5177e-08	4.8894e-17
70.14	2.9947e-11	1.4733e-07	1.1075e-07	3.6572e-08	4.8912e-17
70.15	3.1332e-11	1.5419e-07	1.1602e-07	3.8173e-08	4.8844e-17
70.16	3.0883e-11	1.5202e-07	1.1436e-07	3.7663e-08	4.868e-17
70.17	2.913e-11	1.4343e-07	1.0779e-07	3.5638e-08	4.8581e-17
70.18	2.8472e-11	1.4023e-07	1.0525e-07	3.4978e-08	4.8579e-17
70.19	2.9765e-11	1.4664e-07	1.0999e-07	3.6648e-08	4.8505e-17
70.2	3.1058e-11	1.5306e-07	1.1491e-07	3.815e-08	4.8254e-17
70.21	3.0502e-11	1.5036e-07	1.1311e-07	3.7249e-08	4.797e-17
70.22	2.9102e-11	1.435e-07	1.0809e-07	3.5409e-08	4.784e-17
70.23	2.9055e-11	1.4331e-07	1.0779e-07	3.5513e-08	4.7856e-17
70.24	3.0286e-11	1.4942e-07	1.1208e-07	3.7338e-08	4.792e-17
70.25	3.0665e-11	1.5134e-07	1.134e-07	3.7932e-08	4.8048e-17
70.26	2.952e-11	1.4572e-07	1.094e-07	3.6324e-08	4.8299e-17
70.27	2.8721e-11	1.4182e-07	1.0678e-07	3.5041e-08	4.8557e-17
70.28	2.961e-11	1.4625e-07	1.1019e-07	3.6068e-08	4.8599e-17
70.29	3.0831e-11	1.5233e-07	1.1452e-07	3.7805e-08	4.8398e-17
70.3	3.0535e-11	1.5091e-07	1.1317e-07	3.7733e-08	4.8166e-17
70.31	2.9244e-11	1.4457e-07	1.0835e-07	3.6214e-08	4.8057e-17
70.32	2.8803e-11	1.4243e-07	1.0696e-07	3.5469e-08	4.7962e-17
70.33	2.9485e-11	1.4584e-07	1.0979e-07	3.6048e-08	4.7707e-17
70.34	3.0044e-11	1.4865e-07	1.1196e-07	3.6685e-08	4.7349e-17
70.35	3.0059e-11	1.4876e-07	1.1184e-07	3.6927e-08	4.7135e-17
70.36	3.0175e-11	1.4938e-07	1.1204e-07	3.7349e-08	4.7192e-17
70.37	3.0217e-11	1.4963e-07	1.1219e-07	3.7435e-08	4.7381e-17
70.38	2.9292e-11	1.4509e-07	1.0903e-07	3.6062e-08	4.7464e-17
70.39	2.8113e-11	1.393e-07	1.0489e-07	3.4403e-08	4.7377e-17
70.4	2.8789e-11	1.4268e-07	1.0737e-07	3.5316e-08	4.7284e-17
70.41	3.1256e-11	1.5495e-07	1.1635e-07	3.8603e-08	4.7373e-17
70.42	3.2239e-11	1.5987e-07	1.1998e-07	3.9894e-08	4.7613e-17
70.43	2.9738e-11	1.4751e-07	1.1085e-07	3.6659e-08	4.7752e-17
70.44	2.6718e-11	1.3257e-07	9.9728e-08	3.2841e-08	4.759e-17
70.45	2.7516e-11	1.3657e-07	1.026e-07	3.3967e-08	4.7222e-17
70.46	3.1422e-11	1.56e-07	1.1707e-07	3.8927e-08	4.694e-17
70.47	3.3169e-11	1.6472e-07	1.2377e-07	4.0945e-08	4.6887e-17
70.48	3.028e-11	1.5041e-07	1.1327e-07	3.7139e-08	4.6929e-17
70.49	2.6705e-11	1.3269e-07	9.9891e-08	3.2802e-08	4.6877e-17
70.5	2.727e-11	1.3554e-07	1.0165e-07	3.3893e-08	4.6736e-17
70.51	3.0941e-11	1.5383e-07	1.1521e-07	3.8616e-08	4.6628e-17
70.52	3.2541e-11	1.6183e-07	1.2157e-07	4.0265e-08	4.6588e-17
70.53	3.0135e-11	1.499e-07	1.1305e-07	3.6852e-08	4.6557e-17
70.54	2.7376e-11	1.3622e-07	1.0272e-07	3.3502e-08	4.6514e-17
70.55	2.7969e-11	1.3921e-07	1.0445e-07	3.4755e-08	4.6485e-17
70.56	3.0642e-11	1.5256e-07	1.1417e-07	3.8387e-08	4.6429e-17
70.57	3.1496e-11	1.5685e-07	1.1767e-07	3.9187e-08	4.6291e-17
70.58	2.9621e-11	1.4756e-07	1.1116e-07	3.6398e-08	4.6144e-17
70.59	2.7906e-11	1.3905e-07	1.0487e-07	3.4181e-08	4.6155e-17
70.6	2.8619e-11	1.4265e-07	1.0725e-07	3.5398e-08	4.635e-17
70.61	3.0485e-11	1.5199e-07	1.1396e-07	3.8029e-08	4.656e-17
70.62	3.0908e-11	1.5414e-07	1.156e-07	3.8546e-08	4.6634e-17
70.63	2.9521e-11	1.4727e-07	1.1066e-07	3.6605e-08	4.6592e-17
70.64	2.8259e-11	1.4101e-07	1.0614e-07	3.4872e-08	4.6473e-17
70.65	2.8599e-11	1.4275e-07	1.0745e-07	3.5298e-08	4.6212e-17
70.66	2.9955e-11	1.4956e-07	1.1243e-07	3.7126e-08	4.5781e-17
70.67	3.073e-11	1.5347e-07	1.1521e-07	3.8269e-08	4.5361e-17
70.68	3.0118e-11	1.5046e-07	1.129e-07	3.7562e-08	4.5182e-17
70.69	2.8764e-11	1.4374e-07	1.0801e-07	3.5725e-08	4.5243e-17
70.7	2.8114e-11	1.4053e-07	1.058e-07	3.4725e-08	4.535e-17
70.71	2.9023e-11	1.4511e-07	1.0921e-07	3.5907e-08	4.5404e-17
70.72	3.0628e-11	1.5318e-07	1.15e-07	3.8181e-08	4.55e-17
70.73	3.0968e-11	1.5493e-07	1.162e-07	3.8728e-08	4.5707e-17
70.74	2.9368e-11	1.4696e-07	1.1046e-07	3.6503e-08	4.5924e-17
70.75	2.7729e-11	1.388e-07	1.0459e-07	3.4213e-08	4.6011e-17
70.76	2.8302e-11	1.4171e-07	1.0662e-07	3.5088e-08	4.5958e-17
70.77	3.0446e-11	1.5249e-07	1.1433e-07	3.8157e-08	4.5845e-17
70.78	3.1227e-11	1.5644e-07	1.1726e-07	3.9178e-08	4.5721e-17
70.79	2.9567e-11	1.4817e-07	1.1148e-07	3.6688e-08	4.5598e-17
70.8	2.7907e-11	1.3989e-07	1.0556e-07	3.4333e-08	4.549e-17
70.81	2.858e-11	1.433e-07	1.0781e-07	3.5489e-08	4.5384e-17
70.82	3.0305e-11	1.5199e-07	1.1383e-07	3.8157e-08	4.5222e-17
70.83	3.0331e-11	1.5217e-07	1.1399e-07	3.8183e-08	4.4991e-17
70.84	2.8869e-11	1.4487e-07	1.0904e-07	3.5832e-08	4.4792e-17
70.85	2.8593e-11	1.4353e-07	1.0834e-07	3.5194e-08	4.474e-17
70.86	3.0022e-11	1.5075e-07	1.1342e-07	3.7321e-08	4.4843e-17
70.87	3.0516e-11	1.5327e-07	1.1485e-07	3.8418e-08	4.5029e-17
70.88	2.8824e-11	1.4481e-07	1.0854e-07	3.6274e-08	4.5255e-17
70.89	2.7599e-11	1.387e-07	1.0438e-07	3.432e-08	4.5487e-17
70.9	2.9242e-11	1.4699e-07	1.1079e-07	3.6198e-08	4.5635e-17
70.91	3.1594e-11	1.5886e-07	1.1945e-07	3.9416e-08	4.5607e-17
70.92	3.0909e-11	1.5546e-07	1.1663e-07	3.883e-08	4.5434e-17
70.93	2.7855e-11	1.4014e-07	1.0523e-07	3.4913e-08	4.5247e-17
70.94	2.6894e-11	1.3534e-07	1.0186e-07	3.3484e-08	4.5109e-17
70.95	2.9545e-11	1.4872e-07	1.1189e-07	3.6835e-08	4.4958e-17
70.96	3.1947e-11	1.6087e-07	1.2081e-07	4.006e-08	4.4746e-17
70.97	3.0657e-11	1.5441e-07	1.1594e-07	3.8473e-08	4.4553e-17
70.98	2.7759e-11	1.3985e-07	1.052e-07	3.4651e-08	4.4499e-17
70.99	2.7517e-11	1.3867e-07	1.044e-07	3.4275e-08	4.46e-17
71	2.9934e-11	1.509e-07	1.1339e-07	3.7507e-08	4.4757e-17
71.01	3.1123e-11	1.5693e-07	1.1775e-07	3.9181e-08	4.487e-17
71.02	2.9479e-11	1.4869e-07	1.1168e-07	3.7004e-08	4.4931e-17
71.03	2.7884e-11	1.4068e-07	1.0592e-07	3.4762e-08	4.5009e-17
71.04	2.8863e-11	1.4566e-07	1.0966e-07	3.5998e-08	4.5143e-17
71.05	3.0652e-11	1.5473e-07	1.1622e-07	3.851e-08	4.5262e-17
71.06	3.024e-11	1.527e-07	1.1455e-07	3.8147e-08	4.5236e-17
71.07	2.825e-11	1.4269e-07	1.0721e-07	3.5483e-08	4.5034e-17
71.08	2.7907e-11	1.4099e-07	1.0617e-07	3.4821e-08	4.4797e-17
71.09	2.9867e-11	1.5094e-07	1.1362e-07	3.7321e-08	4.4671e-17
71.1	3.1129e-11	1.5736e-07	1.182e-07	3.9159e-08	4.4618e-17
71.11	2.9705e-11	1.5021e-07	1.1271e-07	3.7494e-08	4.4502e-17
71.12	2.7731e-11	1.4026e-07	1.054e-07	3.4868e-08	4.4344e-17
71.13	2.8182e-11	1.4259e-07	1.0733e-07	3.5256e-08	4.4333e-17
71.14	3.0323e-11	1.5346e-07	1.1548e-07	3.7987e-08	4.4531e-17
71.15	3.0892e-11	1.5639e-07	1.175e-07	3.8887e-08	4.4732e-17
71.16	2.9113e-11	1.4742e-07	1.1069e-07	3.6727e-08	4.4726e-17
71.17	2.7788e-11	1.4075e-07	1.0579e-07	3.4962e-08	4.4595e-17
71.18	2.889e-11	1.4638e-07	1.1012e-07	3.6258e-08	4.459e-17
71.19	3.0592e-11	1.5504e-07	1.1659e-07	3.8447e-08	4.4765e-17
71.2	3.0244e-11	1.5332e-07	1.1522e-07	3.8103e-08	4.4918e-17
71.21	2.8497e-11	1.445e-07	1.0861e-07	3.5897e-08	4.4864e-17
71.22	2.811e-11	1.4258e-07	1.0723e-07	3.5348e-08	4.4621e-17
71.23	2.9565e-11	1.5e-07	1.1279e-07	3.7211e-08	4.4328e-17
71.24	3.0481e-11	1.547e-07	1.1622e-07	3.8475e-08	4.4099e-17
71.25	2.9539e-11	1.4996e-07	1.1265e-07	3.7305e-08	4.4017e-17
71.26	2.8425e-11	1.4434e-07	1.0856e-07	3.5779e-08	4.4112e-17
71.27	2.8861e-11	1.466e-07	1.1034e-07	3.6259e-08	4.4293e-17
71.28	2.9863e-11	1.5173e-07	1.1408e-07	3.765e-08	4.4389e-17
71.29	2.9672e-11	1.508e-07	1.1322e-07	3.7583e-08	4.4332e-17
71.3	2.8808e-11	1.4645e-07	1.0999e-07	3.6455e-08	4.421e-17
71.31	2.8984e-11	1.4739e-07	1.1091e-07	3.6475e-08	4.4118e-17
71.32	2.9941e-11	1.523e-07	1.1467e-07	3.7627e-08	4.407e-17
71.33	2.9842e-11	1.5183e-07	1.1413e-07	3.7707e-08	4.4082e-17
71.34	2.8621e-11	1.4566e-07	1.0931e-07	3.6353e-08	4.4202e-17
71.35	2.8348e-11	1.4431e-07	1.0841e-07	3.5907e-08	4.4371e-17
71.36	2.9703e-11	1.5126e-07	1.1387e-07	3.739e-08	4.4419e-17
71.37	3.0576e-11	1.5574e-07	1.1725e-07	3.8491e-08	4.4302e-17
71.38	2.9453e-11	1.5007e-07	1.1275e-07	3.7312e-08	4.4219e-17
71.39	2.8069e-11	1.4305e-07	1.0736e-07	3.569e-08	4.4319e-17
71.4	2.8678e-11	1.462e-07	1.0989e-07	3.6307e-08	4.4429e-17
71.41	3.0305e-11	1.5453e-07	1.1634e-07	3.8194e-08	4.4288e-17
71.42	3.026e-11	1.5435e-07	1.1612e-07	3.8227e-08	4.3954e-17
71.43	2.8592e-11	1.4588e-07	1.0957e-07	3.6318e-08	4.3734e-17
71.44	2.8093e-11	1.4338e-07	1.0769e-07	3.5682e-08	4.3732e-17
71.45	2.9702e-11	1.5163e-07	1.1409e-07	3.7544e-08	4.3758e-17
71.46	3.0827e-11	1.5742e-07	1.1847e-07	3.8943e-08	4.3723e-17
71.47	2.9491e-11	1.5064e-07	1.1319e-07	3.7447e-08	4.3818e-17
71.48	2.7682e-11	1.4144e-07	1.0618e-07	3.526e-08	4.4149e-17
71.49	2.8337e-11	1.4483e-07	1.089e-07	3.5923e-08	4.4455e-17
71.5	3.0638e-11	1.5663e-07	1.1796e-07	3.867e-08	4.4433e-17
71.51	3.1114e-11	1.5911e-07	1.197e-07	3.9403e-08	4.4153e-17
71.52	2.8962e-11	1.4815e-07	1.1121e-07	3.6937e-08	4.3904e-17
71.53	2.7332e-11	1.3984e-07	1.0497e-07	3.487e-08	4.3753e-17
71.54	2.8589e-11	1.4632e-07	1.1011e-07	3.6204e-08	4.3538e-17
71.55	3.0844e-11	1.579e-07	1.1895e-07	3.8949e-08	4.3256e-17
71.56	3.0886e-11	1.5816e-07	1.1894e-07	3.9224e-08	4.3144e-17
71.57	2.8871e-11	1.4789e-07	1.1098e-07	3.6907e-08	4.3305e-17
71.58	2.7775e-11	1.4231e-07	1.0687e-07	3.5441e-08	4.3527e-17
71.59	2.8888e-11	1.4806e-07	1.1144e-07	3.6611e-08	4.3582e-17
71.6	3.0289e-11	1.5528e-07	1.1693e-07	3.8351e-08	4.3521e-17
71.61	3.0095e-11	1.5433e-07	1.1602e-07	3.8305e-08	4.352e-17
71.62	2.9062e-11	1.4907e-07	1.1195e-07	3.7127e-08	4.3593e-17
71.63	2.8852e-11	1.4804e-07	1.1126e-07	3.6776e-08	4.3597e-17
71.64	2.9358e-11	1.5068e-07	1.1336e-07	3.7313e-08	4.3461e-17
71.65	2.9386e-11	1.5086e-07	1.1347e-07	3.7391e-08	4.3249e-17
71.66	2.8994e-11	1.4889e-07	1.1192e-07	3.6973e-08	4.3053e-17
71.67	2.9262e-11	1.5031e-07	1.1302e-07	3.7287e-08	4.2932e-17
71.68	3.0055e-11	1.5442e-07	1.1617e-07	3.8249e-08	4.2916e-17
71.69	2.9953e-11	1.5394e-07	1.1574e-07	3.8205e-08	4.2973e-17
71.7	2.8742e-11	1.4776e-07	1.1097e-07	3.6784e-08	4.2991e-17
71.71	2.8162e-11	1.4482e-07	1.0883e-07	3.5987e-08	4.2895e-17
71.72	2.9277e-11	1.5059e-07	1.1337e-07	3.7223e-08	4.2736e-17
71.73	3.0607e-11	1.5748e-07	1.1858e-07	3.8896e-08	4.2608e-17
71.74	3.0234e-11	1.556e-07	1.1696e-07	3.8643e-08	4.2517e-17
71.75	2.8713e-11	1.4781e-07	1.1093e-07	3.6884e-08	4.2445e-17
71.76	2.8205e-11	1.4524e-07	1.0911e-07	3.6127e-08	4.2453e-17
71.77	2.9245e-11	1.5064e-07	1.1342e-07	3.722e-08	4.2608e-17
71.78	3.0184e-11	1.5552e-07	1.1713e-07	3.839e-08	4.2816e-17
71.79	2.9863e-11	1.5391e-07	1.1572e-07	3.8184e-08	4.2892e-17
71.8	2.9113e-11	1.5008e-07	1.127e-07	3.7378e-08	4.2795e-17
71.81	2.9047e-11	1.4979e-07	1.1255e-07	3.7238e-08	4.2656e-17
71.82	2.938e-11	1.5154e-07	1.1399e-07	3.7551e-08	4.2544e-17
71.83	2.9356e-11	1.5146e-07	1.1395e-07	3.7519e-08	4.2363e-17
71.84	2.9196e-11	1.5068e-07	1.1332e-07	3.7357e-08	4.2049e-17
71.85	2.9467e-11	1.5212e-07	1.1443e-07	3.7685e-08	4.1729e-17
71.86	2.9817e-11	1.5397e-07	1.1583e-07	3.8137e-08	4.1569e-17
71.87	2.9551e-11	1.5264e-07	1.1471e-07	3.7931e-08	4.1569e-17
71.88	2.8975e-11	1.4971e-07	1.1239e-07	3.7319e-08	4.164e-17
71.89	2.8978e-11	1.4977e-07	1.1256e-07	3.7208e-08	4.1774e-17
71.9	2.9543e-11	1.5272e-07	1.1507e-07	3.7658e-08	4.2001e-17
71.91	2.9801e-11	1.541e-07	1.1615e-07	3.7949e-08	4.2223e-17
71.92	2.9495e-11	1.5256e-07	1.1467e-07	3.7893e-08	4.2262e-17
71.93	2.9254e-11	1.5136e-07	1.1345e-07	3.7909e-08	4.2087e-17
71.94	2.937e-11	1.52e-07	1.1407e-07	3.7929e-08	4.1847e-17
71.95	2.9403e-11	1.5221e-07	1.1469e-07	3.7521e-08	4.1665e-17
71.96	2.9213e-11	1.5127e-07	1.1417e-07	3.7099e-08	4.1499e-17
71.97	2.9322e-11	1.5188e-07	1.1429e-07	3.7591e-08	4.1269e-17
71.98	2.9811e-11	1.5446e-07	1.1579e-07	3.8668e-08	4.103e-17
71.99	2.99e-11	1.5496e-07	1.1619e-07	3.8767e-08	4.0919e-17
72	2.9235e-11	1.5155e-07	1.1406e-07	3.7488e-08	4.0986e-17
72.01	2.8705e-11	1.4885e-07	1.123e-07	3.655e-08	4.1132e-17
72.02	2.9167e-11	1.5128e-07	1.1391e-07	3.7371e-08	4.1219e-17
72.03	3.0054e-11	1.5593e-07	1.1704e-07	3.8892e-08	4.1204e-17
72.04	3.018e-11	1.5663e-07	1.1753e-07	3.9098e-08	4.116e-17
72.05	2.9444e-11	1.5285e-07	1.1498e-07	3.7872e-08	4.1183e-17
72.06	2.8816e-11	1.4963e-07	1.1273e-07	3.6902e-08	4.1262e-17
72.07	2.8925e-11	1.5024e-07	1.1303e-07	3.7212e-08	4.1261e-17
72.08	2.951e-11	1.5332e-07	1.1514e-07	3.8182e-08	4.1079e-17
72.09	3.0065e-11	1.5625e-07	1.1741e-07	3.883e-08	4.0797e-17
72.1	3.0205e-11	1.5702e-07	1.1823e-07	3.8788e-08	4.06e-17
72.11	2.9639e-11	1.5412e-07	1.1606e-07	3.8058e-08	4.0552e-17
72.12	2.8656e-11	1.4905e-07	1.1199e-07	3.7061e-08	4.0542e-17
72.13	2.8416e-11	1.4784e-07	1.1093e-07	3.6909e-08	4.0487e-17
72.14	2.9622e-11	1.5416e-07	1.159e-07	3.8257e-08	4.0464e-17
72.15	3.1022e-11	1.6149e-07	1.2173e-07	3.976e-08	4.0544e-17
72.16	3.0622e-11	1.5945e-07	1.2017e-07	3.9282e-08	4.0611e-17
72.17	2.8651e-11	1.4923e-07	1.1213e-07	3.7104e-08	4.0488e-17
72.18	2.7737e-11	1.4451e-07	1.0835e-07	3.6155e-08	4.0206e-17
72.19	2.9284e-11	1.5261e-07	1.1464e-07	3.7974e-08	3.9994e-17
72.2	3.1214e-11	1.6271e-07	1.2258e-07	4.0136e-08	3.9979e-17
72.21	3.0808e-11	1.6064e-07	1.211e-07	3.9547e-08	4.004e-17
72.22	2.8708e-11	1.4974e-07	1.1266e-07	3.7075e-08	4.0024e-17
72.23	2.7997e-11	1.4607e-07	1.0967e-07	3.6393e-08	3.9971e-17
72.24	2.9616e-11	1.5456e-07	1.1606e-07	3.8502e-08	4.0022e-17
72.25	3.1035e-11	1.62e-07	1.218e-07	4.0203e-08	4.0187e-17
72.26	3.0147e-11	1.5742e-07	1.1848e-07	3.8935e-08	4.0335e-17
72.27	2.8423e-11	1.4845e-07	1.118e-07	3.6651e-08	4.037e-17
72.28	2.8561e-11	1.4922e-07	1.1234e-07	3.6874e-08	4.0313e-17
72.29	3.0373e-11	1.5872e-07	1.1933e-07	3.9396e-08	4.0201e-17
72.3	3.1115e-11	1.6265e-07	1.2208e-07	4.0565e-08	4.0034e-17
72.31	2.9639e-11	1.5497e-07	1.1634e-07	3.8637e-08	3.9831e-17
72.32	2.8057e-11	1.4674e-07	1.1046e-07	3.6282e-08	3.9655e-17
72.33	2.8617e-11	1.4971e-07	1.1296e-07	3.6756e-08	3.9525e-17
72.34	3.0538e-11	1.5981e-07	1.2038e-07	3.9427e-08	3.9391e-17
72.35	3.125e-11	1.6358e-07	1.2276e-07	4.0814e-08	3.9257e-17
72.36	2.9938e-11	1.5676e-07	1.1747e-07	3.9283e-08	3.9237e-17
72.37	2.8392e-11	1.487e-07	1.1179e-07	3.6909e-08	3.9409e-17
72.38	2.8448e-11	1.4904e-07	1.1249e-07	3.6544e-08	3.9652e-17
72.39	2.9821e-11	1.5627e-07	1.1787e-07	3.8406e-08	3.9755e-17
72.4	3.0833e-11	1.6162e-07	1.2139e-07	4.0226e-08	3.9664e-17
72.41	3.0503e-11	1.5993e-07	1.1985e-07	4.0082e-08	3.9526e-17
72.42	2.9373e-11	1.5405e-07	1.157e-07	3.835e-08	3.9468e-17
72.43	2.8669e-11	1.504e-07	1.1338e-07	3.7022e-08	3.9456e-17
72.44	2.9065e-11	1.5252e-07	1.1501e-07	3.7512e-08	3.9403e-17
72.45	3.0089e-11	1.5794e-07	1.1876e-07	3.9175e-08	3.9328e-17
72.46	3.0599e-11	1.6066e-07	1.206e-07	4.0062e-08	3.9298e-17
72.47	3.0025e-11	1.5769e-07	1.1847e-07	3.9217e-08	3.9307e-17
72.48	2.9135e-11	1.5306e-07	1.1518e-07	3.788e-08	3.9308e-17
72.49	2.91e-11	1.5292e-07	1.151e-07	3.782e-08	3.9315e-17
72.5	2.9864e-11	1.5697e-07	1.1809e-07	3.8881e-08	3.9361e-17
72.51	3.0217e-11	1.5887e-07	1.1954e-07	3.9333e-08	3.9389e-17
72.52	2.9698e-11	1.5619e-07	1.1753e-07	3.8658e-08	3.93e-17
72.53	2.9353e-11	1.5442e-07	1.1607e-07	3.8351e-08	3.9131e-17
72.54	2.9909e-11	1.5738e-07	1.1816e-07	3.9221e-08	3.903e-17
72.55	3.0348e-11	1.5974e-07	1.2006e-07	3.9679e-08	3.9045e-17
72.56	2.9599e-11	1.5584e-07	1.1743e-07	3.8404e-08	3.9045e-17
72.57	2.8723e-11	1.5127e-07	1.1408e-07	3.7193e-08	3.8944e-17
72.58	2.9484e-11	1.5532e-07	1.168e-07	3.8518e-08	3.885e-17
72.59	3.1117e-11	1.6396e-07	1.2296e-07	4.1006e-08	3.8916e-17
72.6	3.0973e-11	1.6325e-07	1.2251e-07	4.0739e-08	3.9122e-17
72.61	2.8813e-11	1.5191e-07	1.144e-07	3.7505e-08	3.9339e-17
72.62	2.7833e-11	1.4678e-07	1.1076e-07	3.6017e-08	3.9506e-17
72.63	2.989e-11	1.5767e-07	1.1872e-07	3.8956e-08	3.9607e-17
72.64	3.2149e-11	1.6964e-07	1.2736e-07	4.228e-08	3.9557e-17
72.65	3.1084e-11	1.6406e-07	1.2312e-07	4.0938e-08	3.9294e-17
72.66	2.8101e-11	1.4836e-07	1.1157e-07	3.6792e-08	3.897e-17
72.67	2.7695e-11	1.4625e-07	1.1018e-07	3.6077e-08	3.8844e-17
72.68	3.0535e-11	1.613e-07	1.2145e-07	3.9845e-08	3.8939e-17
72.69	3.2332e-11	1.7084e-07	1.2851e-07	4.2325e-08	3.9004e-17
72.7	3.0465e-11	1.6102e-07	1.2109e-07	3.993e-08	3.8891e-17
72.71	2.7959e-11	1.4781e-07	1.1114e-07	3.6674e-08	3.877e-17
72.72	2.8588e-11	1.5118e-07	1.1362e-07	3.7563e-08	3.8858e-17
72.73	3.1053e-11	1.6426e-07	1.2347e-07	4.0796e-08	3.9084e-17
72.74	3.1419e-11	1.6624e-07	1.2511e-07	4.1129e-08	3.9225e-17
72.75	2.9457e-11	1.559e-07	1.1748e-07	3.8426e-08	3.9244e-17
72.76	2.8585e-11	1.5133e-07	1.1393e-07	3.7396e-08	3.9298e-17
72.77	3.0013e-11	1.5893e-07	1.1939e-07	3.9548e-08	3.9432e-17
72.78	3.1046e-11	1.6445e-07	1.2344e-07	4.1004e-08	3.9504e-17
72.79	2.9971e-11	1.588e-07	1.1942e-07	3.9378e-08	3.9404e-17
72.8	2.8906e-11	1.532e-07	1.1546e-07	3.7735e-08	3.9194e-17
72.81	2.9865e-11	1.5833e-07	1.1927e-07	3.9051e-08	3.8975e-17
72.82	3.1116e-11	1.65e-07	1.2403e-07	4.0969e-08	3.8771e-17
72.83	3.0243e-11	1.6041e-07	1.2046e-07	3.9949e-08	3.8596e-17
72.84	2.8594e-11	1.5171e-07	1.1408e-07	3.7631e-08	3.8509e-17
72.85	2.9201e-11	1.5497e-07	1.1671e-07	3.8264e-08	3.8537e-17
72.86	3.1443e-11	1.6692e-07	1.2565e-07	4.1273e-08	3.8646e-17
72.87	3.1646e-11	1.6804e-07	1.2633e-07	4.1711e-08	3.8848e-17
72.88	2.911e-11	1.5462e-07	1.1623e-07	3.8393e-08	3.921e-17
72.89	2.7674e-11	1.4703e-07	1.1066e-07	3.6372e-08	3.9673e-17
72.9	2.9814e-11	1.5844e-07	1.193e-07	3.9147e-08	3.9998e-17
72.91	3.2522e-11	1.7288e-07	1.3003e-07	4.2852e-08	3.9989e-17
72.92	3.1737e-11	1.6876e-07	1.2682e-07	4.1942e-08	3.9696e-17
72.93	2.8574e-11	1.5198e-07	1.1426e-07	3.7718e-08	3.9316e-17
72.94	2.7651e-11	1.4711e-07	1.1074e-07	3.6377e-08	3.897e-17
72.95	3.015e-11	1.6045e-07	1.2078e-07	3.9669e-08	3.8691e-17
72.96	3.2274e-11	1.718e-07	1.2923e-07	4.2572e-08	3.8533e-17
72.97	3.1165e-11	1.6594e-07	1.2479e-07	4.1156e-08	3.854e-17
72.98	2.8913e-11	1.5399e-07	1.1584e-07	3.8157e-08	3.8647e-17
72.99	2.8855e-11	1.5373e-07	1.1562e-07	3.8106e-08	3.8737e-17
73	3.0513e-11	1.626e-07	1.2223e-07	4.0372e-08	3.88e-17
73.01	3.0971e-11	1.6509e-07	1.2415e-07	4.094e-08	3.8921e-17
73.02	2.9816e-11	1.5898e-07	1.1973e-07	3.9242e-08	3.9125e-17
73.03	2.9442e-11	1.5702e-07	1.1832e-07	3.8705e-08	3.9338e-17
73.04	3.0656e-11	1.6355e-07	1.2298e-07	4.0566e-08	3.9479e-17
73.05	3.1224e-11	1.6662e-07	1.2502e-07	4.1601e-08	3.9484e-17
73.06	2.9806e-11	1.591e-07	1.1947e-07	3.9628e-08	3.9288e-17
73.07	2.8557e-11	1.5247e-07	1.1491e-07	3.7559e-08	3.8928e-17
73.08	2.9752e-11	1.589e-07	1.1995e-07	3.8953e-08	3.8625e-17
73.09	3.1842e-11	1.701e-07	1.2804e-07	4.2064e-08	3.8599e-17
73.1	3.1614e-11	1.6893e-07	1.267e-07	4.2232e-08	3.8762e-17
73.11	2.9288e-11	1.5655e-07	1.1741e-07	3.9141e-08	3.8799e-17
73.12	2.8348e-11	1.5156e-07	1.1414e-07	3.7426e-08	3.8587e-17
73.13	3.0172e-11	1.6136e-07	1.2181e-07	3.9553e-08	3.8355e-17
73.14	3.1928e-11	1.708e-07	1.2865e-07	4.2146e-08	3.8337e-17
73.15	3.1041e-11	1.661e-07	1.2469e-07	4.1407e-08	3.8472e-17
73.16	2.9112e-11	1.5582e-07	1.1694e-07	3.8879e-08	3.8574e-17
73.17	2.9179e-11	1.5622e-07	1.176e-07	3.8614e-08	3.8634e-17
73.18	3.0909e-11	1.6553e-07	1.248e-07	4.0722e-08	3.8766e-17
73.19	3.1402e-11	1.6821e-07	1.266e-07	4.1614e-08	3.8962e-17
73.2	2.9993e-11	1.6071e-07	1.2068e-07	4.0031e-08	3.9111e-17
73.21	2.915e-11	1.5624e-07	1.1741e-07	3.8827e-08	3.9189e-17
73.22	3.0267e-11	1.6227e-07	1.2226e-07	4.0003e-08	3.9241e-17
73.23	3.144e-11	1.686e-07	1.2708e-07	4.1518e-08	3.9217e-17
73.24	3.0745e-11	1.6492e-07	1.24e-07	4.0917e-08	3.9016e-17
73.25	2.9397e-11	1.5773e-07	1.1835e-07	3.9379e-08	3.8683e-17
73.26	2.9618e-11	1.5896e-07	1.1944e-07	3.9515e-08	3.8378e-17
73.27	3.0959e-11	1.662e-07	1.2526e-07	4.0947e-08	3.8168e-17
73.28	3.1181e-11	1.6744e-07	1.2628e-07	4.1164e-08	3.8025e-17
73.29	3.0033e-11	1.6132e-07	1.2139e-07	3.9924e-08	3.8024e-17
73.3	2.9561e-11	1.5883e-07	1.1924e-07	3.9589e-08	3.828e-17
73.31	3.0562e-11	1.6425e-07	1.2335e-07	4.0907e-08	3.8677e-17
73.32	3.125e-11	1.68e-07	1.2641e-07	4.1586e-08	3.8902e-17
73.33	3.0352e-11	1.6321e-07	1.2299e-07	4.0221e-08	3.8859e-17
73.34	2.9371e-11	1.5798e-07	1.1903e-07	3.8955e-08	3.8815e-17
73.35	3.0128e-11	1.621e-07	1.2197e-07	4.0125e-08	3.898e-17
73.36	3.1591e-11	1.7001e-07	1.2779e-07	4.2226e-08	3.9173e-17
73.37	3.1358e-11	1.6881e-07	1.2682e-07	4.1983e-08	3.9106e-17
73.38	2.9572e-11	1.5923e-07	1.1969e-07	3.9541e-08	3.8818e-17
73.39	2.8938e-11	1.5586e-07	1.1734e-07	3.8523e-08	3.8572e-17
73.4	3.059e-11	1.6481e-07	1.2423e-07	4.0582e-08	3.846e-17
73.41	3.2201e-11	1.7353e-07	1.3074e-07	4.2795e-08	3.8383e-17
73.42	3.1403e-11	1.6928e-07	1.2728e-07	4.1997e-08	3.8354e-17
73.43	2.9351e-11	1.5826e-07	1.1878e-07	3.9473e-08	3.8505e-17
73.44	2.9001e-11	1.5642e-07	1.1749e-07	3.8929e-08	3.8778e-17
73.45	3.0751e-11	1.659e-07	1.2493e-07	4.0966e-08	3.8905e-17
73.46	3.1998e-11	1.7267e-07	1.3023e-07	4.2439e-08	3.8779e-17
73.47	3.1107e-11	1.6791e-07	1.2652e-07	4.1389e-08	3.8618e-17
73.48	2.966e-11	1.6014e-07	1.2036e-07	3.9785e-08	3.8621e-17
73.49	2.9782e-11	1.6085e-07	1.2072e-07	4.0124e-08	3.8676e-17
73.5	3.0954e-11	1.6722e-07	1.2566e-07	4.1559e-08	3.858e-17
73.51	3.1182e-11	1.685e-07	1.269e-07	4.1605e-08	3.8374e-17
73.52	3.0304e-11	1.638e-07	1.2347e-07	4.0328e-08	3.8266e-17
73.53	3.0043e-11	1.6243e-07	1.2232e-07	4.0109e-08	3.8334e-17
73.54	3.0953e-11	1.674e-07	1.2587e-07	4.1524e-08	3.8486e-17
73.55	3.1447e-11	1.7011e-07	1.2784e-07	4.2275e-08	3.8644e-17
73.56	3.0519e-11	1.6514e-07	1.2414e-07	4.1001e-08	3.8796e-17
73.57	2.9555e-11	1.5997e-07	1.2033e-07	3.9634e-08	3.8884e-17
73.58	3.0149e-11	1.6323e-07	1.2289e-07	4.0343e-08	3.8824e-17
73.59	3.1492e-11	1.7054e-07	1.2847e-07	4.2068e-08	3.864e-17
73.6	3.1636e-11	1.7137e-07	1.2908e-07	4.2293e-08	3.8459e-17
73.61	3.053e-11	1.6542e-07	1.2441e-07	4.1011e-08	3.835e-17
73.62	2.9888e-11	1.6199e-07	1.2161e-07	4.0377e-08	3.8288e-17
73.63	3.0378e-11	1.6469e-07	1.2368e-07	4.1006e-08	3.8264e-17
73.64	3.0893e-11	1.6753e-07	1.2615e-07	4.1373e-08	3.8318e-17
73.65	3.0786e-11	1.6699e-07	1.2602e-07	4.0973e-08	3.845e-17
73.66	3.0834e-11	1.673e-07	1.2608e-07	4.1217e-08	3.8602e-17
73.67	3.1323e-11	1.7e-07	1.2766e-07	4.2338e-08	3.8748e-17
73.68	3.1123e-11	1.6896e-07	1.2669e-07	4.2266e-08	3.8896e-17
73.69	2.9892e-11	1.6232e-07	1.2203e-07	4.0287e-08	3.899e-17
73.7	2.9432e-11	1.5987e-07	1.2063e-07	3.9235e-08	3.8932e-17
73.71	3.1018e-11	1.6852e-07	1.2713e-07	4.139e-08	3.8758e-17
73.72	3.2732e-11	1.7788e-07	1.3374e-07	4.4141e-08	3.8649e-17
73.73	3.187e-11	1.7325e-07	1.2998e-07	4.3271e-08	3.8695e-17
73.74	2.9321e-11	1.5944e-07	1.198e-07	3.9635e-08	3.8781e-17
73.75	2.8756e-11	1.5641e-07	1.1789e-07	3.8513e-08	3.8774e-17
73.76	3.1193e-11	1.6971e-07	1.2793e-07	4.1782e-08	3.8727e-17
73.77	3.3206e-11	1.8071e-07	1.3591e-07	4.4802e-08	3.8761e-17
73.78	3.1889e-11	1.7359e-07	1.3039e-07	4.3194e-08	3.8832e-17
73.79	2.9187e-11	1.5892e-07	1.1954e-07	3.9378e-08	3.8804e-17
73.8	2.9004e-11	1.5797e-07	1.1903e-07	3.8938e-08	3.8701e-17
73.81	3.1487e-11	1.7154e-07	1.2915e-07	4.2392e-08	3.8729e-17
73.82	3.3007e-11	1.7987e-07	1.3517e-07	4.4691e-08	3.8968e-17
73.83	3.1548e-11	1.7196e-07	1.2922e-07	4.2743e-08	3.9221e-17
73.84	2.9366e-11	1.6011e-07	1.2054e-07	3.9576e-08	3.924e-17
73.85	2.9443e-11	1.6058e-07	1.2102e-07	3.956e-08	3.903e-17
73.86	3.1414e-11	1.7137e-07	1.2898e-07	4.2385e-08	3.8803e-17
73.87	3.2559e-11	1.7767e-07	1.3352e-07	4.4152e-08	3.8713e-17
73.88	3.1652e-11	1.7277e-07	1.2985e-07	4.292e-08	3.874e-17
73.89	3.0118e-11	1.6444e-07	1.2376e-07	4.0677e-08	3.8814e-17
73.9	2.9748e-11	1.6246e-07	1.2236e-07	4.0099e-08	3.8921e-17
73.91	3.0681e-11	1.676e-07	1.2616e-07	4.1446e-08	3.9061e-17
73.92	3.1791e-11	1.7371e-07	1.3067e-07	4.3042e-08	3.9182e-17
73.93	3.2066e-11	1.7526e-07	1.3183e-07	4.343e-08	3.9242e-17
73.94	3.1323e-11	1.7125e-07	1.2882e-07	4.2429e-08	3.9282e-17
73.95	3.0234e-11	1.6534e-07	1.2435e-07	4.0985e-08	3.9357e-17
73.96	2.9906e-11	1.6359e-07	1.2307e-07	4.0515e-08	3.9429e-17
73.97	3.0853e-11	1.6882e-07	1.2712e-07	4.17e-08	3.9391e-17
73.98	3.2153e-11	1.7598e-07	1.3254e-07	4.3438e-08	3.9215e-17
73.99	3.2237e-11	1.7648e-07	1.3278e-07	4.37e-08	3.8998e-17
74	3.0875e-11	1.6907e-07	1.2705e-07	4.2023e-08	3.884e-17
74.01	2.9734e-11	1.6287e-07	1.2243e-07	4.044e-08	3.8756e-17
74.02	3.0322e-11	1.6614e-07	1.251e-07	4.1033e-08	3.8744e-17
74.03	3.1906e-11	1.7486e-07	1.3178e-07	4.3081e-08	3.8847e-17
74.04	3.2403e-11	1.7763e-07	1.3373e-07	4.3904e-08	3.9062e-17
74.05	3.1219e-11	1.7119e-07	1.2867e-07	4.252e-08	3.9262e-17
74.06	3.0048e-11	1.6481e-07	1.2384e-07	4.097e-08	3.9321e-17
74.07	3.0462e-11	1.6713e-07	1.2575e-07	4.1374e-08	3.9299e-17
74.08	3.1739e-11	1.7418e-07	1.3121e-07	4.2966e-08	3.9385e-17
74.09	3.2035e-11	1.7585e-07	1.3245e-07	4.3401e-08	3.9633e-17
74.1	3.1088e-11	1.707e-07	1.2842e-07	4.2278e-08	3.9886e-17
74.11	3.0446e-11	1.6722e-07	1.2568e-07	4.1536e-08	3.9989e-17
74.12	3.103e-11	1.7047e-07	1.2815e-07	4.2318e-08	3.996e-17
74.13	3.1818e-11	1.7485e-07	1.316e-07	4.3255e-08	3.9877e-17
74.14	3.1568e-11	1.7352e-07	1.3073e-07	4.2792e-08	3.9722e-17
74.15	3.0763e-11	1.6914e-07	1.2741e-07	4.1733e-08	3.9444e-17
74.16	3.0755e-11	1.6914e-07	1.2722e-07	4.1919e-08	3.9094e-17
74.17	3.1572e-11	1.7368e-07	1.3048e-07	4.3196e-08	3.8806e-17
74.18	3.191e-11	1.7559e-07	1.3199e-07	4.3596e-08	3.8678e-17
74.19	3.1247e-11	1.7199e-07	1.2952e-07	4.2462e-08	3.8759e-17
74.2	3.0654e-11	1.6877e-07	1.2723e-07	4.1536e-08	3.9062e-17
74.21	3.1058e-11	1.7104e-07	1.2879e-07	4.2254e-08	3.9496e-17
74.22	3.1795e-11	1.7514e-07	1.3161e-07	4.3536e-08	3.9867e-17
74.23	3.1727e-11	1.7482e-07	1.3131e-07	4.3507e-08	4.0063e-17
74.24	3.1058e-11	1.7118e-07	1.288e-07	4.2381e-08	4.0183e-17
74.25	3.0933e-11	1.7054e-07	1.2854e-07	4.1995e-08	4.032e-17
74.26	3.1542e-11	1.7394e-07	1.3107e-07	4.2869e-08	4.0346e-17
74.27	3.1815e-11	1.7549e-07	1.3202e-07	4.3475e-08	4.0106e-17
74.28	3.1208e-11	1.7219e-07	1.294e-07	4.2795e-08	3.9757e-17
74.29	3.0697e-11	1.6942e-07	1.2738e-07	4.2035e-08	3.9625e-17
74.3	3.1296e-11	1.7277e-07	1.3005e-07	4.2719e-08	3.9727e-17
74.31	3.2321e-11	1.7848e-07	1.344e-07	4.4081e-08	3.9748e-17
74.32	3.2191e-11	1.7781e-07	1.3385e-07	4.3955e-08	3.9581e-17
74.33	3.0815e-11	1.7025e-07	1.2814e-07	4.2112e-08	3.9532e-17
74.34	3.0026e-11	1.6594e-07	1.2488e-07	4.1053e-08	3.9786e-17
74.35	3.1132e-11	1.721e-07	1.2946e-07	4.2641e-08	4.0017e-17
74.36	3.2882e-11	1.8182e-07	1.3668e-07	4.5137e-08	3.9856e-17
74.37	3.2943e-11	1.822e-07	1.3701e-07	4.5199e-08	3.9529e-17
74.38	3.1114e-11	1.7214e-07	1.2963e-07	4.2501e-08	3.9595e-17
74.39	2.9764e-11	1.6471e-07	1.2421e-07	4.0497e-08	4.0137e-17
74.4	3.0651e-11	1.6966e-07	1.2781e-07	4.1851e-08	4.0647e-17
74.41	3.252e-11	1.8006e-07	1.3528e-07	4.4779e-08	4.0738e-17
74.42	3.294e-11	1.8243e-07	1.3688e-07	4.5549e-08	4.0577e-17
74.43	3.1696e-11	1.7559e-07	1.32e-07	4.359e-08	4.0477e-17
74.44	3.0755e-11	1.7042e-07	1.2858e-07	4.1846e-08	4.0412e-17
74.45	3.1115e-11	1.7246e-07	1.3024e-07	4.2227e-08	4.0197e-17
74.46	3.1612e-11	1.7527e-07	1.3194e-07	4.3332e-08	3.9873e-17
74.47	3.1367e-11	1.7395e-07	1.3045e-07	4.3508e-08	3.9651e-17
74.48	3.1407e-11	1.7423e-07	1.3065e-07	4.3574e-08	3.9614e-17
74.49	3.2491e-11	1.8028e-07	1.3573e-07	4.4548e-08	3.9708e-17
74.5	3.3022e-11	1.8328e-07	1.3845e-07	4.4836e-08	3.9928e-17
74.51	3.139e-11	1.7427e-07	1.3154e-07	4.273e-08	4.027e-17
74.52	2.9345e-11	1.6296e-07	1.2249e-07	4.0467e-08	4.0594e-17
74.53	3.0181e-11	1.6765e-07	1.2569e-07	4.196e-08	4.0732e-17
74.54	3.3493e-11	1.861e-07	1.3976e-07	4.6332e-08	4.0709e-17
74.55	3.4881e-11	1.9386e-07	1.4605e-07	4.7815e-08	4.0675e-17
74.56	3.2104e-11	1.7847e-07	1.3468e-07	4.3796e-08	4.0665e-17
74.57	2.8749e-11	1.5987e-07	1.2052e-07	3.9349e-08	4.0588e-17
74.58	2.9387e-11	1.6346e-07	1.2291e-07	4.0542e-08	4.0426e-17
74.59	3.3055e-11	1.8391e-07	1.3811e-07	4.5797e-08	4.0256e-17
74.6	3.4757e-11	1.9343e-07	1.453e-07	4.8132e-08	4.0102e-17
74.61	3.261e-11	1.8153e-07	1.3656e-07	4.4968e-08	3.9944e-17
74.62	3e-11	1.6704e-07	1.2595e-07	4.1092e-08	3.986e-17
74.63	3.0178e-11	1.6808e-07	1.2684e-07	4.1244e-08	3.9963e-17
74.64	3.2016e-11	1.7836e-07	1.3431e-07	4.4055e-08	4.0197e-17
74.65	3.2733e-11	1.8241e-07	1.3692e-07	4.5487e-08	4.0384e-17
74.66	3.2182e-11	1.7938e-07	1.3454e-07	4.484e-08	4.0485e-17
74.67	3.1981e-11	1.7831e-07	1.3416e-07	4.4154e-08	4.0615e-17
74.68	3.2141e-11	1.7925e-07	1.3535e-07	4.3899e-08	4.0771e-17
74.69	3.1464e-11	1.7553e-07	1.325e-07	4.3025e-08	4.0779e-17
74.7	3.0541e-11	1.7042e-07	1.2811e-07	4.2309e-08	4.0583e-17
74.71	3.1303e-11	1.7472e-07	1.3098e-07	4.3738e-08	4.0362e-17
74.72	3.3377e-11	1.8635e-07	1.4e-07	4.6354e-08	4.0253e-17
74.73	3.3805e-11	1.8879e-07	1.4235e-07	4.6434e-08	4.0161e-17
74.74	3.1507e-11	1.76e-07	1.3284e-07	4.3157e-08	3.9982e-17
74.75	2.9517e-11	1.6493e-07	1.2414e-07	4.0793e-08	3.9837e-17
74.76	3.0801e-11	1.7215e-07	1.2926e-07	4.2888e-08	3.9892e-17
74.77	3.3698e-11	1.8839e-07	1.4162e-07	4.6772e-08	4.0084e-17
74.78	3.4171e-11	1.9109e-07	1.4394e-07	4.7146e-08	4.0229e-17
74.79	3.1687e-11	1.7724e-07	1.3353e-07	4.3716e-08	4.0298e-17
74.8	2.9877e-11	1.6716e-07	1.2571e-07	4.1447e-08	4.0376e-17
74.81	3.1103e-11	1.7407e-07	1.3087e-07	4.3196e-08	4.0462e-17
74.82	3.324e-11	1.8608e-07	1.4014e-07	4.5933e-08	4.0486e-17
74.83	3.3241e-11	1.8613e-07	1.403e-07	4.583e-08	4.048e-17
74.84	3.1617e-11	1.7709e-07	1.3325e-07	4.3838e-08	4.0511e-17
74.85	3.1092e-11	1.742e-07	1.3079e-07	4.3406e-08	4.0503e-17
74.86	3.2147e-11	1.8015e-07	1.354e-07	4.4752e-08	4.0339e-17
74.87	3.2665e-11	1.831e-07	1.3804e-07	4.5067e-08	4.0085e-17
74.88	3.1785e-11	1.7822e-07	1.345e-07	4.3722e-08	3.9915e-17
74.89	3.1292e-11	1.755e-07	1.3209e-07	4.3411e-08	3.9835e-17
74.9	3.2347e-11	1.8147e-07	1.3618e-07	4.5284e-08	3.9727e-17
74.91	3.3269e-11	1.8669e-07	1.402e-07	4.6491e-08	3.9644e-17
74.92	3.2295e-11	1.8127e-07	1.3656e-07	4.4713e-08	3.9786e-17
74.93	3.0773e-11	1.7277e-07	1.3038e-07	4.2395e-08	4.0137e-17
74.94	3.1218e-11	1.7532e-07	1.3205e-07	4.3265e-08	4.0421e-17
74.95	3.3157e-11	1.8626e-07	1.3996e-07	4.63e-08	4.0503e-17
74.96	3.3632e-11	1.8898e-07	1.4199e-07	4.6989e-08	4.0539e-17
74.97	3.1856e-11	1.7905e-07	1.3473e-07	4.4316e-08	4.0628e-17
74.98	3.058e-11	1.7192e-07	1.2949e-07	4.2432e-08	4.059e-17
74.99	3.1792e-11	1.7878e-07	1.346e-07	4.4177e-08	4.0289e-17
75	3.3564e-11	1.888e-07	1.4212e-07	4.668e-08	3.9916e-17
75.01	3.3126e-11	1.8638e-07	1.4034e-07	4.6045e-08	3.9702e-17
75.02	3.1269e-11	1.7598e-07	1.3244e-07	4.3542e-08	3.9593e-17
75.03	3.1007e-11	1.7455e-07	1.3118e-07	4.3375e-08	3.9463e-17
75.04	3.2714e-11	1.8421e-07	1.3843e-07	4.5779e-08	3.946e-17
75.05	3.3598e-11	1.8924e-07	1.4252e-07	4.6718e-08	3.9789e-17
75.06	3.2276e-11	1.8185e-07	1.3723e-07	4.4614e-08	4.027e-17
75.07	3.0976e-11	1.7457e-07	1.3157e-07	4.2999e-08	4.0513e-17
75.08	3.1836e-11	1.7946e-07	1.3475e-07	4.4705e-08	4.0462e-17
75.09	3.342e-11	1.8844e-07	1.4135e-07	4.7096e-08	4.0412e-17
75.1	3.3108e-11	1.8673e-07	1.4049e-07	4.624e-08	4.0456e-17
75.11	3.1413e-11	1.7722e-07	1.3385e-07	4.3373e-08	4.0339e-17
75.12	3.1177e-11	1.7593e-07	1.3281e-07	4.3127e-08	3.9946e-17
75.13	3.293e-11	1.8587e-07	1.3971e-07	4.6167e-08	3.9572e-17
75.14	3.3917e-11	1.9149e-07	1.4358e-07	4.7918e-08	3.9506e-17
75.15	3.2435e-11	1.8318e-07	1.3761e-07	4.5565e-08	3.9643e-17
75.16	3.064e-11	1.7308e-07	1.3057e-07	4.2514e-08	3.974e-17
75.17	3.1348e-11	1.7713e-07	1.3376e-07	4.3378e-08	3.9795e-17
75.18	3.3711e-11	1.9054e-07	1.4346e-07	4.708e-08	3.9931e-17
75.19	3.4365e-11	1.9428e-07	1.4588e-07	4.8405e-08	4.0094e-17
75.2	3.2332e-11	1.8284e-07	1.3729e-07	4.5549e-08	4.0135e-17
75.21	3.0421e-11	1.7208e-07	1.2953e-07	4.2548e-08	4.0092e-17
75.22	3.1211e-11	1.7659e-07	1.3317e-07	4.3424e-08	4.0104e-17
75.23	3.3554e-11	1.899e-07	1.4312e-07	4.6777e-08	4.0154e-17
75.24	3.4374e-11	1.946e-07	1.4643e-07	4.8167e-08	4.0113e-17
75.25	3.2846e-11	1.8599e-07	1.3979e-07	4.6203e-08	3.9981e-17
75.26	3.1131e-11	1.7633e-07	1.3254e-07	4.3793e-08	3.9863e-17
75.27	3.123e-11	1.7693e-07	1.3316e-07	4.3777e-08	3.9758e-17
75.28	3.265e-11	1.8503e-07	1.3942e-07	4.5613e-08	3.9611e-17
75.29	3.3601e-11	1.9047e-07	1.4352e-07	4.6949e-08	3.9523e-17
75.3	3.3318e-11	1.8891e-07	1.4218e-07	4.6732e-08	3.9651e-17
75.31	3.2426e-11	1.8391e-07	1.3825e-07	4.5662e-08	3.9909e-17
75.32	3.1771e-11	1.8024e-07	1.3551e-07	4.4732e-08	4.0026e-17
75.33	3.1786e-11	1.8038e-07	1.3578e-07	4.4592e-08	3.9942e-17
75.34	3.2545e-11	1.8473e-07	1.3917e-07	4.5562e-08	3.9871e-17
75.35	3.3506e-11	1.9024e-07	1.4325e-07	4.6991e-08	3.9917e-17
75.36	3.3546e-11	1.9051e-07	1.4334e-07	4.7171e-08	3.9903e-17
75.37	3.2288e-11	1.8342e-07	1.3799e-07	4.5429e-08	3.9695e-17
75.38	3.1197e-11	1.7726e-07	1.334e-07	4.3866e-08	3.9455e-17
75.39	3.1993e-11	1.8184e-07	1.3683e-07	4.5008e-08	3.9414e-17
75.4	3.3912e-11	1.928e-07	1.4506e-07	4.7736e-08	3.9583e-17
75.41	3.4211e-11	1.9455e-07	1.4646e-07	4.809e-08	3.9837e-17
75.42	3.2146e-11	1.8285e-07	1.3776e-07	4.5092e-08	4.0114e-17
75.43	3.0609e-11	1.7415e-07	1.3116e-07	4.2998e-08	4.0349e-17
75.44	3.2136e-11	1.8289e-07	1.3753e-07	4.537e-08	4.0394e-17
75.45	3.4779e-11	1.9798e-07	1.4879e-07	4.9194e-08	4.0206e-17
75.46	3.4552e-11	1.9675e-07	1.4804e-07	4.8703e-08	3.9973e-17
75.47	3.1492e-11	1.7937e-07	1.3521e-07	4.4158e-08	3.9853e-17
75.48	3.0054e-11	1.7123e-07	1.2907e-07	4.2158e-08	3.9737e-17
75.49	3.2612e-11	1.8585e-07	1.3981e-07	4.6037e-08	3.9482e-17
75.5	3.5639e-11	2.0315e-07	1.5265e-07	5.0505e-08	3.9239e-17
75.51	3.4695e-11	1.9782e-07	1.4873e-07	4.9092e-08	3.9273e-17
75.52	3.1024e-11	1.7694e-07	1.3324e-07	4.3694e-08	3.953e-17
75.53	2.985e-11	1.7029e-07	1.2835e-07	4.1939e-08	3.9717e-17
75.54	3.2819e-11	1.8728e-07	1.4106e-07	4.6218e-08	3.9773e-17
75.55	3.5742e-11	2.0401e-07	1.535e-07	5.051e-08	3.9917e-17
75.56	3.4713e-11	1.9819e-07	1.4901e-07	4.9178e-08	4.0203e-17
75.57	3.1416e-11	1.7941e-07	1.3488e-07	4.4526e-08	4.0373e-17
75.58	3.0298e-11	1.7307e-07	1.3026e-07	4.2814e-08	4.0299e-17
75.59	3.2429e-11	1.853e-07	1.3964e-07	4.5652e-08	4.0243e-17
75.6	3.4726e-11	1.9847e-07	1.4958e-07	4.8889e-08	4.0447e-17
75.61	3.4561e-11	1.9758e-07	1.487e-07	4.8887e-08	4.0715e-17
75.62	3.2703e-11	1.8701e-07	1.4051e-07	4.6501e-08	4.0671e-17
75.63	3.1458e-11	1.7994e-07	1.3524e-07	4.4701e-08	4.0277e-17
75.64	3.18e-11	1.8194e-07	1.3703e-07	4.491e-08	3.9832e-17
75.65	3.3043e-11	1.891e-07	1.4259e-07	4.6516e-08	3.9552e-17
75.66	3.4065e-11	1.95e-07	1.4687e-07	4.8126e-08	3.9438e-17
75.67	3.4051e-11	1.9497e-07	1.4661e-07	4.8363e-08	3.9471e-17
75.68	3.2921e-11	1.8855e-07	1.4175e-07	4.6803e-08	3.9678e-17
75.69	3.1715e-11	1.8169e-07	1.3674e-07	4.4956e-08	3.9968e-17
75.7	3.185e-11	1.8252e-07	1.3744e-07	4.5084e-08	4.0161e-17
75.71	3.333e-11	1.9105e-07	1.438e-07	4.7242e-08	4.0224e-17
75.72	3.4387e-11	1.9716e-07	1.484e-07	4.8751e-08	4.0305e-17
75.73	3.3699e-11	1.9326e-07	1.4556e-07	4.7702e-08	4.0465e-17
75.74	3.2255e-11	1.8503e-07	1.3933e-07	4.57e-08	4.058e-17
75.75	3.1983e-11	1.8352e-07	1.3798e-07	4.5542e-08	4.0574e-17
75.76	3.303e-11	1.8958e-07	1.4243e-07	4.7147e-08	4.0568e-17
75.77	3.3752e-11	1.9378e-07	1.4583e-07	4.7942e-08	4.0671e-17
75.78	3.3299e-11	1.9122e-07	1.4425e-07	4.6977e-08	4.0768e-17
75.79	3.2713e-11	1.8791e-07	1.4171e-07	4.6197e-08	4.0651e-17
75.8	3.2987e-11	1.8953e-07	1.4252e-07	4.7012e-08	4.0304e-17
75.81	3.3449e-11	1.9224e-07	1.4429e-07	4.7947e-08	3.9932e-17
75.82	3.3104e-11	1.903e-07	1.4306e-07	4.7246e-08	3.9747e-17
75.83	3.2504e-11	1.869e-07	1.4091e-07	4.5994e-08	3.9811e-17
75.84	3.2842e-11	1.889e-07	1.425e-07	4.6397e-08	4.0044e-17
75.85	3.3757e-11	1.9421e-07	1.4623e-07	4.7988e-08	4.0304e-17
75.86	3.3743e-11	1.9418e-07	1.4595e-07	4.8232e-08	4.0505e-17
75.87	3.2712e-11	1.883e-07	1.4154e-07	4.6757e-08	4.0691e-17
75.88	3.2357e-11	1.863e-07	1.4019e-07	4.6113e-08	4.0956e-17
75.89	3.3377e-11	1.9223e-07	1.4474e-07	4.749e-08	4.1255e-17
75.9	3.4111e-11	1.9651e-07	1.4801e-07	4.8501e-08	4.1379e-17
75.91	3.3179e-11	1.9119e-07	1.4405e-07	4.7137e-08	4.1214e-17
75.92	3.2015e-11	1.8453e-07	1.3898e-07	4.5552e-08	4.0927e-17
75.93	3.278e-11	1.8899e-07	1.421e-07	4.6886e-08	4.0753e-17
75.94	3.463e-11	1.9971e-07	1.5e-07	4.9706e-08	4.0672e-17
75.95	3.4599e-11	1.9958e-07	1.5007e-07	4.9507e-08	4.0478e-17
75.96	3.2301e-11	1.8637e-07	1.4051e-07	4.5865e-08	4.0148e-17
75.97	3.1044e-11	1.7917e-07	1.3522e-07	4.3943e-08	3.9959e-17
75.98	3.3005e-11	1.9054e-07	1.4349e-07	4.7053e-08	4.0154e-17
75.99	3.5636e-11	2.0578e-07	1.5455e-07	5.1233e-08	4.0628e-17
76	3.5153e-11	2.0305e-07	1.5242e-07	5.0624e-08	4.1037e-17
76.01	3.2151e-11	1.8575e-07	1.3974e-07	4.6014e-08	4.1165e-17
76.02	3.0821e-11	1.7811e-07	1.3437e-07	4.3745e-08	4.1089e-17
76.03	3.2879e-11	1.9006e-07	1.4343e-07	4.6634e-08	4.1028e-17
76.04	3.5294e-11	2.0407e-07	1.5368e-07	5.0392e-08	4.1091e-17
76.05	3.4918e-11	2.0195e-07	1.5169e-07	5.0257e-08	4.1176e-17
76.06	3.2788e-11	1.8968e-07	1.4233e-07	4.735e-08	4.1104e-17
76.07	3.1978e-11	1.8505e-07	1.3914e-07	4.5903e-08	4.0841e-17
76.08	3.302e-11	1.9112e-07	1.4421e-07	4.6918e-08	4.0582e-17
76.09	3.3876e-11	1.9613e-07	1.4814e-07	4.7991e-08	4.0551e-17
76.1	3.3596e-11	1.9456e-07	1.4656e-07	4.8003e-08	4.0728e-17
76.11	3.3383e-11	1.9338e-07	1.4509e-07	4.8286e-08	4.0871e-17
76.12	3.3907e-11	1.9647e-07	1.4733e-07	4.914e-08	4.0831e-17
76.13	3.3963e-11	1.9684e-07	1.4814e-07	4.8701e-08	4.0739e-17
76.14	3.28e-11	1.9015e-07	1.4365e-07	4.6503e-08	4.0793e-17
76.15	3.1952e-11	1.8528e-07	1.3991e-07	4.5372e-08	4.0967e-17
76.16	3.3099e-11	1.9199e-07	1.4438e-07	4.7608e-08	4.1048e-17
76.17	3.5155e-11	2.0396e-07	1.5299e-07	5.0973e-08	4.0958e-17
76.18	3.5356e-11	2.0518e-07	1.5409e-07	5.1093e-08	4.0852e-17
76.19	3.3126e-11	1.9229e-07	1.4487e-07	4.7422e-08	4.0885e-17
76.2	3.1161e-11	1.8094e-07	1.3657e-07	4.4364e-08	4.0978e-17
76.21	3.2022e-11	1.8598e-07	1.4021e-07	4.5772e-08	4.093e-17
76.22	3.4772e-11	2.0201e-07	1.5195e-07	5.0063e-08	4.0702e-17
76.23	3.6113e-11	2.0985e-07	1.5765e-07	5.2201e-08	4.0477e-17
76.24	3.447e-11	2.0036e-07	1.5055e-07	4.9809e-08	4.0436e-17
76.25	3.1858e-11	1.8522e-07	1.394e-07	4.5823e-08	4.0556e-17
76.26	3.1334e-11	1.8222e-07	1.3742e-07	4.4806e-08	4.069e-17
76.27	3.3349e-11	1.9399e-07	1.4633e-07	4.7664e-08	4.0779e-17
76.28	3.5432e-11	2.0617e-07	1.5521e-07	5.0957e-08	4.0908e-17
76.29	3.5316e-11	2.0554e-07	1.5437e-07	5.1173e-08	4.1143e-17
76.3	3.3474e-11	1.9488e-07	1.4632e-07	4.856e-08	4.1388e-17
76.31	3.2136e-11	1.8713e-07	1.4089e-07	4.6244e-08	4.1464e-17
76.32	3.249e-11	1.8924e-07	1.4286e-07	4.6389e-08	4.1316e-17
76.33	3.3726e-11	1.965e-07	1.482e-07	4.8296e-08	4.1044e-17
76.34	3.4551e-11	2.0136e-07	1.5138e-07	4.9975e-08	4.0765e-17
76.35	3.4569e-11	2.0152e-07	1.5125e-07	5.027e-08	4.0497e-17
76.36	3.4005e-11	1.9828e-07	1.4908e-07	4.92e-08	4.0234e-17
76.37	3.3112e-11	1.9312e-07	1.4563e-07	4.7493e-08	4.0034e-17
76.38	3.2467e-11	1.8941e-07	1.4289e-07	4.6515e-08	3.9969e-17
76.39	3.2942e-11	1.9223e-07	1.4468e-07	4.755e-08	4.0033e-17
76.4	3.4456e-11	2.0112e-07	1.511e-07	5.0021e-08	4.0177e-17
76.41	3.5371e-11	2.0651e-07	1.5527e-07	5.1246e-08	4.0401e-17
76.42	3.4328e-11	2.0047e-07	1.5101e-07	4.9467e-08	4.0715e-17
76.43	3.2409e-11	1.8932e-07	1.4269e-07	4.6632e-08	4.1022e-17
76.44	3.2096e-11	1.8754e-07	1.4117e-07	4.6372e-08	4.1155e-17
76.45	3.3897e-11	1.9811e-07	1.4898e-07	4.9133e-08	4.1069e-17
76.46	3.5457e-11	2.0729e-07	1.5596e-07	5.1327e-08	4.0914e-17
76.47	3.4748e-11	2.032e-07	1.5302e-07	5.0172e-08	4.0845e-17
76.48	3.2881e-11	1.9233e-07	1.4484e-07	4.749e-08	4.0827e-17
76.49	3.2445e-11	1.8983e-07	1.4283e-07	4.7e-08	4.0692e-17
76.5	3.3838e-11	1.9803e-07	1.4896e-07	4.9067e-08	4.0374e-17
76.51	3.4926e-11	2.0445e-07	1.5391e-07	5.0537e-08	3.9998e-17
76.52	3.4298e-11	2.0082e-07	1.5129e-07	4.9537e-08	3.9731e-17
76.53	3.3141e-11	1.941e-07	1.4615e-07	4.7944e-08	3.9622e-17
76.54	3.3188e-11	1.9443e-07	1.4625e-07	4.8181e-08	3.9612e-17
76.55	3.4154e-11	2.0014e-07	1.5052e-07	4.9623e-08	3.9662e-17
76.56	3.4464e-11	2.0201e-07	1.5205e-07	4.9954e-08	3.98e-17
76.57	3.3797e-11	1.9815e-07	1.4927e-07	4.8884e-08	4.0032e-17
76.58	3.3375e-11	1.9572e-07	1.474e-07	4.8321e-08	4.0265e-17
76.59	3.3828e-11	1.9844e-07	1.4932e-07	4.9112e-08	4.0365e-17
76.6	3.4266e-11	2.0106e-07	1.5125e-07	4.9811e-08	4.0307e-17
76.61	3.3926e-11	1.9912e-07	1.4983e-07	4.9287e-08	4.0204e-17
76.62	3.3506e-11	1.967e-07	1.4806e-07	4.864e-08	4.016e-17
76.63	3.3896e-11	1.9904e-07	1.4984e-07	4.92e-08	4.0133e-17
76.64	3.4513e-11	2.0272e-07	1.5264e-07	5.0084e-08	3.9999e-17
76.65	3.4193e-11	2.0089e-07	1.5128e-07	4.9617e-08	3.9741e-17
76.66	3.3276e-11	1.9555e-07	1.4718e-07	4.8369e-08	3.9487e-17
76.67	3.3275e-11	1.956e-07	1.4709e-07	4.8508e-08	3.9353e-17
76.68	3.4399e-11	2.0226e-07	1.5211e-07	5.0155e-08	3.9321e-17
76.69	3.4987e-11	2.0577e-07	1.5494e-07	5.0829e-08	3.9305e-17
76.7	3.4074e-11	2.0045e-07	1.5111e-07	4.9346e-08	3.9284e-17
76.71	3.3045e-11	1.9445e-07	1.4648e-07	4.7971e-08	3.9303e-17
76.72	3.3504e-11	1.972e-07	1.4826e-07	4.8938e-08	3.938e-17
76.73	3.4662e-11	2.0407e-07	1.5334e-07	5.0727e-08	3.9477e-17
76.74	3.4614e-11	2.0384e-07	1.5342e-07	5.0424e-08	3.9542e-17
76.75	3.3543e-11	1.9759e-07	1.4899e-07	4.8602e-08	3.9535e-17
76.76	3.3461e-11	1.9716e-07	1.4861e-07	4.8543e-08	3.943e-17
76.77	3.4687e-11	2.0443e-07	1.5379e-07	5.0638e-08	3.9246e-17
76.78	3.5023e-11	2.0647e-07	1.5515e-07	5.1311e-08	3.9056e-17
76.79	3.3453e-11	1.9727e-07	1.4836e-07	4.8904e-08	3.8922e-17
76.8	3.2358e-11	1.9086e-07	1.4377e-07	4.7089e-08	3.8843e-17
76.81	3.3992e-11	2.0055e-07	1.5113e-07	4.9417e-08	3.8797e-17
76.82	3.6407e-11	2.1485e-07	1.6179e-07	5.3062e-08	3.8814e-17
76.83	3.5816e-11	2.1142e-07	1.5907e-07	5.2348e-08	3.8923e-17
76.84	3.2509e-11	1.9195e-07	1.4435e-07	4.7593e-08	3.9064e-17
76.85	3.1106e-11	1.8371e-07	1.3819e-07	4.5518e-08	3.9143e-17
76.86	3.3984e-11	2.0076e-07	1.5115e-07	4.9606e-08	3.9157e-17
76.87	3.7446e-11	2.2127e-07	1.6672e-07	5.4543e-08	3.9168e-17
76.88	3.6687e-11	2.1684e-07	1.6337e-07	5.3469e-08	3.916e-17
76.89	3.2626e-11	1.9289e-07	1.4513e-07	4.7757e-08	3.9031e-17
76.9	3.0709e-11	1.816e-07	1.3647e-07	4.5129e-08	3.8776e-17
76.91	3.3396e-11	1.9754e-07	1.486e-07	4.8948e-08	3.8536e-17
76.92	3.7005e-11	2.1895e-07	1.6499e-07	5.3954e-08	3.8409e-17
76.93	3.6951e-11	2.1868e-07	1.6486e-07	5.382e-08	3.8327e-17
76.94	3.3697e-11	1.9948e-07	1.5015e-07	4.933e-08	3.8229e-17
76.95	3.155e-11	1.8682e-07	1.4038e-07	4.6441e-08	3.823e-17
76.96	3.2834e-11	1.9447e-07	1.4624e-07	4.8235e-08	3.8466e-17
76.97	3.5486e-11	2.1023e-07	1.5839e-07	5.1847e-08	3.8839e-17
76.98	3.6319e-11	2.1522e-07	1.6221e-07	5.301e-08	3.9087e-17
76.99	3.4833e-11	2.0647e-07	1.5541e-07	5.1058e-08	3.9111e-17
77	3.3084e-11	1.9616e-07	1.4748e-07	4.8673e-08	3.9058e-17
77.01	3.2902e-11	1.9513e-07	1.468e-07	4.8326e-08	3.9057e-17
77.02	3.4154e-11	2.0261e-07	1.5259e-07	5.0013e-08	3.9013e-17
77.03	3.5349e-11	2.0975e-07	1.5795e-07	5.18e-08	3.8775e-17
77.04	3.5268e-11	2.0932e-07	1.575e-07	5.1823e-08	3.8387e-17
77.05	3.4097e-11	2.0242e-07	1.5232e-07	5.0108e-08	3.8076e-17
77.06	3.3239e-11	1.9738e-07	1.4865e-07	4.8728e-08	3.8024e-17
77.07	3.3806e-11	2.008e-07	1.5124e-07	4.9558e-08	3.8222e-17
77.08	3.5139e-11	2.0877e-07	1.5709e-07	5.1689e-08	3.8514e-17
77.09	3.5386e-11	2.103e-07	1.5814e-07	5.216e-08	3.874e-17
77.1	3.3991e-11	2.0206e-07	1.5207e-07	4.9988e-08	3.884e-17
77.11	3.2853e-11	1.9534e-07	1.472e-07	4.8143e-08	3.8885e-17
77.12	3.3915e-11	2.0171e-07	1.5196e-07	4.975e-08	3.895e-17
77.13	3.6068e-11	2.1457e-07	1.6143e-07	5.3143e-08	3.8963e-17
77.14	3.6169e-11	2.1523e-07	1.6181e-07	5.3418e-08	3.8739e-17
77.15	3.3557e-11	1.9974e-07	1.5027e-07	4.9469e-08	3.8242e-17
77.16	3.1653e-11	1.8845e-07	1.4196e-07	4.6489e-08	3.7735e-17
77.17	3.3492e-11	1.9945e-07	1.5029e-07	4.9163e-08	3.7557e-17
77.18	3.7043e-11	2.2066e-07	1.6613e-07	5.4522e-08	3.7787e-17
77.19	3.7472e-11	2.2327e-07	1.6795e-07	5.5317e-08	3.8211e-17
77.2	3.3885e-11	2.0195e-07	1.5185e-07	5.0101e-08	3.8589e-17
77.21	3.0963e-11	1.8458e-07	1.3887e-07	4.5717e-08	3.8855e-17
77.22	3.2665e-11	1.9478e-07	1.4673e-07	4.8051e-08	3.9041e-17
77.23	3.6723e-11	2.1904e-07	1.651e-07	5.3934e-08	3.914e-17
77.24	3.7799e-11	2.2551e-07	1.6985e-07	5.5659e-08	3.9109e-17
77.25	3.4781e-11	2.0756e-07	1.5606e-07	5.1497e-08	3.8938e-17
77.26	3.1901e-11	1.9042e-07	1.4306e-07	4.7364e-08	3.8655e-17
77.27	3.2619e-11	1.9476e-07	1.4657e-07	4.8191e-08	3.8307e-17
77.28	3.5344e-11	2.1108e-07	1.5918e-07	5.1898e-08	3.7989e-17
77.29	3.6441e-11	2.1769e-07	1.6415e-07	5.3539e-08	3.7836e-17
77.3	3.5198e-11	2.1032e-07	1.5824e-07	5.2078e-08	3.7911e-17
77.31	3.3794e-11	2.0198e-07	1.5169e-07	5.0292e-08	3.8121e-17
77.32	3.3679e-11	2.0135e-07	1.5135e-07	4.9995e-08	3.8306e-17
77.33	3.4248e-11	2.048e-07	1.5431e-07	5.0486e-08	3.8405e-17
77.34	3.4675e-11	2.0741e-07	1.5643e-07	5.0979e-08	3.8467e-17
77.35	3.499e-11	2.0935e-07	1.5769e-07	5.1653e-08	3.8537e-17
77.36	3.5142e-11	2.1031e-07	1.5814e-07	5.2168e-08	3.8581e-17
77.37	3.4696e-11	2.0769e-07	1.561e-07	5.1594e-08	3.8556e-17
77.38	3.3946e-11	2.0326e-07	1.5291e-07	5.0348e-08	3.8488e-17
77.39	3.3958e-11	2.0338e-07	1.5321e-07	5.0174e-08	3.8436e-17
77.4	3.4875e-11	2.0893e-07	1.5748e-07	5.1452e-08	3.8413e-17
77.41	3.5407e-11	2.1217e-07	1.5982e-07	5.2347e-08	3.8386e-17
77.42	3.4764e-11	2.0837e-07	1.5674e-07	5.1628e-08	3.8344e-17
77.43	3.3966e-11	2.0364e-07	1.5304e-07	5.0598e-08	3.8327e-17
77.44	3.4243e-11	2.0535e-07	1.5445e-07	5.0902e-08	3.8362e-17
77.45	3.5091e-11	2.1049e-07	1.586e-07	5.1897e-08	3.8398e-17
77.46	3.5166e-11	2.11e-07	1.5908e-07	5.1919e-08	3.8351e-17
77.47	3.4455e-11	2.0679e-07	1.557e-07	5.1085e-08	3.8203e-17
77.48	3.4139e-11	2.0494e-07	1.5406e-07	5.0876e-08	3.8047e-17
77.49	3.4592e-11	2.0771e-07	1.5618e-07	5.1528e-08	3.7984e-17
77.5	3.4974e-11	2.1006e-07	1.5818e-07	5.1876e-08	3.8016e-17
77.51	3.4838e-11	2.093e-07	1.577e-07	5.1603e-08	3.8058e-17
77.52	3.472e-11	2.0864e-07	1.5705e-07	5.1593e-08	3.8052e-17
77.53	3.4832e-11	2.0937e-07	1.5749e-07	5.1878e-08	3.803e-17
77.54	3.4591e-11	2.0798e-07	1.5656e-07	5.1416e-08	3.8067e-17
77.55	3.4044e-11	2.0474e-07	1.5424e-07	5.0498e-08	3.8193e-17
77.56	3.4315e-11	2.0642e-07	1.5538e-07	5.1047e-08	3.8362e-17
77.57	3.5616e-11	2.1431e-07	1.611e-07	5.3203e-08	3.8484e-17
77.58	3.6139e-11	2.1751e-07	1.6359e-07	5.392e-08	3.8467e-17
77.59	3.457e-11	2.0812e-07	1.5684e-07	5.1279e-08	3.8277e-17
77.6	3.2732e-11	1.971e-07	1.4866e-07	4.8446e-08	3.798e-17
77.61	3.3529e-11	2.0196e-07	1.5201e-07	4.9948e-08	3.7709e-17
77.62	3.6415e-11	2.1939e-07	1.648e-07	5.4598e-08	3.7564e-17
77.63	3.7473e-11	2.2583e-07	1.6972e-07	5.6108e-08	3.7552e-17
77.64	3.4894e-11	2.1034e-07	1.5846e-07	5.1884e-08	3.763e-17
77.65	3.2008e-11	1.9299e-07	1.456e-07	4.7395e-08	3.7754e-17
77.66	3.2864e-11	1.9821e-07	1.4931e-07	4.8901e-08	3.7876e-17
77.67	3.6399e-11	2.1958e-07	1.6508e-07	5.4505e-08	3.7938e-17
77.68	3.7814e-11	2.2818e-07	1.715e-07	5.668e-08	3.7924e-17
77.69	3.5342e-11	2.1331e-07	1.6051e-07	5.2801e-08	3.7898e-17
77.7	3.2555e-11	1.9654e-07	1.4808e-07	4.8466e-08	3.7933e-17
77.71	3.3061e-11	1.9965e-07	1.5045e-07	4.92e-08	3.8025e-17
77.72	3.5619e-11	2.1516e-07	1.6204e-07	5.3112e-08	3.8104e-17
77.73	3.6581e-11	2.2102e-07	1.6633e-07	5.4689e-08	3.8104e-17
77.74	3.527e-11	2.1315e-07	1.6028e-07	5.2871e-08	3.8e-17
77.75	3.4166e-11	2.0654e-07	1.553e-07	5.1239e-08	3.7801e-17
77.76	3.453e-11	2.0879e-07	1.5719e-07	5.1598e-08	3.7573e-17
77.77	3.4919e-11	2.112e-07	1.5923e-07	5.1968e-08	3.7422e-17
77.78	3.4409e-11	2.0817e-07	1.569e-07	5.1264e-08	3.739e-17
77.79	3.4387e-11	2.0809e-07	1.5653e-07	5.1562e-08	3.7403e-17
77.8	3.5718e-11	2.162e-07	1.6242e-07	5.3779e-08	3.7393e-17
77.81	3.6517e-11	2.2109e-07	1.6628e-07	5.4811e-08	3.7433e-17
77.82	3.4981e-11	2.1184e-07	1.5966e-07	5.2179e-08	3.761e-17
77.83	3.2867e-11	1.9909e-07	1.5013e-07	4.8964e-08	3.7797e-17
77.84	3.3388e-11	2.023e-07	1.5226e-07	5.0042e-08	3.774e-17
77.85	3.6213e-11	2.1947e-07	1.6494e-07	5.4528e-08	3.7424e-17
77.86	3.7516e-11	2.2743e-07	1.7104e-07	5.6389e-08	3.7172e-17
77.87	3.5457e-11	2.15e-07	1.6195e-07	5.3048e-08	3.7239e-17
77.88	3.2892e-11	1.995e-07	1.5034e-07	4.9157e-08	3.7466e-17
77.89	3.3236e-11	2.0164e-07	1.5176e-07	4.9877e-08	3.7515e-17
77.9	3.5724e-11	2.1679e-07	1.6302e-07	5.3761e-08	3.7351e-17
77.91	3.6901e-11	2.2399e-07	1.6855e-07	5.5441e-08	3.725e-17
77.92	3.5588e-11	2.1607e-07	1.6276e-07	5.3308e-08	3.7357e-17
77.93	3.396e-11	2.0624e-07	1.5537e-07	5.0875e-08	3.7489e-17
77.94	3.399e-11	2.0648e-07	1.5538e-07	5.1096e-08	3.7441e-17
77.95	3.5059e-11	2.1303e-07	1.6021e-07	5.2818e-08	3.7289e-17
77.96	3.5607e-11	2.1641e-07	1.6284e-07	5.3565e-08	3.723e-17
77.97	3.5383e-11	2.151e-07	1.6203e-07	5.3072e-08	3.7267e-17
77.98	3.5075e-11	2.1328e-07	1.6071e-07	5.257e-08	3.7226e-17
77.99	3.4895e-11	2.1225e-07	1.5981e-07	5.244e-08	3.7043e-17
78	3.4671e-11	2.1094e-07	1.5865e-07	5.2289e-08	3.6858e-17
78.01	3.4659e-11	2.1092e-07	1.586e-07	5.2321e-08	3.6816e-17
78.02	3.5176e-11	2.1412e-07	1.6115e-07	5.2968e-08	3.6887e-17
78.03	3.5737e-11	2.1759e-07	1.6395e-07	5.3642e-08	3.6944e-17
78.04	3.5516e-11	2.163e-07	1.6301e-07	5.3288e-08	3.693e-17
78.05	3.4631e-11	2.1096e-07	1.5883e-07	5.2132e-08	3.6903e-17
78.06	3.4183e-11	2.0829e-07	1.5661e-07	5.1677e-08	3.6931e-17
78.07	3.4826e-11	2.1226e-07	1.5956e-07	5.2699e-08	3.7005e-17
78.08	3.5859e-11	2.1861e-07	1.6452e-07	5.4091e-08	3.7049e-17
78.09	3.6051e-11	2.1984e-07	1.6567e-07	5.4166e-08	3.7021e-17
78.1	3.5118e-11	2.142e-07	1.6148e-07	5.272e-08	3.6959e-17
78.11	3.409e-11	2.0799e-07	1.5662e-07	5.1372e-08	3.6906e-17
78.12	3.4194e-11	2.0868e-07	1.5688e-07	5.1801e-08	3.6827e-17
78.13	3.5423e-11	2.1623e-07	1.6249e-07	5.3744e-08	3.6657e-17
78.14	3.6399e-11	2.2225e-07	1.6722e-07	5.5023e-08	3.6452e-17
78.15	3.5901e-11	2.1927e-07	1.6528e-07	5.3981e-08	3.6384e-17
78.16	3.445e-11	2.1046e-07	1.5874e-07	5.1714e-08	3.6532e-17
78.17	3.3825e-11	2.0669e-07	1.5566e-07	5.1036e-08	3.6749e-17
78.18	3.4828e-11	2.1287e-07	1.5995e-07	5.2921e-08	3.6834e-17
78.19	3.6174e-11	2.2115e-07	1.6611e-07	5.5042e-08	3.677e-17
78.2	3.618e-11	2.2125e-07	1.665e-07	5.4748e-08	3.6704e-17
78.21	3.5005e-11	2.1412e-07	1.6151e-07	5.2603e-08	3.6709e-17
78.22	3.4277e-11	2.0972e-07	1.5822e-07	5.1496e-08	3.6703e-17
78.23	3.4759e-11	2.1272e-07	1.601e-07	5.262e-08	3.6613e-17
78.24	3.5509e-11	2.1737e-07	1.6323e-07	5.4136e-08	3.6491e-17
78.25	3.5553e-11	2.1769e-07	1.6354e-07	5.4158e-08	3.641e-17
78.26	3.5226e-11	2.1575e-07	1.6249e-07	5.3262e-08	3.636e-17
78.27	3.5239e-11	2.1588e-07	1.6289e-07	5.2991e-08	3.6293e-17
78.28	3.5363e-11	2.167e-07	1.6336e-07	5.3331e-08	3.6222e-17
78.29	3.5039e-11	2.1477e-07	1.6151e-07	5.3255e-08	3.6184e-17
78.3	3.4662e-11	2.1251e-07	1.5961e-07	5.2898e-08	3.6187e-17
78.31	3.5054e-11	2.1497e-07	1.6166e-07	5.3304e-08	3.6234e-17
78.32	3.5893e-11	2.2017e-07	1.6591e-07	5.4251e-08	3.6357e-17
78.33	3.5934e-11	2.2047e-07	1.6623e-07	5.424e-08	3.6553e-17
78.34	3.4981e-11	2.1468e-07	1.6166e-07	5.3024e-08	3.6712e-17
78.35	3.4384e-11	2.1108e-07	1.5872e-07	5.2358e-08	3.6705e-17
78.36	3.5013e-11	2.1499e-07	1.6167e-07	5.3318e-08	3.653e-17
78.37	3.5874e-11	2.2033e-07	1.6586e-07	5.4476e-08	3.6315e-17
78.38	3.5693e-11	2.1928e-07	1.6515e-07	5.4127e-08	3.6165e-17
78.39	3.4959e-11	2.1482e-07	1.6174e-07	5.3084e-08	3.6068e-17
78.4	3.5022e-11	2.1526e-07	1.6201e-07	5.3257e-08	3.5967e-17
78.41	3.5693e-11	2.1944e-07	1.6518e-07	5.4265e-08	3.5866e-17
78.42	3.5514e-11	2.184e-07	1.6444e-07	5.3966e-08	3.5836e-17
78.43	3.4477e-11	2.1208e-07	1.5963e-07	5.2447e-08	3.5908e-17
78.44	3.4485e-11	2.1218e-07	1.5963e-07	5.2552e-08	3.5999e-17
78.45	3.6179e-11	2.2266e-07	1.6754e-07	5.5123e-08	3.5993e-17
78.46	3.7184e-11	2.2891e-07	1.7236e-07	5.6542e-08	3.5904e-17
78.47	3.5425e-11	2.1813e-07	1.6433e-07	5.38e-08	3.5907e-17
78.48	3.2924e-11	2.0278e-07	1.527e-07	5.0082e-08	3.6138e-17
78.49	3.3549e-11	2.0668e-07	1.5549e-07	5.1193e-08	3.6466e-17
78.5	3.7099e-11	2.2861e-07	1.7195e-07	5.6664e-08	3.6594e-17
78.51	3.8765e-11	2.3894e-07	1.7981e-07	5.9124e-08	3.6414e-17
78.52	3.5815e-11	2.2081e-07	1.6629e-07	5.4522e-08	3.6136e-17
78.53	3.2036e-11	1.9757e-07	1.4882e-07	4.8747e-08	3.6004e-17
78.54	3.2764e-11	2.021e-07	1.5216e-07	4.9946e-08	3.6003e-17
78.55	3.7176e-11	2.2938e-07	1.7259e-07	5.6791e-08	3.5972e-17
78.56	3.9226e-11	2.4209e-07	1.8212e-07	5.997e-08	3.5883e-17
78.57	3.6181e-11	2.2335e-07	1.6807e-07	5.528e-08	3.5842e-17
78.58	3.2411e-11	2.0013e-07	1.507e-07	4.9434e-08	3.5875e-17
78.59	3.2994e-11	2.0378e-07	1.535e-07	5.0285e-08	3.5907e-17
78.6	3.6665e-11	2.2651e-07	1.7055e-07	5.5965e-08	3.5935e-17
78.61	3.8167e-11	2.3585e-07	1.7747e-07	5.8384e-08	3.6015e-17
78.62	3.5897e-11	2.2189e-07	1.6693e-07	5.496e-08	3.6081e-17
78.63	3.3549e-11	2.0742e-07	1.5612e-07	5.1296e-08	3.5988e-17
78.64	3.4205e-11	2.1153e-07	1.593e-07	5.2225e-08	3.5797e-17
78.65	3.6272e-11	2.2437e-07	1.6895e-07	5.5425e-08	3.5762e-17
78.66	3.6632e-11	2.2665e-07	1.7058e-07	5.6079e-08	3.5934e-17
78.67	3.5251e-11	2.1817e-07	1.6417e-07	5.4004e-08	3.604e-17
78.68	3.449e-11	2.1351e-07	1.6073e-07	5.2784e-08	3.5912e-17
78.69	3.5231e-11	2.1816e-07	1.6427e-07	5.3888e-08	3.5789e-17
78.7	3.6064e-11	2.2337e-07	1.6815e-07	5.5225e-08	3.5924e-17
78.71	3.5874e-11	2.2225e-07	1.6724e-07	5.5014e-08	3.6109e-17
78.72	3.5226e-11	2.1829e-07	1.6427e-07	5.402e-08	3.5978e-17
78.73	3.4988e-11	2.1687e-07	1.6328e-07	5.3593e-08	3.5651e-17
78.74	3.5164e-11	2.1802e-07	1.6418e-07	5.3838e-08	3.5641e-17
78.75	3.5496e-11	2.2013e-07	1.6573e-07	5.4396e-08	3.6085e-17
78.76	3.595e-11	2.23e-07	1.6783e-07	5.5174e-08	3.6493e-17
78.77	3.6136e-11	2.2421e-07	1.6869e-07	5.5517e-08	3.6444e-17
78.78	3.5442e-11	2.1997e-07	1.6551e-07	5.4457e-08	3.6137e-17
78.79	3.4377e-11	2.1341e-07	1.6066e-07	5.2749e-08	3.5979e-17
78.8	3.4521e-11	2.1435e-07	1.6148e-07	5.2871e-08	3.5958e-17
78.81	3.6195e-11	2.2481e-07	1.6935e-07	5.5455e-08	3.5788e-17
78.82	3.7307e-11	2.3178e-07	1.7442e-07	5.7354e-08	3.5495e-17
78.83	3.6015e-11	2.2381e-07	1.6825e-07	5.5557e-08	3.5407e-17
78.84	3.3771e-11	2.0991e-07	1.5787e-07	5.2047e-08	3.5617e-17
78.85	3.3752e-11	2.0985e-07	1.581e-07	5.1749e-08	3.5834e-17
78.86	3.6274e-11	2.2559e-07	1.7008e-07	5.5506e-08	3.586e-17
78.87	3.7941e-11	2.3601e-07	1.7772e-07	5.8295e-08	3.5865e-17
78.88	3.6324e-11	2.2601e-07	1.699e-07	5.6109e-08	3.6045e-17
78.89	3.3595e-11	2.0908e-07	1.5718e-07	5.1903e-08	3.629e-17
78.9	3.3584e-11	2.0907e-07	1.5745e-07	5.1621e-08	3.6397e-17
78.91	3.6303e-11	2.2605e-07	1.7036e-07	5.5686e-08	3.6394e-17
78.92	3.7912e-11	2.3613e-07	1.7779e-07	5.834e-08	3.6416e-17
78.93	3.6238e-11	2.2576e-07	1.6982e-07	5.5934e-08	3.6415e-17
78.94	3.3785e-11	2.1053e-07	1.5845e-07	5.208e-08	3.6257e-17
78.95	3.3962e-11	2.1169e-07	1.5945e-07	5.2234e-08	3.6018e-17
78.96	3.625e-11	2.2601e-07	1.7012e-07	5.5889e-08	3.5936e-17
78.97	3.7308e-11	2.3266e-07	1.7493e-07	5.7732e-08	3.6048e-17
78.98	3.5932e-11	2.2414e-07	1.6862e-07	5.5519e-08	3.6115e-17
78.99	3.4404e-11	2.1466e-07	1.6183e-07	5.2829e-08	3.5972e-17
79	3.4736e-11	2.1679e-07	1.635e-07	5.3293e-08	3.5768e-17
79.01	3.5965e-11	2.2451e-07	1.689e-07	5.5617e-08	3.5751e-17
79.02	3.6218e-11	2.2615e-07	1.6977e-07	5.638e-08	3.5947e-17
79.03	3.5608e-11	2.224e-07	1.6719e-07	5.5212e-08	3.6183e-17
79.04	3.5418e-11	2.2127e-07	1.669e-07	5.4368e-08	3.6337e-17
79.05	3.5667e-11	2.2288e-07	1.6824e-07	5.464e-08	3.6424e-17
79.06	3.5441e-11	2.2152e-07	1.6674e-07	5.4787e-08	3.6475e-17
79.07	3.5004e-11	2.1885e-07	1.643e-07	5.455e-08	3.6466e-17
79.08	3.5486e-11	2.2192e-07	1.6679e-07	5.5126e-08	3.6402e-17
79.09	3.6533e-11	2.2852e-07	1.7224e-07	5.6279e-08	3.6349e-17
79.1	3.6388e-11	2.2767e-07	1.717e-07	5.5966e-08	3.6341e-17
79.11	3.4858e-11	2.1816e-07	1.6421e-07	5.3948e-08	3.6313e-17
79.12	3.4154e-11	2.138e-07	1.6071e-07	5.3087e-08	3.6199e-17
79.13	3.5601e-11	2.2292e-07	1.6776e-07	5.5157e-08	3.6049e-17
79.14	3.7281e-11	2.335e-07	1.7594e-07	5.7559e-08	3.5979e-17
79.15	3.6694e-11	2.2988e-07	1.7308e-07	5.6797e-08	3.6012e-17
79.16	3.4581e-11	2.1669e-07	1.6291e-07	5.3783e-08	3.6052e-17
79.17	3.3914e-11	2.1257e-07	1.599e-07	5.2672e-08	3.6025e-17
79.18	3.5551e-11	2.2289e-07	1.6802e-07	5.4873e-08	3.5997e-17
79.19	3.7156e-11	2.3301e-07	1.7571e-07	5.7296e-08	3.6089e-17
79.2	3.6728e-11	2.3038e-07	1.7336e-07	5.7017e-08	3.6307e-17
79.21	3.5168e-11	2.2065e-07	1.657e-07	5.4953e-08	3.6512e-17
79.22	3.4477e-11	2.1637e-07	1.6264e-07	5.3734e-08	3.6565e-17
79.23	3.5039e-11	2.1995e-07	1.658e-07	5.4156e-08	3.6454e-17
79.24	3.5893e-11	2.2537e-07	1.7005e-07	5.5317e-08	3.6273e-17
79.25	3.6438e-11	2.2885e-07	1.7237e-07	5.6483e-08	3.6132e-17
79.26	3.6531e-11	2.2949e-07	1.7246e-07	5.7031e-08	3.6099e-17
79.27	3.583e-11	2.2515e-07	1.6915e-07	5.5994e-08	3.617e-17
79.28	3.4551e-11	2.1716e-07	1.6343e-07	5.3731e-08	3.6263e-17
79.29	3.4182e-11	2.149e-07	1.62e-07	5.2905e-08	3.6268e-17
79.3	3.5743e-11	2.2477e-07	1.6943e-07	5.5332e-08	3.6163e-17
79.31	3.7647e-11	2.368e-07	1.783e-07	5.8502e-08	3.604e-17
79.32	3.7255e-11	2.344e-07	1.7627e-07	5.8125e-08	3.5993e-17
79.33	3.4733e-11	2.1858e-07	1.643e-07	5.4287e-08	3.6014e-17
79.34	3.3335e-11	2.0984e-07	1.5786e-07	5.1981e-08	3.6057e-17
79.35	3.4996e-11	2.2035e-07	1.6603e-07	5.4317e-08	3.612e-17
79.36	3.7489e-11	2.3611e-07	1.7802e-07	5.8091e-08	3.6213e-17
79.37	3.754e-11	2.3649e-07	1.7812e-07	5.8368e-08	3.6271e-17
79.38	3.5371e-11	2.2288e-07	1.6756e-07	5.5315e-08	3.6226e-17
79.39	3.4052e-11	2.1462e-07	1.6128e-07	5.3347e-08	3.6146e-17
79.4	3.4977e-11	2.205e-07	1.6597e-07	5.4533e-08	3.6171e-17
79.41	3.6351e-11	2.2923e-07	1.7282e-07	5.6409e-08	3.6291e-17
79.42	3.64e-11	2.2959e-07	1.7304e-07	5.6559e-08	3.633e-17
79.43	3.5769e-11	2.2567e-07	1.6977e-07	5.59e-08	3.6188e-17
79.44	3.5715e-11	2.2538e-07	1.6941e-07	5.5977e-08	3.5996e-17
79.45	3.5829e-11	2.2617e-07	1.7019e-07	5.5981e-08	3.5934e-17
79.46	3.5251e-11	2.2257e-07	1.6772e-07	5.4854e-08	3.5995e-17
79.47	3.4796e-11	2.1975e-07	1.6555e-07	5.4204e-08	3.6039e-17
79.48	3.5745e-11	2.258e-07	1.6986e-07	5.5946e-08	3.6016e-17
79.49	3.7155e-11	2.3477e-07	1.7653e-07	5.824e-08	3.5991e-17
79.5	3.6758e-11	2.3232e-07	1.7489e-07	5.7429e-08	3.5986e-17
79.51	3.4681e-11	2.1925e-07	1.6524e-07	5.4012e-08	3.5933e-17
79.52	3.3847e-11	2.1403e-07	1.612e-07	5.283e-08	3.5801e-17
79.53	3.5688e-11	2.2573e-07	1.6974e-07	5.5983e-08	3.5663e-17
79.54	3.7678e-11	2.3837e-07	1.7921e-07	5.9163e-08	3.5595e-17
79.55	3.6923e-11	2.3366e-07	1.7589e-07	5.7766e-08	3.5609e-17
79.56	3.4558e-11	2.1874e-07	1.6488e-07	5.3861e-08	3.5696e-17
79.57	3.4057e-11	2.1563e-07	1.6248e-07	5.3151e-08	3.5856e-17
79.58	3.5982e-11	2.2787e-07	1.7145e-07	5.6426e-08	3.6044e-17
79.59	3.7294e-11	2.3624e-07	1.776e-07	5.8643e-08	3.6167e-17
79.6	3.6172e-11	2.2919e-07	1.7238e-07	5.6816e-08	3.6188e-17
79.61	3.4646e-11	2.1958e-07	1.6534e-07	5.4239e-08	3.6167e-17
79.62	3.5091e-11	2.2246e-07	1.6764e-07	5.4819e-08	3.6157e-17
79.63	3.6501e-11	2.3145e-07	1.7437e-07	5.7078e-08	3.6113e-17
79.64	3.6442e-11	2.3113e-07	1.7395e-07	5.7181e-08	3.5947e-17
79.65	3.5147e-11	2.2298e-07	1.6762e-07	5.5354e-08	3.5649e-17
79.66	3.4944e-11	2.2174e-07	1.667e-07	5.5043e-08	3.5312e-17
79.67	3.6211e-11	2.2985e-07	1.7306e-07	5.6788e-08	3.5085e-17
79.68	3.6767e-11	2.3343e-07	1.7602e-07	5.7413e-08	3.5102e-17
79.69	3.5616e-11	2.2618e-07	1.7049e-07	5.5693e-08	3.5373e-17
79.7	3.4664e-11	2.2019e-07	1.6559e-07	5.4595e-08	3.5699e-17
79.71	3.5518e-11	2.2567e-07	1.6948e-07	5.6193e-08	3.5805e-17
79.72	3.6781e-11	2.3375e-07	1.758e-07	5.7957e-08	3.563e-17
79.73	3.6367e-11	2.3118e-07	1.7431e-07	5.6874e-08	3.5396e-17
79.74	3.4961e-11	2.223e-07	1.6771e-07	5.4591e-08	3.532e-17
79.75	3.489e-11	2.219e-07	1.6701e-07	5.4891e-08	3.5357e-17
79.76	3.6302e-11	2.3094e-07	1.7344e-07	5.7497e-08	3.5361e-17
79.77	3.6916e-11	2.3491e-07	1.7656e-07	5.8346e-08	3.5382e-17
79.78	3.57e-11	2.2722e-07	1.7123e-07	5.5996e-08	3.5562e-17
79.79	3.4513e-11	2.1972e-07	1.6576e-07	5.3964e-08	3.5801e-17
79.8	3.5197e-11	2.2414e-07	1.6878e-07	5.5356e-08	3.5794e-17
79.81	3.6773e-11	2.3423e-07	1.7602e-07	5.8213e-08	3.5482e-17
79.82	3.698e-11	2.3561e-07	1.7709e-07	5.8521e-08	3.5198e-17
79.83	3.5578e-11	2.2674e-07	1.7075e-07	5.5982e-08	3.5212e-17
79.84	3.4519e-11	2.2004e-07	1.6591e-07	5.4122e-08	3.534e-17
79.85	3.5111e-11	2.2387e-07	1.6864e-07	5.5233e-08	3.5231e-17
79.86	3.6439e-11	2.3239e-07	1.7476e-07	5.7635e-08	3.4909e-17
79.87	3.6849e-11	2.3507e-07	1.7669e-07	5.8377e-08	3.4742e-17
79.88	3.6038e-11	2.2995e-07	1.7303e-07	5.6918e-08	3.4898e-17
79.89	3.5109e-11	2.2408e-07	1.6885e-07	5.5233e-08	3.5109e-17
79.9	3.506e-11	2.2383e-07	1.687e-07	5.513e-08	3.5073e-17
79.91	3.5754e-11	2.2831e-07	1.7189e-07	5.6421e-08	3.4872e-17
79.92	3.631e-11	2.3192e-07	1.7438e-07	5.7541e-08	3.4817e-17
79.93	3.6193e-11	2.3123e-07	1.7381e-07	5.7418e-08	3.502e-17
79.94	3.5729e-11	2.2832e-07	1.7183e-07	5.649e-08	3.5297e-17
79.95	3.5545e-11	2.272e-07	1.7126e-07	5.594e-08	3.5459e-17
79.96	3.5718e-11	2.2837e-07	1.7217e-07	5.6197e-08	3.5505e-17
79.97	3.58e-11	2.2895e-07	1.7232e-07	5.6626e-08	3.5511e-17
79.98	3.5651e-11	2.2805e-07	1.7134e-07	5.6708e-08	3.5449e-17
79.99	3.5694e-11	2.2839e-07	1.7164e-07	5.6747e-08	3.5227e-17
80	3.609e-11	2.3097e-07	1.7396e-07	5.7018e-08	3.4877e-17
80.01	3.6249e-11	2.3205e-07	1.7504e-07	5.7009e-08	3.458e-17
80.02	3.5742e-11	2.2886e-07	1.725e-07	5.6361e-08	3.4493e-17
80.03	3.5194e-11	2.2541e-07	1.6952e-07	5.5893e-08	3.4576e-17
80.04	3.5454e-11	2.2713e-07	1.7062e-07	5.6508e-08	3.466e-17
80.05	3.6179e-11	2.3184e-07	1.7436e-07	5.7474e-08	3.467e-17
80.06	3.6276e-11	2.3252e-07	1.7521e-07	5.7306e-08	3.4707e-17
80.07	3.5678e-11	2.2874e-07	1.7248e-07	5.6263e-08	3.4874e-17
80.08	3.5485e-11	2.2756e-07	1.7139e-07	5.617e-08	3.5086e-17
80.09	3.6028e-11	2.311e-07	1.7377e-07	5.7329e-08	3.5173e-17
80.1	3.617e-11	2.3207e-07	1.7441e-07	5.7655e-08	3.5132e-17
80.11	3.5323e-11	2.2669e-07	1.7054e-07	5.6149e-08	3.5127e-17
80.12	3.4865e-11	2.238e-07	1.6863e-07	5.5176e-08	3.5217e-17
80.13	3.605e-11	2.3147e-07	1.7448e-07	5.6988e-08	3.5229e-17
80.14	3.7461e-11	2.4059e-07	1.8117e-07	5.9426e-08	3.5023e-17
80.15	3.6668e-11	2.3556e-07	1.7712e-07	5.8432e-08	3.4749e-17
80.16	3.4247e-11	2.2006e-07	1.6542e-07	5.4633e-08	3.4659e-17
80.17	3.3669e-11	2.164e-07	1.6289e-07	5.3509e-08	3.4754e-17
80.18	3.6263e-11	2.3313e-07	1.7568e-07	5.7447e-08	3.4819e-17
80.19	3.8643e-11	2.4849e-07	1.8718e-07	6.1311e-08	3.4787e-17
80.2	3.7251e-11	2.396e-07	1.8027e-07	5.9325e-08	3.4843e-17
80.21	3.3796e-11	2.1743e-07	1.6353e-07	5.3908e-08	3.5067e-17
80.22	3.3173e-11	2.1348e-07	1.6069e-07	5.2787e-08	3.524e-17
80.23	3.6343e-11	2.3394e-07	1.7619e-07	5.7743e-08	3.5174e-17
80.24	3.8746e-11	2.4947e-07	1.8779e-07	6.1679e-08	3.505e-17
80.25	3.6951e-11	2.3797e-07	1.7901e-07	5.8954e-08	3.5161e-17
80.26	3.3736e-11	2.1732e-07	1.6356e-07	5.3761e-08	3.542e-17
80.27	3.3872e-11	2.1824e-07	1.6444e-07	5.3807e-08	3.5434e-17
80.28	3.6935e-11	2.3804e-07	1.7931e-07	5.8732e-08	3.509e-17
80.29	3.8111e-11	2.4568e-07	1.848e-07	6.0882e-08	3.4767e-17
80.3	3.5674e-11	2.3003e-07	1.7288e-07	5.7151e-08	3.4824e-17
80.31	3.3572e-11	2.1653e-07	1.6293e-07	5.3592e-08	3.5123e-17
80.32	3.5164e-11	2.2685e-07	1.7103e-07	5.5822e-08	3.5287e-17
80.33	3.7952e-11	2.449e-07	1.8461e-07	6.0292e-08	3.5249e-17
80.34	3.7509e-11	2.421e-07	1.8214e-07	5.9956e-08	3.5265e-17
80.35	3.4413e-11	2.2218e-07	1.6689e-07	5.529e-08	3.5454e-17
80.36	3.3374e-11	2.1552e-07	1.6204e-07	5.3478e-08	3.563e-17
80.37	3.5999e-11	2.3253e-07	1.7524e-07	5.7296e-08	3.5656e-17
80.38	3.8422e-11	2.4824e-07	1.872e-07	6.104e-08	3.5671e-17
80.39	3.7198e-11	2.404e-07	1.8104e-07	5.9355e-08	3.5827e-17
80.4	3.4253e-11	2.2142e-07	1.6643e-07	5.4989e-08	3.6015e-17
80.41	3.3683e-11	2.1778e-07	1.6367e-07	5.4117e-08	3.6035e-17
80.42	3.586e-11	2.3192e-07	1.7458e-07	5.734e-08	3.5916e-17
80.43	3.7564e-11	2.43e-07	1.8317e-07	5.9836e-08	3.584e-17
80.44	3.6926e-11	2.3894e-07	1.8006e-07	5.8877e-08	3.584e-17
80.45	3.5384e-11	2.2901e-07	1.7233e-07	5.6683e-08	3.5789e-17
80.46	3.4788e-11	2.2521e-07	1.6929e-07	5.5924e-08	3.5677e-17
80.47	3.5138e-11	2.2753e-07	1.7112e-07	5.6414e-08	3.5668e-17
80.48	3.574e-11	2.3149e-07	1.7434e-07	5.7152e-08	3.5818e-17
80.49	3.6472e-11	2.3629e-07	1.7807e-07	5.8215e-08	3.595e-17
80.5	3.6937e-11	2.3936e-07	1.8026e-07	5.91e-08	3.5916e-17
80.51	3.6203e-11	2.3466e-07	1.7651e-07	5.8154e-08	3.5845e-17
80.52	3.4613e-11	2.2441e-07	1.6874e-07	5.5669e-08	3.5967e-17
80.53	3.4259e-11	2.2217e-07	1.6722e-07	5.4952e-08	3.6284e-17
80.54	3.6073e-11	2.34e-07	1.7628e-07	5.7719e-08	3.6566e-17
80.55	3.78e-11	2.4526e-07	1.8471e-07	6.0549e-08	3.664e-17
80.56	3.6881e-11	2.3936e-07	1.8011e-07	5.9248e-08	3.6566e-17
80.57	3.4443e-11	2.2359e-07	1.682e-07	5.5393e-08	3.6521e-17
80.58	3.3962e-11	2.2052e-07	1.6599e-07	5.4525e-08	3.6633e-17
80.59	3.6128e-11	2.3464e-07	1.767e-07	5.7947e-08	3.6888e-17
80.6	3.7739e-11	2.4517e-07	1.8454e-07	6.0625e-08	3.7137e-17
80.61	3.6492e-11	2.3713e-07	1.7841e-07	5.8715e-08	3.7187e-17
80.62	3.4382e-11	2.2347e-07	1.6821e-07	5.526e-08	3.699e-17
80.63	3.4536e-11	2.2453e-07	1.6913e-07	5.5398e-08	3.6733e-17
80.64	3.6514e-11	2.3744e-07	1.7879e-07	5.8649e-08	3.6623e-17
80.65	3.725e-11	2.4229e-07	1.8224e-07	6.0049e-08	3.6626e-17
80.66	3.5835e-11	2.3314e-07	1.753e-07	5.7838e-08	3.6552e-17
80.67	3.4602e-11	2.2518e-07	1.6952e-07	5.5653e-08	3.6414e-17
80.68	3.5254e-11	2.2947e-07	1.7296e-07	5.6513e-08	3.6487e-17
80.69	3.6444e-11	2.3728e-07	1.7873e-07	5.8554e-08	3.6928e-17
80.7	3.6347e-11	2.3671e-07	1.78e-07	5.8712e-08	3.7484e-17
80.71	3.555e-11	2.3157e-07	1.7404e-07	5.7529e-08	3.7754e-17
80.72	3.5605e-11	2.3199e-07	1.7461e-07	5.7384e-08	3.766e-17
80.73	3.6144e-11	2.3556e-07	1.7755e-07	5.8006e-08	3.7481e-17
80.74	3.5708e-11	2.3278e-07	1.7541e-07	5.7372e-08	3.7462e-17
80.75	3.4767e-11	2.267e-07	1.7057e-07	5.6138e-08	3.7561e-17
80.76	3.5306e-11	2.3027e-07	1.7311e-07	5.7155e-08	3.7606e-17
80.77	3.7178e-11	2.4254e-07	1.8247e-07	6.0066e-08	3.7543e-17
80.78	3.7539e-11	2.4496e-07	1.8447e-07	6.0486e-08	3.7456e-17
80.79	3.5181e-11	2.2963e-07	1.7296e-07	5.6663e-08	3.7453e-17
80.8	3.3139e-11	2.1636e-07	1.629e-07	5.3459e-08	3.7592e-17
80.81	3.467e-11	2.264e-07	1.704e-07	5.6001e-08	3.7851e-17
80.82	3.8092e-11	2.4881e-07	1.8724e-07	6.1567e-08	3.811e-17
80.83	3.8677e-11	2.527e-07	1.9013e-07	6.2568e-08	3.823e-17
80.84	3.5424e-11	2.315e-07	1.7416e-07	5.7337e-08	3.8204e-17
80.85	3.2725e-11	2.1391e-07	1.6103e-07	5.2882e-08	3.8163e-17
80.86	3.4176e-11	2.2345e-07	1.6836e-07	5.5091e-08	3.817e-17
80.87	3.7569e-11	2.457e-07	1.851e-07	6.0602e-08	3.8094e-17
80.88	3.8313e-11	2.5063e-07	1.8859e-07	6.2037e-08	3.7792e-17
80.89	3.5904e-11	2.3492e-07	1.7658e-07	5.8344e-08	3.7382e-17
80.9	3.398e-11	2.2239e-07	1.6723e-07	5.5159e-08	3.7198e-17
80.91	3.4693e-11	2.2712e-07	1.7108e-07	5.6036e-08	3.7443e-17
80.92	3.6241e-11	2.3731e-07	1.7891e-07	5.8397e-08	3.7973e-17
80.93	3.6464e-11	2.3883e-07	1.7989e-07	5.8933e-08	3.8463e-17
80.94	3.5924e-11	2.3535e-07	1.7698e-07	5.8372e-08	3.8731e-17
80.95	3.5962e-11	2.3565e-07	1.7709e-07	5.8559e-08	3.8834e-17
80.96	3.6048e-11	2.3627e-07	1.7774e-07	5.8539e-08	3.8904e-17
80.97	3.5213e-11	2.3086e-07	1.7392e-07	5.6941e-08	3.8979e-17
80.98	3.452e-11	2.2637e-07	1.7064e-07	5.5735e-08	3.9004e-17
80.99	3.5561e-11	2.3326e-07	1.7569e-07	5.7565e-08	3.8933e-17
81	3.7298e-11	2.4471e-07	1.8409e-07	6.0625e-08	3.8775e-17
81.01	3.7105e-11	2.4351e-07	1.8304e-07	6.0466e-08	3.8558e-17
81.02	3.4936e-11	2.2933e-07	1.7245e-07	5.6883e-08	3.8303e-17
81.03	3.3801e-11	2.2193e-07	1.6713e-07	5.4798e-08	3.8083e-17
81.04	3.5332e-11	2.3204e-07	1.7495e-07	5.7088e-08	3.8035e-17
81.05	3.7294e-11	2.4499e-07	1.8462e-07	6.0369e-08	3.8266e-17
81.06	3.6988e-11	2.4304e-07	1.8281e-07	6.0226e-08	3.8709e-17
81.07	3.5169e-11	2.3114e-07	1.7362e-07	5.7526e-08	3.9149e-17
81.08	3.452e-11	2.2693e-07	1.7061e-07	5.6324e-08	3.9409e-17
81.09	3.553e-11	2.3363e-07	1.7606e-07	5.7569e-08	3.9469e-17
81.1	3.6305e-11	2.3878e-07	1.8012e-07	5.8665e-08	3.9407e-17
81.11	3.5945e-11	2.3647e-07	1.7811e-07	5.8368e-08	3.9299e-17
81.12	3.5595e-11	2.3423e-07	1.7603e-07	5.8207e-08	3.9206e-17
81.13	3.5925e-11	2.3646e-07	1.7767e-07	5.8797e-08	3.9169e-17
81.14	3.5934e-11	2.3658e-07	1.7808e-07	5.8499e-08	3.9127e-17
81.15	3.5154e-11	2.315e-07	1.7451e-07	5.6988e-08	3.8922e-17
81.16	3.4927e-11	2.3006e-07	1.7332e-07	5.6745e-08	3.8534e-17
81.17	3.607e-11	2.3765e-07	1.7876e-07	5.889e-08	3.8258e-17
81.18	3.6972e-11	2.4365e-07	1.8322e-07	6.0426e-08	3.8456e-17
81.19	3.5962e-11	2.3705e-07	1.7844e-07	5.8618e-08	3.9098e-17
81.2	3.4355e-11	2.2652e-07	1.7061e-07	5.5911e-08	3.9707e-17
81.21	3.4722e-11	2.29e-07	1.7236e-07	5.6639e-08	3.9872e-17
81.22	3.6693e-11	2.4205e-07	1.8207e-07	5.9984e-08	3.9679e-17
81.23	3.7205e-11	2.4549e-07	1.8475e-07	6.0738e-08	3.9502e-17
81.24	3.5309e-11	2.3304e-07	1.7556e-07	5.7481e-08	3.9492e-17
81.25	3.3913e-11	2.2388e-07	1.6864e-07	5.5237e-08	3.948e-17
81.26	3.5314e-11	2.3319e-07	1.7542e-07	5.7766e-08	3.9335e-17
81.27	3.742e-11	2.4715e-07	1.8579e-07	6.1363e-08	3.9181e-17
81.28	3.6885e-11	2.4368e-07	1.833e-07	6.0372e-08	3.9176e-17
81.29	3.4429e-11	2.2751e-07	1.7139e-07	5.612e-08	3.9265e-17
81.3	3.3848e-11	2.2372e-07	1.6863e-07	5.509e-08	3.9294e-17
81.31	3.6082e-11	2.3855e-07	1.7965e-07	5.8902e-08	3.9273e-17
81.32	3.7697e-11	2.4929e-07	1.875e-07	6.1787e-08	3.9349e-17
81.33	3.6245e-11	2.3974e-07	1.802e-07	5.9545e-08	3.9554e-17
81.34	3.4045e-11	2.2525e-07	1.6939e-07	5.5866e-08	3.9725e-17
81.35	3.444e-11	2.2792e-07	1.7166e-07	5.6254e-08	3.9731e-17
81.36	3.6578e-11	2.4213e-07	1.826e-07	5.9525e-08	3.9641e-17
81.37	3.7003e-11	2.45e-07	1.8469e-07	6.0308e-08	3.9597e-17
81.38	3.526e-11	2.3352e-07	1.7562e-07	5.7893e-08	3.96e-17
81.39	3.4398e-11	2.2786e-07	1.7101e-07	5.6858e-08	3.9543e-17
81.4	3.5776e-11	2.3705e-07	1.7811e-07	5.8942e-08	3.9419e-17
81.41	3.6879e-11	2.4442e-07	1.8429e-07	6.0132e-08	3.9379e-17
81.42	3.5687e-11	2.3658e-07	1.7874e-07	5.7842e-08	3.9539e-17
81.43	3.4194e-11	2.2673e-07	1.709e-07	5.5832e-08	3.983e-17
81.44	3.5096e-11	2.3278e-07	1.7469e-07	5.8085e-08	4.0097e-17
81.45	3.7126e-11	2.463e-07	1.8468e-07	6.1617e-08	4.0259e-17
81.46	3.6919e-11	2.4499e-07	1.8431e-07	6.0673e-08	4.0291e-17
81.47	3.4566e-11	2.2943e-07	1.7329e-07	5.614e-08	4.0121e-17
81.48	3.3703e-11	2.2375e-07	1.6897e-07	5.4786e-08	3.9724e-17
81.49	3.5783e-11	2.3762e-07	1.7874e-07	5.8885e-08	3.9298e-17
81.5	3.767e-11	2.5021e-07	1.8773e-07	6.2481e-08	3.9184e-17
81.51	3.6484e-11	2.4239e-07	1.8203e-07	6.036e-08	3.9482e-17
81.52	3.4055e-11	2.2631e-07	1.7048e-07	5.5834e-08	3.9898e-17
81.53	3.4025e-11	2.2617e-07	1.7068e-07	5.5494e-08	4.0077e-17
81.54	3.6293e-11	2.413e-07	1.8191e-07	5.9388e-08	4.0026e-17
81.55	3.7387e-11	2.4864e-07	1.8706e-07	6.1572e-08	4.0026e-17
81.56	3.584e-11	2.3841e-07	1.7911e-07	5.93e-08	4.0216e-17
81.57	3.4126e-11	2.2706e-07	1.706e-07	5.6461e-08	4.0434e-17
81.58	3.4638e-11	2.3053e-07	1.7351e-07	5.7018e-08	4.049e-17
81.59	3.6311e-11	2.4172e-07	1.8228e-07	5.9443e-08	4.0394e-17
81.6	3.6683e-11	2.4426e-07	1.8424e-07	6.0021e-08	4.0255e-17
81.61	3.5563e-11	2.3685e-07	1.783e-07	5.8551e-08	4.0124e-17
81.62	3.4768e-11	2.3162e-07	1.7394e-07	5.7684e-08	4.0033e-17
81.63	3.5144e-11	2.3418e-07	1.7587e-07	5.8308e-08	4.0048e-17
81.64	3.5741e-11	2.3821e-07	1.7939e-07	5.8826e-08	4.0159e-17
81.65	3.5765e-11	2.3843e-07	1.7995e-07	5.8486e-08	4.0231e-17
81.66	3.5633e-11	2.3761e-07	1.7915e-07	5.8462e-08	4.0197e-17
81.67	3.5758e-11	2.385e-07	1.7928e-07	5.9221e-08	4.0201e-17
81.68	3.5674e-11	2.38e-07	1.7868e-07	5.9325e-08	4.0391e-17
81.69	3.5089e-11	2.3416e-07	1.7614e-07	5.8022e-08	4.0638e-17
81.7	3.4788e-11	2.3221e-07	1.7513e-07	5.7077e-08	4.0667e-17
81.71	3.551e-11	2.3708e-07	1.7879e-07	5.829e-08	4.0432e-17
81.72	3.65e-11	2.4375e-07	1.8339e-07	6.0365e-08	4.0175e-17
81.73	3.631e-11	2.4255e-07	1.8221e-07	6.0337e-08	4.01e-17
81.74	3.4955e-11	2.3355e-07	1.7564e-07	5.7909e-08	4.0147e-17
81.75	3.418e-11	2.2842e-07	1.7215e-07	5.628e-08	4.0181e-17
81.76	3.5139e-11	2.3489e-07	1.7705e-07	5.784e-08	4.0194e-17
81.77	3.6649e-11	2.4505e-07	1.844e-07	6.065e-08	4.0251e-17
81.78	3.6659e-11	2.4518e-07	1.8427e-07	6.0901e-08	4.0361e-17
81.79	3.5097e-11	2.3478e-07	1.7658e-07	5.82e-08	4.0507e-17
81.8	3.4088e-11	2.2809e-07	1.7183e-07	5.6263e-08	4.0692e-17
81.81	3.5035e-11	2.3449e-07	1.7671e-07	5.7773e-08	4.0852e-17
81.82	3.6568e-11	2.4481e-07	1.8428e-07	6.0525e-08	4.0847e-17
81.83	3.645e-11	2.4407e-07	1.8353e-07	6.0541e-08	4.0667e-17
81.84	3.4857e-11	2.3346e-07	1.7557e-07	5.789e-08	4.0531e-17
81.85	3.4207e-11	2.2916e-07	1.7252e-07	5.6648e-08	4.0623e-17
81.86	3.5547e-11	2.382e-07	1.7944e-07	5.8769e-08	4.0805e-17
81.87	3.6831e-11	2.4686e-07	1.8591e-07	6.0954e-08	4.0788e-17
81.88	3.5933e-11	2.4091e-07	1.8131e-07	5.9594e-08	4.0546e-17
81.89	3.407e-11	2.2847e-07	1.7188e-07	5.6589e-08	4.0355e-17
81.9	3.4194e-11	2.2936e-07	1.7255e-07	5.6811e-08	4.0406e-17
81.91	3.6419e-11	2.4434e-07	1.8388e-07	6.0463e-08	4.0571e-17
81.92	3.7459e-11	2.5138e-07	1.8926e-07	6.2119e-08	4.0633e-17
81.93	3.5459e-11	2.3802e-07	1.7927e-07	5.8746e-08	4.0586e-17
81.94	3.3126e-11	2.2241e-07	1.675e-07	5.4914e-08	4.0588e-17
81.95	3.4035e-11	2.2857e-07	1.72e-07	5.6574e-08	4.0713e-17
81.96	3.7185e-11	2.4978e-07	1.8784e-07	6.1942e-08	4.0885e-17
81.97	3.8073e-11	2.5581e-07	1.9242e-07	6.3397e-08	4.0982e-17
81.98	3.5199e-11	2.3656e-07	1.781e-07	5.846e-08	4.0945e-17
81.99	3.2513e-11	2.1856e-07	1.6468e-07	5.3882e-08	4.0811e-17
82	3.389e-11	2.2788e-07	1.7164e-07	5.6243e-08	4.0711e-17
82.01	3.7473e-11	2.5203e-07	1.8965e-07	6.2387e-08	4.0771e-17
82.02	3.8222e-11	2.5713e-07	1.9337e-07	6.3756e-08	4.095e-17
82.03	3.5102e-11	2.362e-07	1.7765e-07	5.855e-08	4.1033e-17
82.04	3.252e-11	2.1888e-07	1.6473e-07	5.4149e-08	4.0855e-17
82.05	3.3993e-11	2.2885e-07	1.7236e-07	5.6485e-08	4.0515e-17
82.06	3.7269e-11	2.5096e-07	1.8908e-07	6.1885e-08	4.0283e-17
82.07	3.777e-11	2.544e-07	1.9159e-07	6.2812e-08	4.0324e-17
82.08	3.5055e-11	2.3617e-07	1.7763e-07	5.8536e-08	4.0572e-17
82.09	3.3062e-11	2.228e-07	1.6739e-07	5.5404e-08	4.0837e-17
82.1	3.4319e-11	2.3132e-07	1.7396e-07	5.7365e-08	4.098e-17
82.11	3.673e-11	2.4763e-07	1.8663e-07	6.1003e-08	4.0998e-17
82.12	3.7014e-11	2.4961e-07	1.883e-07	6.1307e-08	4.0977e-17
82.13	3.5173e-11	2.3725e-07	1.7868e-07	5.8576e-08	4.0985e-17
82.14	3.3859e-11	2.2844e-07	1.7155e-07	5.6889e-08	4.0971e-17
82.15	3.4492e-11	2.3278e-07	1.7478e-07	5.7996e-08	4.0851e-17
82.16	3.5888e-11	2.4225e-07	1.8241e-07	5.9844e-08	4.0683e-17
82.17	3.6389e-11	2.457e-07	1.854e-07	6.0297e-08	4.0655e-17
82.18	3.5749e-11	2.4143e-07	1.8198e-07	5.9451e-08	4.0809e-17
82.19	3.4753e-11	2.3476e-07	1.7645e-07	5.8317e-08	4.0899e-17
82.2	3.4235e-11	2.3132e-07	1.7372e-07	5.7601e-08	4.0681e-17
82.21	3.4712e-11	2.346e-07	1.7656e-07	5.8043e-08	4.0288e-17
82.22	3.5952e-11	2.4304e-07	1.8323e-07	5.9812e-08	4.0121e-17
82.23	3.666e-11	2.4789e-07	1.8673e-07	6.1157e-08	4.0379e-17
82.24	3.5706e-11	2.4149e-07	1.816e-07	5.9896e-08	4.0855e-17
82.25	3.3966e-11	2.2978e-07	1.7278e-07	5.6999e-08	4.1215e-17
82.26	3.3701e-11	2.2805e-07	1.7175e-07	5.6292e-08	4.1323e-17
82.27	3.5476e-11	2.4011e-07	1.8092e-07	5.9193e-08	4.1224e-17
82.28	3.7022e-11	2.5064e-07	1.8858e-07	6.2055e-08	4.1005e-17
82.29	3.6258e-11	2.4553e-07	1.8453e-07	6.0999e-08	4.078e-17
82.3	3.4274e-11	2.3215e-07	1.7463e-07	5.7512e-08	4.0689e-17
82.31	3.3723e-11	2.2847e-07	1.722e-07	5.6266e-08	4.0758e-17
82.32	3.5029e-11	2.3738e-07	1.7894e-07	5.8439e-08	4.0866e-17
82.33	3.6141e-11	2.4497e-07	1.8434e-07	6.0637e-08	4.0911e-17
82.34	3.5832e-11	2.4294e-07	1.8254e-07	6.0397e-08	4.0933e-17
82.35	3.5124e-11	2.382e-07	1.7907e-07	5.9129e-08	4.0964e-17
82.36	3.5025e-11	2.3758e-07	1.7891e-07	5.8674e-08	4.0899e-17
82.37	3.4955e-11	2.3717e-07	1.7877e-07	5.8397e-08	4.0686e-17
82.38	3.4469e-11	2.3393e-07	1.7624e-07	5.7681e-08	4.0514e-17
82.39	3.4636e-11	2.3512e-07	1.7692e-07	5.8199e-08	4.0596e-17
82.4	3.6019e-11	2.4456e-07	1.8384e-07	6.0726e-08	4.0828e-17
82.41	3.6809e-11	2.4999e-07	1.8789e-07	6.2092e-08	4.0902e-17
82.42	3.5252e-11	2.3947e-07	1.8018e-07	5.929e-08	4.075e-17
82.43	3.3039e-11	2.2449e-07	1.6921e-07	5.5282e-08	4.0627e-17
82.44	3.3529e-11	2.2788e-07	1.7185e-07	5.6022e-08	4.072e-17
82.45	3.6553e-11	2.4849e-07	1.8706e-07	6.1425e-08	4.0902e-17
82.46	3.7957e-11	2.5809e-07	1.9385e-07	6.4243e-08	4.0982e-17
82.47	3.5478e-11	2.4129e-07	1.8115e-07	6.0144e-08	4.0985e-17
82.48	3.241e-11	2.2048e-07	1.6596e-07	5.4527e-08	4.1028e-17
82.49	3.3105e-11	2.2527e-07	1.7004e-07	5.5225e-08	4.1097e-17
82.5	3.6626e-11	2.4929e-07	1.8805e-07	6.1239e-08	4.1124e-17
82.51	3.802e-11	2.5884e-07	1.9468e-07	6.416e-08	4.1161e-17
82.52	3.5448e-11	2.4138e-07	1.8115e-07	6.0235e-08	4.1254e-17
82.53	3.2668e-11	2.2251e-07	1.6715e-07	5.536e-08	4.1248e-17
82.54	3.3428e-11	2.2774e-07	1.7162e-07	5.6121e-08	4.0944e-17
82.55	3.6254e-11	2.4705e-07	1.8642e-07	6.0632e-08	4.044e-17
82.56	3.7064e-11	2.5263e-07	1.904e-07	6.2236e-08	4.0099e-17
82.57	3.5149e-11	2.3964e-07	1.802e-07	5.9435e-08	4.0131e-17
82.58	3.3623e-11	2.2929e-07	1.7221e-07	5.7076e-08	4.0388e-17
82.59	3.4404e-11	2.3467e-07	1.764e-07	5.8271e-08	4.0635e-17
82.6	3.5737e-11	2.4383e-07	1.8361e-07	6.0222e-08	4.0844e-17
82.61	3.5515e-11	2.4237e-07	1.8274e-07	5.963e-08	4.1111e-17
82.62	3.4543e-11	2.3579e-07	1.7774e-07	5.8048e-08	4.14e-17
82.63	3.4728e-11	2.3711e-07	1.7843e-07	5.8687e-08	4.1548e-17
82.64	3.5683e-11	2.4369e-07	1.8307e-07	6.0622e-08	4.1467e-17
82.65	3.5487e-11	2.4241e-07	1.8213e-07	6.0282e-08	4.1249e-17
82.66	3.4161e-11	2.3341e-07	1.7572e-07	5.7691e-08	4.1041e-17
82.67	3.387e-11	2.3148e-07	1.7459e-07	5.6888e-08	4.0893e-17
82.68	3.536e-11	2.4172e-07	1.8222e-07	5.9498e-08	4.075e-17
82.69	3.6491e-11	2.4952e-07	1.877e-07	6.1818e-08	4.0554e-17
82.7	3.5469e-11	2.4258e-07	1.8222e-07	6.0365e-08	4.0351e-17
82.71	3.3705e-11	2.3058e-07	1.7332e-07	5.7256e-08	4.0273e-17
82.72	3.3727e-11	2.3078e-07	1.7382e-07	5.6955e-08	4.04e-17
82.73	3.5372e-11	2.421e-07	1.8252e-07	5.958e-08	4.0646e-17
82.74	3.6195e-11	2.4779e-07	1.8666e-07	6.1126e-08	4.0845e-17
82.75	3.5229e-11	2.4123e-07	1.8147e-07	5.9759e-08	4.0931e-17
82.76	3.4159e-11	2.3396e-07	1.7588e-07	5.8082e-08	4.0978e-17
82.77	3.4416e-11	2.3578e-07	1.7732e-07	5.8459e-08	4.1041e-17
82.78	3.5153e-11	2.4089e-07	1.8132e-07	5.9564e-08	4.1059e-17
82.79	3.5094e-11	2.4054e-07	1.8118e-07	5.9362e-08	4.0973e-17
82.8	3.4683e-11	2.3778e-07	1.7911e-07	5.8676e-08	4.0846e-17
82.81	3.4933e-11	2.3956e-07	1.8033e-07	5.9226e-08	4.0785e-17
82.82	3.5364e-11	2.4257e-07	1.8245e-07	6.0121e-08	4.0804e-17
82.83	3.4893e-11	2.3939e-07	1.8e-07	5.9394e-08	4.0841e-17
82.84	3.406e-11	2.3374e-07	1.7584e-07	5.7892e-08	4.0853e-17
82.85	3.4373e-11	2.3594e-07	1.7768e-07	5.8257e-08	4.0822e-17
82.86	3.5593e-11	2.4437e-07	1.8411e-07	6.0264e-08	4.0707e-17
82.87	3.5778e-11	2.457e-07	1.85e-07	6.0699e-08	4.0517e-17
82.88	3.4441e-11	2.3658e-07	1.7796e-07	5.862e-08	4.0405e-17
82.89	3.3609e-11	2.3092e-07	1.7363e-07	5.7286e-08	4.0532e-17
82.9	3.467e-11	2.3827e-07	1.7927e-07	5.9002e-08	4.0838e-17
82.91	3.5995e-11	2.4743e-07	1.8631e-07	6.1123e-08	4.1061e-17
82.92	3.5428e-11	2.4359e-07	1.8346e-07	6.0131e-08	4.1038e-17
82.93	3.3814e-11	2.3255e-07	1.7508e-07	5.7475e-08	4.0888e-17
82.94	3.3748e-11	2.3216e-07	1.7469e-07	5.7471e-08	4.0809e-17
82.95	3.5386e-11	2.4348e-07	1.8317e-07	6.0306e-08	4.0802e-17
82.96	3.6092e-11	2.484e-07	1.8689e-07	6.1514e-08	4.0704e-17
82.97	3.4658e-11	2.3859e-07	1.7952e-07	5.9061e-08	4.0442e-17
82.98	3.3322e-11	2.2944e-07	1.727e-07	5.6739e-08	4.0141e-17
82.99	3.4245e-11	2.3586e-07	1.7763e-07	5.8231e-08	3.9968e-17
83	3.6013e-11	2.481e-07	1.8688e-07	6.1221e-08	3.9976e-17
83.01	3.5826e-11	2.4686e-07	1.8582e-07	6.104e-08	4.0138e-17
83.02	3.3939e-11	2.3392e-07	1.7587e-07	5.8053e-08	4.0437e-17
83.03	3.328e-11	2.2943e-07	1.7244e-07	5.6992e-08	4.0855e-17
83.04	3.4816e-11	2.4008e-07	1.807e-07	5.9375e-08	4.1289e-17
83.05	3.6084e-11	2.4888e-07	1.8765e-07	6.1231e-08	4.1566e-17
83.06	3.515e-11	2.425e-07	1.8283e-07	5.967e-08	4.1567e-17
83.07	3.3623e-11	2.3202e-07	1.7452e-07	5.7494e-08	4.1318e-17
83.08	3.3929e-11	2.3419e-07	1.758e-07	5.8386e-08	4.0937e-17
83.09	3.5387e-11	2.4431e-07	1.8359e-07	6.072e-08	4.0531e-17
83.1	3.5469e-11	2.4493e-07	1.8461e-07	6.0328e-08	4.016e-17
83.11	3.4073e-11	2.3535e-07	1.7765e-07	5.7698e-08	3.9864e-17
83.12	3.3689e-11	2.3275e-07	1.7532e-07	5.7432e-08	3.9677e-17
83.13	3.5122e-11	2.4271e-07	1.8225e-07	6.0468e-08	3.9609e-17
83.14	3.5947e-11	2.4847e-07	1.8651e-07	6.1965e-08	3.9675e-17
83.15	3.4502e-11	2.3854e-07	1.7953e-07	5.9014e-08	3.9931e-17
83.16	3.293e-11	2.2773e-07	1.7183e-07	5.59e-08	4.0406e-17
83.17	3.394e-11	2.3477e-07	1.7701e-07	5.776e-08	4.0965e-17
83.18	3.6247e-11	2.5079e-07	1.8861e-07	6.218e-08	4.1343e-17
83.19	3.6254e-11	2.509e-07	1.8846e-07	6.2435e-08	4.1389e-17
83.2	3.371e-11	2.3335e-07	1.7544e-07	5.7907e-08	4.1215e-17
83.21	3.2365e-11	2.2409e-07	1.6877e-07	5.5323e-08	4.1004e-17
83.22	3.4278e-11	2.374e-07	1.7888e-07	5.852e-08	4.076e-17
83.23	3.6599e-11	2.5353e-07	1.9093e-07	6.2601e-08	4.0404e-17
83.24	3.5911e-11	2.4883e-07	1.8726e-07	6.1562e-08	4.0029e-17
83.25	3.3381e-11	2.3135e-07	1.74e-07	5.7353e-08	3.9844e-17
83.26	3.2776e-11	2.2721e-07	1.7081e-07	5.6401e-08	3.9846e-17
83.27	3.4692e-11	2.4055e-07	1.8093e-07	5.9614e-08	3.9815e-17
83.28	3.601e-11	2.4975e-07	1.8812e-07	6.1635e-08	3.9702e-17
83.29	3.4965e-11	2.4256e-07	1.8286e-07	5.9699e-08	3.9784e-17
83.3	3.3543e-11	2.3275e-07	1.7528e-07	5.7472e-08	4.023e-17
83.31	3.3869e-11	2.3507e-07	1.7664e-07	5.8433e-08	4.0745e-17
83.32	3.495e-11	2.4263e-07	1.8224e-07	6.0394e-08	4.0917e-17
83.33	3.4846e-11	2.4197e-07	1.821e-07	5.9862e-08	4.0762e-17
83.34	3.4034e-11	2.3638e-07	1.7829e-07	5.8088e-08	4.062e-17
83.35	3.4226e-11	2.3777e-07	1.7926e-07	5.8513e-08	4.0596e-17
83.36	3.5085e-11	2.438e-07	1.8334e-07	6.0465e-08	4.0472e-17
83.37	3.4808e-11	2.4194e-07	1.8167e-07	6.0266e-08	4.0181e-17
83.38	3.3547e-11	2.3322e-07	1.7536e-07	5.7865e-08	3.998e-17
83.39	3.3491e-11	2.329e-07	1.7553e-07	5.736e-08	4.0012e-17
83.4	3.5112e-11	2.4422e-07	1.8414e-07	6.0078e-08	4.002e-17
83.41	3.5948e-11	2.501e-07	1.8826e-07	6.1839e-08	3.9765e-17
83.42	3.4419e-11	2.3952e-07	1.8001e-07	5.9507e-08	3.9456e-17
83.43	3.2634e-11	2.2715e-07	1.7076e-07	5.6392e-08	3.9485e-17
83.44	3.3352e-11	2.3221e-07	1.7482e-07	5.7384e-08	3.9888e-17
83.45	3.5641e-11	2.482e-07	1.8699e-07	6.1206e-08	4.0353e-17
83.46	3.6124e-11	2.5163e-07	1.8948e-07	6.2147e-08	4.0665e-17
83.47	3.4079e-11	2.3744e-07	1.7865e-07	5.8788e-08	4.0842e-17
83.48	3.2527e-11	2.2667e-07	1.705e-07	5.6171e-08	4.0876e-17
83.49	3.3659e-11	2.3462e-07	1.7653e-07	5.8091e-08	4.0682e-17
83.5	3.5624e-11	2.4838e-07	1.8695e-07	6.1434e-08	4.0319e-17
83.51	3.5471e-11	2.4737e-07	1.8624e-07	6.1139e-08	4.0004e-17
83.52	3.3603e-11	2.344e-07	1.7649e-07	5.7911e-08	3.9819e-17
83.53	3.2982e-11	2.3012e-07	1.7322e-07	5.6898e-08	3.9639e-17
83.54	3.4503e-11	2.4079e-07	1.8116e-07	5.9633e-08	3.9415e-17
83.55	3.5672e-11	2.4901e-07	1.8731e-07	6.1702e-08	3.9308e-17
83.56	3.4523e-11	2.4105e-07	1.8141e-07	5.9637e-08	3.9421e-17
83.57	3.2738e-11	2.2864e-07	1.7219e-07	5.6452e-08	3.9634e-17
83.58	3.318e-11	2.3178e-07	1.7453e-07	5.7258e-08	3.9821e-17
83.59	3.5468e-11	2.4782e-07	1.8645e-07	6.1368e-08	4.0035e-17
83.6	3.6265e-11	2.5345e-07	1.9064e-07	6.2817e-08	4.0309e-17
83.61	3.4107e-11	2.3843e-07	1.7944e-07	5.8988e-08	4.0462e-17
83.62	3.1808e-11	2.2241e-07	1.6749e-07	5.492e-08	4.0318e-17
83.63	3.2717e-11	2.2882e-07	1.7224e-07	5.6576e-08	3.9982e-17
83.64	3.5878e-11	2.5099e-07	1.8879e-07	6.2198e-08	3.9699e-17
83.65	3.7038e-11	2.5917e-07	1.9497e-07	6.4197e-08	3.9539e-17
83.66	3.4427e-11	2.4095e-07	1.8142e-07	5.953e-08	3.9445e-17
83.67	3.1397e-11	2.198e-07	1.6554e-07	5.4258e-08	3.9452e-17
83.68	3.2037e-11	2.2433e-07	1.6878e-07	5.5553e-08	3.9622e-17
83.69	3.5579e-11	2.492e-07	1.8737e-07	6.1833e-08	3.9812e-17
83.7	3.7311e-11	2.6139e-07	1.9669e-07	6.47e-08	3.9815e-17
83.71	3.4903e-11	2.4458e-07	1.8427e-07	6.0304e-08	3.9702e-17
83.72	3.1575e-11	2.2131e-07	1.6673e-07	5.4585e-08	3.9731e-17
83.73	3.174e-11	2.2252e-07	1.6734e-07	5.5178e-08	3.99e-17
83.74	3.5055e-11	2.4582e-07	1.8475e-07	6.1076e-08	3.9902e-17
83.75	3.6997e-11	2.595e-07	1.9528e-07	6.4213e-08	3.9624e-17
83.76	3.505e-11	2.459e-07	1.8534e-07	6.0562e-08	3.9361e-17
83.77	3.1995e-11	2.2452e-07	1.6916e-07	5.5363e-08	3.9369e-17
83.78	3.1921e-11	2.2406e-07	1.6846e-07	5.5596e-08	3.946e-17
83.79	3.4687e-11	2.4353e-07	1.8302e-07	6.0513e-08	3.933e-17
83.8	3.6391e-11	2.5555e-07	1.9235e-07	6.3203e-08	3.9054e-17
83.81	3.4868e-11	2.4492e-07	1.8458e-07	6.0332e-08	3.8963e-17
83.82	3.2423e-11	2.278e-07	1.7154e-07	5.6254e-08	3.9131e-17
83.83	3.2332e-11	2.2721e-07	1.7081e-07	5.6407e-08	3.932e-17
83.84	3.44e-11	2.418e-07	1.8181e-07	5.9997e-08	3.9374e-17
83.85	3.565e-11	2.5065e-07	1.8875e-07	6.1899e-08	3.9382e-17
83.86	3.4607e-11	2.4337e-07	1.8335e-07	6.0017e-08	3.9403e-17
83.87	3.2969e-11	2.3191e-07	1.7447e-07	5.7437e-08	3.9333e-17
83.88	3.2848e-11	2.3111e-07	1.737e-07	5.7415e-08	3.9138e-17
83.89	3.4017e-11	2.394e-07	1.8014e-07	5.9252e-08	3.8982e-17
83.9	3.4769e-11	2.4474e-07	1.8446e-07	6.0288e-08	3.8986e-17
83.91	3.4402e-11	2.4222e-07	1.8245e-07	5.9769e-08	3.9038e-17
83.92	3.3701e-11	2.3734e-07	1.7841e-07	5.8936e-08	3.8991e-17
83.93	3.3436e-11	2.3553e-07	1.7695e-07	5.858e-08	3.8905e-17
83.94	3.3557e-11	2.3644e-07	1.7799e-07	5.8455e-08	3.8914e-17
83.95	3.3797e-11	2.3819e-07	1.796e-07	5.8585e-08	3.8972e-17
83.96	3.4115e-11	2.4049e-07	1.8116e-07	5.9321e-08	3.892e-17
83.97	3.434e-11	2.4213e-07	1.82e-07	6.0129e-08	3.8744e-17
83.98	3.411e-11	2.4057e-07	1.8072e-07	5.9847e-08	3.8587e-17
83.99	3.3486e-11	2.3622e-07	1.7774e-07	5.8483e-08	3.8521e-17
84	3.311e-11	2.3362e-07	1.7606e-07	5.756e-08	3.8454e-17
84.01	3.3451e-11	2.3609e-07	1.7789e-07	5.8199e-08	3.8313e-17
84.02	3.4208e-11	2.4149e-07	1.8173e-07	5.9761e-08	3.8183e-17
84.03	3.465e-11	2.4466e-07	1.8396e-07	6.0705e-08	3.8186e-17
84.04	3.4296e-11	2.4223e-07	1.8213e-07	6.0097e-08	3.8302e-17
84.05	3.3292e-11	2.3519e-07	1.7695e-07	5.8236e-08	3.8373e-17
84.06	3.2486e-11	2.2955e-07	1.7288e-07	5.6672e-08	3.8279e-17
84.07	3.295e-11	2.3288e-07	1.7549e-07	5.7388e-08	3.8066e-17
84.08	3.4645e-11	2.4492e-07	1.8445e-07	6.0471e-08	3.7905e-17
84.09	3.5735e-11	2.5268e-07	1.9001e-07	6.2673e-08	3.7914e-17
84.1	3.4436e-11	2.4356e-07	1.8298e-07	6.0575e-08	3.803e-17
84.11	3.184e-11	2.2525e-07	1.694e-07	5.5851e-08	3.8087e-17
84.12	3.1315e-11	2.2159e-07	1.67e-07	5.4586e-08	3.8033e-17
84.13	3.4043e-11	2.4095e-07	1.8168e-07	5.9277e-08	3.7982e-17
84.14	3.6694e-11	2.5978e-07	1.9555e-07	6.4226e-08	3.8028e-17
84.15	3.5537e-11	2.5164e-07	1.8908e-07	6.2561e-08	3.8084e-17
84.16	3.1882e-11	2.2581e-07	1.6963e-07	5.6185e-08	3.8003e-17
84.17	3.0669e-11	2.1728e-07	1.6352e-07	5.3765e-08	3.779e-17
84.18	3.3546e-11	2.3772e-07	1.7919e-07	5.8527e-08	3.7577e-17
84.19	3.6415e-11	2.5811e-07	1.9454e-07	6.357e-08	3.7405e-17
84.2	3.5337e-11	2.5052e-07	1.8856e-07	6.196e-08	3.7192e-17
84.21	3.2149e-11	2.2798e-07	1.7132e-07	5.6665e-08	3.6929e-17
84.22	3.1484e-11	2.2331e-07	1.6777e-07	5.5548e-08	3.6752e-17
84.23	3.3867e-11	2.4027e-07	1.8079e-07	5.9482e-08	3.6752e-17
84.24	3.5371e-11	2.5101e-07	1.8919e-07	6.1813e-08	3.6833e-17
84.25	3.3908e-11	2.4068e-07	1.8146e-07	5.9219e-08	3.6856e-17
84.26	3.216e-11	2.2833e-07	1.7184e-07	5.6488e-08	3.6846e-17
84.27	3.2932e-11	2.3386e-07	1.7566e-07	5.8203e-08	3.6917e-17
84.28	3.4715e-11	2.4659e-07	1.8527e-07	6.1316e-08	3.708e-17
84.29	3.4427e-11	2.446e-07	1.8415e-07	6.0447e-08	3.7212e-17
84.3	3.2526e-11	2.3115e-07	1.7429e-07	5.6853e-08	3.7212e-17
84.31	3.2161e-11	2.286e-07	1.7224e-07	5.6366e-08	3.7078e-17
84.32	3.3957e-11	2.4143e-07	1.8155e-07	5.988e-08	3.6847e-17
84.33	3.5023e-11	2.4907e-07	1.8717e-07	6.1905e-08	3.6565e-17
84.34	3.3671e-11	2.3951e-07	1.8013e-07	5.938e-08	3.6308e-17
84.35	3.2081e-11	2.2826e-07	1.7187e-07	5.6389e-08	3.6141e-17
84.36	3.2705e-11	2.3275e-07	1.7531e-07	5.7443e-08	3.6043e-17
84.37	3.4374e-11	2.4469e-07	1.8423e-07	6.0452e-08	3.5932e-17
84.38	3.4357e-11	2.4462e-07	1.841e-07	6.0524e-08	3.5802e-17
84.39	3.2815e-11	2.337e-07	1.7577e-07	5.7927e-08	3.574e-17
84.4	3.2376e-11	2.3063e-07	1.734e-07	5.7225e-08	3.5806e-17
84.41	3.372e-11	2.4026e-07	1.8076e-07	5.9491e-08	3.5949e-17
84.42	3.4507e-11	2.4592e-07	1.8526e-07	6.0662e-08	3.6087e-17
84.43	3.333e-11	2.3759e-07	1.7905e-07	5.8547e-08	3.6182e-17
84.44	3.2083e-11	2.2875e-07	1.7213e-07	5.6621e-08	3.6206e-17
84.45	3.2846e-11	2.3425e-07	1.76e-07	5.8246e-08	3.6082e-17
84.46	3.4443e-11	2.457e-07	1.8474e-07	6.0967e-08	3.576e-17
84.47	3.4328e-11	2.4493e-07	1.8452e-07	6.0415e-08	3.5327e-17
84.48	3.268e-11	2.3324e-07	1.7581e-07	5.742e-08	3.4977e-17
84.49	3.2059e-11	2.2885e-07	1.722e-07	5.6648e-08	3.4841e-17
84.5	3.327e-11	2.3756e-07	1.7849e-07	5.907e-08	3.4875e-17
84.51	3.4246e-11	2.4458e-07	1.8395e-07	6.0638e-08	3.4933e-17
84.52	3.3557e-11	2.3972e-07	1.8063e-07	5.9087e-08	3.4913e-17
84.53	3.2598e-11	2.3292e-07	1.7551e-07	5.741e-08	3.4837e-17
84.54	3.2969e-11	2.3563e-07	1.772e-07	5.8424e-08	3.4812e-17
84.55	3.3737e-11	2.4117e-07	1.8122e-07	5.9958e-08	3.492e-17
84.56	3.3275e-11	2.3793e-07	1.7903e-07	5.8897e-08	3.5134e-17
84.57	3.2346e-11	2.3134e-07	1.7435e-07	5.6987e-08	3.5329e-17
84.58	3.2862e-11	2.3509e-07	1.7707e-07	5.802e-08	3.5354e-17
84.59	3.4305e-11	2.4547e-07	1.8457e-07	6.0901e-08	3.5139e-17
84.6	3.4185e-11	2.4467e-07	1.839e-07	6.077e-08	3.4746e-17
84.61	3.2246e-11	2.3085e-07	1.7372e-07	5.7122e-08	3.434e-17
84.62	3.1371e-11	2.2464e-07	1.6922e-07	5.5414e-08	3.4075e-17
84.63	3.315e-11	2.3743e-07	1.7877e-07	5.8661e-08	3.3977e-17
84.64	3.5083e-11	2.5133e-07	1.8908e-07	6.225e-08	3.3953e-17
84.65	3.4234e-11	2.4531e-07	1.8453e-07	6.0779e-08	3.3933e-17
84.66	3.1803e-11	2.2794e-07	1.7151e-07	5.6434e-08	3.3962e-17
84.67	3.1332e-11	2.2462e-07	1.6902e-07	5.5604e-08	3.4103e-17
84.68	3.3316e-11	2.389e-07	1.7979e-07	5.9107e-08	3.4297e-17
84.69	3.4646e-11	2.485e-07	1.8711e-07	6.1389e-08	3.4402e-17
84.7	3.3551e-11	2.4069e-07	1.8125e-07	5.9446e-08	3.4389e-17
84.71	3.2053e-11	2.3e-07	1.7304e-07	5.6967e-08	3.4384e-17
84.72	3.2385e-11	2.3244e-07	1.7472e-07	5.7717e-08	3.4475e-17
84.73	3.3536e-11	2.4076e-07	1.811e-07	5.9658e-08	3.4554e-17
84.74	3.338e-11	2.397e-07	1.8056e-07	5.9138e-08	3.443e-17
84.75	3.2377e-11	2.3255e-07	1.7521e-07	5.7335e-08	3.404e-17
84.76	3.2554e-11	2.3388e-07	1.7596e-07	5.7912e-08	3.3492e-17
84.77	3.3759e-11	2.4259e-07	1.8235e-07	6.0245e-08	3.2968e-17
84.78	3.3783e-11	2.4282e-07	1.8266e-07	6.016e-08	3.2655e-17
84.79	3.2235e-11	2.3175e-07	1.7456e-07	5.7193e-08	3.2684e-17
84.8	3.1523e-11	2.2668e-07	1.7072e-07	5.5959e-08	3.3029e-17
84.81	3.2987e-11	2.3726e-07	1.7849e-07	5.8774e-08	3.3491e-17
84.82	3.4487e-11	2.4811e-07	1.866e-07	6.151e-08	3.3879e-17
84.83	3.3629e-11	2.42e-07	1.8214e-07	5.9853e-08	3.4183e-17
84.84	3.1616e-11	2.2757e-07	1.7134e-07	5.6224e-08	3.4434e-17
84.85	3.1497e-11	2.2676e-07	1.706e-07	5.6162e-08	3.4487e-17
84.86	3.3433e-11	2.4076e-07	1.8105e-07	5.9705e-08	3.4149e-17
84.87	3.4435e-11	2.4803e-07	1.8668e-07	6.1349e-08	3.3533e-17
84.88	3.2985e-11	2.3764e-07	1.7902e-07	5.8625e-08	3.3044e-17
84.89	3.1336e-11	2.2581e-07	1.6998e-07	5.5835e-08	3.2899e-17
84.9	3.1969e-11	2.3043e-07	1.7319e-07	5.724e-08	3.2871e-17
84.91	3.3827e-11	2.4388e-07	1.8334e-07	6.0539e-08	3.2666e-17
84.92	3.4061e-11	2.4563e-07	1.8499e-07	6.0638e-08	3.2397e-17
84.93	3.2391e-11	2.3364e-07	1.7613e-07	5.7509e-08	3.2422e-17
84.94	3.1353e-11	2.2621e-07	1.7026e-07	5.595e-08	3.2827e-17
84.95	3.2352e-11	2.3347e-07	1.7538e-07	5.8096e-08	3.3308e-17
84.96	3.3732e-11	2.4349e-07	1.83e-07	6.0485e-08	3.3596e-17
84.97	3.3526e-11	2.4206e-07	1.8235e-07	5.971e-08	3.3722e-17
84.98	3.2301e-11	2.3327e-07	1.759e-07	5.7365e-08	3.3794e-17
84.99	3.1904e-11	2.3045e-07	1.7347e-07	5.6983e-08	3.3749e-17
85	3.258e-11	2.3539e-07	1.7682e-07	5.857e-08	3.3471e-17
85.01	3.3023e-11	2.3864e-07	1.7933e-07	5.9313e-08	3.303e-17
85.02	3.2724e-11	2.3654e-07	1.7812e-07	5.8418e-08	3.2623e-17
85.03	3.252e-11	2.3513e-07	1.7724e-07	5.788e-08	3.2354e-17
85.04	3.2798e-11	2.3719e-07	1.786e-07	5.8583e-08	3.2187e-17
85.05	3.2795e-11	2.3722e-07	1.7835e-07	5.8871e-08	3.2088e-17
85.06	3.22e-11	2.3298e-07	1.7511e-07	5.7866e-08	3.2077e-17
85.07	3.1983e-11	2.3146e-07	1.7413e-07	5.7326e-08	3.2181e-17
85.08	3.2741e-11	2.37e-07	1.7846e-07	5.8539e-08	3.243e-17
85.09	3.34e-11	2.4182e-07	1.8213e-07	5.9698e-08	3.2859e-17
85.1	3.28e-11	2.3754e-07	1.7883e-07	5.8704e-08	3.3388e-17
85.11	3.1725e-11	2.298e-07	1.7289e-07	5.6919e-08	3.3747e-17
85.12	3.1836e-11	2.3066e-07	1.7342e-07	5.7245e-08	3.3677e-17
85.13	3.2997e-11	2.3913e-07	1.7982e-07	5.9314e-08	3.3219e-17
85.14	3.3371e-11	2.419e-07	1.821e-07	5.9803e-08	3.2688e-17
85.15	3.2324e-11	2.3437e-07	1.766e-07	5.7768e-08	3.2318e-17
85.16	3.1503e-11	2.2847e-07	1.7208e-07	5.6393e-08	3.2077e-17
85.17	3.2246e-11	2.3391e-07	1.7589e-07	5.8012e-08	3.1855e-17
85.18	3.3392e-11	2.4228e-07	1.8206e-07	6.0219e-08	3.1713e-17
85.19	3.305e-11	2.3986e-07	1.8041e-07	5.9444e-08	3.1805e-17
85.2	3.1609e-11	2.2945e-07	1.7285e-07	5.6605e-08	3.214e-17
85.21	3.1256e-11	2.2694e-07	1.7098e-07	5.5962e-08	3.2542e-17
85.22	3.2656e-11	2.3717e-07	1.7845e-07	5.8715e-08	3.2823e-17
85.23	3.3828e-11	2.4573e-07	1.8474e-07	6.0996e-08	3.2923e-17
85.24	3.2968e-11	2.3954e-07	1.8017e-07	5.9375e-08	3.2875e-17
85.25	3.112e-11	2.2617e-07	1.7028e-07	5.5889e-08	3.2737e-17
85.26	3.0829e-11	2.241e-07	1.6873e-07	5.537e-08	3.2562e-17
85.27	3.2635e-11	2.3729e-07	1.7851e-07	5.8773e-08	3.2375e-17
85.28	3.4208e-11	2.4879e-07	1.8713e-07	6.166e-08	3.2166e-17
85.29	3.3347e-11	2.4258e-07	1.8259e-07	5.9986e-08	3.1936e-17
85.3	3.0975e-11	2.2537e-07	1.6974e-07	5.5636e-08	3.1752e-17
85.31	3.0168e-11	2.1956e-07	1.6521e-07	5.4347e-08	3.1702e-17
85.32	3.2198e-11	2.3439e-07	1.7615e-07	5.8236e-08	3.1795e-17
85.33	3.4578e-11	2.5177e-07	1.8929e-07	6.248e-08	3.1956e-17
85.34	3.4031e-11	2.4784e-07	1.8667e-07	6.1168e-08	3.2113e-17
85.35	3.0972e-11	2.2562e-07	1.7014e-07	5.5483e-08	3.2249e-17
85.36	2.9417e-11	2.1434e-07	1.6137e-07	5.2969e-08	3.2361e-17
85.37	3.1705e-11	2.3107e-07	1.7352e-07	5.7547e-08	3.2426e-17
85.38	3.493e-11	2.5463e-07	1.9123e-07	6.3399e-08	3.2438e-17
85.39	3.4557e-11	2.5197e-07	1.897e-07	6.2269e-08	3.2409e-17
85.4	3.0849e-11	2.2499e-07	1.6977e-07	5.5221e-08	3.23e-17
85.41	2.8908e-11	2.1088e-07	1.5893e-07	5.1951e-08	3.2046e-17
85.42	3.159e-11	2.305e-07	1.7316e-07	5.7337e-08	3.1676e-17
85.43	3.5193e-11	2.5685e-07	1.9283e-07	6.4017e-08	3.1376e-17
85.44	3.455e-11	2.5221e-07	1.8972e-07	6.2489e-08	3.1315e-17
85.45	3.0513e-11	2.2279e-07	1.6798e-07	5.4819e-08	3.1462e-17
85.46	2.8839e-11	2.1063e-07	1.5874e-07	5.1885e-08	3.1637e-17
85.47	3.1868e-11	2.328e-07	1.7508e-07	5.772e-08	3.1756e-17
85.48	3.5148e-11	2.5682e-07	1.9304e-07	6.3782e-08	3.1903e-17
85.49	3.4e-11	2.4849e-07	1.8696e-07	6.1532e-08	3.2129e-17
85.5	3.0258e-11	2.2119e-07	1.6654e-07	5.4649e-08	3.2297e-17
85.51	2.9326e-11	2.1443e-07	1.6135e-07	5.3083e-08	3.222e-17
85.52	3.2226e-11	2.3569e-07	1.7727e-07	5.8418e-08	3.1925e-17
85.53	3.4484e-11	2.5227e-07	1.8991e-07	6.2356e-08	3.1644e-17
85.54	3.3031e-11	2.4169e-07	1.821e-07	5.9591e-08	3.1544e-17
85.55	3.0417e-11	2.2262e-07	1.6756e-07	5.5059e-08	3.1542e-17
85.56	3.0445e-11	2.2287e-07	1.6741e-07	5.5462e-08	3.1457e-17
85.57	3.2514e-11	2.3807e-07	1.7887e-07	5.9207e-08	3.126e-17
85.58	3.3173e-11	2.4296e-07	1.8298e-07	5.9976e-08	3.1107e-17
85.59	3.1723e-11	2.3239e-07	1.7534e-07	5.7051e-08	3.1138e-17
85.6	3.0875e-11	2.2623e-07	1.7044e-07	5.5793e-08	3.1321e-17
85.61	3.1993e-11	2.3448e-07	1.7611e-07	5.8371e-08	3.1537e-17
85.62	3.2946e-11	2.4152e-07	1.8126e-07	6.0253e-08	3.1734e-17
85.63	3.1868e-11	2.3367e-07	1.7577e-07	5.79e-08	3.1947e-17
85.64	3.0406e-11	2.23e-07	1.6818e-07	5.4824e-08	3.2174e-17
85.65	3.1084e-11	2.2803e-07	1.7192e-07	5.6109e-08	3.2286e-17
85.66	3.3107e-11	2.4293e-07	1.8275e-07	6.0185e-08	3.2127e-17
85.67	3.3406e-11	2.4518e-07	1.8418e-07	6.1001e-08	3.1694e-17
85.68	3.1354e-11	2.3017e-07	1.7297e-07	5.7199e-08	3.1201e-17
85.69	2.9798e-11	2.188e-07	1.6467e-07	5.4132e-08	3.0916e-17
85.7	3.0882e-11	2.2681e-07	1.7087e-07	5.5948e-08	3.0914e-17
85.71	3.304e-11	2.4272e-07	1.8284e-07	5.9881e-08	3.1013e-17
85.72	3.3399e-11	2.4542e-07	1.8474e-07	6.0675e-08	3.1003e-17
85.73	3.1698e-11	2.3297e-07	1.7519e-07	5.7781e-08	3.0891e-17
85.74	3.0224e-11	2.2218e-07	1.6697e-07	5.5215e-08	3.0882e-17
85.75	3.0573e-11	2.248e-07	1.6905e-07	5.5754e-08	3.1104e-17
85.76	3.2005e-11	2.3539e-07	1.7727e-07	5.8121e-08	3.1453e-17
85.77	3.2855e-11	2.417e-07	1.8215e-07	5.9547e-08	3.1737e-17
85.78	3.2389e-11	2.3832e-07	1.7947e-07	5.8854e-08	3.1879e-17
85.79	3.1165e-11	2.2937e-07	1.7247e-07	5.6901e-08	3.1906e-17
85.8	3.0387e-11	2.237e-07	1.681e-07	5.5604e-08	3.181e-17
85.81	3.0931e-11	2.2775e-07	1.7128e-07	5.6476e-08	3.1554e-17
85.82	3.2321e-11	2.3805e-07	1.7923e-07	5.8813e-08	3.1203e-17
85.83	3.2873e-11	2.4217e-07	1.8244e-07	5.9726e-08	3.0915e-17
85.84	3.1687e-11	2.3348e-07	1.7585e-07	5.7635e-08	3.0769e-17
85.85	3.02e-11	2.2258e-07	1.6746e-07	5.5124e-08	3.0705e-17
85.86	3.0512e-11	2.2493e-07	1.6904e-07	5.5894e-08	3.0676e-17
85.87	3.2266e-11	2.3792e-07	1.7881e-07	5.9116e-08	3.0733e-17
85.88	3.2899e-11	2.4265e-07	1.826e-07	6.0041e-08	3.0914e-17
85.89	3.1421e-11	2.318e-07	1.7472e-07	5.7077e-08	3.1141e-17
85.9	3.0055e-11	2.2177e-07	1.6716e-07	5.4613e-08	3.1336e-17
85.91	3.0872e-11	2.2785e-07	1.7139e-07	5.6459e-08	3.1539e-17
85.92	3.2516e-11	2.4004e-07	1.8027e-07	5.9768e-08	3.1765e-17
85.93	3.2336e-11	2.3877e-07	1.7942e-07	5.9347e-08	3.1834e-17
85.94	3.0645e-11	2.2634e-07	1.7045e-07	5.5885e-08	3.1537e-17
85.95	3.0214e-11	2.232e-07	1.6831e-07	5.4892e-08	3.0969e-17
85.96	3.1734e-11	2.3449e-07	1.7662e-07	5.787e-08	3.0498e-17
85.97	3.2663e-11	2.414e-07	1.8147e-07	5.9934e-08	3.0358e-17
85.98	3.1401e-11	2.3213e-07	1.7436e-07	5.777e-08	3.0436e-17
85.99	2.9967e-11	2.2159e-07	1.6663e-07	5.4958e-08	3.0532e-17
86	3.0708e-11	2.2712e-07	1.7109e-07	5.6034e-08	3.0665e-17
86.01	3.2433e-11	2.3993e-07	1.808e-07	5.9125e-08	3.0955e-17
86.02	3.2337e-11	2.3928e-07	1.8011e-07	5.9164e-08	3.1333e-17
86.03	3.0574e-11	2.2628e-07	1.7009e-07	5.6195e-08	3.1561e-17
86.04	2.9964e-11	2.2182e-07	1.6672e-07	5.5103e-08	3.1523e-17
86.05	3.1389e-11	2.3242e-07	1.7493e-07	5.7495e-08	3.133e-17
86.06	3.2444e-11	2.4029e-07	1.8103e-07	5.9263e-08	3.1137e-17
86.07	3.146e-11	2.3306e-07	1.7547e-07	5.7587e-08	3.0978e-17
86.08	3.0157e-11	2.2346e-07	1.6799e-07	5.5464e-08	3.0817e-17
86.09	3.0668e-11	2.2729e-07	1.7087e-07	5.6428e-08	3.0641e-17
86.1	3.2009e-11	2.3729e-07	1.7866e-07	5.8629e-08	3.0455e-17
86.11	3.1837e-11	2.3607e-07	1.7789e-07	5.8178e-08	3.0293e-17
86.12	3.042e-11	2.2561e-07	1.6977e-07	5.5843e-08	3.0246e-17
86.13	3.0154e-11	2.2369e-07	1.68e-07	5.5695e-08	3.0412e-17
86.14	3.1516e-11	2.3386e-07	1.7577e-07	5.8086e-08	3.074e-17
86.15	3.2247e-11	2.3933e-07	1.8038e-07	5.8949e-08	3.1037e-17
86.16	3.1101e-11	2.3088e-07	1.742e-07	5.6678e-08	3.116e-17
86.17	2.9906e-11	2.2206e-07	1.671e-07	5.4963e-08	3.116e-17
86.18	3.0541e-11	2.2683e-07	1.7014e-07	5.6686e-08	3.1153e-17
86.19	3.1884e-11	2.3686e-07	1.7782e-07	5.9033e-08	3.1136e-17
86.2	3.1739e-11	2.3584e-07	1.7774e-07	5.8097e-08	3.1018e-17
86.21	3.045e-11	2.2631e-07	1.7091e-07	5.5393e-08	3.077e-17
86.22	3.0208e-11	2.2456e-07	1.6915e-07	5.5409e-08	3.0467e-17
86.23	3.1322e-11	2.329e-07	1.7476e-07	5.8134e-08	3.0194e-17
86.24	3.1745e-11	2.361e-07	1.7712e-07	5.8977e-08	2.9997e-17
86.25	3.0631e-11	2.2786e-07	1.7148e-07	5.6381e-08	2.9901e-17
86.26	2.9874e-11	2.2229e-07	1.6773e-07	5.4562e-08	2.9922e-17
86.27	3.093e-11	2.302e-07	1.7353e-07	5.6666e-08	3.0048e-17
86.28	3.2186e-11	2.396e-07	1.8016e-07	5.9433e-08	3.0256e-17
86.29	3.1447e-11	2.3415e-07	1.7585e-07	5.8297e-08	3.0525e-17
86.3	2.9634e-11	2.2071e-07	1.6587e-07	5.4833e-08	3.0783e-17
86.31	2.9547e-11	2.201e-07	1.6567e-07	5.4438e-08	3.09e-17
86.32	3.1439e-11	2.3426e-07	1.7647e-07	5.7785e-08	3.0835e-17
86.33	3.2487e-11	2.4212e-07	1.824e-07	5.9718e-08	3.0726e-17
86.34	3.1108e-11	2.319e-07	1.7456e-07	5.7335e-08	3.0723e-17
86.35	2.9373e-11	2.1902e-07	1.6463e-07	5.4392e-08	3.0757e-17
86.36	2.9764e-11	2.2198e-07	1.6674e-07	5.5235e-08	3.0622e-17
86.37	3.1465e-11	2.3472e-07	1.7654e-07	5.8184e-08	3.0295e-17
86.38	3.1888e-11	2.3793e-07	1.7928e-07	5.8648e-08	3.0008e-17
86.39	3.0686e-11	2.2901e-07	1.7263e-07	5.6384e-08	2.994e-17
86.4	2.9902e-11	2.2322e-07	1.6797e-07	5.5249e-08	3.0003e-17
86.41	3.0484e-11	2.2761e-07	1.7099e-07	5.6622e-08	3.0022e-17
86.42	3.1063e-11	2.3199e-07	1.7435e-07	5.7642e-08	2.9986e-17
86.43	3.0636e-11	2.2886e-07	1.7227e-07	5.6587e-08	2.9965e-17
86.44	3.0243e-11	2.2597e-07	1.7024e-07	5.5732e-08	2.9914e-17
86.45	3.0844e-11	2.3052e-07	1.7356e-07	5.6951e-08	2.9759e-17
86.46	3.1372e-11	2.3452e-07	1.7644e-07	5.8079e-08	2.9617e-17
86.47	3.0564e-11	2.2853e-07	1.7188e-07	5.665e-08	2.9707e-17
86.48	2.9451e-11	2.2026e-07	1.6564e-07	5.4617e-08	3.0018e-17
86.49	2.9949e-11	2.2403e-07	1.685e-07	5.5536e-08	3.0274e-17
86.5	3.1578e-11	2.3627e-07	1.7783e-07	5.8444e-08	3.0282e-17
86.51	3.187e-11	2.3851e-07	1.7967e-07	5.8846e-08	3.0158e-17
86.52	3.0193e-11	2.2602e-07	1.7021e-07	5.5801e-08	3.0097e-17
86.53	2.8937e-11	2.1666e-07	1.6291e-07	5.3756e-08	3.0081e-17
86.54	2.9956e-11	2.2435e-07	1.6853e-07	5.5812e-08	2.9959e-17
86.55	3.1716e-11	2.3758e-07	1.787e-07	5.8875e-08	2.9727e-17
86.56	3.1615e-11	2.3688e-07	1.785e-07	5.8376e-08	2.9546e-17
86.57	2.989e-11	2.24e-07	1.688e-07	5.5206e-08	2.9506e-17
86.58	2.9134e-11	2.1839e-07	1.6422e-07	5.4177e-08	2.9527e-17
86.59	3.033e-11	2.2741e-07	1.7079e-07	5.662e-08	2.951e-17
86.6	3.1513e-11	2.3633e-07	1.7774e-07	5.8593e-08	2.9472e-17
86.61	3.0904e-11	2.3182e-07	1.747e-07	5.7114e-08	2.9472e-17
86.62	2.9528e-11	2.2155e-07	1.6696e-07	5.4587e-08	2.9504e-17
86.63	2.9488e-11	2.213e-07	1.6641e-07	5.4895e-08	2.9521e-17
86.64	3.0772e-11	2.3099e-07	1.7347e-07	5.7514e-08	2.9519e-17
86.65	3.1398e-11	2.3575e-07	1.7727e-07	5.8474e-08	2.9534e-17
86.66	3.0434e-11	2.2856e-07	1.7223e-07	5.6328e-08	2.9582e-17
86.67	2.9275e-11	2.1991e-07	1.6577e-07	5.4141e-08	2.9637e-17
86.68	2.9525e-11	2.2183e-07	1.6689e-07	5.4943e-08	2.9653e-17
86.69	3.0757e-11	2.3114e-07	1.736e-07	5.754e-08	2.9581e-17
86.7	3.1273e-11	2.3507e-07	1.7664e-07	5.8431e-08	2.9399e-17
86.71	3.047e-11	2.2909e-07	1.7249e-07	5.6603e-08	2.9151e-17
86.72	2.9467e-11	2.216e-07	1.6707e-07	5.4537e-08	2.8951e-17
86.73	2.9444e-11	2.2148e-07	1.6682e-07	5.4662e-08	2.8892e-17
86.74	3.0221e-11	2.2738e-07	1.7091e-07	5.6471e-08	2.8968e-17
86.75	3.0786e-11	2.3168e-07	1.7398e-07	5.7698e-08	2.9081e-17
86.76	3.0623e-11	2.3051e-07	1.733e-07	5.7209e-08	2.9125e-17
86.77	3.0062e-11	2.2634e-07	1.7052e-07	5.5824e-08	2.9072e-17
86.78	2.9637e-11	2.2319e-07	1.6827e-07	5.4919e-08	2.8979e-17
86.79	2.9619e-11	2.2311e-07	1.6797e-07	5.5143e-08	2.8934e-17
86.8	3.0023e-11	2.262e-07	1.6994e-07	5.6264e-08	2.8983e-17
86.81	3.0559e-11	2.303e-07	1.7294e-07	5.7353e-08	2.91e-17
86.82	3.064e-11	2.3096e-07	1.7373e-07	5.7227e-08	2.9212e-17
86.83	2.9974e-11	2.2599e-07	1.7032e-07	5.5665e-08	2.9254e-17
86.84	2.922e-11	2.2035e-07	1.6609e-07	5.4264e-08	2.9191e-17
86.85	2.9415e-11	2.2188e-07	1.6693e-07	5.4949e-08	2.9029e-17
86.86	3.0478e-11	2.2995e-07	1.7274e-07	5.7204e-08	2.8827e-17
86.87	3.0986e-11	2.3383e-07	1.7574e-07	5.8093e-08	2.8674e-17
86.88	3.0051e-11	2.2683e-07	1.7075e-07	5.6085e-08	2.8611e-17
86.89	2.8827e-11	2.1764e-07	1.6396e-07	5.3675e-08	2.8583e-17
86.9	2.911e-11	2.1982e-07	1.6549e-07	5.4335e-08	2.8513e-17
86.91	3.0666e-11	2.3163e-07	1.7421e-07	5.7422e-08	2.8422e-17
86.92	3.1275e-11	2.3628e-07	1.777e-07	5.8578e-08	2.8403e-17
86.93	2.9863e-11	2.2567e-07	1.6981e-07	5.5865e-08	2.848e-17
86.94	2.8302e-11	2.1392e-07	1.6096e-07	5.296e-08	2.8574e-17
86.95	2.8913e-11	2.1859e-07	1.644e-07	5.4187e-08	2.8625e-17
86.96	3.0998e-11	2.3441e-07	1.7635e-07	5.8064e-08	2.8668e-17
86.97	3.1576e-11	2.3883e-07	1.7984e-07	5.8992e-08	2.8725e-17
86.98	2.9618e-11	2.2408e-07	1.6879e-07	5.5288e-08	2.8723e-17
86.99	2.7769e-11	2.1014e-07	1.5809e-07	5.205e-08	2.8597e-17
87	2.8744e-11	2.1757e-07	1.6342e-07	5.4143e-08	2.8431e-17
87.01	3.1332e-11	2.372e-07	1.7826e-07	5.8941e-08	2.8382e-17
87.02	3.1855e-11	2.4122e-07	1.8165e-07	5.9571e-08	2.8462e-17
87.03	2.937e-11	2.2246e-07	1.6776e-07	5.4696e-08	2.8505e-17
87.04	2.7247e-11	2.0642e-07	1.5548e-07	5.0948e-08	2.838e-17
87.05	2.8577e-11	2.1655e-07	1.6267e-07	5.3883e-08	2.8145e-17
87.06	3.1658e-11	2.3995e-07	1.8015e-07	5.9797e-08	2.7966e-17
87.07	3.2138e-11	2.4364e-07	1.8326e-07	6.0382e-08	2.7942e-17
87.08	2.9145e-11	2.2101e-07	1.666e-07	5.4404e-08	2.8039e-17
87.09	2.6755e-11	2.0293e-07	1.5299e-07	4.9942e-08	2.8169e-17
87.1	2.8391e-11	2.1539e-07	1.6202e-07	5.337e-08	2.8275e-17
87.11	3.1878e-11	2.419e-07	1.8171e-07	6.0183e-08	2.8364e-17
87.12	3.2338e-11	2.4544e-07	1.8447e-07	6.097e-08	2.8464e-17
87.13	2.9059e-11	2.2061e-07	1.6604e-07	5.4563e-08	2.8551e-17
87.14	2.6575e-11	2.0179e-07	1.5201e-07	4.9782e-08	2.854e-17
87.15	2.8276e-11	2.1476e-07	1.6169e-07	5.3072e-08	2.8389e-17
87.16	3.1657e-11	2.4049e-07	1.8092e-07	5.9573e-08	2.8178e-17
87.17	3.1991e-11	2.4309e-07	1.8282e-07	6.027e-08	2.8031e-17
87.18	2.9032e-11	2.2065e-07	1.6595e-07	5.4704e-08	2.796e-17
87.19	2.7074e-11	2.0582e-07	1.5482e-07	5.0996e-08	2.7887e-17
87.2	2.8606e-11	2.1752e-07	1.6368e-07	5.3831e-08	2.7807e-17
87.21	3.1011e-11	2.3586e-07	1.7755e-07	5.8305e-08	2.7809e-17
87.22	3.0828e-11	2.3452e-07	1.7655e-07	5.7964e-08	2.7911e-17
87.23	2.8767e-11	2.1889e-07	1.6471e-07	5.4177e-08	2.802e-17
87.24	2.8109e-11	2.1393e-07	1.6087e-07	5.3058e-08	2.8095e-17
87.25	2.9513e-11	2.2467e-07	1.6892e-07	5.5747e-08	2.8221e-17
87.26	3.0368e-11	2.3123e-07	1.7394e-07	5.7293e-08	2.8416e-17
87.27	2.9259e-11	2.2284e-07	1.6775e-07	5.5094e-08	2.8508e-17
87.28	2.8179e-11	2.1466e-07	1.6165e-07	5.3011e-08	2.8357e-17
87.29	2.9101e-11	2.2174e-07	1.669e-07	5.4833e-08	2.8096e-17
87.3	3.0619e-11	2.3336e-07	1.7549e-07	5.7864e-08	2.7958e-17
87.31	3.0126e-11	2.2965e-07	1.7261e-07	5.704e-08	2.7934e-17
87.32	2.8082e-11	2.1412e-07	1.61e-07	5.3115e-08	2.784e-17
87.33	2.7541e-11	2.1004e-07	1.5813e-07	5.191e-08	2.7672e-17
87.34	2.9501e-11	2.2504e-07	1.6953e-07	5.5516e-08	2.7636e-17
87.35	3.1226e-11	2.3825e-07	1.7936e-07	5.8891e-08	2.7792e-17
87.36	3.0188e-11	2.3039e-07	1.7324e-07	5.7143e-08	2.7945e-17
87.37	2.7769e-11	2.1198e-07	1.5931e-07	5.2667e-08	2.7976e-17
87.38	2.727e-11	2.0822e-07	1.5658e-07	5.1633e-08	2.8046e-17
87.39	2.9248e-11	2.2337e-07	1.6815e-07	5.5221e-08	2.8273e-17
87.4	3.0919e-11	2.3619e-07	1.7787e-07	5.8317e-08	2.8448e-17
87.41	3.0171e-11	2.3052e-07	1.7356e-07	5.6963e-08	2.8309e-17
87.42	2.8247e-11	2.1587e-07	1.624e-07	5.3469e-08	2.7972e-17
87.43	2.7648e-11	2.1134e-07	1.5886e-07	5.2481e-08	2.7782e-17
87.44	2.876e-11	2.1989e-07	1.6527e-07	5.4617e-08	2.7826e-17
87.45	2.9858e-11	2.2834e-07	1.718e-07	5.654e-08	2.7875e-17
87.46	2.9736e-11	2.2746e-07	1.7136e-07	5.6099e-08	2.7806e-17
87.47	2.8949e-11	2.2149e-07	1.6689e-07	5.46e-08	2.7782e-17
87.48	2.8509e-11	2.1817e-07	1.6414e-07	5.4035e-08	2.7936e-17
87.49	2.8582e-11	2.1878e-07	1.6433e-07	5.4447e-08	2.8146e-17
87.5	2.8809e-11	2.2057e-07	1.6573e-07	5.4839e-08	2.8232e-17
87.51	2.9042e-11	2.224e-07	1.6743e-07	5.4975e-08	2.8195e-17
87.52	2.9223e-11	2.2384e-07	1.6872e-07	5.5118e-08	2.8115e-17
87.53	2.9128e-11	2.2316e-07	1.6808e-07	5.508e-08	2.8006e-17
87.54	2.8744e-11	2.2027e-07	1.6561e-07	5.4664e-08	2.7889e-17
87.55	2.8498e-11	2.1843e-07	1.6409e-07	5.4342e-08	2.7876e-17
87.56	2.8663e-11	2.1975e-07	1.6522e-07	5.4527e-08	2.8004e-17
87.57	2.8911e-11	2.2171e-07	1.6692e-07	5.4784e-08	2.8125e-17
87.58	2.8889e-11	2.2159e-07	1.6693e-07	5.4662e-08	2.8117e-17
87.59	2.8809e-11	2.2103e-07	1.664e-07	5.4622e-08	2.807e-17
87.6	2.8931e-11	2.2201e-07	1.6695e-07	5.5058e-08	2.8087e-17
87.61	2.8916e-11	2.2195e-07	1.6679e-07	5.516e-08	2.804e-17
87.62	2.8444e-11	2.1837e-07	1.6417e-07	5.42e-08	2.7779e-17
87.63	2.8095e-11	2.1574e-07	1.6241e-07	5.3333e-08	2.7482e-17
87.64	2.8619e-11	2.1982e-07	1.6561e-07	5.421e-08	2.75e-17
87.65	2.9471e-11	2.2641e-07	1.7045e-07	5.5964e-08	2.786e-17
87.66	2.9306e-11	2.252e-07	1.6928e-07	5.5914e-08	2.82e-17
87.67	2.8123e-11	2.1616e-07	1.6241e-07	5.3745e-08	2.8265e-17
87.68	2.7587e-11	2.1208e-07	1.5956e-07	5.2528e-08	2.8196e-17
87.69	2.8567e-11	2.1966e-07	1.6547e-07	5.4189e-08	2.8223e-17
87.7	2.9628e-11	2.2788e-07	1.7159e-07	5.6287e-08	2.8322e-17
87.71	2.9136e-11	2.2414e-07	1.6853e-07	5.561e-08	2.8348e-17
87.72	2.7838e-11	2.1421e-07	1.6098e-07	5.323e-08	2.8294e-17
87.73	2.7734e-11	2.1346e-07	1.6061e-07	5.2844e-08	2.8228e-17
87.74	2.8906e-11	2.2252e-07	1.6762e-07	5.4903e-08	2.8112e-17
87.75	2.9405e-11	2.2642e-07	1.7045e-07	5.5971e-08	2.7904e-17
87.76	2.842e-11	2.1889e-07	1.6453e-07	5.4361e-08	2.7724e-17
87.77	2.7575e-11	2.1243e-07	1.5963e-07	5.2799e-08	2.7721e-17
87.78	2.8232e-11	2.1754e-07	1.6372e-07	5.3811e-08	2.7834e-17
87.79	2.9257e-11	2.2549e-07	1.6991e-07	5.5579e-08	2.7913e-17
87.8	2.8925e-11	2.2298e-07	1.6789e-07	5.5093e-08	2.7984e-17
87.81	2.7774e-11	2.1415e-07	1.6094e-07	5.3216e-08	2.8178e-17
87.82	2.768e-11	2.1348e-07	1.6035e-07	5.3126e-08	2.8429e-17
87.83	2.8732e-11	2.2164e-07	1.6676e-07	5.4879e-08	2.8509e-17
87.84	2.9123e-11	2.2471e-07	1.6936e-07	5.5352e-08	2.838e-17
87.85	2.8204e-11	2.1767e-07	1.6401e-07	5.3657e-08	2.8258e-17
87.86	2.7546e-11	2.1264e-07	1.599e-07	5.2741e-08	2.8254e-17
87.87	2.8248e-11	2.181e-07	1.6378e-07	5.432e-08	2.8195e-17
87.88	2.9059e-11	2.2442e-07	1.6867e-07	5.5753e-08	2.7936e-17
87.89	2.8512e-11	2.2025e-07	1.6586e-07	5.4389e-08	2.7626e-17
87.9	2.7462e-11	2.1218e-07	1.5994e-07	5.224e-08	2.7512e-17
87.91	2.7701e-11	2.1407e-07	1.6117e-07	5.29e-08	2.7627e-17
87.92	2.8897e-11	2.2337e-07	1.6785e-07	5.5519e-08	2.7837e-17
87.93	2.9041e-11	2.2454e-07	1.6864e-07	5.5901e-08	2.8061e-17
87.94	2.778e-11	2.1483e-07	1.6156e-07	5.3271e-08	2.8273e-17
87.95	2.7102e-11	2.0964e-07	1.5794e-07	5.1695e-08	2.8394e-17
87.96	2.8122e-11	2.1758e-07	1.6396e-07	5.3623e-08	2.8384e-17
87.97	2.9197e-11	2.2595e-07	1.7001e-07	5.5936e-08	2.8334e-17
87.98	2.8555e-11	2.2103e-07	1.6606e-07	5.4967e-08	2.8298e-17
87.99	2.7202e-11	2.106e-07	1.5822e-07	5.2381e-08	2.8134e-17
88	2.7306e-11	2.1145e-07	1.5909e-07	5.2362e-08	2.7739e-17
88.01	2.8663e-11	2.2201e-07	1.6725e-07	5.4763e-08	2.7359e-17
88.02	2.902e-11	2.2483e-07	1.6937e-07	5.5466e-08	2.7362e-17
88.03	2.7768e-11	2.1518e-07	1.619e-07	5.328e-08	2.7725e-17
88.04	2.6945e-11	2.0885e-07	1.5694e-07	5.1917e-08	2.8042e-17
88.05	2.7889e-11	2.1622e-07	1.6247e-07	5.3747e-08	2.8103e-17
88.06	2.9022e-11	2.2505e-07	1.6933e-07	5.5725e-08	2.8145e-17
88.07	2.8443e-11	2.2061e-07	1.6621e-07	5.4403e-08	2.8388e-17
88.08	2.7066e-11	2.0998e-07	1.582e-07	5.1781e-08	2.8624e-17
88.09	2.7119e-11	2.1044e-07	1.5828e-07	5.2152e-08	2.8519e-17
88.1	2.8469e-11	2.2097e-07	1.6598e-07	5.4988e-08	2.8108e-17
88.11	2.886e-11	2.2405e-07	1.6837e-07	5.5683e-08	2.7688e-17
88.12	2.7659e-11	2.1477e-07	1.6168e-07	5.3091e-08	2.7375e-17
88.13	2.6874e-11	2.0873e-07	1.5731e-07	5.1419e-08	2.7094e-17
88.14	2.7755e-11	2.1562e-07	1.6236e-07	5.3262e-08	2.6927e-17
88.15	2.8698e-11	2.23e-07	1.6764e-07	5.5358e-08	2.7116e-17
88.16	2.8024e-11	2.1781e-07	1.6364e-07	5.4163e-08	2.7644e-17
88.17	2.6903e-11	2.0914e-07	1.5727e-07	5.1867e-08	2.8137e-17
88.18	2.7373e-11	2.1285e-07	1.6026e-07	5.259e-08	2.8337e-17
88.19	2.8714e-11	2.2332e-07	1.6819e-07	5.513e-08	2.8411e-17
88.2	2.8485e-11	2.2159e-07	1.6679e-07	5.4798e-08	2.861e-17
88.21	2.6761e-11	2.0823e-07	1.5659e-07	5.164e-08	2.8814e-17
88.22	2.6363e-11	2.0518e-07	1.542e-07	5.0976e-08	2.868e-17
88.23	2.8249e-11	2.199e-07	1.6534e-07	5.4568e-08	2.8125e-17
88.24	2.9571e-11	2.3025e-07	1.7331e-07	5.6941e-08	2.7444e-17
88.25	2.8014e-11	2.1818e-07	1.6437e-07	5.3809e-08	2.6937e-17
88.26	2.5712e-11	2.003e-07	1.5081e-07	4.9483e-08	2.6655e-17
88.27	2.6198e-11	2.0412e-07	1.5341e-07	5.0708e-08	2.6532e-17
88.28	2.8874e-11	2.2503e-07	1.6902e-07	5.6003e-08	2.6589e-17
88.29	2.9754e-11	2.3194e-07	1.7445e-07	5.7494e-08	2.6893e-17
88.3	2.751e-11	2.1449e-07	1.6162e-07	5.2872e-08	2.7414e-17
88.31	2.5476e-11	1.9868e-07	1.4971e-07	4.8968e-08	2.8004e-17
88.32	2.6544e-11	2.0705e-07	1.5569e-07	5.1365e-08	2.8487e-17
88.33	2.8906e-11	2.2553e-07	1.6938e-07	5.6154e-08	2.8718e-17
88.34	2.9038e-11	2.2661e-07	1.7036e-07	5.6252e-08	2.863e-17
88.35	2.7005e-11	2.1079e-07	1.5878e-07	5.2016e-08	2.8272e-17
88.36	2.5978e-11	2.0282e-07	1.5283e-07	4.999e-08	2.7777e-17
88.37	2.7229e-11	2.1264e-07	1.5996e-07	5.268e-08	2.7268e-17
88.38	2.8534e-11	2.2288e-07	1.6745e-07	5.5433e-08	2.6809e-17
88.39	2.7957e-11	2.1842e-07	1.6418e-07	5.4244e-08	2.6453e-17
88.4	2.6663e-11	2.0836e-07	1.5685e-07	5.1506e-08	2.6278e-17
88.41	2.667e-11	2.0846e-07	1.5702e-07	5.1444e-08	2.6326e-17
88.42	2.7685e-11	2.1645e-07	1.6288e-07	5.3568e-08	2.6551e-17
88.43	2.7961e-11	2.1865e-07	1.6436e-07	5.4288e-08	2.6862e-17
88.44	2.7228e-11	2.1297e-07	1.6009e-07	5.2879e-08	2.7212e-17
88.45	2.6816e-11	2.0979e-07	1.5785e-07	5.1937e-08	2.7591e-17
88.46	2.7226e-11	2.1305e-07	1.6042e-07	5.2627e-08	2.7945e-17
88.47	2.7489e-11	2.1516e-07	1.6196e-07	5.3196e-08	2.8146e-17
88.48	2.7114e-11	2.1226e-07	1.5964e-07	5.2627e-08	2.8077e-17
88.49	2.695e-11	2.1103e-07	1.5863e-07	5.2401e-08	2.7737e-17
88.5	2.7482e-11	2.1524e-07	1.6188e-07	5.3364e-08	2.726e-17
88.51	2.7725e-11	2.172e-07	1.6349e-07	5.3703e-08	2.6824e-17
88.52	2.6929e-11	2.1101e-07	1.5887e-07	5.2136e-08	2.6538e-17
88.53	2.6183e-11	2.0521e-07	1.5439e-07	5.0823e-08	2.6394e-17
88.54	2.6857e-11	2.1054e-07	1.5827e-07	5.2271e-08	2.6339e-17
88.55	2.8161e-11	2.2081e-07	1.6603e-07	5.478e-08	2.6348e-17
88.56	2.8045e-11	2.1995e-07	1.6553e-07	5.442e-08	2.6438e-17
88.57	2.6437e-11	2.0739e-07	1.5614e-07	5.1249e-08	2.6609e-17
88.58	2.5653e-11	2.0128e-07	1.5144e-07	4.9844e-08	2.6821e-17
88.59	2.6952e-11	2.1153e-07	1.5903e-07	5.2492e-08	2.7015e-17
88.6	2.8442e-11	2.2327e-07	1.6792e-07	5.5351e-08	2.7125e-17
88.61	2.7824e-11	2.1847e-07	1.6444e-07	5.4032e-08	2.7099e-17
88.62	2.5957e-11	2.0386e-07	1.5345e-07	5.0407e-08	2.6947e-17
88.63	2.5658e-11	2.0155e-07	1.5158e-07	4.9972e-08	2.677e-17
88.64	2.7402e-11	2.153e-07	1.6185e-07	5.3445e-08	2.6673e-17
88.65	2.8504e-11	2.2401e-07	1.6852e-07	5.5485e-08	2.6626e-17
88.66	2.7183e-11	2.1368e-07	1.6089e-07	5.2792e-08	2.65e-17
88.67	2.5356e-11	1.9935e-07	1.5005e-07	4.9303e-08	2.6281e-17
88.68	2.5811e-11	2.0298e-07	1.526e-07	5.0386e-08	2.6139e-17
88.69	2.7969e-11	2.2e-07	1.6535e-07	5.4647e-08	2.6209e-17
88.7	2.8637e-11	2.253e-07	1.6951e-07	5.5794e-08	2.6377e-17
88.71	2.6717e-11	2.1025e-07	1.5834e-07	5.191e-08	2.6414e-17
88.72	2.4881e-11	1.9584e-07	1.4744e-07	4.8406e-08	2.6278e-17
88.73	2.5737e-11	2.0263e-07	1.5235e-07	5.0282e-08	2.6164e-17
88.74	2.8101e-11	2.2129e-07	1.6631e-07	5.4979e-08	2.6231e-17
88.75	2.8692e-11	2.2599e-07	1.6997e-07	5.6022e-08	2.6429e-17
88.76	2.6717e-11	2.1048e-07	1.5846e-07	5.2028e-08	2.66e-17
88.77	2.4866e-11	1.9595e-07	1.4754e-07	4.8409e-08	2.6664e-17
88.78	2.5534e-11	2.0126e-07	1.5142e-07	4.9835e-08	2.6612e-17
88.79	2.7669e-11	2.1813e-07	1.64e-07	5.4129e-08	2.6436e-17
88.8	2.8392e-11	2.2388e-07	1.6831e-07	5.557e-08	2.6152e-17
88.81	2.6883e-11	2.1203e-07	1.5949e-07	5.2547e-08	2.5845e-17
88.82	2.5257e-11	1.9925e-07	1.4999e-07	4.9265e-08	2.5609e-17
88.83	2.5555e-11	2.0165e-07	1.5182e-07	4.9828e-08	2.5468e-17
88.84	2.7121e-11	2.1405e-07	1.6105e-07	5.3e-08	2.5423e-17
88.85	2.7747e-11	2.1905e-07	1.6468e-07	5.4368e-08	2.552e-17
88.86	2.6751e-11	2.1123e-07	1.588e-07	5.2434e-08	2.5778e-17
88.87	2.5698e-11	2.0296e-07	1.5271e-07	5.0249e-08	2.6078e-17
88.88	2.5995e-11	2.0535e-07	1.5461e-07	5.0737e-08	2.6243e-17
88.89	2.6934e-11	2.1282e-07	1.6017e-07	5.2653e-08	2.6236e-17
88.9	2.6965e-11	2.1311e-07	1.6024e-07	5.2867e-08	2.6181e-17
88.91	2.6125e-11	2.0652e-07	1.5525e-07	5.1263e-08	2.6164e-17
88.92	2.59e-11	2.0478e-07	1.5406e-07	5.0723e-08	2.6102e-17
88.93	2.6741e-11	2.1148e-07	1.5919e-07	5.2294e-08	2.5869e-17
88.94	2.7216e-11	2.1529e-07	1.62e-07	5.3284e-08	2.5496e-17
88.95	2.6299e-11	2.0808e-07	1.5649e-07	5.1596e-08	2.5182e-17
88.96	2.5237e-11	1.9972e-07	1.5019e-07	4.9526e-08	2.5092e-17
88.97	2.5797e-11	2.042e-07	1.5365e-07	5.0544e-08	2.5206e-17
88.98	2.7384e-11	2.1681e-07	1.632e-07	5.3613e-08	2.536e-17
88.99	2.764e-11	2.1888e-07	1.647e-07	5.4182e-08	2.5451e-17
89	2.5964e-11	2.0566e-07	1.5465e-07	5.1002e-08	2.5554e-17
89.01	2.4633e-11	1.9517e-07	1.4674e-07	4.8426e-08	2.5803e-17
89.02	2.5579e-11	2.027e-07	1.5249e-07	5.0211e-08	2.6151e-17
89.03	2.7501e-11	2.1798e-07	1.6409e-07	5.3893e-08	2.6327e-17
89.04	2.7697e-11	2.1959e-07	1.6531e-07	5.4276e-08	2.6128e-17
89.05	2.5934e-11	2.0566e-07	1.5472e-07	5.0936e-08	2.5682e-17
89.06	2.4684e-11	1.9579e-07	1.4716e-07	4.863e-08	2.5308e-17
89.07	2.5526e-11	2.0251e-07	1.5221e-07	5.03e-08	2.5146e-17
89.08	2.7071e-11	2.1482e-07	1.6164e-07	5.3175e-08	2.5061e-17
89.09	2.7195e-11	2.1585e-07	1.6259e-07	5.3255e-08	2.4935e-17
89.1	2.5981e-11	2.0626e-07	1.5533e-07	5.0928e-08	2.4862e-17
89.11	2.5216e-11	2.0023e-07	1.5053e-07	4.9696e-08	2.4957e-17
89.12	2.5701e-11	2.0413e-07	1.5329e-07	5.0839e-08	2.5145e-17
89.13	2.6447e-11	2.101e-07	1.5793e-07	5.2175e-08	2.5289e-17
89.14	2.6441e-11	2.101e-07	1.5824e-07	5.1857e-08	2.5424e-17
89.15	2.5965e-11	2.0636e-07	1.5554e-07	5.0826e-08	2.5667e-17
89.16	2.5784e-11	2.0497e-07	1.5425e-07	5.0726e-08	2.5945e-17
89.17	2.5943e-11	2.0628e-07	1.5493e-07	5.1346e-08	2.6025e-17
89.18	2.5988e-11	2.0669e-07	1.5525e-07	5.1436e-08	2.5826e-17
89.19	2.5857e-11	2.0569e-07	1.5478e-07	5.0905e-08	2.5508e-17
89.2	2.586e-11	2.0576e-07	1.5503e-07	5.0728e-08	2.5235e-17
89.21	2.6031e-11	2.0717e-07	1.5599e-07	5.1176e-08	2.5008e-17
89.22	2.6064e-11	2.0747e-07	1.56e-07	5.147e-08	2.4804e-17
89.23	2.585e-11	2.0582e-07	1.5468e-07	5.1133e-08	2.4709e-17
89.24	2.5638e-11	2.0417e-07	1.5354e-07	5.0637e-08	2.4791e-17
89.25	2.5635e-11	2.042e-07	1.5364e-07	5.0555e-08	2.4971e-17
89.26	2.5795e-11	2.0551e-07	1.5465e-07	5.0862e-08	2.5149e-17
89.27	2.5989e-11	2.0711e-07	1.5587e-07	5.1243e-08	2.5347e-17
89.28	2.6078e-11	2.0786e-07	1.5644e-07	5.1421e-08	2.5599e-17
89.29	2.5861e-11	2.0618e-07	1.5509e-07	5.109e-08	2.5796e-17
89.3	2.5368e-11	2.023e-07	1.5203e-07	5.0267e-08	2.5807e-17
89.31	2.514e-11	2.0052e-07	1.5071e-07	4.9819e-08	2.5668e-17
89.32	2.5664e-11	2.0475e-07	1.541e-07	5.0646e-08	2.5505e-17
89.33	2.6447e-11	2.1105e-07	1.5902e-07	5.2028e-08	2.5315e-17
89.34	2.6357e-11	2.1037e-07	1.5838e-07	5.1984e-08	2.5026e-17
89.35	2.5242e-11	2.0152e-07	1.5142e-07	5.0098e-08	2.4746e-17
89.36	2.45e-11	1.9564e-07	1.469e-07	4.8739e-08	2.473e-17
89.37	2.5261e-11	2.0176e-07	1.5175e-07	5.0003e-08	2.5035e-17
89.38	2.6588e-11	2.1241e-07	1.6004e-07	5.2361e-08	2.5406e-17
89.39	2.6608e-11	2.1261e-07	1.6015e-07	5.2459e-08	2.56e-17
89.4	2.5223e-11	2.0159e-07	1.5157e-07	5.0024e-08	2.5656e-17
89.41	2.4355e-11	1.947e-07	1.4623e-07	4.8474e-08	2.5716e-17
89.42	2.5155e-11	2.0114e-07	1.5123e-07	4.9913e-08	2.575e-17
89.43	2.6334e-11	2.1061e-07	1.5859e-07	5.2022e-08	2.5626e-17
89.44	2.6179e-11	2.0942e-07	1.5771e-07	5.171e-08	2.5373e-17
89.45	2.5107e-11	2.0089e-07	1.5111e-07	4.9779e-08	2.5165e-17
89.46	2.4808e-11	1.9854e-07	1.4923e-07	4.9318e-08	2.5078e-17
89.47	2.5519e-11	2.0427e-07	1.5361e-07	5.0658e-08	2.5037e-17
89.48	2.5849e-11	2.0697e-07	1.5578e-07	5.1191e-08	2.501e-17
89.49	2.5266e-11	2.0234e-07	1.5229e-07	5.0048e-08	2.5089e-17
89.5	2.4926e-11	1.9967e-07	1.5016e-07	4.9507e-08	2.532e-17
89.51	2.5519e-11	2.0446e-07	1.5371e-07	5.0748e-08	2.5592e-17
89.52	2.5945e-11	2.0792e-07	1.5641e-07	5.151e-08	2.5759e-17
89.53	2.5246e-11	2.0236e-07	1.5233e-07	5.0027e-08	2.58e-17
89.54	2.4468e-11	1.9617e-07	1.4764e-07	4.8533e-08	2.5794e-17
89.55	2.5021e-11	2.0065e-07	1.5087e-07	4.9779e-08	2.5791e-17
89.56	2.6138e-11	2.0965e-07	1.576e-07	5.2055e-08	2.575e-17
89.57	2.5923e-11	2.0797e-07	1.5645e-07	5.1521e-08	2.561e-17
89.58	2.4531e-11	1.9685e-07	1.4821e-07	4.8643e-08	2.5378e-17
89.59	2.4146e-11	1.9381e-07	1.4588e-07	4.7929e-08	2.5185e-17
89.6	2.5472e-11	2.0449e-07	1.5377e-07	5.0726e-08	2.5198e-17
89.61	2.6431e-11	2.1224e-07	1.5953e-07	5.2711e-08	2.5425e-17
89.62	2.5422e-11	2.0419e-07	1.5356e-07	5.0628e-08	2.5634e-17
89.63	2.3967e-11	1.9254e-07	1.4491e-07	4.7634e-08	2.5583e-17
89.64	2.4337e-11	1.9556e-07	1.4718e-07	4.8381e-08	2.5327e-17
89.65	2.591e-11	2.0824e-07	1.5665e-07	5.159e-08	2.5174e-17
89.66	2.6163e-11	2.1032e-07	1.5819e-07	5.2132e-08	2.5319e-17
89.67	2.4724e-11	1.988e-07	1.4954e-07	4.9267e-08	2.565e-17
89.68	2.3913e-11	1.9232e-07	1.4465e-07	4.7677e-08	2.5959e-17
89.69	2.494e-11	2.0063e-07	1.5088e-07	4.9744e-08	2.6188e-17
89.7	2.6005e-11	2.0924e-07	1.5743e-07	5.1806e-08	2.6353e-17
89.71	2.5335e-11	2.0389e-07	1.535e-07	5.0388e-08	2.6382e-17
89.72	2.4085e-11	1.9388e-07	1.4592e-07	4.7956e-08	2.6203e-17
89.73	2.4351e-11	1.9606e-07	1.4737e-07	4.869e-08	2.5912e-17
89.74	2.5662e-11	2.0666e-07	1.5525e-07	5.1406e-08	2.5665e-17
89.75	2.5777e-11	2.0763e-07	1.5617e-07	5.1464e-08	2.5453e-17
89.76	2.4427e-11	1.9681e-07	1.4827e-07	4.8533e-08	2.5188e-17
89.77	2.3783e-11	1.9166e-07	1.4437e-07	4.7293e-08	2.4956e-17
89.78	2.4883e-11	2.0057e-07	1.5076e-07	4.9811e-08	2.4985e-17
89.79	2.593e-11	2.0905e-07	1.5695e-07	5.2099e-08	2.5298e-17
89.8	2.5242e-11	2.0355e-07	1.5302e-07	5.0535e-08	2.565e-17
89.81	2.3959e-11	1.9325e-07	1.456e-07	4.7654e-08	2.586e-17
89.82	2.4099e-11	1.9442e-07	1.465e-07	4.792e-08	2.6033e-17
89.83	2.526e-11	2.0383e-07	1.5329e-07	5.0545e-08	2.6302e-17
89.84	2.5424e-11	2.052e-07	1.541e-07	5.1095e-08	2.6532e-17
89.85	2.4393e-11	1.9693e-07	1.48e-07	4.8923e-08	2.6491e-17
89.86	2.4037e-11	1.9409e-07	1.4611e-07	4.7978e-08	2.6204e-17
89.87	2.4982e-11	2.0177e-07	1.5194e-07	4.9832e-08	2.5914e-17
89.88	2.5462e-11	2.057e-07	1.5476e-07	5.0937e-08	2.5745e-17
89.89	2.44e-11	1.9716e-07	1.4825e-07	4.8908e-08	2.56e-17
89.9	2.3487e-11	1.8983e-07	1.4276e-07	4.7066e-08	2.5416e-17
89.91	2.4469e-11	1.978e-07	1.4877e-07	4.9031e-08	2.5308e-17
89.92	2.5972e-11	2.1e-07	1.5791e-07	5.2086e-08	2.5412e-17
89.93	2.5439e-11	2.0574e-07	1.5476e-07	5.0981e-08	2.5687e-17
89.94	2.3387e-11	1.8918e-07	1.4243e-07	4.6744e-08	2.5978e-17
89.95	2.2946e-11	1.8566e-07	1.398e-07	4.5861e-08	2.616e-17
89.96	2.4983e-11	2.0218e-07	1.5202e-07	5.0163e-08	2.6198e-17
89.97	2.6483e-11	2.1437e-07	1.61e-07	5.3362e-08	2.6137e-17
89.98	2.5083e-11	2.0308e-07	1.5263e-07	5.0446e-08	2.609e-17
89.99	2.2801e-11	1.8465e-07	1.3907e-07	4.5582e-08	2.6151e-17
90	2.3019e-11	1.8645e-07	1.4051e-07	4.5941e-08	2.6256e-17
90.01	2.5322e-11	2.0515e-07	1.5433e-07	5.0823e-08	2.6223e-17
90.02	2.6214e-11	2.1243e-07	1.5954e-07	5.289e-08	2.5985e-17
90.03	2.4477e-11	1.9839e-07	1.4902e-07	4.9368e-08	2.5699e-17
90.04	2.2833e-11	1.8511e-07	1.3931e-07	4.5804e-08	2.555e-17
90.05	2.3586e-11	1.9126e-07	1.441e-07	4.7164e-08	2.5551e-17
90.06	2.5277e-11	2.0502e-07	1.5434e-07	5.0677e-08	2.5627e-17
90.07	2.5309e-11	2.0533e-07	1.5436e-07	5.0961e-08	2.5795e-17
90.08	2.3936e-11	1.9423e-07	1.4593e-07	4.8297e-08	2.6085e-17
90.09	2.3412e-11	1.9002e-07	1.4285e-07	4.7169e-08	2.6361e-17
90.1	2.426e-11	1.9694e-07	1.482e-07	4.8742e-08	2.6407e-17
90.11	2.4818e-11	2.0151e-07	1.5171e-07	4.9803e-08	2.6218e-17
90.12	2.4264e-11	1.9706e-07	1.4832e-07	4.8746e-08	2.6019e-17
90.13	2.3768e-11	1.9308e-07	1.452e-07	4.7876e-08	2.5956e-17
90.14	2.4168e-11	1.9637e-07	1.476e-07	4.8769e-08	2.5907e-17
90.15	2.4544e-11	1.9947e-07	1.4997e-07	4.9498e-08	2.5725e-17
90.16	2.4066e-11	1.9563e-07	1.4719e-07	4.8446e-08	2.5523e-17
90.17	2.3603e-11	1.919e-07	1.4443e-07	4.7471e-08	2.5552e-17
90.18	2.4116e-11	1.9612e-07	1.4757e-07	4.8546e-08	2.5836e-17
90.19	2.4762e-11	2.0142e-07	1.5152e-07	4.9905e-08	2.611e-17
90.2	2.4249e-11	1.9729e-07	1.4839e-07	4.8902e-08	2.6142e-17
90.21	2.3233e-11	1.8907e-07	1.4218e-07	4.689e-08	2.6002e-17
90.22	2.3445e-11	1.9083e-07	1.4348e-07	4.7353e-08	2.5937e-17
90.23	2.4721e-11	2.0127e-07	1.5137e-07	4.9894e-08	2.6062e-17
90.24	2.5009e-11	2.0366e-07	1.5329e-07	5.0369e-08	2.6264e-17
90.25	2.3653e-11	1.9265e-07	1.4505e-07	4.7601e-08	2.6374e-17
90.26	2.2657e-11	1.8459e-07	1.3884e-07	4.5742e-08	2.6335e-17
90.27	2.3621e-11	1.9248e-07	1.446e-07	4.7879e-08	2.6187e-17
90.28	2.5116e-11	2.0471e-07	1.5383e-07	5.0882e-08	2.5964e-17
90.29	2.4813e-11	2.0228e-07	1.5223e-07	5.0051e-08	2.5698e-17
90.3	2.3127e-11	1.8858e-07	1.4207e-07	4.6513e-08	2.5487e-17
90.31	2.2615e-11	1.8444e-07	1.3882e-07	4.5622e-08	2.5461e-17
90.32	2.4008e-11	1.9585e-07	1.4717e-07	4.868e-08	2.5638e-17
90.33	2.5095e-11	2.0476e-07	1.5384e-07	5.0917e-08	2.5864e-17
90.34	2.4175e-11	1.973e-07	1.4842e-07	4.8884e-08	2.5969e-17
90.35	2.2682e-11	1.8515e-07	1.3941e-07	4.574e-08	2.5946e-17
90.36	2.2916e-11	1.8711e-07	1.4082e-07	4.6294e-08	2.5922e-17
90.37	2.4487e-11	1.9998e-07	1.5037e-07	4.9612e-08	2.5975e-17
90.38	2.494e-11	2.0373e-07	1.5318e-07	5.0543e-08	2.6053e-17
90.39	2.3534e-11	1.9228e-07	1.4465e-07	4.7628e-08	2.6081e-17
90.4	2.2343e-11	1.8259e-07	1.3737e-07	4.5226e-08	2.6054e-17
90.41	2.3117e-11	1.8896e-07	1.4208e-07	4.6875e-08	2.5981e-17
90.42	2.4701e-11	2.0195e-07	1.5186e-07	5.0094e-08	2.5833e-17
90.43	2.4806e-11	2.0286e-07	1.5264e-07	5.0211e-08	2.5626e-17
90.44	2.3316e-11	1.9071e-07	1.4357e-07	4.7145e-08	2.5471e-17
90.45	2.2312e-11	1.8254e-07	1.3732e-07	4.5221e-08	2.5477e-17
90.46	2.3046e-11	1.8858e-07	1.4173e-07	4.6855e-08	2.5598e-17
90.47	2.4348e-11	1.9928e-07	1.4979e-07	4.9493e-08	2.569e-17
90.48	2.4473e-11	2.0035e-07	1.5074e-07	4.9604e-08	2.5685e-17
90.49	2.3439e-11	1.9193e-07	1.4451e-07	4.7416e-08	2.564e-17
90.5	2.27e-11	1.8592e-07	1.3993e-07	4.5994e-08	2.5623e-17
90.51	2.3049e-11	1.8882e-07	1.4196e-07	4.6859e-08	2.562e-17
90.52	2.378e-11	1.9485e-07	1.4644e-07	4.8413e-08	2.5601e-17
90.53	2.3897e-11	1.9586e-07	1.4727e-07	4.8583e-08	2.5578e-17
90.54	2.3407e-11	1.9188e-07	1.444e-07	4.7475e-08	2.5584e-17
90.55	2.3072e-11	1.8918e-07	1.4241e-07	4.6763e-08	2.5617e-17
90.56	2.3282e-11	1.9094e-07	1.4367e-07	4.7272e-08	2.5649e-17
90.57	2.36e-11	1.9359e-07	1.4554e-07	4.8044e-08	2.5648e-17
90.58	2.3458e-11	1.9247e-07	1.4466e-07	4.7809e-08	2.5576e-17
90.59	2.3004e-11	1.8878e-07	1.4197e-07	4.6817e-08	2.5429e-17
90.6	2.2942e-11	1.8832e-07	1.4173e-07	4.6587e-08	2.5284e-17
90.61	2.3507e-11	1.93e-07	1.4527e-07	4.7728e-08	2.5258e-17
90.62	2.3946e-11	1.9664e-07	1.4791e-07	4.8731e-08	2.5364e-17
90.63	2.3453e-11	1.9264e-07	1.4481e-07	4.7835e-08	2.5486e-17
90.64	2.2477e-11	1.8466e-07	1.3883e-07	4.5836e-08	2.5523e-17
90.65	2.2369e-11	1.8381e-07	1.3829e-07	4.5519e-08	2.5506e-17
90.66	2.3482e-11	1.9301e-07	1.4527e-07	4.7738e-08	2.5511e-17
90.67	2.4384e-11	2.0046e-07	1.5083e-07	4.9631e-08	2.5531e-17
90.68	2.3694e-11	1.9483e-07	1.4651e-07	4.8323e-08	2.5518e-17
90.69	2.2185e-11	1.8246e-07	1.3717e-07	4.5294e-08	2.5481e-17
90.7	2.1904e-11	1.8019e-07	1.355e-07	4.4691e-08	2.5445e-17
90.71	2.3282e-11	1.9157e-07	1.4414e-07	4.7429e-08	2.5342e-17
90.72	2.4409e-11	2.0089e-07	1.512e-07	4.9689e-08	2.5102e-17
90.73	2.372e-11	1.9526e-07	1.4692e-07	4.8344e-08	2.4831e-17
90.74	2.222e-11	1.8295e-07	1.3754e-07	4.5414e-08	2.4763e-17
90.75	2.1963e-11	1.8088e-07	1.3592e-07	4.4956e-08	2.4964e-17
90.76	2.3107e-11	1.9034e-07	1.4316e-07	4.7186e-08	2.521e-17
90.77	2.3882e-11	1.9677e-07	1.4817e-07	4.8598e-08	2.5265e-17
90.78	2.3305e-11	1.9205e-07	1.4463e-07	4.7424e-08	2.5182e-17
90.79	2.2427e-11	1.8486e-07	1.39e-07	4.5862e-08	2.5211e-17
90.8	2.2489e-11	1.8541e-07	1.3923e-07	4.6186e-08	2.5438e-17
90.81	2.311e-11	1.9057e-07	1.4321e-07	4.736e-08	2.565e-17
90.82	2.3181e-11	1.9121e-07	1.4398e-07	4.7229e-08	2.56e-17
90.83	2.2694e-11	1.8723e-07	1.4109e-07	4.6137e-08	2.5289e-17
90.84	2.2554e-11	1.8611e-07	1.4003e-07	4.6084e-08	2.4936e-17
90.85	2.2979e-11	1.8966e-07	1.4243e-07	4.7237e-08	2.4724e-17
90.86	2.3195e-11	1.9148e-07	1.4381e-07	4.7676e-08	2.4645e-17
90.87	2.2771e-11	1.8803e-07	1.4147e-07	4.6554e-08	2.4595e-17
90.88	2.2309e-11	1.8425e-07	1.3882e-07	4.5435e-08	2.4543e-17
90.89	2.2467e-11	1.856e-07	1.3973e-07	4.5868e-08	2.4569e-17
90.9	2.299e-11	1.8996e-07	1.4279e-07	4.7173e-08	2.4741e-17
90.91	2.3155e-11	1.9136e-07	1.4376e-07	4.7601e-08	2.5009e-17
90.92	2.2774e-11	1.8826e-07	1.4154e-07	4.6717e-08	2.525e-17
90.93	2.2321e-11	1.8455e-07	1.389e-07	4.5656e-08	2.5386e-17
90.94	2.2264e-11	1.8412e-07	1.3859e-07	4.553e-08	2.5419e-17
90.95	2.2614e-11	1.8706e-07	1.4072e-07	4.6338e-08	2.5369e-17
90.96	2.299e-11	1.9021e-07	1.4303e-07	4.7188e-08	2.5226e-17
90.97	2.296e-11	1.9001e-07	1.4287e-07	4.7139e-08	2.4979e-17
90.98	2.247e-11	1.8599e-07	1.3988e-07	4.6112e-08	2.4649e-17
90.99	2.2043e-11	1.825e-07	1.3727e-07	4.5232e-08	2.4285e-17
91	2.2269e-11	1.8441e-07	1.3871e-07	4.5698e-08	2.3984e-17
91.01	2.2928e-11	1.8991e-07	1.4287e-07	4.7044e-08	2.3893e-17
91.02	2.3084e-11	1.9124e-07	1.4388e-07	4.7364e-08	2.4099e-17
91.03	2.2375e-11	1.8541e-07	1.3946e-07	4.5947e-08	2.4478e-17
91.04	2.1722e-11	1.8004e-07	1.3536e-07	4.4674e-08	2.4758e-17
91.05	2.2118e-11	1.8336e-07	1.3785e-07	4.5511e-08	2.4827e-17
91.06	2.3063e-11	1.9123e-07	1.4383e-07	4.7401e-08	2.4875e-17
91.07	2.3141e-11	1.9192e-07	1.4442e-07	4.7501e-08	2.5096e-17
91.08	2.2127e-11	1.8355e-07	1.3812e-07	4.5434e-08	2.5345e-17
91.09	2.144e-11	1.779e-07	1.3379e-07	4.4104e-08	2.5272e-17
91.1	2.2079e-11	1.8324e-07	1.3777e-07	4.5468e-08	2.4807e-17
91.11	2.3091e-11	1.9168e-07	1.4415e-07	4.7528e-08	2.4288e-17
91.12	2.2984e-11	1.9084e-07	1.4356e-07	4.728e-08	2.4052e-17
91.13	2.1961e-11	1.8238e-07	1.3718e-07	4.5195e-08	2.4087e-17
91.14	2.1536e-11	1.7889e-07	1.3455e-07	4.4343e-08	2.4181e-17
91.15	2.2189e-11	1.8436e-07	1.387e-07	4.5657e-08	2.426e-17
91.16	2.275e-11	1.8906e-07	1.4227e-07	4.6785e-08	2.4393e-17
91.17	2.238e-11	1.8602e-07	1.3992e-07	4.6101e-08	2.4575e-17
91.18	2.1852e-11	1.8168e-07	1.3653e-07	4.5146e-08	2.4716e-17
91.19	2.2098e-11	1.8376e-07	1.381e-07	4.5662e-08	2.4802e-17
91.2	2.2567e-11	1.877e-07	1.4124e-07	4.6466e-08	2.4874e-17
91.21	2.2222e-11	1.8487e-07	1.3925e-07	4.5627e-08	2.4857e-17
91.22	2.1484e-11	1.7877e-07	1.3456e-07	4.4214e-08	2.4618e-17
91.23	2.168e-11	1.8044e-07	1.3558e-07	4.4864e-08	2.4218e-17
91.24	2.2722e-11	1.8916e-07	1.4205e-07	4.7102e-08	2.3928e-17
91.25	2.297e-11	1.9126e-07	1.4381e-07	4.7448e-08	2.3888e-17
91.26	2.1819e-11	1.8172e-07	1.3683e-07	4.4881e-08	2.3929e-17
91.27	2.0886e-11	1.7399e-07	1.3101e-07	4.298e-08	2.3859e-17
91.28	2.1617e-11	1.8011e-07	1.3544e-07	4.4672e-08	2.3777e-17
91.29	2.295e-11	1.9126e-07	1.4372e-07	4.7537e-08	2.3926e-17
91.3	2.2864e-11	1.9059e-07	1.4326e-07	4.7321e-08	2.4309e-17
91.31	2.1497e-11	1.7923e-07	1.3481e-07	4.4428e-08	2.4656e-17
91.32	2.0916e-11	1.7442e-07	1.3122e-07	4.3202e-08	2.4772e-17
91.33	2.188e-11	1.825e-07	1.3733e-07	4.5175e-08	2.4746e-17
91.34	2.2751e-11	1.8981e-07	1.4286e-07	4.6954e-08	2.4748e-17
91.35	2.2189e-11	1.8516e-07	1.393e-07	4.5864e-08	2.4767e-17
91.36	2.1213e-11	1.7705e-07	1.3304e-07	4.4012e-08	2.4658e-17
91.37	2.139e-11	1.7857e-07	1.3413e-07	4.4442e-08	2.4376e-17
91.38	2.2277e-11	1.8602e-07	1.3992e-07	4.6096e-08	2.4062e-17
91.39	2.2294e-11	1.862e-07	1.4029e-07	4.5908e-08	2.3881e-17
91.4	2.1422e-11	1.7896e-07	1.3479e-07	4.4168e-08	2.3859e-17
91.41	2.1165e-11	1.7685e-07	1.3289e-07	4.3963e-08	2.3884e-17
91.42	2.1941e-11	1.8338e-07	1.3762e-07	4.576e-08	2.3856e-17
91.43	2.2384e-11	1.8712e-07	1.4064e-07	4.6482e-08	2.3801e-17
91.44	2.1691e-11	1.8136e-07	1.3664e-07	4.4727e-08	2.3819e-17
91.45	2.0998e-11	1.7561e-07	1.3233e-07	4.3279e-08	2.3937e-17
91.46	2.1452e-11	1.7944e-07	1.3492e-07	4.4523e-08	2.4049e-17
91.47	2.2259e-11	1.8624e-07	1.3982e-07	4.6418e-08	2.405e-17
91.48	2.2029e-11	1.8435e-07	1.3852e-07	4.5829e-08	2.398e-17
91.49	2.1123e-11	1.7681e-07	1.331e-07	4.3705e-08	2.3964e-17
91.5	2.1033e-11	1.761e-07	1.3262e-07	4.3473e-08	2.4032e-17
91.51	2.1864e-11	1.8309e-07	1.3773e-07	4.5366e-08	2.4088e-17
91.52	2.217e-11	1.8569e-07	1.3955e-07	4.6139e-08	2.407e-17
91.53	2.1413e-11	1.794e-07	1.3485e-07	4.4542e-08	2.4049e-17
91.54	2.087e-11	1.7488e-07	1.3155e-07	4.3328e-08	2.4107e-17
91.55	2.1445e-11	1.7974e-07	1.3523e-07	4.4509e-08	2.4209e-17
91.56	2.2115e-11	1.854e-07	1.3946e-07	4.5936e-08	2.4253e-17
91.57	2.166e-11	1.8162e-07	1.3662e-07	4.5004e-08	2.42e-17
91.58	2.0783e-11	1.743e-07	1.3111e-07	4.3191e-08	2.4084e-17
91.59	2.0988e-11	1.7606e-07	1.3239e-07	4.367e-08	2.393e-17
91.6	2.2011e-11	1.8468e-07	1.3884e-07	4.5845e-08	2.3756e-17
91.61	2.2124e-11	1.8567e-07	1.3963e-07	4.6045e-08	2.3621e-17
91.62	2.097e-11	1.7602e-07	1.3246e-07	4.3563e-08	2.3593e-17
91.63	2.03e-11	1.7044e-07	1.2827e-07	4.217e-08	2.3648e-17
91.64	2.1248e-11	1.7844e-07	1.3418e-07	4.4261e-08	2.3696e-17
91.65	2.2429e-11	1.884e-07	1.4157e-07	4.6826e-08	2.3693e-17
91.66	2.1985e-11	1.8471e-07	1.3885e-07	4.5866e-08	2.3678e-17
91.67	2.0475e-11	1.7206e-07	1.2947e-07	4.2592e-08	2.3683e-17
91.68	2.0096e-11	1.6891e-07	1.2717e-07	4.1747e-08	2.3725e-17
91.69	2.1386e-11	1.798e-07	1.3527e-07	4.453e-08	2.3863e-17
91.7	2.2441e-11	1.887e-07	1.4184e-07	4.6869e-08	2.416e-17
91.71	2.1763e-11	1.8304e-07	1.3755e-07	4.5495e-08	2.4508e-17
91.72	2.0385e-11	1.7149e-07	1.2895e-07	4.2539e-08	2.4627e-17
91.73	2.0209e-11	1.7005e-07	1.2797e-07	4.2075e-08	2.4356e-17
91.74	2.1269e-11	1.7901e-07	1.3473e-07	4.4275e-08	2.388e-17
91.75	2.1947e-11	1.8475e-07	1.3898e-07	4.5771e-08	2.3556e-17
91.76	2.1446e-11	1.8057e-07	1.3574e-07	4.4834e-08	2.3514e-17
91.77	2.0681e-11	1.7417e-07	1.3087e-07	4.3296e-08	2.3566e-17
91.78	2.0633e-11	1.738e-07	1.3065e-07	4.3154e-08	2.3482e-17
91.79	2.1028e-11	1.7717e-07	1.3331e-07	4.3862e-08	2.3256e-17
91.8	2.1155e-11	1.7828e-07	1.3423e-07	4.4048e-08	2.305e-17
91.81	2.1046e-11	1.774e-07	1.335e-07	4.3891e-08	2.2998e-17
91.82	2.1097e-11	1.7786e-07	1.3369e-07	4.418e-08	2.3135e-17
91.83	2.1152e-11	1.7837e-07	1.3397e-07	4.4399e-08	2.3443e-17
91.84	2.0845e-11	1.7582e-07	1.3216e-07	4.3657e-08	2.3846e-17
91.85	2.0485e-11	1.7282e-07	1.301e-07	4.2717e-08	2.4199e-17
91.86	2.0695e-11	1.7463e-07	1.3151e-07	4.3116e-08	2.4372e-17
91.87	2.1268e-11	1.795e-07	1.3502e-07	4.4483e-08	2.4354e-17
91.88	2.1327e-11	1.8004e-07	1.3526e-07	4.4784e-08	2.4233e-17
91.89	2.0718e-11	1.7494e-07	1.3144e-07	4.3504e-08	2.4063e-17
91.9	2.0336e-11	1.7175e-07	1.2919e-07	4.2561e-08	2.3825e-17
91.91	2.0707e-11	1.7492e-07	1.3167e-07	4.3255e-08	2.3515e-17
91.92	2.1136e-11	1.7858e-07	1.3438e-07	4.4208e-08	2.3203e-17
91.93	2.0882e-11	1.7648e-07	1.3272e-07	4.376e-08	2.2988e-17
91.94	2.0422e-11	1.7263e-07	1.2981e-07	4.2816e-08	2.2927e-17
91.95	2.0624e-11	1.7437e-07	1.3113e-07	4.3237e-08	2.3031e-17
91.96	2.1171e-11	1.7904e-07	1.3461e-07	4.4424e-08	2.3259e-17
91.97	2.0991e-11	1.7755e-07	1.3348e-07	4.4074e-08	2.3501e-17
91.98	2.0132e-11	1.7032e-07	1.2812e-07	4.2208e-08	2.3608e-17
91.99	1.9928e-11	1.6863e-07	1.2695e-07	4.1681e-08	2.3518e-17
92	2.09e-11	1.769e-07	1.3315e-07	4.3744e-08	2.3338e-17
92.01	2.1697e-11	1.8368e-07	1.381e-07	4.5586e-08	2.3249e-17
92.02	2.1003e-11	1.7785e-07	1.3358e-07	4.427e-08	2.334e-17
92.03	1.9646e-11	1.6639e-07	1.2503e-07	4.1361e-08	2.3536e-17
92.04	1.9541e-11	1.6554e-07	1.2459e-07	4.0947e-08	2.3665e-17
92.05	2.088e-11	1.7692e-07	1.3326e-07	4.3658e-08	2.3596e-17
92.06	2.177e-11	1.845e-07	1.3886e-07	4.5641e-08	2.3337e-17
92.07	2.0945e-11	1.7755e-07	1.3342e-07	4.4123e-08	2.3063e-17
92.08	1.9579e-11	1.66e-07	1.2465e-07	4.1355e-08	2.2999e-17
92.09	1.9551e-11	1.658e-07	1.246e-07	4.1207e-08	2.3206e-17
92.1	2.077e-11	1.7618e-07	1.3259e-07	4.3598e-08	2.3488e-17
92.11	2.1422e-11	1.8175e-07	1.3686e-07	4.4885e-08	2.3574e-17
92.12	2.0634e-11	1.751e-07	1.3179e-07	4.3313e-08	2.3387e-17
92.13	1.9627e-11	1.6659e-07	1.2522e-07	4.1372e-08	2.3075e-17
92.14	1.9816e-11	1.6824e-07	1.2634e-07	4.1893e-08	2.2806e-17
92.15	2.0793e-11	1.7656e-07	1.3266e-07	4.3905e-08	2.2645e-17
92.16	2.1047e-11	1.7877e-07	1.3449e-07	4.4275e-08	2.2638e-17
92.17	2.0222e-11	1.718e-07	1.2939e-07	4.2409e-08	2.2846e-17
92.18	1.9557e-11	1.6618e-07	1.2513e-07	4.105e-08	2.3203e-17
92.19	2.0007e-11	1.7004e-07	1.2785e-07	4.2186e-08	2.3462e-17
92.2	2.0863e-11	1.7736e-07	1.332e-07	4.4153e-08	2.3442e-17
92.21	2.0835e-11	1.7716e-07	1.3307e-07	4.4083e-08	2.3276e-17
92.22	1.9935e-11	1.6954e-07	1.2751e-07	4.2023e-08	2.3245e-17
92.23	1.9433e-11	1.653e-07	1.2449e-07	4.0817e-08	2.3397e-17
92.24	2.0018e-11	1.7032e-07	1.2826e-07	4.2059e-08	2.3496e-17
92.25	2.0828e-11	1.7725e-07	1.3332e-07	4.3933e-08	2.3368e-17
92.26	2.0701e-11	1.762e-07	1.3236e-07	4.3847e-08	2.3106e-17
92.27	1.9803e-11	1.686e-07	1.266e-07	4.1995e-08	2.2862e-17
92.28	1.9363e-11	1.6489e-07	1.2396e-07	4.0934e-08	2.2617e-17
92.29	1.9949e-11	1.6992e-07	1.2793e-07	4.1983e-08	2.232e-17
92.3	2.0712e-11	1.7645e-07	1.3291e-07	4.354e-08	2.2108e-17
92.31	2.0584e-11	1.754e-07	1.3197e-07	4.3427e-08	2.2191e-17
92.32	1.9732e-11	1.6817e-07	1.2632e-07	4.1855e-08	2.256e-17
92.33	1.9294e-11	1.6448e-07	1.2347e-07	4.1009e-08	2.2982e-17
92.34	1.9832e-11	1.6911e-07	1.2711e-07	4.1995e-08	2.3276e-17
92.35	2.0587e-11	1.7557e-07	1.3221e-07	4.3365e-08	2.3427e-17
92.36	2.051e-11	1.7496e-07	1.3181e-07	4.3147e-08	2.3441e-17
92.37	1.9681e-11	1.6792e-07	1.2635e-07	4.1574e-08	2.3268e-17
92.38	1.9198e-11	1.6384e-07	1.2304e-07	4.0796e-08	2.2943e-17
92.39	1.9695e-11	1.6812e-07	1.2621e-07	4.191e-08	2.2646e-17
92.4	2.0468e-11	1.7475e-07	1.3138e-07	4.337e-08	2.2517e-17
92.41	2.0429e-11	1.7445e-07	1.3138e-07	4.3073e-08	2.2509e-17
92.42	1.9615e-11	1.6754e-07	1.262e-07	4.1339e-08	2.2509e-17
92.43	1.914e-11	1.6352e-07	1.2297e-07	4.0549e-08	2.2507e-17
92.44	1.9626e-11	1.6771e-07	1.2593e-07	4.1784e-08	2.2548e-17
92.45	2.0331e-11	1.7377e-07	1.3052e-07	4.3248e-08	2.2594e-17
92.46	2.0235e-11	1.7299e-07	1.3015e-07	4.2837e-08	2.2586e-17
92.47	1.9509e-11	1.6682e-07	1.2563e-07	4.1186e-08	2.2574e-17
92.48	1.9202e-11	1.6422e-07	1.2357e-07	4.0656e-08	2.2656e-17
92.49	1.966e-11	1.6818e-07	1.2637e-07	4.1816e-08	2.2801e-17
92.5	2.0089e-11	1.7189e-07	1.2915e-07	4.2738e-08	2.2847e-17
92.51	1.9846e-11	1.6985e-07	1.2777e-07	4.2072e-08	2.271e-17
92.52	1.9393e-11	1.66e-07	1.2497e-07	4.1036e-08	2.2474e-17
92.53	1.9456e-11	1.6657e-07	1.2529e-07	4.1287e-08	2.2275e-17
92.54	1.9829e-11	1.6981e-07	1.2759e-07	4.2222e-08	2.2188e-17
92.55	1.9778e-11	1.6941e-07	1.2733e-07	4.208e-08	2.2224e-17
92.56	1.932e-11	1.6552e-07	1.2456e-07	4.0958e-08	2.2341e-17
92.57	1.9236e-11	1.6484e-07	1.241e-07	4.0738e-08	2.2432e-17
92.58	1.9752e-11	1.693e-07	1.2732e-07	4.1976e-08	2.2409e-17
92.59	2.0068e-11	1.7204e-07	1.2923e-07	4.2803e-08	2.2327e-17
92.6	1.9575e-11	1.6785e-07	1.261e-07	4.1754e-08	2.2334e-17
92.61	1.8878e-11	1.6191e-07	1.2178e-07	4.0137e-08	2.2458e-17
92.62	1.8966e-11	1.627e-07	1.2248e-07	4.0224e-08	2.2556e-17
92.63	1.9756e-11	1.6952e-07	1.2758e-07	4.1939e-08	2.2519e-17
92.64	2.0179e-11	1.7318e-07	1.3022e-07	4.2965e-08	2.2411e-17
92.65	1.9653e-11	1.687e-07	1.2675e-07	4.1956e-08	2.2322e-17
92.66	1.8838e-11	1.6174e-07	1.2151e-07	4.0226e-08	2.2204e-17
92.67	1.871e-11	1.6068e-07	1.2083e-07	3.9846e-08	2.1977e-17
92.68	1.9349e-11	1.662e-07	1.2512e-07	4.1075e-08	2.1724e-17
92.69	1.9947e-11	1.7138e-07	1.2903e-07	4.2341e-08	2.1638e-17
92.7	1.9836e-11	1.7046e-07	1.282e-07	4.2263e-08	2.1785e-17
92.71	1.9176e-11	1.6482e-07	1.2378e-07	4.1039e-08	2.2054e-17
92.72	1.8685e-11	1.6064e-07	1.2064e-07	4e-08	2.231e-17
92.73	1.8852e-11	1.6211e-07	1.2193e-07	4.0179e-08	2.2484e-17
92.74	1.9451e-11	1.6729e-07	1.2599e-07	4.1299e-08	2.2534e-17
92.75	1.979e-11	1.7025e-07	1.2817e-07	4.2074e-08	2.2445e-17
92.76	1.9478e-11	1.676e-07	1.2599e-07	4.1608e-08	2.2299e-17
92.77	1.8877e-11	1.6246e-07	1.2201e-07	4.0451e-08	2.2213e-17
92.78	1.8677e-11	1.6078e-07	1.2081e-07	3.9966e-08	2.2182e-17
92.79	1.905e-11	1.6402e-07	1.234e-07	4.0621e-08	2.2078e-17
92.8	1.9461e-11	1.676e-07	1.2615e-07	4.1451e-08	2.1854e-17
92.81	1.941e-11	1.6719e-07	1.2577e-07	4.1415e-08	2.163e-17
92.82	1.9045e-11	1.6408e-07	1.2335e-07	4.0727e-08	2.1546e-17
92.83	1.8847e-11	1.6241e-07	1.2208e-07	4.0329e-08	2.1602e-17
92.84	1.8937e-11	1.6323e-07	1.2272e-07	4.0505e-08	2.1722e-17
92.85	1.9049e-11	1.6423e-07	1.2349e-07	4.074e-08	2.1856e-17
92.86	1.9049e-11	1.6426e-07	1.2351e-07	4.0744e-08	2.1966e-17
92.87	1.907e-11	1.6448e-07	1.2372e-07	4.0762e-08	2.1999e-17
92.88	1.9122e-11	1.6496e-07	1.2413e-07	4.083e-08	2.1963e-17
92.89	1.8992e-11	1.6387e-07	1.2329e-07	4.058e-08	2.1943e-17
92.9	1.8704e-11	1.6142e-07	1.2133e-07	4.0084e-08	2.1963e-17
92.91	1.8657e-11	1.6106e-07	1.2097e-07	4.0082e-08	2.1925e-17
92.92	1.9018e-11	1.6421e-07	1.2341e-07	4.0797e-08	2.1776e-17
92.93	1.9303e-11	1.667e-07	1.2546e-07	4.1241e-08	2.164e-17
92.94	1.9015e-11	1.6425e-07	1.2369e-07	4.0557e-08	2.1651e-17
92.95	1.8472e-11	1.5959e-07	1.2006e-07	3.9533e-08	2.1737e-17
92.96	1.8435e-11	1.5931e-07	1.1965e-07	3.9655e-08	2.1719e-17
92.97	1.8962e-11	1.639e-07	1.2308e-07	4.0815e-08	2.1588e-17
92.98	1.9259e-11	1.665e-07	1.2521e-07	4.1291e-08	2.1497e-17
92.99	1.8869e-11	1.6316e-07	1.2284e-07	4.0316e-08	2.1503e-17
93	1.8379e-11	1.5896e-07	1.1964e-07	3.9317e-08	2.152e-17
93.01	1.85e-11	1.6004e-07	1.2031e-07	3.9726e-08	2.1527e-17
93.02	1.8949e-11	1.6396e-07	1.232e-07	4.0755e-08	2.1614e-17
93.03	1.8945e-11	1.6396e-07	1.2326e-07	4.0705e-08	2.1764e-17
93.04	1.8507e-11	1.6021e-07	1.2047e-07	3.9736e-08	2.1805e-17
93.05	1.8405e-11	1.5936e-07	1.1982e-07	3.9539e-08	2.1682e-17
93.06	1.8821e-11	1.6299e-07	1.2257e-07	4.0416e-08	2.1579e-17
93.07	1.8986e-11	1.6446e-07	1.2375e-07	4.0701e-08	2.1632e-17
93.08	1.849e-11	1.6019e-07	1.2055e-07	3.9644e-08	2.1679e-17
93.09	1.8073e-11	1.5661e-07	1.1771e-07	3.8904e-08	2.1521e-17
93.1	1.8462e-11	1.6002e-07	1.2015e-07	3.9873e-08	2.1271e-17
93.11	1.9089e-11	1.6549e-07	1.2436e-07	4.1131e-08	2.1199e-17
93.12	1.8917e-11	1.6403e-07	1.2349e-07	4.0538e-08	2.1294e-17
93.13	1.8138e-11	1.5731e-07	1.1851e-07	3.8807e-08	2.1282e-17
93.14	1.7933e-11	1.5557e-07	1.17e-07	3.8572e-08	2.1069e-17
93.15	1.8581e-11	1.6122e-07	1.2104e-07	4.0179e-08	2.0905e-17
93.16	1.9002e-11	1.6492e-07	1.2386e-07	4.1058e-08	2.1018e-17
93.17	1.8527e-11	1.6083e-07	1.2098e-07	3.9848e-08	2.1309e-17
93.18	1.7972e-11	1.5604e-07	1.1747e-07	3.8569e-08	2.1543e-17
93.19	1.8235e-11	1.5836e-07	1.1914e-07	3.9218e-08	2.1665e-17
93.2	1.8777e-11	1.631e-07	1.2262e-07	4.0474e-08	2.1759e-17
93.21	1.8572e-11	1.6135e-07	1.2131e-07	4.0044e-08	2.1824e-17
93.22	1.7922e-11	1.5574e-07	1.1708e-07	3.8667e-08	2.1762e-17
93.23	1.7981e-11	1.5629e-07	1.1743e-07	3.8857e-08	2.154e-17
93.24	1.8726e-11	1.628e-07	1.2236e-07	4.0438e-08	2.122e-17
93.25	1.8871e-11	1.6409e-07	1.2349e-07	4.0597e-08	2.0876e-17
93.26	1.8025e-11	1.5677e-07	1.1808e-07	3.8691e-08	2.0593e-17
93.27	1.7483e-11	1.5209e-07	1.144e-07	3.7689e-08	2.0499e-17
93.28	1.8162e-11	1.5803e-07	1.1862e-07	3.9405e-08	2.0638e-17
93.29	1.901e-11	1.6544e-07	1.2419e-07	4.1255e-08	2.0872e-17
93.3	1.8629e-11	1.6216e-07	1.2197e-07	4.0193e-08	2.1039e-17
93.31	1.7563e-11	1.5292e-07	1.1521e-07	3.7703e-08	2.1172e-17
93.32	1.7476e-11	1.5219e-07	1.1459e-07	3.7605e-08	2.1407e-17
93.33	1.8481e-11	1.6098e-07	1.2098e-07	3.9998e-08	2.1675e-17
93.34	1.8941e-11	1.6502e-07	1.2393e-07	4.1088e-08	2.1717e-17
93.35	1.81e-11	1.5773e-07	1.1852e-07	3.9213e-08	2.1429e-17
93.36	1.729e-11	1.507e-07	1.1332e-07	3.7382e-08	2.1036e-17
93.37	1.7769e-11	1.5491e-07	1.1655e-07	3.836e-08	2.0814e-17
93.38	1.8718e-11	1.6322e-07	1.2288e-07	4.0345e-08	2.0776e-17
93.39	1.8595e-11	1.6218e-07	1.2209e-07	4.0084e-08	2.0768e-17
93.4	1.7602e-11	1.5356e-07	1.1542e-07	3.8132e-08	2.0728e-17
93.41	1.7307e-11	1.5101e-07	1.1328e-07	3.7731e-08	2.0702e-17
93.42	1.8103e-11	1.5799e-07	1.1858e-07	3.9412e-08	2.0686e-17
93.43	1.8654e-11	1.6284e-07	1.226e-07	4.024e-08	2.0629e-17
93.44	1.8089e-11	1.5794e-07	1.1917e-07	3.8765e-08	2.0579e-17
93.45	1.7345e-11	1.5148e-07	1.1407e-07	3.7402e-08	2.0655e-17
93.46	1.7574e-11	1.5351e-07	1.1511e-07	3.8398e-08	2.0853e-17
93.47	1.8304e-11	1.5992e-07	1.198e-07	4.0111e-08	2.1005e-17
93.48	1.83e-11	1.5992e-07	1.2023e-07	3.9687e-08	2.0985e-17
93.49	1.7586e-11	1.537e-07	1.16e-07	3.7706e-08	2.0854e-17
93.5	1.7328e-11	1.5148e-07	1.1423e-07	3.7256e-08	2.0754e-17
93.51	1.7897e-11	1.5649e-07	1.175e-07	3.8994e-08	2.0742e-17
93.52	1.831e-11	1.6013e-07	1.1998e-07	4.015e-08	2.0782e-17
93.53	1.788e-11	1.5641e-07	1.1746e-07	3.8951e-08	2.0825e-17
93.54	1.7301e-11	1.5138e-07	1.1408e-07	3.7301e-08	2.0834e-17
93.55	1.7461e-11	1.5281e-07	1.1518e-07	3.7624e-08	2.0791e-17
93.56	1.802e-11	1.5774e-07	1.1859e-07	3.9153e-08	2.0722e-17
93.57	1.8055e-11	1.5807e-07	1.1864e-07	3.9434e-08	2.0684e-17
93.58	1.7565e-11	1.5382e-07	1.1556e-07	3.8257e-08	2.0666e-17
93.59	1.7364e-11	1.5209e-07	1.1447e-07	3.7624e-08	2.0565e-17
93.6	1.7662e-11	1.5473e-07	1.1645e-07	3.8279e-08	2.0337e-17
93.61	1.781e-11	1.5606e-07	1.1732e-07	3.8749e-08	2.0117e-17
93.62	1.7535e-11	1.5369e-07	1.155e-07	3.8196e-08	2.0091e-17
93.63	1.7421e-11	1.5272e-07	1.1487e-07	3.785e-08	2.0272e-17
93.64	1.7764e-11	1.5577e-07	1.1721e-07	3.8556e-08	2.0479e-17
93.65	1.79e-11	1.5699e-07	1.1803e-07	3.896e-08	2.0554e-17
93.66	1.7351e-11	1.522e-07	1.1434e-07	3.7864e-08	2.0503e-17
93.67	1.6879e-11	1.481e-07	1.1132e-07	3.6777e-08	2.0417e-17
93.68	1.7394e-11	1.5265e-07	1.1488e-07	3.7771e-08	2.034e-17
93.69	1.829e-11	1.6055e-07	1.2083e-07	3.9724e-08	2.0281e-17
93.7	1.8122e-11	1.5911e-07	1.1961e-07	3.9494e-08	2.028e-17
93.71	1.69e-11	1.484e-07	1.1149e-07	3.6913e-08	2.0363e-17
93.72	1.6339e-11	1.4352e-07	1.0789e-07	3.563e-08	2.0474e-17
93.73	1.7359e-11	1.525e-07	1.1473e-07	3.7771e-08	2.0519e-17
93.74	1.8547e-11	1.6298e-07	1.2259e-07	4.0392e-08	2.0475e-17
93.75	1.8146e-11	1.5948e-07	1.1989e-07	3.9599e-08	2.0395e-17
93.76	1.6682e-11	1.4665e-07	1.1025e-07	3.6407e-08	2.0309e-17
93.77	1.6232e-11	1.4273e-07	1.0736e-07	3.5366e-08	2.0198e-17
93.78	1.736e-11	1.5268e-07	1.1483e-07	3.7844e-08	2.007e-17
93.79	1.8339e-11	1.6132e-07	1.2124e-07	4.0086e-08	1.9991e-17
93.8	1.7771e-11	1.5636e-07	1.1748e-07	3.8881e-08	1.9997e-17
93.81	1.6596e-11	1.4605e-07	1.0984e-07	3.6208e-08	2.0025e-17
93.82	1.6548e-11	1.4566e-07	1.0965e-07	3.601e-08	1.9999e-17
93.83	1.7549e-11	1.5451e-07	1.1623e-07	3.8277e-08	1.9956e-17
93.84	1.7964e-11	1.5819e-07	1.1883e-07	3.9358e-08	2.0015e-17
93.85	1.7161e-11	1.5115e-07	1.1351e-07	3.7643e-08	2.0203e-17
93.86	1.6409e-11	1.4456e-07	1.0871e-07	3.5853e-08	2.0394e-17
93.87	1.6872e-11	1.4867e-07	1.1193e-07	3.6741e-08	2.0438e-17
93.88	1.7841e-11	1.5724e-07	1.1832e-07	3.8927e-08	2.0324e-17
93.89	1.7823e-11	1.5712e-07	1.1807e-07	3.9048e-08	2.016e-17
93.9	1.6765e-11	1.4782e-07	1.1104e-07	3.6783e-08	2.0034e-17
93.91	1.6134e-11	1.4228e-07	1.0697e-07	3.5316e-08	1.9941e-17
93.92	1.6809e-11	1.4827e-07	1.1155e-07	3.6721e-08	1.9845e-17
93.93	1.7857e-11	1.5755e-07	1.1851e-07	3.9036e-08	1.9759e-17
93.94	1.7845e-11	1.5748e-07	1.1842e-07	3.9064e-08	1.9718e-17
93.95	1.679e-11	1.482e-07	1.1143e-07	3.6771e-08	1.9717e-17
93.96	1.607e-11	1.4188e-07	1.0667e-07	3.5211e-08	1.9728e-17
93.97	1.6554e-11	1.4617e-07	1.0986e-07	3.6314e-08	1.9755e-17
93.98	1.7514e-11	1.5469e-07	1.1627e-07	3.8418e-08	1.9849e-17
93.99	1.7685e-11	1.5623e-07	1.1753e-07	3.8709e-08	2.0032e-17
94	1.692e-11	1.4951e-07	1.1253e-07	3.6975e-08	2.0235e-17
94.01	1.6267e-11	1.4377e-07	1.0813e-07	3.5639e-08	2.0346e-17
94.02	1.6503e-11	1.4588e-07	1.0956e-07	3.632e-08	2.0308e-17
94.03	1.7168e-11	1.518e-07	1.14e-07	3.7791e-08	2.0163e-17
94.04	1.7313e-11	1.5311e-07	1.1518e-07	3.7932e-08	1.9989e-17
94.05	1.6808e-11	1.4867e-07	1.1198e-07	3.6692e-08	1.9827e-17
94.06	1.6417e-11	1.4525e-07	1.093e-07	3.5949e-08	1.9676e-17
94.07	1.6654e-11	1.4738e-07	1.1068e-07	3.6702e-08	1.9544e-17
94.08	1.708e-11	1.5117e-07	1.1348e-07	3.7697e-08	1.9464e-17
94.09	1.7004e-11	1.5054e-07	1.1318e-07	3.7353e-08	1.9462e-17
94.1	1.6517e-11	1.4626e-07	1.1015e-07	3.6107e-08	1.9534e-17
94.11	1.6344e-11	1.4475e-07	1.0897e-07	3.5779e-08	1.967e-17
94.12	1.6753e-11	1.4841e-07	1.1151e-07	3.6896e-08	1.9865e-17
94.13	1.7133e-11	1.5181e-07	1.1395e-07	3.7854e-08	2.0081e-17
94.14	1.687e-11	1.495e-07	1.1232e-07	3.7181e-08	2.0226e-17
94.15	1.628e-11	1.4431e-07	1.086e-07	3.5708e-08	2.0222e-17
94.16	1.6194e-11	1.4358e-07	1.0811e-07	3.547e-08	2.0099e-17
94.17	1.6741e-11	1.4846e-07	1.1166e-07	3.6797e-08	1.9959e-17
94.18	1.7114e-11	1.518e-07	1.1403e-07	3.777e-08	1.985e-17
94.19	1.6729e-11	1.4842e-07	1.1146e-07	3.6954e-08	1.9717e-17
94.2	1.6118e-11	1.4303e-07	1.0752e-07	3.5507e-08	1.9518e-17
94.21	1.617e-11	1.4352e-07	1.08e-07	3.5515e-08	1.9329e-17
94.22	1.6792e-11	1.4907e-07	1.1218e-07	3.6885e-08	1.9281e-17
94.23	1.7005e-11	1.5099e-07	1.1353e-07	3.7457e-08	1.9396e-17
94.24	1.6428e-11	1.459e-07	1.0961e-07	3.6284e-08	1.9572e-17
94.25	1.5907e-11	1.413e-07	1.0615e-07	3.5149e-08	1.9721e-17
94.26	1.6257e-11	1.4444e-07	1.0859e-07	3.5852e-08	1.9854e-17
94.27	1.6968e-11	1.5079e-07	1.1345e-07	3.7337e-08	2.0008e-17
94.28	1.6912e-11	1.5032e-07	1.1312e-07	3.72e-08	2.0151e-17
94.29	1.6075e-11	1.4292e-07	1.0749e-07	3.5433e-08	2.021e-17
94.3	1.5655e-11	1.3921e-07	1.0459e-07	3.462e-08	2.0163e-17
94.31	1.6291e-11	1.4489e-07	1.0883e-07	3.6064e-08	2.0036e-17
94.32	1.7076e-11	1.5191e-07	1.142e-07	3.7708e-08	1.9848e-17
94.33	1.6862e-11	1.5004e-07	1.1293e-07	3.7111e-08	1.9617e-17
94.34	1.5926e-11	1.4174e-07	1.0669e-07	3.5048e-08	1.9418e-17
94.35	1.5538e-11	1.3831e-07	1.0396e-07	3.4352e-08	1.9351e-17
94.36	1.6145e-11	1.4375e-07	1.0792e-07	3.583e-08	1.9424e-17
94.37	1.6843e-11	1.5e-07	1.1269e-07	3.7309e-08	1.9528e-17
94.38	1.674e-11	1.4911e-07	1.1221e-07	3.6897e-08	1.9565e-17
94.39	1.6092e-11	1.4337e-07	1.0796e-07	3.5414e-08	1.9587e-17
94.4	1.5737e-11	1.4024e-07	1.0544e-07	3.4791e-08	1.9715e-17
94.41	1.5934e-11	1.4202e-07	1.0662e-07	3.5398e-08	1.9951e-17
94.42	1.6274e-11	1.4508e-07	1.0897e-07	3.611e-08	2.0142e-17
94.43	1.6405e-11	1.4628e-07	1.1006e-07	3.622e-08	2.0149e-17
94.44	1.6339e-11	1.4572e-07	1.0972e-07	3.6007e-08	2.0009e-17
94.45	1.6158e-11	1.4414e-07	1.084e-07	3.5741e-08	1.9867e-17
94.46	1.5903e-11	1.419e-07	1.0657e-07	3.5332e-08	1.9793e-17
94.47	1.5755e-11	1.406e-07	1.0561e-07	3.4992e-08	1.9727e-17
94.48	1.5929e-11	1.4219e-07	1.0695e-07	3.5247e-08	1.9607e-17
94.49	1.6294e-11	1.4548e-07	1.0949e-07	3.5988e-08	1.9477e-17
94.5	1.6406e-11	1.4651e-07	1.102e-07	3.6312e-08	1.9443e-17
94.51	1.6086e-11	1.4368e-07	1.0796e-07	3.5719e-08	1.9538e-17
94.52	1.5685e-11	1.4013e-07	1.0526e-07	3.4869e-08	1.9698e-17
94.53	1.5638e-11	1.3974e-07	1.0503e-07	3.4709e-08	1.9837e-17
94.54	1.5931e-11	1.4238e-07	1.0711e-07	3.5273e-08	1.992e-17
94.55	1.6192e-11	1.4476e-07	1.0893e-07	3.5821e-08	1.9959e-17
94.56	1.6174e-11	1.4462e-07	1.0879e-07	3.5839e-08	1.9966e-17
94.57	1.5941e-11	1.4256e-07	1.0713e-07	3.5436e-08	1.9937e-17
94.58	1.5699e-11	1.4043e-07	1.0547e-07	3.4964e-08	1.987e-17
94.59	1.562e-11	1.3976e-07	1.0503e-07	3.4723e-08	1.979e-17
94.6	1.5759e-11	1.4103e-07	1.0613e-07	3.4905e-08	1.975e-17
94.61	1.599e-11	1.4312e-07	1.0773e-07	3.539e-08	1.9792e-17
94.62	1.6058e-11	1.4377e-07	1.081e-07	3.5673e-08	1.9883e-17
94.63	1.5862e-11	1.4204e-07	1.0666e-07	3.5376e-08	1.993e-17
94.64	1.5613e-11	1.3984e-07	1.0503e-07	3.481e-08	1.9893e-17
94.65	1.5582e-11	1.3959e-07	1.0498e-07	3.4613e-08	1.9844e-17
94.66	1.5732e-11	1.4097e-07	1.061e-07	3.4875e-08	1.9876e-17
94.67	1.5807e-11	1.4167e-07	1.0656e-07	3.5105e-08	1.9957e-17
94.68	1.5739e-11	1.4109e-07	1.0604e-07	3.5054e-08	1.9969e-17
94.69	1.5705e-11	1.4081e-07	1.0581e-07	3.5007e-08	1.9901e-17
94.7	1.5749e-11	1.4124e-07	1.0616e-07	3.5085e-08	1.9873e-17
94.71	1.568e-11	1.4065e-07	1.0573e-07	3.4918e-08	1.9952e-17
94.72	1.5463e-11	1.3873e-07	1.0431e-07	3.4419e-08	2.002e-17
94.73	1.5405e-11	1.3824e-07	1.0399e-07	3.425e-08	1.9953e-17
94.74	1.5679e-11	1.4073e-07	1.0588e-07	3.4853e-08	1.9811e-17
94.75	1.5923e-11	1.4295e-07	1.0746e-07	3.5488e-08	1.9749e-17
94.76	1.5712e-11	1.4109e-07	1.0596e-07	3.5131e-08	1.9778e-17
94.77	1.5266e-11	1.3711e-07	1.0299e-07	3.4121e-08	1.9771e-17
94.78	1.5204e-11	1.3659e-07	1.0275e-07	3.3838e-08	1.9707e-17
94.79	1.5602e-11	1.4019e-07	1.0555e-07	3.4642e-08	1.9719e-17
94.8	1.5838e-11	1.4234e-07	1.0707e-07	3.5271e-08	1.9868e-17
94.81	1.5551e-11	1.3978e-07	1.0499e-07	3.4795e-08	2.0038e-17
94.82	1.5203e-11	1.3669e-07	1.0264e-07	3.4046e-08	2.0132e-17
94.83	1.5317e-11	1.3775e-07	1.0356e-07	3.4181e-08	2.0216e-17
94.84	1.5616e-11	1.4046e-07	1.057e-07	3.4758e-08	2.0345e-17
94.85	1.5519e-11	1.3962e-07	1.0502e-07	3.4592e-08	2.0373e-17
94.86	1.5174e-11	1.3654e-07	1.0262e-07	3.3924e-08	2.0134e-17
94.87	1.5218e-11	1.3697e-07	1.0292e-07	3.405e-08	1.9744e-17
94.88	1.5619e-11	1.406e-07	1.057e-07	3.4904e-08	1.9527e-17
94.89	1.5626e-11	1.407e-07	1.0579e-07	3.4903e-08	1.9616e-17
94.9	1.5078e-11	1.3579e-07	1.0209e-07	3.3703e-08	1.9818e-17
94.91	1.4833e-11	1.3362e-07	1.0044e-07	3.3173e-08	1.9899e-17
94.92	1.5391e-11	1.3867e-07	1.0426e-07	3.4403e-08	1.9848e-17
94.93	1.5901e-11	1.4329e-07	1.0776e-07	3.5539e-08	1.9807e-17
94.94	1.5431e-11	1.3909e-07	1.0456e-07	3.4523e-08	1.9872e-17
94.95	1.4589e-11	1.3153e-07	9.8847e-08	3.2682e-08	2.0053e-17
94.96	1.4715e-11	1.327e-07	9.9731e-08	3.2964e-08	2.0302e-17
94.97	1.5698e-11	1.4158e-07	1.0646e-07	3.5128e-08	2.0488e-17
94.98	1.599e-11	1.4425e-07	1.0848e-07	3.5764e-08	2.0441e-17
94.99	1.5033e-11	1.3564e-07	1.0199e-07	3.3647e-08	2.0147e-17
95	1.425e-11	1.286e-07	9.6664e-08	3.1939e-08	1.9818e-17
95.01	1.4859e-11	1.3413e-07	1.0081e-07	3.3315e-08	1.9666e-17
95.02	1.5905e-11	1.4361e-07	1.0798e-07	3.5629e-08	1.9672e-17
95.03	1.5735e-11	1.421e-07	1.0687e-07	3.5227e-08	1.9691e-17
95.04	1.4617e-11	1.3203e-07	9.9266e-08	3.2762e-08	1.9698e-17
95.05	1.4295e-11	1.2915e-07	9.7042e-08	3.2106e-08	1.9782e-17
95.06	1.519e-11	1.3727e-07	1.0316e-07	3.4109e-08	1.9934e-17
95.07	1.5782e-11	1.4264e-07	1.073e-07	3.5346e-08	2.0031e-17
95.08	1.5126e-11	1.3675e-07	1.0291e-07	3.3832e-08	2.0044e-17
95.09	1.4354e-11	1.2979e-07	9.758e-08	3.2206e-08	2.007e-17
95.1	1.4724e-11	1.3317e-07	9.9971e-08	3.3196e-08	2.0141e-17
95.11	1.5533e-11	1.4051e-07	1.0551e-07	3.5004e-08	2.013e-17
95.12	1.5336e-11	1.3876e-07	1.0439e-07	3.4367e-08	1.9948e-17
95.13	1.4413e-11	1.3044e-07	9.8274e-08	3.2161e-08	1.9699e-17
95.14	1.4321e-11	1.2963e-07	9.7537e-08	3.2091e-08	1.9555e-17
95.15	1.527e-11	1.3824e-07	1.0376e-07	3.4486e-08	1.957e-17
95.16	1.5702e-11	1.4219e-07	1.0666e-07	3.5521e-08	1.9691e-17
95.17	1.4823e-11	1.3426e-07	1.0092e-07	3.3337e-08	1.9856e-17
95.18	1.3946e-11	1.2634e-07	9.5177e-08	3.1159e-08	1.9994e-17
95.19	1.442e-11	1.3066e-07	9.8375e-08	3.2284e-08	2.0021e-17
95.2	1.5501e-11	1.4049e-07	1.0554e-07	3.4946e-08	1.9952e-17
95.21	1.5544e-11	1.409e-07	1.0575e-07	3.5157e-08	1.9932e-17
95.22	1.454e-11	1.3183e-07	9.9028e-08	3.2805e-08	2.0037e-17
95.23	1.3998e-11	1.2695e-07	9.5499e-08	3.1449e-08	2.0122e-17
95.24	1.4554e-11	1.3202e-07	9.9335e-08	3.2682e-08	2.0004e-17
95.25	1.5185e-11	1.3777e-07	1.036e-07	3.4169e-08	1.9743e-17
95.26	1.5015e-11	1.3625e-07	1.0242e-07	3.3833e-08	1.9565e-17
95.27	1.4555e-11	1.3211e-07	9.9297e-08	3.2812e-08	1.9552e-17
95.28	1.4554e-11	1.3213e-07	9.9293e-08	3.2837e-08	1.9576e-17
95.29	1.4721e-11	1.3367e-07	1.0044e-07	3.3232e-08	1.9561e-17
95.3	1.4496e-11	1.3166e-07	9.8969e-08	3.2687e-08	1.9595e-17
95.31	1.4269e-11	1.2962e-07	9.7513e-08	3.2108e-08	1.9722e-17
95.32	1.4687e-11	1.3345e-07	1.004e-07	3.3046e-08	1.9806e-17
95.33	1.5255e-11	1.3864e-07	1.0423e-07	3.4408e-08	1.9729e-17
95.34	1.491e-11	1.3553e-07	1.0182e-07	3.3711e-08	1.9601e-17
95.35	1.3896e-11	1.2634e-07	9.4907e-08	3.1432e-08	1.9611e-17
95.36	1.3699e-11	1.2457e-07	9.3632e-08	3.0942e-08	1.9757e-17
95.37	1.4768e-11	1.3432e-07	1.0101e-07	3.3309e-08	1.9874e-17
95.38	1.5593e-11	1.4185e-07	1.0671e-07	3.5144e-08	1.9869e-17
95.39	1.4882e-11	1.3542e-07	1.0188e-07	3.3541e-08	1.9778e-17
95.4	1.3607e-11	1.2384e-07	9.3109e-08	3.0729e-08	1.9638e-17
95.41	1.3621e-11	1.24e-07	9.3116e-08	3.088e-08	1.9444e-17
95.42	1.4854e-11	1.3525e-07	1.0153e-07	3.3716e-08	1.9261e-17
95.43	1.5411e-11	1.4034e-07	1.0548e-07	3.4865e-08	1.9206e-17
95.44	1.4476e-11	1.3186e-07	9.9274e-08	3.2583e-08	1.9299e-17
95.45	1.3521e-11	1.2319e-07	9.2777e-08	3.0411e-08	1.9428e-17
95.46	1.3975e-11	1.2735e-07	9.572e-08	3.1633e-08	1.9508e-17
95.47	1.5026e-11	1.3695e-07	1.0275e-07	3.4207e-08	1.9574e-17
95.48	1.4962e-11	1.364e-07	1.0236e-07	3.404e-08	1.9664e-17
95.49	1.3882e-11	1.2658e-07	9.5195e-08	3.1387e-08	1.9721e-17
95.5	1.35e-11	1.2312e-07	9.2751e-08	3.0374e-08	1.968e-17
95.51	1.4418e-11	1.3152e-07	9.9005e-08	3.2514e-08	1.9582e-17
95.52	1.5173e-11	1.3844e-07	1.0403e-07	3.4408e-08	1.9498e-17
95.53	1.4538e-11	1.3267e-07	9.9583e-08	3.3089e-08	1.9415e-17
95.54	1.3437e-11	1.2265e-07	9.2078e-08	3.0573e-08	1.9277e-17
95.55	1.353e-11	1.2353e-07	9.2855e-08	3.0673e-08	1.9114e-17
95.56	1.4676e-11	1.3402e-07	1.0086e-07	3.3157e-08	1.9021e-17
95.57	1.5154e-11	1.3841e-07	1.042e-07	3.4207e-08	1.9031e-17
95.58	1.4242e-11	1.3011e-07	9.7872e-08	3.2234e-08	1.9093e-17
95.59	1.3249e-11	1.2107e-07	9.0899e-08	3.0167e-08	1.9169e-17
95.6	1.3563e-11	1.2396e-07	9.2969e-08	3.0986e-08	1.9279e-17
95.61	1.4675e-11	1.3415e-07	1.0074e-07	3.3403e-08	1.9429e-17
95.62	1.4996e-11	1.3711e-07	1.0322e-07	3.3894e-08	1.9567e-17
95.63	1.4109e-11	1.2903e-07	9.7253e-08	3.1775e-08	1.9639e-17
95.64	1.3247e-11	1.2117e-07	9.1171e-08	2.9997e-08	1.9638e-17
95.65	1.3515e-11	1.2365e-07	9.2755e-08	3.0895e-08	1.9555e-17
95.66	1.4454e-11	1.3227e-07	9.9163e-08	3.3103e-08	1.9355e-17
95.67	1.4783e-11	1.353e-07	1.0167e-07	3.3631e-08	1.9043e-17
95.68	1.4122e-11	1.2928e-07	9.7404e-08	3.1879e-08	1.8726e-17
95.69	1.3377e-11	1.2249e-07	9.2293e-08	3.0197e-08	1.8551e-17
95.7	1.346e-11	1.2327e-07	9.2641e-08	3.0634e-08	1.8587e-17
95.71	1.4146e-11	1.2958e-07	9.7198e-08	3.2385e-08	1.8775e-17
95.72	1.4488e-11	1.3274e-07	9.9644e-08	3.3098e-08	1.9002e-17
95.73	1.4097e-11	1.2919e-07	9.7185e-08	3.2008e-08	1.9195e-17
95.74	1.3566e-11	1.2435e-07	9.3638e-08	3.0709e-08	1.9357e-17
95.75	1.3565e-11	1.2436e-07	9.3555e-08	3.0807e-08	1.9511e-17
95.76	1.3949e-11	1.2791e-07	9.6087e-08	3.1823e-08	1.9632e-17
95.77	1.4086e-11	1.2919e-07	9.7021e-08	3.2171e-08	1.9633e-17
95.78	1.3828e-11	1.2686e-07	9.5328e-08	3.1528e-08	1.9437e-17
95.79	1.3658e-11	1.2532e-07	9.4234e-08	3.109e-08	1.9071e-17
95.8	1.3845e-11	1.2706e-07	9.5554e-08	3.1508e-08	1.867e-17
95.81	1.3992e-11	1.2844e-07	9.6582e-08	3.1857e-08	1.8384e-17
95.82	1.3722e-11	1.2599e-07	9.4717e-08	3.1272e-08	1.8282e-17
95.83	1.3384e-11	1.2291e-07	9.236e-08	3.0553e-08	1.8356e-17
95.84	1.3565e-11	1.246e-07	9.3604e-08	3.0995e-08	1.8573e-17
95.85	1.4095e-11	1.295e-07	9.7338e-08	3.2159e-08	1.8878e-17
95.86	1.4172e-11	1.3023e-07	9.797e-08	3.2256e-08	1.9166e-17
95.87	1.355e-11	1.2454e-07	9.3694e-08	3.0845e-08	1.9312e-17
95.88	1.3021e-11	1.197e-07	8.995e-08	2.9752e-08	1.927e-17
95.89	1.3341e-11	1.2267e-07	9.2101e-08	3.0566e-08	1.9134e-17
95.9	1.4113e-11	1.298e-07	9.7532e-08	3.2263e-08	1.9053e-17
95.91	1.4283e-11	1.3139e-07	9.8869e-08	3.252e-08	1.9068e-17
95.92	1.3587e-11	1.25e-07	9.4085e-08	3.092e-08	1.906e-17
95.93	1.2915e-11	1.1885e-07	8.9316e-08	2.9535e-08	1.8892e-17
95.94	1.3111e-11	1.2068e-07	9.0566e-08	3.0111e-08	1.8588e-17
95.95	1.3869e-11	1.2768e-07	9.5888e-08	3.1792e-08	1.8322e-17
95.96	1.4193e-11	1.3069e-07	9.8323e-08	3.237e-08	1.8231e-17
95.97	1.3702e-11	1.262e-07	9.5023e-08	3.1177e-08	1.8285e-17
95.98	1.3043e-11	1.2015e-07	9.0373e-08	2.9778e-08	1.8383e-17
95.99	1.2993e-11	1.1971e-07	8.9881e-08	2.9834e-08	1.8517e-17
96	1.3513e-11	1.2453e-07	9.3458e-08	3.1077e-08	1.875e-17
96.01	1.3903e-11	1.2815e-07	9.6296e-08	3.1858e-08	1.9054e-17
96.02	1.3717e-11	1.2647e-07	9.5186e-08	3.1281e-08	1.9263e-17
96.03	1.3244e-11	1.2213e-07	9.1965e-08	3.017e-08	1.9251e-17
96.04	1.3052e-11	1.2039e-07	9.0517e-08	2.9872e-08	1.9077e-17
96.05	1.328e-11	1.2252e-07	9.1944e-08	3.0575e-08	1.8898e-17
96.06	1.3559e-11	1.2512e-07	9.3877e-08	3.1243e-08	1.8775e-17
96.07	1.3543e-11	1.2499e-07	9.3951e-08	3.1041e-08	1.8637e-17
96.08	1.3309e-11	1.2286e-07	9.2523e-08	3.0334e-08	1.842e-17
96.09	1.3173e-11	1.2163e-07	9.1577e-08	3.0056e-08	1.8168e-17
96.1	1.3254e-11	1.224e-07	9.1957e-08	3.0446e-08	1.7985e-17
96.11	1.3368e-11	1.2348e-07	9.2635e-08	3.0843e-08	1.7939e-17
96.12	1.3329e-11	1.2314e-07	9.2475e-08	3.0669e-08	1.8026e-17
96.13	1.3195e-11	1.2194e-07	9.1747e-08	3.019e-08	1.8188e-17
96.14	1.3154e-11	1.2159e-07	9.1522e-08	3.0063e-08	1.8364e-17
96.15	1.3249e-11	1.2248e-07	9.2074e-08	3.0407e-08	1.8545e-17
96.16	1.3321e-11	1.2317e-07	9.2499e-08	3.0672e-08	1.8772e-17
96.17	1.3235e-11	1.224e-07	9.1969e-08	3.0433e-08	1.9032e-17
96.18	1.3069e-11	1.2089e-07	9.0917e-08	2.9976e-08	1.9171e-17
96.19	1.3019e-11	1.2046e-07	9.0572e-08	2.9889e-08	1.9014e-17
96.2	1.314e-11	1.216e-07	9.1348e-08	3.0253e-08	1.8587e-17
96.21	1.326e-11	1.2274e-07	9.2208e-08	3.0534e-08	1.8147e-17
96.22	1.321e-11	1.223e-07	9.1977e-08	3.0328e-08	1.791e-17
96.23	1.3046e-11	1.2081e-07	9.09e-08	2.9905e-08	1.7832e-17
96.24	1.2962e-11	1.2006e-07	9.026e-08	2.98e-08	1.7753e-17
96.25	1.302e-11	1.2062e-07	9.0569e-08	3.0051e-08	1.771e-17
96.26	1.3084e-11	1.2123e-07	9.103e-08	3.0204e-08	1.7943e-17
96.27	1.3056e-11	1.21e-07	9.0964e-08	3.0037e-08	1.8509e-17
96.28	1.3013e-11	1.2062e-07	9.0772e-08	2.9852e-08	1.9043e-17
96.29	1.3029e-11	1.208e-07	9.0891e-08	2.9907e-08	1.9075e-17
96.3	1.302e-11	1.2074e-07	9.0765e-08	2.9979e-08	1.8576e-17
96.31	1.2907e-11	1.1972e-07	8.9918e-08	2.9805e-08	1.8054e-17
96.32	1.2815e-11	1.189e-07	8.9278e-08	2.9618e-08	1.8007e-17
96.33	1.2905e-11	1.1975e-07	8.9978e-08	2.9772e-08	1.8369e-17
96.34	1.3065e-11	1.2126e-07	9.1217e-08	3.0041e-08	1.861e-17
96.35	1.3028e-11	1.2094e-07	9.1043e-08	2.9897e-08	1.8357e-17
96.36	1.2798e-11	1.1883e-07	8.9395e-08	2.9435e-08	1.779e-17
96.37	1.2687e-11	1.1783e-07	8.8484e-08	2.9346e-08	1.7379e-17
96.38	1.284e-11	1.1927e-07	8.9465e-08	2.9805e-08	1.7373e-17
96.39	1.2988e-11	1.2067e-07	9.0598e-08	3.0074e-08	1.7656e-17
96.4	1.2877e-11	1.1966e-07	9.0038e-08	2.9626e-08	1.8016e-17
96.41	1.2679e-11	1.1785e-07	8.879e-08	2.9062e-08	1.836e-17
96.42	1.2708e-11	1.1814e-07	8.8909e-08	2.9231e-08	1.8635e-17
96.43	1.2885e-11	1.1982e-07	8.9946e-08	2.9869e-08	1.8732e-17
96.44	1.287e-11	1.197e-07	8.9731e-08	2.9965e-08	1.8601e-17
96.45	1.2639e-11	1.1758e-07	8.8249e-08	2.933e-08	1.8368e-17
96.46	1.2549e-11	1.1676e-07	8.7887e-08	2.8875e-08	1.8213e-17
96.47	1.2737e-11	1.1854e-07	8.9368e-08	2.9171e-08	1.8146e-17
96.48	1.2883e-11	1.1992e-07	9.0281e-08	2.9635e-08	1.8042e-17
96.49	1.2733e-11	1.1855e-07	8.8977e-08	2.9575e-08	1.7855e-17
96.5	1.2524e-11	1.1663e-07	8.7388e-08	2.9241e-08	1.7704e-17
96.51	1.2564e-11	1.1702e-07	8.7837e-08	2.9186e-08	1.7685e-17
96.52	1.2707e-11	1.1838e-07	8.9136e-08	2.9239e-08	1.7737e-17
96.53	1.2637e-11	1.1775e-07	8.8766e-08	2.8985e-08	1.7729e-17
96.54	1.2473e-11	1.1624e-07	8.7452e-08	2.8791e-08	1.7642e-17
96.55	1.2573e-11	1.172e-07	8.7931e-08	2.927e-08	1.7584e-17
96.56	1.282e-11	1.1953e-07	8.9633e-08	2.9895e-08	1.7664e-17
96.57	1.2696e-11	1.184e-07	8.8935e-08	2.9463e-08	1.7884e-17
96.58	1.2207e-11	1.1386e-07	8.568e-08	2.8181e-08	1.814e-17
96.59	1.2084e-11	1.1274e-07	8.4868e-08	2.7875e-08	1.8298e-17
96.6	1.2672e-11	1.1825e-07	8.8938e-08	2.9309e-08	1.8308e-17
96.61	1.3177e-11	1.2299e-07	9.2417e-08	3.0575e-08	1.825e-17
96.62	1.2729e-11	1.1883e-07	8.9211e-08	2.9618e-08	1.8229e-17
96.63	1.1814e-11	1.1031e-07	8.2778e-08	2.753e-08	1.822e-17
96.64	1.1752e-11	1.0975e-07	8.2445e-08	2.7307e-08	1.8093e-17
96.65	1.2725e-11	1.1887e-07	8.9465e-08	2.9402e-08	1.7813e-17
96.66	1.3352e-11	1.2475e-07	9.3966e-08	3.0782e-08	1.7527e-17
96.67	1.2667e-11	1.1838e-07	8.9043e-08	2.9334e-08	1.7385e-17
96.68	1.1617e-11	1.0858e-07	8.1451e-08	2.7129e-08	1.7351e-17
96.69	1.1697e-11	1.0936e-07	8.1979e-08	2.738e-08	1.7321e-17
96.7	1.2723e-11	1.1897e-07	8.9397e-08	2.957e-08	1.7344e-17
96.71	1.3128e-11	1.2279e-07	9.2495e-08	3.029e-08	1.7573e-17
96.72	1.2366e-11	1.1569e-07	8.716e-08	2.8525e-08	1.7984e-17
96.73	1.1669e-11	1.0918e-07	8.2058e-08	2.7122e-08	1.8315e-17
96.74	1.2038e-11	1.1266e-07	8.4496e-08	2.8165e-08	1.8355e-17
96.75	1.2714e-11	1.1901e-07	8.9303e-08	2.9711e-08	1.8168e-17
96.76	1.2527e-11	1.1729e-07	8.8172e-08	2.9113e-08	1.7962e-17
96.77	1.1849e-11	1.1096e-07	8.3528e-08	2.7428e-08	1.7825e-17
96.78	1.1908e-11	1.1154e-07	8.394e-08	2.7599e-08	1.7695e-17
96.79	1.2641e-11	1.1842e-07	8.9012e-08	2.9409e-08	1.7519e-17
96.8	1.2722e-11	1.1921e-07	8.953e-08	2.9682e-08	1.7327e-17
96.81	1.1834e-11	1.1091e-07	8.3272e-08	2.7635e-08	1.7187e-17
96.82	1.1351e-11	1.0641e-07	7.9929e-08	2.6476e-08	1.7168e-17
96.83	1.2157e-11	1.1398e-07	8.5703e-08	2.8277e-08	1.7345e-17
96.84	1.3078e-11	1.2265e-07	9.229e-08	3.0357e-08	1.7713e-17
96.85	1.2639e-11	1.1855e-07	8.9203e-08	2.9348e-08	1.8103e-17
96.86	1.1421e-11	1.0715e-07	8.052e-08	2.6628e-08	1.8276e-17
96.87	1.122e-11	1.0529e-07	7.9e-08	2.6286e-08	1.8158e-17
96.88	1.2275e-11	1.1521e-07	8.647e-08	2.8744e-08	1.7895e-17
96.89	1.2953e-11	1.216e-07	9.1419e-08	3.018e-08	1.7662e-17
96.9	1.2315e-11	1.1564e-07	8.7071e-08	2.8565e-08	1.7486e-17
96.91	1.1447e-11	1.075e-07	8.0912e-08	2.6591e-08	1.7314e-17
96.92	1.1581e-11	1.0878e-07	8.1691e-08	2.7092e-08	1.7165e-17
96.93	1.2237e-11	1.1497e-07	8.6233e-08	2.8737e-08	1.712e-17
96.94	1.2274e-11	1.1534e-07	8.6609e-08	2.8735e-08	1.7202e-17
96.95	1.182e-11	1.111e-07	8.36e-08	2.75e-08	1.7354e-17
96.96	1.1817e-11	1.111e-07	8.3648e-08	2.7451e-08	1.7528e-17
96.97	1.221e-11	1.1482e-07	8.6317e-08	2.8499e-08	1.7725e-17
96.98	1.2074e-11	1.1356e-07	8.5243e-08	2.8314e-08	1.7918e-17
96.99	1.1434e-11	1.0756e-07	8.0749e-08	2.6807e-08	1.8021e-17
97	1.1422e-11	1.0747e-07	8.0791e-08	2.6679e-08	1.7971e-17
97.01	1.2288e-11	1.1564e-07	8.698e-08	2.8661e-08	1.7807e-17
97.02	1.2696e-11	1.195e-07	8.984e-08	2.9662e-08	1.7617e-17
97.03	1.1809e-11	1.1118e-07	8.3549e-08	2.7634e-08	1.7441e-17
97.04	1.0844e-11	1.0211e-07	7.6745e-08	2.5367e-08	1.7284e-17
97.05	1.1314e-11	1.0656e-07	8.0088e-08	2.6472e-08	1.7191e-17
97.06	1.259e-11	1.1861e-07	8.9094e-08	2.9513e-08	1.7226e-17
97.07	1.2745e-11	1.2009e-07	9.0192e-08	2.9896e-08	1.7368e-17
97.08	1.1512e-11	1.085e-07	8.1561e-08	2.6935e-08	1.7506e-17
97.09	1.072e-11	1.0105e-07	7.6046e-08	2.5002e-08	1.7579e-17
97.1	1.1479e-11	1.0823e-07	8.1386e-08	2.6841e-08	1.7656e-17
97.11	1.2535e-11	1.1821e-07	8.8737e-08	2.9472e-08	1.7804e-17
97.12	1.2296e-11	1.1598e-07	8.702e-08	2.8956e-08	1.7923e-17
97.13	1.1255e-11	1.0618e-07	7.9808e-08	2.6371e-08	1.7833e-17
97.14	1.1052e-11	1.0429e-07	7.8536e-08	2.5751e-08	1.7522e-17
97.15	1.1845e-11	1.118e-07	8.412e-08	2.7677e-08	1.7211e-17
97.16	1.2211e-11	1.1527e-07	8.6535e-08	2.8735e-08	1.7109e-17
97.17	1.1554e-11	1.0909e-07	8.1822e-08	2.7267e-08	1.7194e-17
97.18	1.103e-11	1.0417e-07	7.8274e-08	2.5895e-08	1.7307e-17
97.19	1.156e-11	1.092e-07	8.2219e-08	2.698e-08	1.7393e-17
97.2	1.2266e-11	1.1588e-07	8.7213e-08	2.8672e-08	1.7525e-17
97.21	1.1896e-11	1.1242e-07	8.4441e-08	2.7977e-08	1.7721e-17
97.22	1.0914e-11	1.0315e-07	7.7392e-08	2.5761e-08	1.7874e-17
97.23	1.0836e-11	1.0244e-07	7.6935e-08	2.5509e-08	1.7881e-17
97.24	1.1855e-11	1.121e-07	8.4308e-08	2.7792e-08	1.7761e-17
97.25	1.2473e-11	1.1796e-07	8.8747e-08	2.9216e-08	1.7597e-17
97.26	1.1744e-11	1.111e-07	8.3541e-08	2.7555e-08	1.7441e-17
97.27	1.0683e-11	1.0108e-07	7.5947e-08	2.5128e-08	1.7329e-17
97.28	1.0748e-11	1.0172e-07	7.6373e-08	2.5342e-08	1.7302e-17
97.29	1.1765e-11	1.1136e-07	8.3606e-08	2.7758e-08	1.7345e-17
97.3	1.2289e-11	1.1634e-07	8.7414e-08	2.8927e-08	1.7368e-17
97.31	1.1679e-11	1.106e-07	8.3224e-08	2.7371e-08	1.7318e-17
97.32	1.0842e-11	1.0269e-07	7.7321e-08	2.5365e-08	1.7272e-17
97.33	1.0821e-11	1.0251e-07	7.7042e-08	2.5464e-08	1.734e-17
97.34	1.1467e-11	1.0865e-07	8.1465e-08	2.7185e-08	1.7512e-17
97.35	1.187e-11	1.1249e-07	8.4361e-08	2.8134e-08	1.7677e-17
97.36	1.1613e-11	1.1008e-07	8.278e-08	2.7296e-08	1.7758e-17
97.37	1.1115e-11	1.0538e-07	7.9441e-08	2.5935e-08	1.7748e-17
97.38	1.0944e-11	1.0378e-07	7.8142e-08	2.564e-08	1.7643e-17
97.39	1.1187e-11	1.0611e-07	7.9603e-08	2.6502e-08	1.7459e-17
97.4	1.1497e-11	1.0907e-07	8.1705e-08	2.7363e-08	1.7304e-17
97.41	1.1531e-11	1.0941e-07	8.2143e-08	2.7268e-08	1.7315e-17
97.42	1.1274e-11	1.07e-07	8.059e-08	2.6412e-08	1.7473e-17
97.43	1.1026e-11	1.0466e-07	7.8867e-08	2.5797e-08	1.7586e-17
97.44	1.105e-11	1.0492e-07	7.8856e-08	2.6061e-08	1.7523e-17
97.45	1.1259e-11	1.0692e-07	8.0182e-08	2.6737e-08	1.7382e-17
97.46	1.1341e-11	1.0773e-07	8.0817e-08	2.6909e-08	1.736e-17
97.47	1.1213e-11	1.0653e-07	8.0075e-08	2.645e-08	1.7503e-17
97.48	1.1106e-11	1.0553e-07	7.943e-08	2.6104e-08	1.7668e-17
97.49	1.1152e-11	1.0599e-07	7.9742e-08	2.6247e-08	1.7688e-17
97.5	1.1154e-11	1.0603e-07	7.969e-08	2.6342e-08	1.7525e-17
97.51	1.0991e-11	1.045e-07	7.8485e-08	2.6019e-08	1.7288e-17
97.52	1.0932e-11	1.0396e-07	7.8065e-08	2.5899e-08	1.7168e-17
97.53	1.1199e-11	1.0653e-07	8.001e-08	2.6517e-08	1.7291e-17
97.54	1.1444e-11	1.0888e-07	8.1837e-08	2.7045e-08	1.7588e-17
97.55	1.1174e-11	1.0633e-07	7.9985e-08	2.6343e-08	1.7828e-17
97.56	1.0616e-11	1.0104e-07	7.602e-08	2.5023e-08	1.7841e-17
97.57	1.0564e-11	1.0057e-07	7.5578e-08	2.4994e-08	1.7689e-17
97.58	1.12e-11	1.0664e-07	8.0038e-08	2.6603e-08	1.7552e-17
97.59	1.1676e-11	1.112e-07	8.3466e-08	2.7733e-08	1.7502e-17
97.6	1.1268e-11	1.0734e-07	8.0677e-08	2.6662e-08	1.746e-17
97.61	1.0465e-11	9.9712e-08	7.5041e-08	2.467e-08	1.7358e-17
97.62	1.033e-11	9.8446e-08	7.4062e-08	2.4384e-08	1.7226e-17
97.63	1.1015e-11	1.0499e-07	7.8864e-08	2.6128e-08	1.7136e-17
97.64	1.1577e-11	1.1037e-07	8.2837e-08	2.7535e-08	1.7144e-17
97.65	1.1305e-11	1.078e-07	8.0948e-08	2.685e-08	1.7294e-17
97.66	1.0611e-11	1.012e-07	7.6085e-08	2.5113e-08	1.7575e-17
97.67	1.0353e-11	9.8764e-08	7.4293e-08	2.4472e-08	1.7862e-17
97.68	1.0723e-11	1.0231e-07	7.6908e-08	2.5402e-08	1.7996e-17
97.69	1.1172e-11	1.0662e-07	8.0086e-08	2.6532e-08	1.7951e-17
97.7	1.1211e-11	1.0701e-07	8.0382e-08	2.6629e-08	1.7831e-17
97.71	1.0887e-11	1.0394e-07	7.8113e-08	2.5824e-08	1.7686e-17
97.72	1.056e-11	1.0084e-07	7.5801e-08	2.5042e-08	1.7466e-17
97.73	1.0506e-11	1.0035e-07	7.5398e-08	2.495e-08	1.7195e-17
97.74	1.0734e-11	1.0254e-07	7.7033e-08	2.5511e-08	1.7036e-17
97.75	1.1005e-11	1.0515e-07	7.903e-08	2.612e-08	1.7075e-17
97.76	1.1021e-11	1.0532e-07	7.92e-08	2.6123e-08	1.7184e-17
97.77	1.0742e-11	1.0268e-07	7.7179e-08	2.5503e-08	1.7218e-17
97.78	1.0477e-11	1.0017e-07	7.5211e-08	2.4961e-08	1.7266e-17
97.79	1.052e-11	1.006e-07	7.5518e-08	2.5081e-08	1.7507e-17
97.8	1.0764e-11	1.0296e-07	7.7382e-08	2.5576e-08	1.7884e-17
97.81	1.0869e-11	1.0398e-07	7.8238e-08	2.5746e-08	1.8121e-17
97.82	1.0737e-11	1.0274e-07	7.7268e-08	2.5475e-08	1.8067e-17
97.83	1.0591e-11	1.0137e-07	7.612e-08	2.5246e-08	1.7832e-17
97.84	1.058e-11	1.0128e-07	7.602e-08	2.5262e-08	1.7573e-17
97.85	1.0593e-11	1.0142e-07	7.6207e-08	2.5216e-08	1.7321e-17
97.86	1.0539e-11	1.0093e-07	7.5914e-08	2.5016e-08	1.7096e-17
97.87	1.0543e-11	1.0099e-07	7.593e-08	2.5059e-08	1.7013e-17
97.88	1.068e-11	1.0232e-07	7.6861e-08	2.546e-08	1.712e-17
97.89	1.0752e-11	1.0303e-07	7.74e-08	2.5635e-08	1.7274e-17
97.9	1.0574e-11	1.0134e-07	7.6182e-08	2.516e-08	1.7322e-17
97.91	1.0323e-11	9.8961e-08	7.4387e-08	2.4574e-08	1.7332e-17
97.92	1.0334e-11	9.9082e-08	7.4407e-08	2.4676e-08	1.7477e-17
97.93	1.0591e-11	1.0157e-07	7.6262e-08	2.5307e-08	1.7758e-17
97.94	1.0735e-11	1.0298e-07	7.7415e-08	2.5561e-08	1.798e-17
97.95	1.0582e-11	1.0152e-07	7.6399e-08	2.5123e-08	1.8e-17
97.96	1.0352e-11	9.9336e-08	7.4686e-08	2.4651e-08	1.7864e-17
97.97	1.0306e-11	9.8918e-08	7.4237e-08	2.4681e-08	1.7686e-17
97.98	1.0397e-11	9.9816e-08	7.4902e-08	2.4914e-08	1.7515e-17
97.99	1.0449e-11	1.0033e-07	7.5424e-08	2.4907e-08	1.7364e-17
98	1.0455e-11	1.0041e-07	7.5577e-08	2.4834e-08	1.7238e-17
98.01	1.0491e-11	1.0077e-07	7.5774e-08	2.4997e-08	1.7123e-17
98.02	1.0475e-11	1.0064e-07	7.5547e-08	2.5093e-08	1.7004e-17
98.03	1.0303e-11	9.9009e-08	7.4318e-08	2.4691e-08	1.6947e-17
98.04	1.0129e-11	9.7359e-08	7.3185e-08	2.4174e-08	1.7057e-17
98.05	1.0217e-11	9.8224e-08	7.3883e-08	2.4341e-08	1.7316e-17
98.06	1.0499e-11	1.0096e-07	7.586e-08	2.5098e-08	1.7564e-17
98.07	1.0588e-11	1.0183e-07	7.6444e-08	2.539e-08	1.7697e-17
98.08	1.0324e-11	9.9316e-08	7.4601e-08	2.4715e-08	1.7779e-17
98.09	1.0036e-11	9.6565e-08	7.2635e-08	2.393e-08	1.7896e-17
98.1	1.0074e-11	9.6945e-08	7.2918e-08	2.4027e-08	1.7973e-17
98.11	1.0319e-11	9.9323e-08	7.4589e-08	2.4734e-08	1.787e-17
98.12	1.0414e-11	1.0027e-07	7.522e-08	2.5045e-08	1.7591e-17
98.13	1.0298e-11	9.9162e-08	7.4462e-08	2.47e-08	1.729e-17
98.14	1.0188e-11	9.8126e-08	7.3826e-08	2.43e-08	1.7093e-17
98.15	1.0157e-11	9.7848e-08	7.3666e-08	2.4182e-08	1.701e-17
98.16	1.0086e-11	9.7179e-08	7.306e-08	2.4119e-08	1.7024e-17
98.17	1.0027e-11	9.6637e-08	7.2501e-08	2.4136e-08	1.7128e-17
98.18	1.0188e-11	9.8207e-08	7.3639e-08	2.4567e-08	1.7265e-17
98.19	1.0445e-11	1.007e-07	7.5636e-08	2.5067e-08	1.7343e-17
98.2	1.0344e-11	9.9751e-08	7.5095e-08	2.4656e-08	1.7363e-17
98.21	9.8437e-12	9.4944e-08	7.1528e-08	2.3416e-08	1.7444e-17
98.22	9.609e-12	9.27e-08	6.969e-08	2.301e-08	1.764e-17
98.23	1.01e-11	9.7452e-08	7.3057e-08	2.4395e-08	1.781e-17
98.24	1.0706e-11	1.0332e-07	7.7437e-08	2.5885e-08	1.7768e-17
98.25	1.0478e-11	1.0115e-07	7.5992e-08	2.5155e-08	1.7534e-17
98.26	9.599e-12	9.2679e-08	6.9831e-08	2.2847e-08	1.7326e-17
98.27	9.2984e-12	8.9794e-08	6.7648e-08	2.2146e-08	1.7302e-17
98.28	1.0083e-11	9.7387e-08	7.3141e-08	2.4246e-08	1.7387e-17
98.29	1.0864e-11	1.0496e-07	7.8665e-08	2.6292e-08	1.7394e-17
98.3	1.0469e-11	1.0116e-07	7.587e-08	2.5294e-08	1.7261e-17
98.31	9.4005e-12	9.0855e-08	6.8308e-08	2.2546e-08	1.7104e-17
98.32	9.1662e-12	8.8608e-08	6.6728e-08	2.188e-08	1.7064e-17
98.33	1.0082e-11	9.7479e-08	7.3345e-08	2.4135e-08	1.7156e-17
98.34	1.0803e-11	1.0447e-07	7.8485e-08	2.5988e-08	1.7285e-17
98.35	1.0302e-11	9.9645e-08	7.4788e-08	2.4857e-08	1.7362e-17
98.36	9.3365e-12	9.0328e-08	6.7791e-08	2.2537e-08	1.7379e-17
98.37	9.2692e-12	8.9695e-08	6.7369e-08	2.2326e-08	1.7376e-17
98.38	1.0074e-11	9.7507e-08	7.3316e-08	2.419e-08	1.7389e-17
98.39	1.0499e-11	1.0164e-07	7.6477e-08	2.5162e-08	1.7426e-17
98.4	9.9849e-12	9.6679e-08	7.2722e-08	2.3958e-08	1.748e-17
98.41	9.3906e-12	9.0944e-08	6.8301e-08	2.2643e-08	1.7532e-17
98.42	9.5646e-12	9.2648e-08	6.9487e-08	2.316e-08	1.7543e-17
98.43	1.0092e-11	9.7774e-08	7.3368e-08	2.4406e-08	1.7485e-17
98.44	1.0081e-11	9.7691e-08	7.3436e-08	2.4256e-08	1.7379e-17
98.45	9.6008e-12	9.3055e-08	7.005e-08	2.3005e-08	1.7275e-17
98.46	9.4811e-12	9.1913e-08	6.916e-08	2.2753e-08	1.7196e-17
98.47	9.9099e-12	9.6089e-08	7.2175e-08	2.3914e-08	1.7121e-17
98.48	1.013e-11	9.8242e-08	7.3701e-08	2.4541e-08	1.7048e-17
98.49	9.7025e-12	9.4117e-08	7.0616e-08	2.3501e-08	1.703e-17
98.5	9.2647e-12	8.9888e-08	6.7533e-08	2.2356e-08	1.7121e-17
98.51	9.5267e-12	9.2449e-08	6.955e-08	2.29e-08	1.7293e-17
98.52	1.0107e-11	9.8101e-08	7.3816e-08	2.4285e-08	1.7445e-17
98.53	1.0092e-11	9.7972e-08	7.3651e-08	2.4321e-08	1.7492e-17
98.54	9.4653e-12	9.1909e-08	6.8987e-08	2.2922e-08	1.7437e-17
98.55	9.1483e-12	8.8849e-08	6.6631e-08	2.2218e-08	1.7339e-17
98.56	9.5702e-12	9.2965e-08	6.9783e-08	2.3183e-08	1.7232e-17
98.57	1.0033e-11	9.7477e-08	7.3307e-08	2.417e-08	1.7101e-17
98.58	9.8431e-12	9.5656e-08	7.202e-08	2.3636e-08	1.6937e-17
98.59	9.3729e-12	9.1104e-08	6.8533e-08	2.2571e-08	1.6805e-17
98.6	9.3643e-12	9.1039e-08	6.8327e-08	2.2713e-08	1.6823e-17
98.61	9.7e-12	9.4323e-08	7.071e-08	2.3612e-08	1.7047e-17
98.62	9.6889e-12	9.4234e-08	7.0726e-08	2.3508e-08	1.7376e-17
98.63	9.3332e-12	9.0793e-08	6.8292e-08	2.2501e-08	1.7609e-17
98.64	9.3475e-12	9.0949e-08	6.8463e-08	2.2486e-08	1.7637e-17
98.65	9.833e-12	9.5693e-08	7.1947e-08	2.3747e-08	1.7553e-17
98.66	9.9358e-12	9.6713e-08	7.2616e-08	2.4097e-08	1.7516e-17
98.67	9.2712e-12	9.0262e-08	6.776e-08	2.2502e-08	1.7532e-17
98.68	8.7785e-12	8.5483e-08	6.4208e-08	2.1275e-08	1.7433e-17
98.69	9.3403e-12	9.0972e-08	6.834e-08	2.2632e-08	1.7108e-17
98.7	1.023e-11	9.9655e-08	7.4867e-08	2.4788e-08	1.6692e-17
98.71	1.0058e-11	9.7998e-08	7.3689e-08	2.4309e-08	1.6455e-17
98.72	8.9597e-12	8.7318e-08	6.5737e-08	2.158e-08	1.6525e-17
98.73	8.5315e-12	8.3162e-08	6.2541e-08	2.0621e-08	1.6789e-17
98.74	9.4154e-12	9.1796e-08	6.8818e-08	2.2978e-08	1.7068e-17
98.75	1.0269e-11	1.0013e-07	7.4987e-08	2.5147e-08	1.731e-17
98.76	9.8122e-12	9.5703e-08	7.1858e-08	2.3845e-08	1.7536e-17
98.77	8.7872e-12	8.5723e-08	6.4661e-08	2.1063e-08	1.7692e-17
98.78	8.745e-12	8.5329e-08	6.4379e-08	2.095e-08	1.7659e-17
98.79	9.6206e-12	9.3892e-08	7.0475e-08	2.3417e-08	1.7436e-17
98.8	9.9401e-12	9.703e-08	7.2536e-08	2.4494e-08	1.7195e-17
98.81	9.2371e-12	9.0185e-08	6.7512e-08	2.2673e-08	1.7081e-17
98.82	8.731e-12	8.5262e-08	6.4215e-08	2.1047e-08	1.7031e-17
98.83	9.2418e-12	9.0268e-08	6.8183e-08	2.2085e-08	1.6894e-17
98.84	9.8372e-12	9.6103e-08	7.2354e-08	2.3749e-08	1.6685e-17
98.85	9.4356e-12	9.2199e-08	6.9074e-08	2.3125e-08	1.6599e-17
98.86	8.6635e-12	8.4671e-08	6.3336e-08	2.1335e-08	1.6751e-17
98.87	8.8412e-12	8.6425e-08	6.4878e-08	2.1547e-08	1.7013e-17
98.88	9.7444e-12	9.5274e-08	7.1766e-08	2.3508e-08	1.7185e-17
98.89	9.8798e-12	9.6617e-08	7.2801e-08	2.3816e-08	1.7227e-17
98.9	8.9176e-12	8.7225e-08	6.5598e-08	2.1627e-08	1.723e-17
98.91	8.3241e-12	8.1436e-08	6.1095e-08	2.0341e-08	1.7226e-17
98.92	9.072e-12	8.8771e-08	6.6546e-08	2.2225e-08	1.7165e-17
98.93	1.0046e-11	9.8326e-08	7.3775e-08	2.4551e-08	1.7048e-17
98.94	9.7281e-12	9.5229e-08	7.1582e-08	2.3647e-08	1.6956e-17
98.95	8.5482e-12	8.3696e-08	6.3041e-08	2.0655e-08	1.6931e-17
98.96	8.2393e-12	8.0688e-08	6.0759e-08	1.9929e-08	1.6932e-17
98.97	9.213e-12	9.0242e-08	6.7754e-08	2.2488e-08	1.694e-17
98.98	1.0001e-11	9.7976e-08	7.3407e-08	2.4569e-08	1.7001e-17
98.99	9.4971e-12	9.3062e-08	6.9776e-08	2.3286e-08	1.7124e-17
99	8.5046e-12	8.3354e-08	6.2704e-08	2.065e-08	1.7221e-17
99.01	8.3905e-12	8.2252e-08	6.1998e-08	2.0255e-08	1.7235e-17
99.02	9.1245e-12	8.9466e-08	6.7299e-08	2.2166e-08	1.7218e-17
99.03	9.5747e-12	9.3899e-08	7.0429e-08	2.347e-08	1.7199e-17
99.04	9.2562e-12	9.0793e-08	6.8054e-08	2.2739e-08	1.7076e-17
99.05	8.7888e-12	8.6226e-08	6.4764e-08	2.1462e-08	1.6764e-17
99.06	8.7354e-12	8.572e-08	6.4516e-08	2.1203e-08	1.6401e-17
99.07	8.9022e-12	8.7374e-08	6.5737e-08	2.1637e-08	1.6234e-17
99.08	8.9586e-12	8.7945e-08	6.6049e-08	2.1896e-08	1.6326e-17
99.09	8.9952e-12	8.8323e-08	6.6272e-08	2.2051e-08	1.6517e-17
99.1	9.1207e-12	8.9573e-08	6.7259e-08	2.2314e-08	1.6704e-17
99.11	9.0875e-12	8.9265e-08	6.7104e-08	2.2161e-08	1.6975e-17
99.12	8.7605e-12	8.607e-08	6.4715e-08	2.1355e-08	1.7382e-17
99.13	8.5296e-12	8.3819e-08	6.2965e-08	2.0853e-08	1.773e-17
99.14	8.767e-12	8.6168e-08	6.4681e-08	2.1487e-08	1.7756e-17
99.15	9.1727e-12	9.0175e-08	6.7717e-08	2.2458e-08	1.7447e-17
99.16	9.173e-12	9.0195e-08	6.7808e-08	2.2387e-08	1.7046e-17
99.17	8.7794e-12	8.6342e-08	6.4943e-08	2.1399e-08	1.6755e-17
99.18	8.5283e-12	8.389e-08	6.3033e-08	2.0857e-08	1.6562e-17
99.19	8.6554e-12	8.5157e-08	6.3891e-08	2.1267e-08	1.6366e-17
99.2	8.864e-12	8.7227e-08	6.5447e-08	2.178e-08	1.6171e-17
99.21	8.9148e-12	8.7745e-08	6.5949e-08	2.1796e-08	1.609e-17
99.22	8.9067e-12	8.7683e-08	6.5999e-08	2.1684e-08	1.622e-17
99.23	8.8745e-12	8.7384e-08	6.5734e-08	2.165e-08	1.6541e-17
99.24	8.6603e-12	8.5291e-08	6.4025e-08	2.1266e-08	1.6935e-17
99.25	8.3891e-12	8.2638e-08	6.1952e-08	2.0686e-08	1.7262e-17
99.26	8.5175e-12	8.3919e-08	6.2978e-08	2.0941e-08	1.745e-17
99.27	9.054e-12	8.9223e-08	6.71e-08	2.2123e-08	1.7503e-17
99.28	9.2653e-12	9.1324e-08	6.8749e-08	2.2575e-08	1.7421e-17
99.29	8.6913e-12	8.5683e-08	6.4448e-08	2.1235e-08	1.7159e-17
99.3	8.0206e-12	7.9087e-08	5.9352e-08	1.9735e-08	1.672e-17
99.31	8.2302e-12	8.117e-08	6.0833e-08	2.0337e-08	1.6254e-17
99.32	9.0891e-12	8.9659e-08	6.7281e-08	2.2378e-08	1.599e-17
99.33	9.3822e-12	9.2569e-08	6.9643e-08	2.2926e-08	1.6025e-17
99.34	8.6725e-12	8.5584e-08	6.4492e-08	2.1091e-08	1.6252e-17
99.35	7.9553e-12	7.8522e-08	5.9074e-08	1.9448e-08	1.6497e-17
99.36	8.1885e-12	8.084e-08	6.0594e-08	2.0246e-08	1.6676e-17
99.37	8.9354e-12	8.8231e-08	6.6074e-08	2.2157e-08	1.6799e-17
99.38	9.1155e-12	9.0029e-08	6.76e-08	2.2429e-08	1.6905e-17
99.39	8.587e-12	8.4826e-08	6.3905e-08	2.092e-08	1.7024e-17
99.4	8.1762e-12	8.0784e-08	6.0856e-08	1.9928e-08	1.7135e-17
99.41	8.347e-12	8.2488e-08	6.1921e-08	2.0568e-08	1.713e-17
99.42	8.6646e-12	8.5643e-08	6.4152e-08	2.1491e-08	1.6895e-17
99.43	8.6562e-12	8.5578e-08	6.4203e-08	2.1375e-08	1.6493e-17
99.44	8.4835e-12	8.3888e-08	6.3114e-08	2.0774e-08	1.6176e-17
99.45	8.4706e-12	8.3777e-08	6.3056e-08	2.0721e-08	1.6119e-17
99.46	8.5237e-12	8.4319e-08	6.3338e-08	2.098e-08	1.6206e-17
99.47	8.4233e-12	8.3342e-08	6.2526e-08	2.0816e-08	1.6223e-17
99.48	8.3063e-12	8.2201e-08	6.1723e-08	2.0478e-08	1.6196e-17
99.49	8.4136e-12	8.328e-08	6.2603e-08	2.0677e-08	1.6362e-17
99.5	8.6002e-12	8.5144e-08	6.3978e-08	2.1166e-08	1.6769e-17
99.51	8.5403e-12	8.4568e-08	6.3491e-08	2.1077e-08	1.7109e-17
99.52	8.2894e-12	8.21e-08	6.1662e-08	2.0438e-08	1.707e-17
99.53	8.2129e-12	8.1359e-08	6.1176e-08	2.0183e-08	1.6745e-17
99.54	8.3928e-12	8.3157e-08	6.2523e-08	2.0634e-08	1.6501e-17
99.55	8.5156e-12	8.4392e-08	6.3366e-08	2.1026e-08	1.6502e-17
99.56	8.4001e-12	8.3264e-08	6.2475e-08	2.0789e-08	1.6555e-17
99.57	8.2556e-12	8.1847e-08	6.1473e-08	2.0374e-08	1.644e-17
99.58	8.2861e-12	8.2166e-08	6.1792e-08	2.0374e-08	1.622e-17
99.59	8.367e-12	8.2985e-08	6.2394e-08	2.0592e-08	1.611e-17
99.6	8.3161e-12	8.2497e-08	6.1949e-08	2.0548e-08	1.6175e-17
99.61	8.2244e-12	8.1604e-08	6.1246e-08	2.0358e-08	1.629e-17
99.62	8.2662e-12	8.2035e-08	6.1615e-08	2.0419e-08	1.6367e-17
99.63	8.3646e-12	8.3028e-08	6.2407e-08	2.0621e-08	1.6459e-17
99.64	8.3203e-12	8.2605e-08	6.2075e-08	2.053e-08	1.6618e-17
99.65	8.1667e-12	8.1096e-08	6.0901e-08	2.0195e-08	1.6761e-17
99.66	8.1225e-12	8.0673e-08	6.0581e-08	2.0092e-08	1.6768e-17
99.67	8.2319e-12	8.1776e-08	6.1443e-08	2.0334e-08	1.6638e-17
99.68	8.307e-12	8.2539e-08	6.2032e-08	2.0507e-08	1.6485e-17
99.69	8.2417e-12	8.1907e-08	6.1533e-08	2.0374e-08	1.6386e-17
99.7	8.1482e-12	8.0994e-08	6.0814e-08	2.0179e-08	1.6334e-17
99.71	8.1301e-12	8.083e-08	6.0694e-08	2.0136e-08	1.6306e-17
99.72	8.1345e-12	8.089e-08	6.0777e-08	2.0113e-08	1.6311e-17
99.73	8.1125e-12	8.0688e-08	6.0659e-08	2.0029e-08	1.6335e-17
99.74	8.1325e-12	8.0902e-08	6.0808e-08	2.0094e-08	1.6322e-17
99.75	8.2115e-12	8.1705e-08	6.1358e-08	2.0347e-08	1.6233e-17
99.76	8.2108e-12	8.1714e-08	6.1327e-08	2.0387e-08	1.6115e-17
99.77	8.0539e-12	8.0169e-08	6.0192e-08	1.9978e-08	1.606e-17
99.78	7.9106e-12	7.8758e-08	5.9198e-08	1.9561e-08	1.6129e-17
99.79	7.977e-12	7.9436e-08	5.9733e-08	1.9703e-08	1.6306e-17
99.8	8.1692e-12	8.1366e-08	6.1131e-08	2.0235e-08	1.6505e-17
99.81	8.2314e-12	8.2001e-08	6.1542e-08	2.046e-08	1.6604e-17
99.82	8.0924e-12	8.0633e-08	6.0515e-08	2.0118e-08	1.6546e-17
99.83	7.9201e-12	7.8932e-08	5.93e-08	1.9633e-08	1.6427e-17
99.84	7.8587e-12	7.8336e-08	5.8888e-08	1.9447e-08	1.6414e-17
99.85	7.9113e-12	7.8876e-08	5.9262e-08	1.9613e-08	1.6516e-17
99.86	8.0495e-12	8.027e-08	6.0265e-08	2.0005e-08	1.6529e-17
99.87	8.2048e-12	8.1835e-08	6.145e-08	2.0385e-08	1.6303e-17
99.88	8.1742e-12	8.1546e-08	6.1273e-08	2.0273e-08	1.5984e-17
99.89	7.8422e-12	7.8249e-08	5.8801e-08	1.9448e-08	1.5845e-17
99.9	7.5297e-12	7.5147e-08	5.6432e-08	1.8714e-08	1.5924e-17
99.91	7.7274e-12	7.7135e-08	5.791e-08	1.9225e-08	1.6005e-17
99.92	8.3126e-12	8.2993e-08	6.2351e-08	2.0642e-08	1.5972e-17
99.93	8.4827e-12	8.4709e-08	6.3684e-08	2.1024e-08	1.5983e-17
99.94	7.8511e-12	7.8417e-08	5.8939e-08	1.9478e-08	1.6191e-17
99.95	7.1983e-12	7.1911e-08	5.3984e-08	1.7927e-08	1.6474e-17
99.96	7.4964e-12	7.4904e-08	5.6197e-08	1.8707e-08	1.6613e-17
99.97	8.4107e-12	8.4056e-08	6.3119e-08	2.0938e-08	1.6602e-17
99.98	8.6209e-12	8.6174e-08	6.4792e-08	2.1382e-08	1.6601e-17
99.99	7.7419e-12	7.7403e-08	5.8228e-08	1.9175e-08	1.662e-17
